flow_duration,packet_count,byte_count,protocol,src_port,dst_port,conn_rate,label,dataset_source,label_encoded
11.980870822023904,74,12380.809784594794,6,2201,80,0.9567027297976104,Normal,CICIoT2023,5
4.589405028072104,342,2824.5530091573796,6,47843,21,148.59133095458753,Brute Force,CICIoT2023,1
0.8286272152613755,7570,19200.422291350013,1,65130,80,511.3443124672132,DoS,CICIoT2023,3
0.9747373240903585,6243,1556783.1481524955,1,37938,80,590.4010854343413,DDoS,CICIoT2023,2
41.87093384500177,90,1181.8224258781947,17,7036,80,0.6705899851833239,Normal,CICIoT2023,5
6.507156807419179,32,3973.535690691302,17,50281,443,2.5186234492962027,Normal,CICIoT2023,5
5.774676133120691,8,8762.945844824675,17,53706,22,2.2858673852523403,Normal,CICIoT2023,5
0.9890479037085721,14,408.11650349425696,1,0,0,36.5750460298279,Spoofing,CICIoT2023,8
1.1921768146402776,9636,158235.48004624207,17,35590,80,1723.6229652564214,DDoS,CICIoT2023,2
0.5665294277271975,7284,470164.21137691225,17,35092,80,1826.3096950226118,DoS,CICIoT2023,3
4.883110987547504,13,5300.857260909065,17,11641,80,3.6634299643378476,Normal,CICIoT2023,5
9.1002081105821,769,8133.665620556651,6,63322,22,125.51512545869876,Brute Force,CICIoT2023,1
3.6865945311696096,5,1102.3866015108204,1,0,0,70.07949093623233,Spoofing,CICIoT2023,8
2.5061802593668867,40,910.8535856946071,6,64753,80,0.36787982984631584,Normal,CICIoT2023,5
21.02681957122799,37,1321.451633442697,6,42645,80,2.0542853760991746,Normal,CICIoT2023,5
15.012774599858771,36,5180.013836320112,6,28237,80,1.805152095078644,Normal,CICIoT2023,5
11.300525724878739,6,1704.7484634542077,6,62097,22,1.1693640589543508,Normal,CICIoT2023,5
0.6742284627200712,7602,2379693.403932185,17,61970,80,1404.8291153200585,DDoS,CICIoT2023,2
0.5124684278055763,7764,51375.34367389874,6,46432,80,1393.626092283435,DDoS,CICIoT2023,2
8.692111645070757,74,2292.496174052104,17,51980,80,3.5659536585500273,Normal,CICIoT2023,5
1.0077078980396033,3475,143098.653842103,6,61191,80,1820.1186313421874,DDoS,CICIoT2023,2
16.78498060615396,48,2060.28021242073,6,9557,443,0.10751660908477453,Normal,CICIoT2023,5
8.133721508395997,85,27096.759269600498,6,47901,443,1.652428520287922,Normal,CICIoT2023,5
48.41805140943003,81,5138.742336281254,6,26616,22,1.534998852052893,Normal,CICIoT2023,5
0.15404790997361223,1632,872442.4628301741,6,47503,80,1497.367586730827,DDoS,CICIoT2023,2
1.1952204415766965,2679,251059.38524263873,1,38235,80,1961.2469429420235,DoS,CICIoT2023,3
1.303444022215389,88,13186.545485792862,17,19776,80,2.2267927348548002,Normal,CICIoT2023,5
0.148464425125291,7549,56674.489771510904,1,5919,80,691.5702254528522,DDoS,CICIoT2023,2
1.2408407690762673,3785,42594.18376321581,6,6806,80,894.6688548662643,DDoS,CICIoT2023,2
7.697503930292755,89,2225.7002474885594,6,65480,80,0.7291962438952043,Normal,CICIoT2023,5
0.6015024604406823,8574,1437003.6869311107,17,38198,80,742.6463170281644,DDoS,CICIoT2023,2
24.146044204900278,19,24341.316326801178,6,25843,443,1.3909116836655109,Normal,CICIoT2023,5
8.592019092939072,42,8603.647870053628,6,12445,443,4.0507658383112535,Normal,CICIoT2023,5
8.253328601058591,897,2382.349697039011,6,41485,22,130.6319944616038,Brute Force,CICIoT2023,1
1.2060444247850821,908,11872.83150977474,6,8397,23,210.243019336333,Brute Force,CICIoT2023,1
4.1301547618083685,2,5121.602897232266,1,0,0,53.83557269370423,Spoofing,CICIoT2023,8
14.980698247374859,58,8940.187520001187,17,12162,22,1.0171996313391356,Normal,CICIoT2023,5
3.3739316656789153,12,3352.680558202134,17,17944,22,6.599906679954215,Normal,CICIoT2023,5
0.8287990084835752,8967,75074.30441844257,6,9758,80,1259.212794260366,DoS,CICIoT2023,3
0.664872416063036,6947,963412.2527323618,6,13354,80,1429.3819323467444,DDoS,CICIoT2023,2
16.755952589869295,87,2542.555941383408,6,43937,443,0.47589353722211936,Normal,CICIoT2023,5
0.7320563646581084,1689,39758.54071221184,1,26056,80,1145.5057662633817,DDoS,CICIoT2023,2
3.8069621951508927,25,747.0420301200468,17,29165,22,0.3914614492173902,Normal,CICIoT2023,5
7.224562500123874,658,7121.712524346369,6,35430,22,108.16138464067025,Brute Force,CICIoT2023,1
4.742363524616151,97,4989.445714095118,17,38309,22,2.5770106555294796,Normal,CICIoT2023,5
1.1902195143032093,8870,308722.7648963911,6,15842,80,1051.6390263159344,DoS,CICIoT2023,3
9.01985401930201,18,1073.3098075692333,6,11861,80,0.022185120043067726,Normal,CICIoT2023,5
0.6300694572878447,8898,281141.4804363123,17,8782,80,1373.2223446699584,DDoS,CICIoT2023,2
1.0246524925849845,7007,393192.5226324291,6,61452,80,518.1811619658399,DDoS,CICIoT2023,2
5.14028442775449,89,1208.57459756942,6,54444,80,0.232474908390385,Normal,CICIoT2023,5
5.931635400763237,752,6918.15737281299,6,56063,21,87.30944448754403,Brute Force,CICIoT2023,1
0.1995276464042999,9737,206281.29750685222,17,22247,80,1716.0288919793993,DoS,CICIoT2023,3
6.526731800662625,974,6151.621609169232,6,56340,23,273.0211722350586,Brute Force,CICIoT2023,1
4.781139963869249,18,2149.940823858293,1,0,0,94.85480272719356,Spoofing,CICIoT2023,8
1.2152363578381289,4631,156964.52012448886,17,25841,80,557.6395234434875,DDoS,CICIoT2023,2
9.115857929218812,838,17437.249958278597,6,63222,23,146.58722746207889,Brute Force,CICIoT2023,1
9.970949006726828,53,4858.72932055436,17,54102,80,0.325435547513243,Normal,CICIoT2023,5
21.058778787141176,69,3028.4022097314214,17,5964,80,2.742474638779629,Normal,CICIoT2023,5
17.139655195064897,55,469.61463434506044,17,12304,80,1.4209093475337058,Normal,CICIoT2023,5
8.355427429350812,35,1858.689906150494,6,5555,22,5.705529719633401,Normal,CICIoT2023,5
23.97623182175595,55,1056.4644072751096,6,42756,443,3.550211310901539,Normal,CICIoT2023,5
2.067813980425398,14,205.83709225807564,17,40303,80,0.7003771306072507,Normal,CICIoT2023,5
3.869193424406855,10,962.3383116586516,1,0,0,28.51185359759996,Spoofing,CICIoT2023,8
2.9411513358565173,72,7550.1427917045885,6,13528,443,1.3011537616041833,Normal,CICIoT2023,5
34.92374874126503,14,8115.1472442218,17,7002,443,1.84201160893896,Normal,CICIoT2023,5
0.8778097607287972,4983,845044.7669219384,17,58890,80,565.6034388199542,DDoS,CICIoT2023,2
2.7616307687568584,22,1371.9819393547195,6,5607,22,1.5974240584431472,Normal,CICIoT2023,5
2.0043987132862506,19,5732.070767560392,1,0,0,31.662344064925446,Spoofing,CICIoT2023,8
2.943114070074285,36,3526.3696671570815,6,57207,80,0.6734835557580368,Normal,CICIoT2023,5
8.343522450717554,680,21141.875325346737,6,38667,22,186.0041447956879,Brute Force,CICIoT2023,1
0.9577454379574394,8165,318592.8539260571,17,24935,80,1336.719838266605,DoS,CICIoT2023,3
3.9876448221442238,79,2028.7523684234511,17,21738,80,5.541598776014865,Normal,CICIoT2023,5
1.6620016917637912,86,671.1302411036731,6,54734,22,6.712242046107368,Normal,CICIoT2023,5
2.493131237318204,13,2639.5272372943527,1,0,0,58.80134849426634,Spoofing,CICIoT2023,8
0.8896180587835716,9706,186589.42500081027,1,17430,80,1533.327953075136,DoS,CICIoT2023,3
1.3112511446326034,8295,294404.4055144115,17,57529,80,513.99742974064,DoS,CICIoT2023,3
0.37755150813721833,1514,2412417.7204430695,1,22751,80,1819.7247289129082,DoS,CICIoT2023,3
17.074895987331743,93,4149.359561738078,17,40237,22,1.908910855394014,Normal,CICIoT2023,5
18.46571076171751,17,3968.48648093189,17,48725,443,2.8625061336552475,Normal,CICIoT2023,5
1.539248159673313,85,155.46456878785034,6,20897,80,0.9175442825792067,Normal,CICIoT2023,5
1.7019649200565878,7,4185.471224353278,1,0,0,99.67009038645226,Spoofing,CICIoT2023,8
0.5587812004552041,6251,650194.6856224549,17,50402,80,706.7343487388531,DDoS,CICIoT2023,2
17.31695498249476,58,6047.361343779222,6,15561,443,0.3651674651697382,Normal,CICIoT2023,5
4.000916684736666,49,588.0125449492803,6,44614,80,2.0562639929492894,Normal,CICIoT2023,5
2.005782677660228,84,1377.2927301325863,17,28547,443,1.3333909141524285,Normal,CICIoT2023,5
14.720715836692428,23,1672.3259306312466,17,44946,80,2.0239005261594976,Normal,CICIoT2023,5
0.23200960686237274,1663,213411.75418012743,17,22841,80,1561.5214021113736,DoS,CICIoT2023,3
1.1850362973618855,9623,243773.40177287773,17,29878,80,1603.2584097313063,DDoS,CICIoT2023,2
1.2557022358040668,18,1823.727560917522,1,0,0,76.20968028152708,Spoofing,CICIoT2023,8
1.4975377919754949,2019,187940.13738017445,6,60816,80,1456.3298967053447,DDoS,CICIoT2023,2
11.282637889352799,51,729.7223224301702,17,31278,443,2.7504682057364085,Normal,CICIoT2023,5
1.1125797161615616,4471,123410.38172392287,6,9353,80,1001.7669331128982,DoS,CICIoT2023,3
0.049033095712776545,7397,451523.6013852781,17,54096,80,1894.4253843135264,DoS,CICIoT2023,3
1.1760470903784936,2449,967737.0983985424,17,17394,80,1065.3712471045578,DDoS,CICIoT2023,2
0.6979818922824494,3096,295624.4447686378,6,44387,80,700.2199586239157,DoS,CICIoT2023,3
0.13009625549811574,8462,353047.207298425,6,3863,80,1594.2623429785951,DDoS,CICIoT2023,2
1.1506142194967535,1685,481093.0064584235,6,8734,80,1883.9345871316846,DDoS,CICIoT2023,2
0.7133700469535275,7868,45725.45375426614,17,28061,80,554.4314339202532,DDoS,CICIoT2023,2
5.838655273021929,59,11935.862371081546,17,51081,443,1.120335956742642,Normal,CICIoT2023,5
28.94458912572939,74,438.0021938096258,6,6371,22,0.12940390302126384,Normal,CICIoT2023,5
36.53687677218226,61,2222.6314750840274,17,37792,22,0.8534081111890731,Normal,CICIoT2023,5
1.350751685074036,1671,555009.1904163448,1,42927,80,1905.2336930496378,DDoS,CICIoT2023,2
1.805092574437361,18,6661.892815365702,17,56340,443,0.31322591972399816,Normal,CICIoT2023,5
1.090482034051161,9100,426584.3710739792,1,58738,80,1958.0079944473057,DDoS,CICIoT2023,2
6.476745454268199,494,1211.4644357562017,6,8369,22,106.32923248780878,Brute Force,CICIoT2023,1
5.334576783420547,75,5856.176105432347,6,63056,80,0.5160122392232754,Normal,CICIoT2023,5
0.6119270357265569,3090,45033.34635975815,17,46256,80,1315.307326013969,DDoS,CICIoT2023,2
0.1317707651626996,4648,289859.6252429102,6,18945,80,1496.281871758126,DoS,CICIoT2023,3
4.6519245887300205,78,3202.2311983444283,17,13746,80,2.7668666172394856,Normal,CICIoT2023,5
6.149773008663003,44,693.5569216896331,6,49801,22,0.10670994701689866,Normal,CICIoT2023,5
24.146201602168553,68,2175.8916824430066,6,13843,443,0.8015972209434284,Normal,CICIoT2023,5
22.205076217247743,90,190.54327508789524,17,31956,22,4.233570102159669,Normal,CICIoT2023,5
8.835205825414063,972,29306.5553852214,6,7847,23,237.68237674983678,Brute Force,CICIoT2023,1
2.8341056200349355,3,134.85517563822103,1,0,0,51.75382391310995,Spoofing,CICIoT2023,8
1.3647381067337245,8264,257745.53862020903,1,22277,80,1057.8990018752972,DDoS,CICIoT2023,2
2.3133144142352453,19,196.12546756084836,1,0,0,49.69649424257054,Spoofing,CICIoT2023,8
1.0584854379181237,13,1481.8601554042714,1,0,0,35.8424162276118,Spoofing,CICIoT2023,8
24.615001648262112,40,1717.8707131566593,17,7734,80,1.0082643918435608,Normal,CICIoT2023,5
4.5839413351945115,9,1468.7323546317975,1,0,0,50.28426462881953,Spoofing,CICIoT2023,8
0.8411520859745101,3822,485276.95718826394,6,1282,80,1845.7795114469284,DDoS,CICIoT2023,2
0.9273856127206621,7,303.30118076101104,1,0,0,28.181410156224096,Spoofing,CICIoT2023,8
1.0027017122663282,6,2638.2827815263868,1,0,0,83.8339756704076,Spoofing,CICIoT2023,8
6.634852223219957,98,4876.431677739809,17,6930,80,3.255239768907216,Normal,CICIoT2023,5
11.554229921227542,20,22390.64764663232,6,43894,80,2.204758743269378,Normal,CICIoT2023,5
16.10436564240281,8,29277.703626837738,17,64222,22,0.3540314889653688,Normal,CICIoT2023,5
0.028785204763880967,7274,384752.55732925155,6,27539,80,1835.3870795267032,DDoS,CICIoT2023,2
0.48909226475084466,6,7258.007823781136,1,0,0,40.3156451674993,Spoofing,CICIoT2023,8
1.552799928288245,7,1556.511668598201,1,0,0,73.92185187609803,Spoofing,CICIoT2023,8
6.660822259170947,15,11678.14957838039,17,27499,80,0.8857055923731125,Normal,CICIoT2023,5
0.7463765464029468,1587,214140.57023216682,17,5103,80,1568.021030496171,DDoS,CICIoT2023,2
1.240707536935042,9381,644838.130497825,1,19123,80,1858.0398114168056,DDoS,CICIoT2023,2
21.187153276838796,86,7008.053472419113,6,19734,443,2.679349279133,Normal,CICIoT2023,5
25.613609888513835,98,19441.212082974456,6,13600,80,2.2551198890215107,Normal,CICIoT2023,5
6.897950453794153,44,119.1221898662351,6,2982,443,3.8722381020362606,Normal,CICIoT2023,5
3.044616013211634,808,3274.991393787473,6,60606,21,223.53764337745775,Brute Force,CICIoT2023,1
11.781737219328242,42,2334.3881029550234,6,7394,80,0.7246572238024186,Normal,CICIoT2023,5
0.9832125578916117,7115,1034764.6330481997,1,34184,80,1682.671014879948,DDoS,CICIoT2023,2
1.0008275061792329,2138,1198627.5460975452,1,23770,80,1340.6609464706598,DoS,CICIoT2023,3
2.7646929682639696,50,3184.249124014978,17,22004,443,0.957364112895157,Normal,CICIoT2023,5
9.791202956595933,895,6521.397243971981,6,43888,22,155.36101039481184,Brute Force,CICIoT2023,1
1.2445751448175975,663,3285.5591491401938,6,19375,22,123.05455761547444,Brute Force,CICIoT2023,1
37.24809676920956,46,6108.466607048191,17,6099,80,6.583449944872794,Normal,CICIoT2023,5
1.0927397781847816,2531,514051.040491623,17,59511,80,1555.5289661911936,DDoS,CICIoT2023,2
12.67072556450883,44,1627.9797523137674,6,60735,80,1.265112753320564,Normal,CICIoT2023,5
6.3772614225579165,79,485.70600095626855,6,33722,443,2.7188624456540524,Normal,CICIoT2023,5
1.7401043985993305,72,10587.59813648376,17,17256,80,1.7989732801526803,Normal,CICIoT2023,5
1.339530722228082,4198,501985.3197927953,6,10301,80,1691.8674180502853,DDoS,CICIoT2023,2
0.061658697422460156,6154,165834.8617100273,17,59953,80,1360.024018452827,DDoS,CICIoT2023,2
17.13039913662748,52,9000.345771633696,6,8875,80,2.675509402117142,Normal,CICIoT2023,5
12.17418032578046,13,5631.210553440255,6,21985,80,0.050926833635683594,Normal,CICIoT2023,5
7.250054105176379,473,3811.8222011338316,6,45643,23,243.4699139325391,Brute Force,CICIoT2023,1
14.816663617256653,30,1000.5680326361293,17,15591,80,1.995584919381853,Normal,CICIoT2023,5
14.436191959892694,33,5202.7809196885555,6,18886,443,3.090583328523865,Normal,CICIoT2023,5
1.4564416476474267,1193,168431.0250239355,1,12214,80,1975.7604692831567,DDoS,CICIoT2023,2
3.4206305124382395,983,735.7357849613004,6,53912,23,140.4632733012847,Brute Force,CICIoT2023,1
10.593907248508131,94,11996.259781517309,6,20859,443,7.117997798463182,Normal,CICIoT2023,5
0.5037070405835457,3800,497118.4428863523,17,6434,80,1171.2022119836868,DoS,CICIoT2023,3
0.7166897464425782,6808,373427.09466221026,17,44080,80,511.496048973838,DoS,CICIoT2023,3
4.709023553011459,47,9387.080679862655,6,38489,22,3.2449012188512922,Normal,CICIoT2023,5
0.8623524786202582,6482,32701.53382106341,6,51976,80,1725.023263176077,DoS,CICIoT2023,3
6.0229113732750506,21,704.2797243533146,6,45626,22,1.710295097370955,Normal,CICIoT2023,5
0.05420565236646233,6823,615765.2560462551,1,22410,80,697.2336798469724,DDoS,CICIoT2023,2
0.4193499730240841,9210,274682.4387031414,6,56308,80,887.2598812867539,DDoS,CICIoT2023,2
1.015165700845162,7048,878040.4969388556,1,34779,80,1731.7974238253398,DDoS,CICIoT2023,2
1.0234949687206263,95,110.53029681411591,17,36844,22,0.12273978716393262,Normal,CICIoT2023,5
3.0585977194520004,19,593.2955646550253,1,0,0,69.87628917802496,Spoofing,CICIoT2023,8
25.168208254822684,40,2402.667240593697,6,35566,80,0.14730958101447222,Normal,CICIoT2023,5
2.253659433471397,19,7028.487984824549,17,38846,80,2.2705730233993657,Normal,CICIoT2023,5
7.739373959347084,79,4665.135346087056,17,13521,22,4.890301719079625,Normal,CICIoT2023,5
0.9227344678337805,1770,653628.3964535804,1,63092,80,1853.6799609287625,DDoS,CICIoT2023,2
0.10900132809010457,7031,2380107.174486932,17,14416,80,1542.3235605139387,DoS,CICIoT2023,3
12.405104712971502,69,540.8368456077819,6,32729,80,0.26250408776936296,Normal,CICIoT2023,5
0.8423771707111338,5318,324249.1309118465,6,8485,80,1768.4065444848602,DDoS,CICIoT2023,2
18.688852961540462,22,2686.716288783379,6,25974,80,0.731470295761989,Normal,CICIoT2023,5
1.1855878882819821,4259,138272.0376769749,1,19650,80,1786.3435064919256,DDoS,CICIoT2023,2
38.26794326489765,67,620.5488111063404,6,65071,443,0.9242370679173084,Normal,CICIoT2023,5
0.050856261859259906,5000,383076.3371974473,17,23991,80,748.442520542398,DoS,CICIoT2023,3
16.565884180738504,41,11140.787202685333,6,20014,22,0.05155430879335332,Normal,CICIoT2023,5
6.8124014765783585,468,4164.312671107416,6,47582,21,152.407223723808,Brute Force,CICIoT2023,1
6.59244588292425,42,9491.147353917488,17,1953,443,1.2102785449305875,Normal,CICIoT2023,5
18.484471577789872,54,3423.670411344603,17,20823,22,1.5182009518744422,Normal,CICIoT2023,5
3.1890757223365216,30,298.8836038739157,17,38250,22,0.3487661477022617,Normal,CICIoT2023,5
1.2101688669536732,876,1590.6824357612297,6,54516,23,82.51194562778467,Brute Force,CICIoT2023,1
4.193853158273405,6,6243.445096281949,1,0,0,38.25700456396176,Spoofing,CICIoT2023,8
33.89300703352162,72,26451.53965406844,6,19824,80,0.6804939297972233,Normal,CICIoT2023,5
1.4420918732573136,6619,25713.159519648514,17,46147,80,1970.1634886206505,DoS,CICIoT2023,3
2.441604395308988,14,1560.4835761790255,1,0,0,78.5711631344383,Spoofing,CICIoT2023,8
1.2521384432870024,1946,230172.43317892542,17,51615,80,1563.5205864305476,DDoS,CICIoT2023,2
0.27398467865507964,1340,219615.6992084949,6,9515,80,1746.0327657801154,DDoS,CICIoT2023,2
12.806187356833346,5,4443.072618112863,17,17020,22,0.3262652747639122,Normal,CICIoT2023,5
26.454126351585824,55,7725.215662213124,6,21243,443,1.9531749676136156,Normal,CICIoT2023,5
2.889949069793186,6,2624.735309789697,1,0,0,23.318573262925128,Spoofing,CICIoT2023,8
8.673020037113982,662,7831.256837529745,6,53906,21,291.00721179137844,Brute Force,CICIoT2023,1
1.3650873702964905,9458,228060.67823412392,1,20619,80,556.9723449347802,DDoS,CICIoT2023,2
21.54805202045254,96,397.3757516149585,17,47123,80,4.192615251900898,Normal,CICIoT2023,5
44.24733319525245,21,14990.654757299673,17,61035,443,1.7770180938484998,Normal,CICIoT2023,5
0.5692415628002068,8269,379537.0764646538,17,14551,80,1161.8355704829899,DoS,CICIoT2023,3
3.068200985381378,19,2587.1858037397337,1,0,0,90.5007301141809,Spoofing,CICIoT2023,8
2.3342984512236913,16,2892.3247930051725,1,0,0,61.617605631001595,Spoofing,CICIoT2023,8
1.4345102439817803,4119,2786340.315404375,6,9040,80,1460.2974673394356,DoS,CICIoT2023,3
0.45466801941919627,8742,1084780.7940351614,1,57156,80,1265.6487335063484,DDoS,CICIoT2023,2
15.776274881279532,35,6721.854329470049,17,28127,443,2.327723196267317,Normal,CICIoT2023,5
20.240206263176567,58,3845.690942250484,17,13437,80,0.8885642448186694,Normal,CICIoT2023,5
4.041742317629574,4,473.2301824724971,1,0,0,96.17032171342865,Spoofing,CICIoT2023,8
0.023206294819068662,8537,574774.9272183767,6,61927,80,941.9290945192897,DDoS,CICIoT2023,2
1.216280946070173,69,2191.098552169556,6,56320,22,0.3082853634204434,Normal,CICIoT2023,5
22.001513854063813,9,8727.798279814182,6,12414,80,3.74058534935761,Normal,CICIoT2023,5
0.9242701302138131,4175,264663.5303145144,17,55213,80,920.5016911872814,DoS,CICIoT2023,3
18.442768298847575,99,441.4469028677538,6,53831,22,1.9998329450601309,Normal,CICIoT2023,5
13.907188570550092,38,130.53680127555816,6,39034,443,0.7121093525572041,Normal,CICIoT2023,5
0.12452449216148362,8913,148688.4882903985,17,41147,80,717.7947693269905,DDoS,CICIoT2023,2
1.068063984068343,3555,1005351.9728742405,1,3975,80,938.7726366061127,DoS,CICIoT2023,3
0.23697108830215782,6686,1192821.0341214451,6,24806,80,1214.6554795156874,DoS,CICIoT2023,3
4.843313064591829,34,19411.66983988161,6,57746,80,1.0761244851050629,Normal,CICIoT2023,5
1.1418210287626966,1182,359667.0911016173,17,57417,80,1378.7971826802786,DoS,CICIoT2023,3
15.703795797277404,56,5168.013579624063,17,16397,443,2.503195722539067,Normal,CICIoT2023,5
26.934710709725785,28,1812.2411191872486,17,57022,80,4.972816129551245,Normal,CICIoT2023,5
1.0837761664718388,7046,177228.99833187106,17,8951,80,1444.336545337605,DoS,CICIoT2023,3
0.0909547318861267,8758,64209.40064278567,6,24569,80,1674.5249559750994,DDoS,CICIoT2023,2
3.603689722368351,7,4521.480381427246,1,0,0,62.493986603174086,Spoofing,CICIoT2023,8
0.70578231994578,3437,151728.08654574776,6,56127,80,974.4052245939602,DoS,CICIoT2023,3
0.16181965821836017,3624,79590.76203325775,6,64410,80,1799.8219726236302,DDoS,CICIoT2023,2
13.722794550287405,86,11222.204538520142,6,26706,80,0.9474247126599571,Normal,CICIoT2023,5
42.3085428847773,55,567.6512090618075,17,42454,443,1.6631137099108513,Normal,CICIoT2023,5
40.92558081660409,93,6184.565713175622,17,7342,22,0.5866797855454644,Normal,CICIoT2023,5
32.253096103848954,37,1731.694620227386,6,56080,22,5.764175324999622,Normal,CICIoT2023,5
3.4207122843584736,901,15224.525761144807,6,64139,22,62.04650309832406,Brute Force,CICIoT2023,1
7.6954893806163565,52,2531.64173583543,17,23080,22,1.2238703940999978,Normal,CICIoT2023,5
1.1235253476253024,15,2946.1514703364915,1,0,0,10.259312649905313,Spoofing,CICIoT2023,8
1.289845461276738,3257,411558.4451852052,1,16257,80,817.9910820479871,DDoS,CICIoT2023,2
0.9894566884334915,4893,1070785.26965118,6,28771,80,1516.7198004650663,DoS,CICIoT2023,3
0.9155506621565567,9353,261043.91638335338,1,31523,80,1607.8961871984961,DDoS,CICIoT2023,2
0.4802847422073915,4220,583156.8848210152,17,51637,80,1368.7628830620833,DDoS,CICIoT2023,2
0.13715859136164404,1234,239263.65759416946,6,27696,80,667.2683184819145,DDoS,CICIoT2023,2
11.88077631982609,48,626.0627504495665,17,63021,80,0.9531513113094143,Normal,CICIoT2023,5
0.512644864685948,9016,76404.91165229435,17,18082,80,1239.29687667117,DoS,CICIoT2023,3
8.770013248595829,21,11925.808270112782,17,25111,80,1.2475973399332378,Normal,CICIoT2023,5
50.65633331514457,64,2634.562945011596,6,21331,22,2.974364261341995,Normal,CICIoT2023,5
1.1616530079954115,3745,982908.5361905285,17,45748,80,614.577417487184,DDoS,CICIoT2023,2
8.233094463967998,38,1102.8707771692775,6,21471,80,0.836504144449329,Normal,CICIoT2023,5
7.651239020091628,568,4278.573430933416,6,21117,21,215.75183653544397,Brute Force,CICIoT2023,1
5.935438325760885,277,18777.149986246914,6,21960,21,257.4407800719112,Brute Force,CICIoT2023,1
6.455319084401317,553,6124.81452856446,6,45269,21,125.72893220829816,Brute Force,CICIoT2023,1
2.019282859514063,33,1515.8190425046666,17,53452,22,0.1231476834294042,Normal,CICIoT2023,5
17.704774897495575,8,15925.467021983783,6,34422,80,1.5131853144671552,Normal,CICIoT2023,5
6.858616016062654,380,32905.960797829,6,56859,23,141.42018706534282,Brute Force,CICIoT2023,1
0.3458180893300811,8659,493442.88693397254,6,33817,80,1770.7916585503726,DDoS,CICIoT2023,2
3.8363233521929794,388,1589.5201566782516,6,53940,21,90.97025594512056,Brute Force,CICIoT2023,1
6.785370233201569,882,4234.135344939628,6,24115,23,122.62612641785509,Brute Force,CICIoT2023,1
2.4029425139738896,16,125.08939585794815,1,0,0,72.0999763578049,Spoofing,CICIoT2023,8
18.57241762313414,9,3538.9323361569477,6,48586,443,1.0744835794865648,Normal,CICIoT2023,5
6.391252637157114,19,2286.851788924935,17,40212,443,0.15860426954010162,Normal,CICIoT2023,5
1.4460486937346708,19,1583.10671633723,1,0,0,26.22771418805003,Spoofing,CICIoT2023,8
10.203896550239582,7,1006.1094871259683,6,44551,80,0.10254243907225369,Normal,CICIoT2023,5
28.83484069581146,79,7978.634682838712,6,55134,443,0.23058224256851914,Normal,CICIoT2023,5
0.958442583662498,3743,631916.390842341,17,11709,80,1354.3096693506554,DDoS,CICIoT2023,2
3.335876048584813,650,25181.003708680528,6,39894,21,103.48925967205923,Brute Force,CICIoT2023,1
0.029414055958054783,1619,796541.2180781225,1,64636,80,1915.5523892303313,DoS,CICIoT2023,3
1.4406020505641164,9436,1537707.127374782,17,6390,80,1089.190663714015,DDoS,CICIoT2023,2
29.885045799214364,98,6435.11639460626,6,64093,80,1.2258446111794512,Normal,CICIoT2023,5
1.1742097725154652,4667,426302.69385432894,17,56412,80,1248.3434968039128,DDoS,CICIoT2023,2
1.1089280509849668,123,15344.271886134635,6,9179,23,251.1882804974237,Brute Force,CICIoT2023,1
1.7072661865456311,46,2040.6068427327787,17,21046,22,0.5855797318455365,Normal,CICIoT2023,5
0.376253084566168,5444,337819.87731790286,6,2220,80,677.7539353972273,DDoS,CICIoT2023,2
1.515536200654912,3,9997.912151804701,1,0,0,14.042016909605426,Spoofing,CICIoT2023,8
1.143901806008134,4824,514537.0661198921,6,43613,80,1877.639648218113,DoS,CICIoT2023,3
1.426883605808797,4674,171169.8440527919,6,54545,80,1988.6634340621683,DoS,CICIoT2023,3
0.5856215278839342,1692,232034.20593832678,6,52337,80,1853.3546051933572,DoS,CICIoT2023,3
32.47699400822475,24,636.8330935189589,17,13626,22,2.7868165948478176,Normal,CICIoT2023,5
4.895059416802061,69,1063.2037172916343,17,65527,80,0.5095012078792223,Normal,CICIoT2023,5
2.213765178992966,12,1657.1304958240237,1,0,0,48.47516481953005,Spoofing,CICIoT2023,8
1.6990583115667377,14,870.9737450452532,1,0,0,90.46848722799257,Spoofing,CICIoT2023,8
4.737636914436987,9,1024.7929220135854,1,0,0,78.67975272411775,Spoofing,CICIoT2023,8
8.408447476379735,133,6882.389499473696,6,61043,22,197.78257581462913,Brute Force,CICIoT2023,1
0.28734248765248843,1614,26679.96511811951,17,29176,80,1046.531357642348,DDoS,CICIoT2023,2
0.4499102857095668,3468,318095.28784719796,1,49431,80,1740.1201520393706,DDoS,CICIoT2023,2
0.08098547358039483,4607,227397.4813601517,1,17697,80,1813.8246252755855,DoS,CICIoT2023,3
0.813250883576653,8415,181265.71380374845,6,17988,80,1087.73594492525,DDoS,CICIoT2023,2
0.8245837756295848,5776,10005.817411525217,6,26299,80,1283.7652716283828,DoS,CICIoT2023,3
0.09140528580144872,7534,123813.2784587567,6,12604,80,1156.2228899123147,DoS,CICIoT2023,3
4.425398465299768,16,424.2062175588811,1,0,0,37.90760845084796,Spoofing,CICIoT2023,8
20.736125848115247,40,6871.969706403121,6,23436,22,1.8813257263898926,Normal,CICIoT2023,5
34.95635141812904,29,1557.2030083372645,6,17613,80,0.9270604799335608,Normal,CICIoT2023,5
35.832666237655495,43,1345.4387688096103,17,29908,443,1.786310046599916,Normal,CICIoT2023,5
0.9949112388285073,4273,20444.006191632725,17,32510,80,1276.3944519732831,DDoS,CICIoT2023,2
5.696982798393245,14,3387.621189628859,6,29507,22,2.506495320377518,Normal,CICIoT2023,5
1.1409178709576773,3800,370623.62177253794,6,3634,80,1053.9211553233117,DDoS,CICIoT2023,2
1.4000580452288114,8361,607356.8708741899,1,2938,80,1705.2771626524016,DDoS,CICIoT2023,2
2.952151262860524,43,9601.345181767627,6,37456,443,3.290865070249198,Normal,CICIoT2023,5
0.30090849840517314,6260,130013.48117020556,6,2562,80,678.311586765608,DDoS,CICIoT2023,2
22.70463003697457,51,2957.5177791518613,17,54336,80,0.9577423313643417,Normal,CICIoT2023,5
3.6696014191022757,36,2548.887417592576,17,7057,80,0.05103240190878215,Normal,CICIoT2023,5
4.211086905818252,9,3194.498597971188,1,0,0,65.43207241090491,Spoofing,CICIoT2023,8
28.799234860818498,8,4193.332454467554,6,21330,443,1.581212726377801,Normal,CICIoT2023,5
52.18475854604625,87,2907.0514918233707,6,40218,443,0.25224321747961925,Normal,CICIoT2023,5
1.4426548750847963,9125,412270.79369991494,1,33322,80,1797.9436383633686,DDoS,CICIoT2023,2
0.2443370801877759,1451,500453.54280057614,17,20501,80,1509.0544913133472,DoS,CICIoT2023,3
24.89471587465961,11,1976.1091148861183,6,62914,443,3.577492548385835,Normal,CICIoT2023,5
1.3600697201170782,5595,570459.500444768,6,1136,80,529.6934875208816,DDoS,CICIoT2023,2
8.431227433215774,9,2276.7242483955856,6,53125,80,1.1261342070335283,Normal,CICIoT2023,5
32.55410752640931,73,454.00753206794394,6,20512,443,0.1753021503525408,Normal,CICIoT2023,5
0.5068592644580556,5821,212075.1043452489,17,13277,80,1060.8815705192205,DDoS,CICIoT2023,2
1.417228388214512,4765,671165.6524379367,1,10765,80,1671.4938404224872,DDoS,CICIoT2023,2
1.1800505291588625,8644,63443.56102718182,6,56087,80,914.4786626987805,DDoS,CICIoT2023,2
0.6537082021158139,7361,309024.44476014876,17,56336,80,654.6820436121137,DoS,CICIoT2023,3
5.930062249449875,461,5168.453767797388,6,3012,23,226.13860700686132,Brute Force,CICIoT2023,1
0.6398656689719591,4802,376676.62291687215,1,40954,80,1408.2240038216069,DDoS,CICIoT2023,2
11.90955716856341,39,1663.5210297696756,17,11849,443,6.917907138612631,Normal,CICIoT2023,5
0.9094194288334689,2518,1522304.828716215,1,3624,80,638.1004791237132,DoS,CICIoT2023,3
14.708575716382361,88,583.0790516261097,17,31133,80,0.030452027769782227,Normal,CICIoT2023,5
1.447872900487163,2742,424666.72831112234,6,46560,80,1508.08405812838,DDoS,CICIoT2023,2
14.14008404530075,63,1681.0679551628298,17,19713,80,0.38251878174494314,Normal,CICIoT2023,5
2.867573099126453,93,941.0792343154851,6,49466,443,5.595635705183879,Normal,CICIoT2023,5
1.06013916301499,297,8857.27267264709,6,58977,23,220.02797136174317,Brute Force,CICIoT2023,1
2.099943285246821,18,974.2621819739394,1,0,0,94.26404254718972,Spoofing,CICIoT2023,8
0.8175652115857512,1082,1590079.6297502718,6,16620,80,1425.8735312730885,DoS,CICIoT2023,3
1.1117182624486546,9367,556804.1889257835,17,17777,80,1614.2374623594744,DDoS,CICIoT2023,2
6.941144313596977,89,12399.04116448158,17,30062,22,3.399297656260592,Normal,CICIoT2023,5
11.783942423444545,31,145.47699803614304,17,1883,80,1.5831787699279638,Normal,CICIoT2023,5
17.660676537975228,54,6359.739163161683,17,11302,80,3.4115624828012536,Normal,CICIoT2023,5
0.0845276794634572,6166,24974.02739502548,6,23544,80,523.7197943494431,DDoS,CICIoT2023,2
0.12494630112397698,5897,42283.285161657346,6,55217,80,1599.1002121792476,DoS,CICIoT2023,3
0.9140302698289803,5426,461691.22009864845,17,59695,80,999.5523077080975,DoS,CICIoT2023,3
33.43769252686987,23,3501.1645706958197,6,15948,443,1.01316314135723,Normal,CICIoT2023,5
5.622499418898921,937,43948.76225495597,6,31495,21,242.68563272638792,Brute Force,CICIoT2023,1
0.6469685190315712,8786,396454.5690174431,6,21435,80,1052.6733798748683,DoS,CICIoT2023,3
1.3440656728382223,5744,27817.689774562066,1,65364,80,1117.0091997487157,DDoS,CICIoT2023,2
1.3118471510715153,6307,906810.0019066876,17,39530,80,1904.42093220339,DDoS,CICIoT2023,2
0.10536945644684517,9033,356653.71497117844,1,62137,80,532.8699931625134,DDoS,CICIoT2023,2
6.372556878544582,11,389.07826423977497,17,27735,22,0.6598937740647176,Normal,CICIoT2023,5
19.72200591235733,42,5423.572545600616,6,2661,443,0.23729820840653162,Normal,CICIoT2023,5
0.7794723384457304,3032,112680.49183884455,6,50417,80,1822.5359177652622,DoS,CICIoT2023,3
26.240268439921113,88,3054.769364871102,17,13380,80,0.7415676594319272,Normal,CICIoT2023,5
5.314370039443029,60,4130.237892071946,6,58644,80,0.8732588975696642,Normal,CICIoT2023,5
27.452443764656312,29,8904.701356822869,17,3615,22,6.10735918769201,Normal,CICIoT2023,5
6.9344120468168535,53,3622.3972788543006,6,12111,80,0.767237854591708,Normal,CICIoT2023,5
4.527436372819398,7,1612.0548629363473,1,0,0,55.28192252963861,Spoofing,CICIoT2023,8
0.2988559712259701,1086,919796.7581497204,1,25551,80,1622.5337804986095,DoS,CICIoT2023,3
0.6644237958620788,3773,185447.90116706662,1,2724,80,1116.6404133206597,DDoS,CICIoT2023,2
20.198194306136035,27,2907.1623667058116,6,37479,80,2.536948823692528,Normal,CICIoT2023,5
1.1012775630969849,5757,399755.3220987689,17,42704,80,1121.3013883577455,DDoS,CICIoT2023,2
1.101296658570876,9690,148230.52658091774,17,48110,80,658.0182267219998,DDoS,CICIoT2023,2
4.772398969925245,77,1290.6154984419534,6,27853,22,0.11893142557536307,Normal,CICIoT2023,5
0.592638974999824,1146,214491.0174049123,17,38299,80,1357.868305775901,DDoS,CICIoT2023,2
65.29711666387618,13,2787.3463678898756,17,37344,22,2.2724943164300475,Normal,CICIoT2023,5
0.623678463222069,6097,104186.25811311384,17,31073,80,1117.937142551153,DDoS,CICIoT2023,2
1.3070851797413825,5188,390182.31425361446,6,11823,80,1408.456833985117,DDoS,CICIoT2023,2
2.869915432080216,33,2991.0236800550433,17,49433,80,0.46197878375889284,Normal,CICIoT2023,5
8.460236944925272,53,5779.977965669706,17,34608,22,1.086944413268481,Normal,CICIoT2023,5
0.0370048211581373,7314,45772.655764686,6,33154,80,1341.0174424084248,DDoS,CICIoT2023,2
0.9463554203557347,4893,652670.3629946993,6,57436,80,1732.0825443510414,DDoS,CICIoT2023,2
4.232298222160628,13,811.8155996739767,1,0,0,81.2402382332233,Spoofing,CICIoT2023,8
0.6824282284135899,5434,869065.2022508725,6,30124,80,1226.516639437263,DoS,CICIoT2023,3
1.2018675257862754,50,2553.694350175748,17,24209,22,0.6594595389722246,Normal,CICIoT2023,5
4.497081801676444,12,10592.121014020715,17,28398,80,2.717993038518995,Normal,CICIoT2023,5
1.2734125468073894,5780,309353.75474248105,6,52780,80,1983.8266309366252,DDoS,CICIoT2023,2
4.950666169294148,97,4194.224227788536,6,27970,22,0.14514893865826775,Normal,CICIoT2023,5
1.096559766941328,6626,240606.7352938955,1,28793,80,1024.9174092944597,DDoS,CICIoT2023,2
9.363595620358534,463,2454.75308630343,6,10301,22,143.31028909480847,Brute Force,CICIoT2023,1
0.9516631337903216,2505,750983.3644919387,1,55343,80,599.6949886644081,DDoS,CICIoT2023,2
22.819564838649686,62,7715.383210126404,6,60221,22,2.263139422975923,Normal,CICIoT2023,5
1.140167802565422,6330,494415.80346764217,6,36410,80,754.821509076103,DDoS,CICIoT2023,2
0.30051304785143096,9411,257767.52167618126,17,44432,80,887.34652949924,DDoS,CICIoT2023,2
0.912063518686305,2812,540850.1052794628,17,45540,80,1312.4696273251398,DDoS,CICIoT2023,2
7.8244056285045325,893,6423.043058166896,6,53516,21,117.73567457909135,Brute Force,CICIoT2023,1
4.38947881347689,63,1125.1233401337015,6,34746,443,1.1062517362328723,Normal,CICIoT2023,5
9.170546624951808,349,13694.505345100293,6,22863,22,196.1670225414562,Brute Force,CICIoT2023,1
2.202855232694662,420,17250.22441121606,6,46737,23,249.06036263534213,Brute Force,CICIoT2023,1
5.760701677815579,42,3909.8224724233783,6,52901,22,2.0232603726475156,Normal,CICIoT2023,5
6.884793858037892,49,8841.135725559698,6,49932,22,1.8092345942582926,Normal,CICIoT2023,5
5.610825115136485,57,8535.368576448172,17,25055,22,8.185370697173406,Normal,CICIoT2023,5
24.176421361671455,88,2397.077123598895,17,30087,80,1.2472054132677108,Normal,CICIoT2023,5
5.597966058126099,25,11067.04427888085,6,43524,443,2.1983092192290163,Normal,CICIoT2023,5
0.49131074517359985,3103,122237.93926525499,1,25500,80,1154.6293980943897,DoS,CICIoT2023,3
17.483921018092104,22,9417.502459260151,6,51381,80,0.1392488145146022,Normal,CICIoT2023,5
2.49594492772082,24,11770.055171919337,6,65310,22,3.286662235463189,Normal,CICIoT2023,5
4.304314027935423,14,1254.0663768443487,1,0,0,61.404606876012494,Spoofing,CICIoT2023,8
6.436736717352985,17,796.7739778697819,17,11722,22,3.783323224575238,Normal,CICIoT2023,5
2.0894578283599423,17,748.5038014189225,1,0,0,11.416862169610928,Spoofing,CICIoT2023,8
1.259478140322024,28,4987.41541994483,17,49507,22,3.6294785213858005,Normal,CICIoT2023,5
15.4950694137094,7,4999.002886260929,6,28796,443,0.9905398455873751,Normal,CICIoT2023,5
0.11329921227776948,6660,716792.0140598498,1,37313,80,1561.0955000493916,DoS,CICIoT2023,3
0.5899534028207648,6395,431385.95717605297,1,23447,80,1068.6914875634704,DDoS,CICIoT2023,2
1.9202811239312279,6,2005.1828329282748,1,0,0,52.235670459321135,Spoofing,CICIoT2023,8
0.6701584498723274,6232,319174.7029231352,17,15256,80,1256.005645394489,DoS,CICIoT2023,3
4.751083396586368,19,900.1865570437213,1,0,0,87.72772791669544,Spoofing,CICIoT2023,8
2.7490738694206236,79,1015.7516941152923,6,37206,80,2.0670918842455768,Normal,CICIoT2023,5
55.88844332270998,58,1709.906194807168,6,30528,22,1.829095084921282,Normal,CICIoT2023,5
0.2772404553309691,8086,311571.9562835525,17,22157,80,590.9073615723647,DoS,CICIoT2023,3
3.4584371828854286,2,1881.6660154384795,1,0,0,72.96756126599095,Spoofing,CICIoT2023,8
8.543394774897783,167,11574.090626177269,6,48293,21,209.7580397287302,Brute Force,CICIoT2023,1
1.430767295798748,5108,93435.39423031891,6,26544,80,915.5187864889681,DDoS,CICIoT2023,2
39.13311372851502,30,6846.240113717896,17,23463,22,0.1067790893983377,Normal,CICIoT2023,5
0.057298210405753044,8129,54178.16493337841,1,47247,80,1536.0196567220098,DoS,CICIoT2023,3
14.623961225456869,84,10038.756123270603,6,55223,22,2.674445317139281,Normal,CICIoT2023,5
3.5786759403441066,560,1337.8349241824137,6,29874,22,274.34146644773296,Brute Force,CICIoT2023,1
3.150889614633425,9,5652.765640024272,1,0,0,79.83203795265753,Spoofing,CICIoT2023,8
0.20062601752255693,6750,262058.7441403257,6,36927,80,1837.8396548848439,DDoS,CICIoT2023,2
0.46601668064895413,5589,253552.58936051093,17,18502,80,816.189652325043,DoS,CICIoT2023,3
0.35175500778613183,5145,166371.52419979117,17,32671,80,751.2366336411616,DoS,CICIoT2023,3
3.3897825386943152,7,21200.842595004444,6,15143,22,3.2018802146369403,Normal,CICIoT2023,5
3.936285262370321,953,2480.8552018025516,6,56887,23,114.11576525419149,Brute Force,CICIoT2023,1
0.5394264252260926,9828,190111.35001475745,6,45849,80,1713.5354604375145,DDoS,CICIoT2023,2
0.8199174255604768,7,3999.9143640734846,1,0,0,23.94327800290984,Spoofing,CICIoT2023,8
2.2954129575855946,6,8939.655197263763,6,35803,443,3.257291316346257,Normal,CICIoT2023,5
0.7720275919484415,7,3033.316653651818,1,0,0,37.32615443294562,Spoofing,CICIoT2023,8
6.6027356799348125,48,1698.5504728562223,17,39254,80,1.1658842074193287,Normal,CICIoT2023,5
63.24896833153411,61,6379.602700563216,6,56503,443,1.226571159979007,Normal,CICIoT2023,5
7.5250546866920685,737,7923.876186462967,6,55243,22,265.5507434145472,Brute Force,CICIoT2023,1
6.650442640984961,67,775.4142994356404,6,44880,80,5.640844053995552,Normal,CICIoT2023,5
1.2392454222897409,89,3460.7707946998785,17,15560,22,1.6400477218047838,Normal,CICIoT2023,5
7.183352355242325,493,4484.829164564948,6,34018,23,80.80814392908121,Brute Force,CICIoT2023,1
7.286775626882234,236,14373.643485470058,6,44861,22,272.47093161837165,Brute Force,CICIoT2023,1
1.228605895425994,6509,429349.3406866942,6,15547,80,1234.4366930753672,DDoS,CICIoT2023,2
0.9706704203794597,7139,412220.7082914743,6,44876,80,1492.5008894437835,DDoS,CICIoT2023,2
0.2204230796259927,2445,974489.2266535993,6,10973,80,1781.3911834960036,DDoS,CICIoT2023,2
11.122685388569437,84,1782.3141569534437,6,64933,22,1.6938114009570275,Normal,CICIoT2023,5
3.3147800557034293,82,1557.1015482483422,17,21890,22,0.8234100489364329,Normal,CICIoT2023,5
1.0969010170491789,1348,804637.251445945,17,50483,80,1509.1469216187002,DoS,CICIoT2023,3
0.3385513525191142,5820,1046021.5818686789,1,21886,80,894.8710197770167,DoS,CICIoT2023,3
0.010973552234336336,3985,796540.4874322916,6,1360,80,728.0728511367377,DoS,CICIoT2023,3
0.6929021559354874,1910,121262.69303986235,17,39239,80,1881.1094755139532,DoS,CICIoT2023,3
1.6132536814149847,50,4807.293506655421,6,12761,22,4.781402564769317,Normal,CICIoT2023,5
0.7074228908090923,9347,724758.8734519326,1,28673,80,1640.6364675237076,DDoS,CICIoT2023,2
11.789970141187657,34,38717.6476103123,17,50673,80,2.4628376131884364,Normal,CICIoT2023,5
0.7187748488363285,2647,218069.60416615417,1,7795,80,1505.0488067113502,DDoS,CICIoT2023,2
0.7078119770413821,4435,357850.86494797637,1,44415,80,552.3673289843357,DDoS,CICIoT2023,2
2.8006838133902234,10,3654.9440158096263,1,0,0,24.461162624066066,Spoofing,CICIoT2023,8
1.3793311586698058,84,1455.6232430193663,6,64651,80,2.96897059312211,Normal,CICIoT2023,5
37.970537736826145,12,1749.815586056245,17,30987,80,1.8871734554164485,Normal,CICIoT2023,5
4.344177401462096,15,4302.032120805134,6,23824,80,0.5408197321442336,Normal,CICIoT2023,5
1.0193157635344205,4924,911104.7771975157,17,46421,80,599.2477832516606,DoS,CICIoT2023,3
0.038541673471366826,1191,292036.20643598447,6,43952,80,851.638400017272,DDoS,CICIoT2023,2
7.3487186089978405,53,2118.874468732777,17,26686,22,2.027226725134559,Normal,CICIoT2023,5
14.643168838517342,10,5773.788183406286,17,2075,443,1.93314763625563,Normal,CICIoT2023,5
0.9034450770052829,8411,681745.7586923357,17,56496,80,922.4240631584476,DoS,CICIoT2023,3
50.599352275186455,56,5767.786541090381,6,36968,22,1.1441428431447174,Normal,CICIoT2023,5
3.99295600748218,4,306.89741201631875,1,0,0,38.18468816467994,Spoofing,CICIoT2023,8
1.2758059810769729,2961,220330.01078636578,6,60862,80,1977.268615950641,DoS,CICIoT2023,3
42.952341433010304,8,1206.2958556548163,6,62600,22,0.3553630509121296,Normal,CICIoT2023,5
14.565907995555568,92,2188.3863922164564,6,58904,22,1.3923754380319784,Normal,CICIoT2023,5
3.2199275422486586,559,619.779732102539,6,51272,23,211.87911621084078,Brute Force,CICIoT2023,1
5.7832701330621665,87,11835.808918792034,6,22722,443,5.678582504020849,Normal,CICIoT2023,5
24.001477571259226,39,1294.1248046516137,6,33323,443,2.5254690182453317,Normal,CICIoT2023,5
4.295049245167343,19,4518.339612061791,1,0,0,91.82577376482271,Spoofing,CICIoT2023,8
3.8249026886352455,232,1132.3272989155969,6,43253,22,232.42797662435555,Brute Force,CICIoT2023,1
9.461987250141565,198,5620.445696539888,6,6576,23,93.33576324382021,Brute Force,CICIoT2023,1
0.7338679690798209,3341,583092.8261793762,17,1273,80,705.6341871181347,DoS,CICIoT2023,3
20.857295632070038,29,998.0593310915677,6,61305,80,0.8774181761266091,Normal,CICIoT2023,5
1.6945735518944478,51,176.46614930723928,6,26129,80,3.440526860311973,Normal,CICIoT2023,5
0.8542418357691398,9383,1153289.2748977165,17,11401,80,990.192058786666,DoS,CICIoT2023,3
0.026108514616442542,7646,156473.1333026932,6,56185,80,1365.2860716990504,DDoS,CICIoT2023,2
0.7013327302686622,5538,1980422.886118751,6,12484,80,600.8512701358417,DDoS,CICIoT2023,2
6.353626415517186,498,12029.906404717203,6,3890,23,265.8664325853658,Brute Force,CICIoT2023,1
4.785922076348976,43,1046.8751323152915,6,31687,22,1.647676891534223,Normal,CICIoT2023,5
0.37690379984619415,9923,2064238.1689356004,6,42598,80,1954.5854491969656,DDoS,CICIoT2023,2
9.464289224696273,38,358.30642606752446,17,57176,80,1.224716559087638,Normal,CICIoT2023,5
0.3475172227937975,3432,155750.08823830733,1,49641,80,1038.8131204740355,DDoS,CICIoT2023,2
27.020955218194924,85,497.5968038474446,6,19436,443,3.2768533687302384,Normal,CICIoT2023,5
6.966460924444774,94,948.2260789199096,17,14160,443,4.881223312962338,Normal,CICIoT2023,5
13.509887582596624,18,2498.1795446533665,6,46734,443,2.8699913981135072,Normal,CICIoT2023,5
1.1744434151358514,3462,190690.0628753184,1,10299,80,677.9656486123705,DDoS,CICIoT2023,2
1.4012866402721904,8984,283020.22712635726,17,23577,80,1905.6634173795155,DoS,CICIoT2023,3
0.4745851840640953,5485,97902.70372663537,17,23697,80,998.1646749621868,DDoS,CICIoT2023,2
9.352916519588078,511,709.0589933631709,6,15743,21,178.07508672177016,Brute Force,CICIoT2023,1
23.27993072010599,39,499.56342567061586,6,19347,22,1.032372452757735,Normal,CICIoT2023,5
27.904379074094603,28,4831.572594850992,6,61766,22,6.554146141405264,Normal,CICIoT2023,5
2.276164707832028,5,1066.0487975713995,1,0,0,70.82406325936662,Spoofing,CICIoT2023,8
17.101179604843768,83,2614.777666913536,17,34599,22,0.05917728857913111,Normal,CICIoT2023,5
9.165240499207652,437,5433.193322665865,6,26907,22,227.52869158431983,Brute Force,CICIoT2023,1
2.5093936794008234,12,3590.0678830690413,6,60574,80,0.7509879615641579,Normal,CICIoT2023,5
8.528486415562302,632,27227.189759620636,6,36210,21,208.85358921547746,Brute Force,CICIoT2023,1
15.906515095562971,34,7079.660926578272,17,32625,80,3.037037113175734,Normal,CICIoT2023,5
2.051316190394257,3,3479.907912785409,1,0,0,23.17926309425345,Spoofing,CICIoT2023,8
1.2510652762055998,9069,1443887.8968704299,6,52717,80,661.4212771397882,DDoS,CICIoT2023,2
7.91315360542794,55,2892.4231239120245,6,20625,21,171.00514312735103,Brute Force,CICIoT2023,1
11.826145873267079,78,4355.350505635326,17,7543,22,1.6392603181917675,Normal,CICIoT2023,5
1.2444473195039092,5906,1926485.4800767621,1,59843,80,850.8453972083053,DDoS,CICIoT2023,2
2.8979760491270934,465,11119.80720548938,6,44485,21,286.68906117306017,Brute Force,CICIoT2023,1
0.6063162910160113,3806,164574.38820776303,1,32745,80,538.6543981465268,DDoS,CICIoT2023,2
0.9092579216866702,9790,317769.8590695155,17,48240,80,956.7387991234262,DDoS,CICIoT2023,2
0.30516231991323145,2106,1100711.9613821635,6,49198,80,1245.3432777500734,DoS,CICIoT2023,3
1.3762436518193646,3971,79919.19951632815,1,20504,80,1695.8166088681442,DDoS,CICIoT2023,2
1.0891064959418044,7782,18365.838868808263,17,12642,80,1403.6741629498815,DDoS,CICIoT2023,2
0.25289847958418044,6578,21996.652324404327,6,41173,80,1962.0358940728272,DDoS,CICIoT2023,2
2.2191358311522174,497,3283.5498398327222,6,40193,22,154.9068457017026,Brute Force,CICIoT2023,1
1.7792311467188502,79,2823.670998723134,6,51729,22,0.0581418433592142,Normal,CICIoT2023,5
14.129117466546484,10,7707.489565322788,6,26030,22,0.08218156755093482,Normal,CICIoT2023,5
6.29516998884838,382,8352.062956481543,6,6901,23,65.4714254201188,Brute Force,CICIoT2023,1
2.7233029117900913,16,633.5133508574036,1,0,0,91.38189622668087,Spoofing,CICIoT2023,8
0.5683357360559909,5670,35948.37180490617,6,51965,80,745.0049721335859,DDoS,CICIoT2023,2
0.3404551475065547,1464,138142.7847696821,6,26119,80,1895.5976302539882,DDoS,CICIoT2023,2
2.503288342956301,32,359.41043298222985,6,29771,80,0.1744407933309361,Normal,CICIoT2023,5
4.5572289083704165,78,5535.340018576824,17,53371,80,1.1671763068455399,Normal,CICIoT2023,5
0.5082577566932355,6555,97991.26053415917,17,4116,80,1708.1484939499794,DDoS,CICIoT2023,2
22.4168068201825,33,908.181711588561,17,5950,443,1.050037007107788,Normal,CICIoT2023,5
1.0227488530816844,8108,888263.4109225579,17,17452,80,1006.2986988257284,DDoS,CICIoT2023,2
25.356948265618293,47,5229.195595190131,6,64355,443,0.8228988192048006,Normal,CICIoT2023,5
3.8072071498303472,890,2613.566524312562,6,15250,23,110.13289629503717,Brute Force,CICIoT2023,1
7.051454589625333,490,1521.116198154101,6,18719,23,149.24804055186854,Brute Force,CICIoT2023,1
0.24291228635620268,7781,393022.7631898696,17,27577,80,552.4088696089826,DoS,CICIoT2023,3
1.4847370559799087,6929,303968.76588612015,1,11398,80,675.9202217006675,DDoS,CICIoT2023,2
3.777997437644111,35,5485.569647955132,6,11092,80,2.0316800782339177,Normal,CICIoT2023,5
4.927355319944306,3,1139.6001882465741,1,0,0,50.17977296168939,Spoofing,CICIoT2023,8
0.9319703947910974,9151,425322.4333367971,17,15782,80,1901.6495581301622,DoS,CICIoT2023,3
18.5236637706736,5,791.5680187682997,6,27651,22,0.03266611700668129,Normal,CICIoT2023,5
8.365423823015817,656,6366.724447226341,6,62410,22,213.02326547041267,Brute Force,CICIoT2023,1
3.9265048462918437,8,583.4507134943143,1,0,0,87.90061448549831,Spoofing,CICIoT2023,8
1.9255833294172904,459,3394.404558208058,6,42801,21,290.9557902196184,Brute Force,CICIoT2023,1
0.21126941787638345,1194,574252.9664908359,6,19637,80,1404.7251801844204,DoS,CICIoT2023,3
1.0269733647112052,3077,247488.60433623294,6,63583,80,839.4086450047794,DDoS,CICIoT2023,2
1.041607916170077,6856,500855.0470250956,6,59765,80,828.0708333598088,DDoS,CICIoT2023,2
1.5394897077517746,769,2386.8110420073044,6,58552,23,61.24920530885609,Brute Force,CICIoT2023,1
3.697341169304067,3,405.34014413549784,1,0,0,63.47276764808118,Spoofing,CICIoT2023,8
8.949478634536938,77,3230.592567736234,6,26121,80,0.5984072929120996,Normal,CICIoT2023,5
1.423712056880835,64,7613.1402495389175,6,17019,443,0.7017607567778857,Normal,CICIoT2023,5
17.35182788723068,82,2636.5272638638485,6,15883,80,1.7202045828044397,Normal,CICIoT2023,5
2.8632058771025566,11,1582.3860422524895,1,0,0,85.58383169831396,Spoofing,CICIoT2023,8
2.147371121262216,723,24921.496157845497,6,21835,23,85.82036467566027,Brute Force,CICIoT2023,1
19.814200538763643,40,6588.4664776593545,6,12111,80,4.610459397808588,Normal,CICIoT2023,5
1.1903648802544975,8697,445175.43646131025,1,58847,80,1634.50140437433,DDoS,CICIoT2023,2
2.2779326414796666,73,5521.100550295199,17,56050,443,1.1681068035863968,Normal,CICIoT2023,5
1.3822291833087985,445,3908.6778801448468,6,8172,21,189.14460712553833,Brute Force,CICIoT2023,1
1.7793815345967454,16,198.35687861780133,1,0,0,84.83664998010012,Spoofing,CICIoT2023,8
4.600147956199634,3,766.2198397554671,1,0,0,90.48386064307726,Spoofing,CICIoT2023,8
0.9709053288856103,7911,766656.9501452845,1,46122,80,500.04607826807364,DDoS,CICIoT2023,2
1.0710841983621016,9976,414118.1902943156,17,17333,80,638.1481312993847,DDoS,CICIoT2023,2
26.333413781932197,17,15906.76784886862,6,64132,80,1.6108944205706182,Normal,CICIoT2023,5
26.09030865324262,99,2490.0102895405007,6,22340,22,0.5496610133267895,Normal,CICIoT2023,5
0.5653298486190449,13,203.2789707668261,1,0,0,25.920725574158553,Spoofing,CICIoT2023,8
4.937947177039775,12,1518.0260348042013,1,0,0,88.62566758634938,Spoofing,CICIoT2023,8
9.960120104416191,607,6232.746289300531,6,21374,23,169.1153178098499,Brute Force,CICIoT2023,1
3.864736852231126,755,11162.894002554693,6,8517,22,223.66344320254385,Brute Force,CICIoT2023,1
0.5533593075891615,6594,73667.8827545402,6,62739,80,1630.2081659893952,DDoS,CICIoT2023,2
1.3105605381328402,5085,2628532.6069750865,1,7852,80,1670.5217941102378,DoS,CICIoT2023,3
7.063315601879408,490,3348.3152327548073,6,44083,21,204.27648610716406,Brute Force,CICIoT2023,1
4.264800719465707,9,268.31984283982894,1,0,0,96.71319527268948,Spoofing,CICIoT2023,8
2.71508653161623,30,1869.6482252184376,6,34715,80,0.1799197817926106,Normal,CICIoT2023,5
0.09497010186539286,7578,450446.93404694163,1,56758,80,850.6111880551164,DDoS,CICIoT2023,2
16.23231016237582,31,13581.442411920041,17,30122,22,2.3379219498019843,Normal,CICIoT2023,5
3.2708073436271836,791,10582.854321454295,6,18651,22,294.257919136294,Brute Force,CICIoT2023,1
0.8217106182043553,4957,1130440.5427085473,1,21770,80,1861.603149766269,DDoS,CICIoT2023,2
86.1089414641828,16,6148.919511776899,17,32395,22,5.680086220762209,Normal,CICIoT2023,5
0.7992738095014678,4892,199732.8830616646,6,26892,80,1649.7909743324408,DoS,CICIoT2023,3
1.056140106629551,6599,715813.8618893652,17,14969,80,1118.4195917474983,DDoS,CICIoT2023,2
41.93832207301406,91,7903.59212428438,17,41499,22,6.968406749536393,Normal,CICIoT2023,5
8.118350812257013,58,3243.6192093526233,6,49315,443,0.35329061038668846,Normal,CICIoT2023,5
0.9905723049041731,1272,66213.43254956376,17,33181,80,1911.5723900575656,DoS,CICIoT2023,3
1.3102560575423225,1946,10093.27278460296,1,31278,80,1424.642266057805,DDoS,CICIoT2023,2
0.6915901532461334,9697,41707.59755536955,1,56536,80,1910.7559293191039,DoS,CICIoT2023,3
0.9766604253774851,2192,109541.5621777453,6,1414,80,1287.8876281723751,DDoS,CICIoT2023,2
0.6449228619572718,2,271.2363312440897,1,0,0,45.256820550605035,Spoofing,CICIoT2023,8
0.25236461450717285,1643,127121.79945018081,17,51459,80,1328.5492067258515,DDoS,CICIoT2023,2
0.8968923017519084,5386,71919.45821277707,1,52515,80,1310.4183397811316,DDoS,CICIoT2023,2
0.48847339469283957,15,321.183545408764,1,0,0,25.48774292073638,Spoofing,CICIoT2023,8
1.3193661821914426,9750,1029871.3671762372,1,32003,80,1421.6000111469857,DDoS,CICIoT2023,2
12.124458482584275,50,7135.2129726852445,6,16872,443,0.16716925216108433,Normal,CICIoT2023,5
10.717986837909795,16,8920.319954677121,17,49241,80,0.43431591299319866,Normal,CICIoT2023,5
1.0209518412893661,1441,2211095.8590715732,17,62188,80,1091.2040701739422,DoS,CICIoT2023,3
0.9089679523559319,3645,326985.25299374445,17,11870,80,1993.4567503922124,DDoS,CICIoT2023,2
0.025635525298517217,3080,90754.32349648772,17,51037,80,533.0992230234363,DoS,CICIoT2023,3
61.70156042394756,25,164.95625012789026,6,2208,22,0.2835411294480137,Normal,CICIoT2023,5
9.693411133732107,56,222.02801012863904,17,25873,22,0.41967406879614694,Normal,CICIoT2023,5
10.224232489181574,42,1318.8540500236045,6,64875,22,0.4385218762813592,Normal,CICIoT2023,5
9.728127494595725,86,1635.8321053568607,17,40540,443,0.4922469823151453,Normal,CICIoT2023,5
1.4037134603476047,4096,304741.9255341509,6,10806,80,871.0996205875186,DDoS,CICIoT2023,2
31.18150332881352,43,4745.480844909248,17,13490,22,1.301461165805582,Normal,CICIoT2023,5
0.04132144902206356,7559,881067.019815263,6,23081,80,925.0461033366773,DDoS,CICIoT2023,2
8.535134963996363,300,10981.783129283094,6,54030,21,160.45842620048865,Brute Force,CICIoT2023,1
3.675542298991705,87,6879.670433147544,6,16334,22,0.10500954137404687,Normal,CICIoT2023,5
0.6027122269843563,1588,1532622.0620029243,1,10119,80,905.9299920403951,DDoS,CICIoT2023,2
0.2993026748786626,5270,362303.0355778842,6,30146,80,606.7335183168647,DoS,CICIoT2023,3
13.795016131363736,81,26190.132557798694,6,54075,443,6.427329870575044,Normal,CICIoT2023,5
0.08255532411589535,3062,762114.0040903153,17,20904,80,1854.145681946763,DDoS,CICIoT2023,2
2.6720099349566078,13,93.31371426792876,1,0,0,95.13738008610393,Spoofing,CICIoT2023,8
8.579488389853429,418,803.2923979861894,6,48139,22,81.73610343874317,Brute Force,CICIoT2023,1
2.9735787784215084,82,1510.8030026485471,6,37654,22,2.3470573649757984,Normal,CICIoT2023,5
7.559076000309184,74,1538.0005550845108,6,59532,21,188.68295082058856,Brute Force,CICIoT2023,1
0.12436951221421964,2342,564989.8272229315,1,2103,80,1116.1832149994175,DDoS,CICIoT2023,2
11.08970359813858,88,4432.970336693901,17,18221,80,0.20722229139925516,Normal,CICIoT2023,5
1.4355134464951311,6911,199433.7969120374,17,28076,80,855.3859908450852,DDoS,CICIoT2023,2
1.8726910386888227,167,9611.02746422619,6,20305,23,196.92425457188648,Brute Force,CICIoT2023,1
0.1774230781039886,5270,1288314.8745537638,1,40908,80,920.9012198568739,DDoS,CICIoT2023,2
7.4603096615736915,79,9381.651362026823,6,39220,443,4.147831022890391,Normal,CICIoT2023,5
1.247627913043369,5658,682927.3835578646,17,62102,80,525.0137202347587,DDoS,CICIoT2023,2
4.24947507711793,80,6662.810147679964,17,43963,22,0.9308131127645051,Normal,CICIoT2023,5
12.068538766967187,56,10165.392812131746,6,57380,443,4.4170614654733695,Normal,CICIoT2023,5
16.845154906246776,44,4076.8787522507832,6,17021,22,1.6812177560088604,Normal,CICIoT2023,5
1.9150049686209374,32,5726.671492511433,17,9900,443,0.022280753594573193,Normal,CICIoT2023,5
20.649639191393042,90,10684.74088672749,17,29780,80,1.0521666949604789,Normal,CICIoT2023,5
7.563097304683357,68,6662.982512668641,6,38806,443,5.582803184909947,Normal,CICIoT2023,5
0.5312830324294732,4534,98045.20582092211,6,32358,80,1330.2076643147748,DDoS,CICIoT2023,2
13.669563886197704,86,458.30482262487425,6,30375,22,0.8764886141589814,Normal,CICIoT2023,5
23.726421764896816,88,6108.867227658617,6,30344,80,1.6758416643098868,Normal,CICIoT2023,5
4.001593686336297,9,1883.7706026463973,1,0,0,53.93599077797326,Spoofing,CICIoT2023,8
0.20844136724460988,7772,41431.94697208307,6,52161,80,932.2767889392942,DDoS,CICIoT2023,2
0.01963189310666872,3181,1203065.3651651954,6,20005,80,636.9632038170054,DoS,CICIoT2023,3
6.756059233622032,70,14291.441185867116,6,58228,22,0.12567073526675226,Normal,CICIoT2023,5
1.471290097060316,68,4098.449535949601,6,40279,80,0.5850214790720784,Normal,CICIoT2023,5
16.411959436456023,29,214.11492965000411,17,28797,22,1.7739184624100641,Normal,CICIoT2023,5
6.698664110196137,97,8407.89704168021,6,57368,443,4.8846478097401205,Normal,CICIoT2023,5
13.733791346422096,23,999.3459110398885,17,25323,22,0.9713965414833868,Normal,CICIoT2023,5
9.590387236494601,49,4533.558065018187,17,41029,80,0.17018990307420442,Normal,CICIoT2023,5
2.378246794795226,14,3749.859810873943,17,58641,80,3.341202926503655,Normal,CICIoT2023,5
1.2093866884635645,67,10056.416925936053,6,47240,443,5.398763929908591,Normal,CICIoT2023,5
0.04000539493444184,8778,417550.03384123364,6,31990,80,1493.8518766081777,DDoS,CICIoT2023,2
25.731869474375646,6,8566.245958105947,17,6057,80,2.547056388928972,Normal,CICIoT2023,5
6.07876237068051,12,5187.311068978864,6,8557,80,0.2961411161681998,Normal,CICIoT2023,5
0.011384831136241984,8465,989894.1551541255,6,53515,80,1034.8569889262285,DDoS,CICIoT2023,2
1.3684715566000358,9264,723569.7299578956,17,60149,80,1116.0239495154242,DoS,CICIoT2023,3
4.5299553470243765,44,8241.963014951298,6,18582,80,0.7230463370161655,Normal,CICIoT2023,5
1.1750174603653658,5086,92066.68733801357,1,8625,80,992.8372248286977,DoS,CICIoT2023,3
0.09115441057658799,5588,566927.2200237665,6,31353,80,1362.590860188222,DDoS,CICIoT2023,2
4.475536611280751,74,2386.1194515170478,6,30289,22,2.072506771473119,Normal,CICIoT2023,5
3.7515522391850897,16,5089.654532587831,1,0,0,83.08698499078112,Spoofing,CICIoT2023,8
8.42690234133668,64,13914.231885938641,6,32694,21,261.53105263255793,Brute Force,CICIoT2023,1
4.028316994047419,11,229.51194070392032,6,33752,22,0.622352567980353,Normal,CICIoT2023,5
26.100906984934543,86,2005.8820690720643,17,24146,443,1.578979332577062,Normal,CICIoT2023,5
4.638405489233291,8,3893.0538015922225,1,0,0,78.81858553463861,Spoofing,CICIoT2023,8
0.2285757198826205,1913,1460429.8636628971,6,20605,80,997.4252736617509,DoS,CICIoT2023,3
11.41459730736841,28,1415.1419588097615,6,16498,443,0.748119067077543,Normal,CICIoT2023,5
25.322356083682045,42,125.76440451165524,6,41561,80,2.295516444010229,Normal,CICIoT2023,5
5.030409420221746,63,8455.136855348374,17,53359,443,3.911002356289164,Normal,CICIoT2023,5
0.2062134861199485,4968,465452.6134443298,17,46787,80,1437.4696225640528,DDoS,CICIoT2023,2
0.9611423603564433,7380,37563.36447784561,1,64512,80,1213.2135728491005,DDoS,CICIoT2023,2
29.366871876223076,48,1181.6778488047164,6,5962,443,1.5921751724957949,Normal,CICIoT2023,5
0.2919017306616288,6603,441171.1987830799,1,17790,80,1215.8001191269418,DDoS,CICIoT2023,2
1.1916639122722772,7146,627884.5313685549,17,9826,80,1758.2807928561033,DoS,CICIoT2023,3
17.67605475253659,65,2354.793428156551,6,53115,22,1.8935438480642213,Normal,CICIoT2023,5
6.485756884757423,83,467.78040422709995,6,40206,443,1.9959561279710363,Normal,CICIoT2023,5
0.4131332921671072,5482,506624.1521752497,6,39272,80,698.4319214765574,DoS,CICIoT2023,3
4.890190805690712,18,500.81694871022495,1,0,0,15.05458089129818,Spoofing,CICIoT2023,8
0.3909022497550887,8265,101636.85168162656,1,6620,80,549.9019567540377,DDoS,CICIoT2023,2
0.191613242973083,5645,42605.32506041121,1,15669,80,1211.0093989226675,DDoS,CICIoT2023,2
10.002138868994988,93,4623.866194801905,6,38227,80,1.0576711520609996,Normal,CICIoT2023,5
1.2282588336736844,8951,969486.7521824201,6,10154,80,1187.0429248758028,DDoS,CICIoT2023,2
0.39240433870728275,5225,1345551.1906863675,1,35297,80,1619.5443264698622,DDoS,CICIoT2023,2
6.600162447495759,93,2956.9693369842635,17,48575,22,0.11257508333606396,Normal,CICIoT2023,5
4.4269043969659405,73,10005.267519503554,17,58632,22,4.9302442276056935,Normal,CICIoT2023,5
28.856898481256376,26,8736.270409425431,6,10661,22,0.1399969312954665,Normal,CICIoT2023,5
20.311902629218295,69,1418.7945788540517,6,1239,80,0.8579749268688033,Normal,CICIoT2023,5
8.045853211484577,36,6306.659597106521,17,34920,22,0.07247800582298397,Normal,CICIoT2023,5
78.58929319587102,84,1423.9742292072917,17,44905,80,0.9945388335703133,Normal,CICIoT2023,5
25.32279286499885,81,6817.926044277113,6,17702,80,1.422190862436618,Normal,CICIoT2023,5
30.64739307307099,27,5667.42789264141,17,3833,443,1.2350911640267435,Normal,CICIoT2023,5
4.945318652387949,19,8669.667168640786,1,0,0,77.9112425085163,Spoofing,CICIoT2023,8
0.3804212780738264,1192,1097987.3517353,6,9267,80,1794.3835902664835,DDoS,CICIoT2023,2
0.4079417611099353,3521,222002.64949748575,1,63918,80,1105.2214535404994,DoS,CICIoT2023,3
0.35978408837020726,4199,1182409.0025400121,1,13221,80,1987.8337939212377,DoS,CICIoT2023,3
1.4275813243488682,4440,143004.2329500564,1,62406,80,780.6864056157526,DDoS,CICIoT2023,2
13.163751228244944,59,1367.5279142307804,17,23837,80,4.173414546591069,Normal,CICIoT2023,5
1.358895508525668,7568,395058.7307907128,6,14878,80,1008.9842534835666,DDoS,CICIoT2023,2
1.0662596780322409,9313,186958.09153208518,17,28118,80,746.4302649086139,DDoS,CICIoT2023,2
1.1769105320763087,2301,642804.7759575475,1,25490,80,989.4232273534196,DoS,CICIoT2023,3
0.04092946786470667,2916,31839.91528044195,6,61916,80,677.9909217118081,DDoS,CICIoT2023,2
3.828894936770092,5,1518.192407260406,6,43535,22,3.847515031146406,Normal,CICIoT2023,5
1.1997563961456168,84,713.993835996485,17,50761,22,0.02897129643735217,Normal,CICIoT2023,5
25.36684956303747,11,1210.8431699845903,6,3179,22,4.214297541264285,Normal,CICIoT2023,5
1.429250016630052,6325,403240.5144174518,1,54879,80,1536.869995678984,DDoS,CICIoT2023,2
0.25967414356371465,9316,306380.4368907872,17,6293,80,1609.203849858091,DDoS,CICIoT2023,2
16.557157792418337,58,729.0771132880991,17,59589,22,0.9475837569686868,Normal,CICIoT2023,5
4.721648772609632,328,30122.409940177746,6,56780,21,115.22964491254201,Brute Force,CICIoT2023,1
1.4547277489674635,8264,32028.25002621114,6,26166,80,1088.3266901503102,DDoS,CICIoT2023,2
45.28425897870731,65,3602.7587273492263,17,41568,22,1.9364387417265525,Normal,CICIoT2023,5
10.743907035306517,33,2197.245267582794,6,48706,22,2.0062217176305395,Normal,CICIoT2023,5
9.975261094949024,45,12583.71883853331,6,57657,22,3.303315633987162,Normal,CICIoT2023,5
2.0730351541064485,5,4226.127173902871,17,43743,443,0.8799819717647553,Normal,CICIoT2023,5
3.411456148910582,34,8520.37414028252,17,8123,80,1.1102431223766671,Normal,CICIoT2023,5
52.510221620655805,46,4255.1014134858715,17,37943,80,1.4934441238611726,Normal,CICIoT2023,5
22.363735501990146,32,1241.331131411435,17,44218,443,1.2792713790956327,Normal,CICIoT2023,5
8.12764312579719,75,2764.56718123107,6,8406,443,0.15004405124275433,Normal,CICIoT2023,5
2.921350727594617,12,114.70926201078474,1,0,0,64.88314853933053,Spoofing,CICIoT2023,8
5.132425872084296,42,1229.1695806695325,17,33191,443,0.7075788948270115,Normal,CICIoT2023,5
0.14374165583463414,5920,13032.70029619367,6,27643,80,684.8711871988271,DDoS,CICIoT2023,2
0.46844184332214334,5212,432461.4148077224,17,62631,80,1572.0435128536012,DDoS,CICIoT2023,2
3.16197489887547,963,21583.0058932729,6,33943,23,183.63980478907717,Brute Force,CICIoT2023,1
4.262231620464424,88,12513.893644023843,17,2576,80,4.418856674756886,Normal,CICIoT2023,5
2.830927192956293,8,15289.28043359221,17,57719,22,4.255502339802167,Normal,CICIoT2023,5
1.4464531751453449,128,6915.463562458473,6,49115,22,268.1564713714741,Brute Force,CICIoT2023,1
0.5268355183610268,15,6516.831249001762,1,0,0,50.03671895447867,Spoofing,CICIoT2023,8
2.496337162201488,3,4983.151884114559,1,0,0,59.82026793961222,Spoofing,CICIoT2023,8
6.333676129608937,80,8451.428752002452,6,59010,22,3.1822204251581794,Normal,CICIoT2023,5
27.84079960788995,76,7997.821368013676,6,21109,22,0.8286695503048301,Normal,CICIoT2023,5
0.8214472185790166,2212,692902.995342612,6,40496,80,530.0348445982814,DoS,CICIoT2023,3
1.5625624735936974,193,5984.7426882377595,6,4252,21,139.24560736716597,Brute Force,CICIoT2023,1
0.9557687702450041,3713,124118.49327172885,1,41120,80,1622.9130628727485,DDoS,CICIoT2023,2
0.7290758411356658,6694,66094.99480850142,6,45977,80,1935.7022488096943,DDoS,CICIoT2023,2
9.355793564645854,34,1881.0087355807,17,42539,80,2.4570700821866014,Normal,CICIoT2023,5
0.38573758746833964,8067,289976.6771776261,17,28393,80,1965.925734765394,DoS,CICIoT2023,3
5.163079277716436,27,2552.625037393776,17,6523,443,0.33245040221713373,Normal,CICIoT2023,5
20.535720741694917,7,3489.9364087680824,17,8513,443,1.704582587156467,Normal,CICIoT2023,5
0.5190452579089967,2532,372501.1562842383,6,55487,80,767.6241448452437,DDoS,CICIoT2023,2
0.17115097171430155,5275,855718.3384991585,17,16756,80,1090.4532804161631,DDoS,CICIoT2023,2
10.620726256878168,52,4484.380106701943,17,24730,80,0.18452540431865655,Normal,CICIoT2023,5
23.4952007011907,63,5803.181491635385,6,13503,22,0.3618445317094126,Normal,CICIoT2023,5
1.0628401522013844,4364,73409.29321918683,1,64604,80,929.7106066168755,DDoS,CICIoT2023,2
11.949569072781792,76,2043.5380271816011,6,21925,443,2.198789874467311,Normal,CICIoT2023,5
0.6587405218656296,8670,645136.7952496542,17,1387,80,639.0722162154049,DDoS,CICIoT2023,2
12.396449872336218,14,6574.684487511171,6,26562,443,3.338078662038292,Normal,CICIoT2023,5
0.7285882601214999,5611,105937.43309108281,17,31849,80,1567.6669174864242,DDoS,CICIoT2023,2
1.3485493599998213,3244,76255.88072043241,6,9545,80,1387.5754533386007,DDoS,CICIoT2023,2
4.198332146166141,55,3439.4639404205423,6,28542,80,1.0481243787316288,Normal,CICIoT2023,5
5.919986219423326,57,6609.991395644065,6,60627,80,0.974067042461406,Normal,CICIoT2023,5
11.599134503321165,58,7030.545527452029,17,21140,443,0.14453809136601722,Normal,CICIoT2023,5
34.580741967417474,91,3589.510536359083,6,46489,443,3.6208523859514683,Normal,CICIoT2023,5
8.76240659708471,135,4099.602877117508,6,16758,23,53.000756818170636,Brute Force,CICIoT2023,1
13.071739327347979,42,3418.116530797595,17,49271,80,1.4596656140496989,Normal,CICIoT2023,5
3.109512597163156,8,1321.3525659769437,1,0,0,48.623454276248964,Spoofing,CICIoT2023,8
2.1677341685182343,61,3151.552402200155,17,56111,443,0.4337223325187647,Normal,CICIoT2023,5
0.7623180623627075,8347,247402.8010432798,17,45849,80,1199.3799222917532,DoS,CICIoT2023,3
1.1899840782160085,7200,37092.92223847981,17,42326,80,676.9587254420924,DoS,CICIoT2023,3
0.077275532974315,7401,162182.48160799046,6,52452,80,559.8837988456269,DDoS,CICIoT2023,2
0.6791269860609651,8164,433040.8628003247,17,41725,80,973.2997709947033,DDoS,CICIoT2023,2
0.16886919221553084,1308,62399.59709907937,6,50314,80,1802.8355423741912,DDoS,CICIoT2023,2
13.473725163129773,37,4691.365343776415,17,55896,443,1.9926733217074548,Normal,CICIoT2023,5
5.100845944958897,324,2249.751289458466,6,47354,23,92.43980034820663,Brute Force,CICIoT2023,1
0.5686394105162081,3,115.73348309165334,1,0,0,53.707086857200636,Spoofing,CICIoT2023,8
9.215207203670756,54,1798.4375751505258,6,28853,22,129.3472125069713,Brute Force,CICIoT2023,1
4.733058157006824,62,3715.3748500393162,17,61313,22,2.720747826377389,Normal,CICIoT2023,5
0.8039122857280775,6092,260512.0354671746,17,53335,80,1018.788286962904,DoS,CICIoT2023,3
1.3169365617297115,303,14539.190822571562,6,60959,21,269.95943698536695,Brute Force,CICIoT2023,1
16.690992946421375,78,6451.17594643473,6,6836,443,0.7412339713489893,Normal,CICIoT2023,5
4.3808463619453315,11,7243.923467867238,17,12642,22,1.9642097881901073,Normal,CICIoT2023,5
0.24073778537744372,7154,605026.6770314336,6,21924,80,1993.2664520237995,DoS,CICIoT2023,3
0.6809124475579702,6356,90059.9248605534,1,43494,80,813.6460468844214,DDoS,CICIoT2023,2
0.7387303372120012,17,836.6927393494768,1,0,0,98.72232935052745,Spoofing,CICIoT2023,8
28.358868848929315,35,206.1649495164864,6,15659,443,3.392773963111159,Normal,CICIoT2023,5
1.3290059292742722,8688,396488.3160965252,17,20211,80,1081.9591315968296,DoS,CICIoT2023,3
27.541092473526366,73,18953.820947164164,17,19276,22,5.671803263285601,Normal,CICIoT2023,5
17.933779328778947,82,622.5243874065816,17,36675,80,0.8074508107230448,Normal,CICIoT2023,5
19.100067524652506,76,12963.108010757363,6,62025,22,3.1989557099814614,Normal,CICIoT2023,5
3.718875661645121,6,1018.7403683476701,1,0,0,31.803144182629065,Spoofing,CICIoT2023,8
0.31319711188741567,4985,34066.253263454084,6,54486,80,1065.802673686458,DoS,CICIoT2023,3
1.2047418509946808,1572,960243.5848428999,1,37794,80,1313.8599904489333,DDoS,CICIoT2023,2
16.901843654661494,82,2602.356588495185,6,57598,80,0.5555803884831002,Normal,CICIoT2023,5
1.5292979085357719,17,120.47261731786105,1,0,0,36.99364577257596,Spoofing,CICIoT2023,8
10.645615807407342,43,5549.393765665625,6,19823,22,0.11820922307277382,Normal,CICIoT2023,5
2.9582055161026024,11,2241.9481242150578,1,0,0,11.49944241197944,Spoofing,CICIoT2023,8
0.5150277152691886,2173,50324.723322077996,1,47048,80,1377.945242501467,DDoS,CICIoT2023,2
5.444043145833862,53,5983.735941515056,6,3453,22,1.418344566368064,Normal,CICIoT2023,5
1.1279928559717345,3607,282998.9589780929,17,37814,80,1864.895237239578,DDoS,CICIoT2023,2
19.94851249242332,84,3941.028335037426,6,8078,22,1.2208797017852966,Normal,CICIoT2023,5
0.7179114637484347,4491,717198.0908807659,6,8021,80,1795.4615786257343,DoS,CICIoT2023,3
1.4952456792148523,6755,45615.852056629985,1,22996,80,1125.7464184635533,DDoS,CICIoT2023,2
32.525234236594265,35,1346.8767429154718,17,46004,22,3.459857089968417,Normal,CICIoT2023,5
1.6257715054736634,16,1397.3254931734332,1,0,0,85.55079107885958,Spoofing,CICIoT2023,8
16.783083936155492,49,1170.1534770501978,17,28067,22,1.2759032077210986,Normal,CICIoT2023,5
0.34894758950337457,7571,49143.73436937103,1,58913,80,1730.8169716189807,DDoS,CICIoT2023,2
1.0642787359142054,91,3993.298901184419,6,29926,22,162.55907166815433,Brute Force,CICIoT2023,1
0.38957557393171105,9154,2068650.5250561608,1,24980,80,645.0418396813507,DDoS,CICIoT2023,2
20.118973408148094,82,1118.55175627672,6,21552,80,0.09640327163848132,Normal,CICIoT2023,5
1.1750324533127305,623,6305.86769538705,6,4540,23,164.26491481644408,Brute Force,CICIoT2023,1
0.44248010700506885,6111,1128888.118831853,6,4650,80,1303.3137096466974,DDoS,CICIoT2023,2
10.722130920163305,14,3663.2450636959206,6,55168,22,0.8183932169327452,Normal,CICIoT2023,5
15.3203971055238,84,16458.548756225144,6,4467,443,0.6533845183763852,Normal,CICIoT2023,5
1.4387190910537109,2812,443547.4393463496,17,47160,80,918.5124355216949,DoS,CICIoT2023,3
0.6134031951905208,2410,869045.7814904072,1,30440,80,1171.327782659093,DDoS,CICIoT2023,2
1.0977025644104836,5332,367144.686309625,1,39891,80,974.6856963116243,DDoS,CICIoT2023,2
0.526138399254072,17,5790.231726990648,1,0,0,40.13904611232865,Spoofing,CICIoT2023,8
0.8605723650553547,3248,13101.510830969832,17,11538,80,1922.5543291833785,DoS,CICIoT2023,3
2.4365288893951274,67,4810.556266704307,6,16147,80,0.02859674141901827,Normal,CICIoT2023,5
5.468653003327386,67,5929.186661132988,6,27152,80,10.7727733369941,Normal,CICIoT2023,5
6.084866280943199,75,3910.5954169723277,17,40359,80,0.11463721217236669,Normal,CICIoT2023,5
0.20254346215309657,8837,354909.39120805054,6,52168,80,907.4962870454833,DoS,CICIoT2023,3
2.6431444743644508,73,3719.7541789296138,6,18130,443,0.927164461547369,Normal,CICIoT2023,5
1.160506521147599,6398,252673.01307151667,1,59679,80,1147.710642661666,DDoS,CICIoT2023,2
1.1748519406338023,1919,214618.72249564683,1,51925,80,1694.9673035227072,DoS,CICIoT2023,3
1.7561095973021972,2,415.28970095637965,1,0,0,77.55386110697138,Spoofing,CICIoT2023,8
5.0377457094746285,63,1125.344742569378,6,3963,443,1.1794411996740766,Normal,CICIoT2023,5
4.838145721629745,19,2124.636668130308,1,0,0,88.52679566464262,Spoofing,CICIoT2023,8
5.198636615643094,76,4474.613519645214,17,22689,22,0.9845587238754536,Normal,CICIoT2023,5
0.7439206759908155,10,4035.717504517641,1,0,0,31.9595772117225,Spoofing,CICIoT2023,8
52.048393967604476,39,4096.443103508036,17,62171,443,4.518203510760624,Normal,CICIoT2023,5
51.99797345046865,29,11091.674522600026,17,7402,443,2.328025282892511,Normal,CICIoT2023,5
0.41747702790871993,1403,140889.71380282665,1,37955,80,1732.6286254780855,DoS,CICIoT2023,3
3.2443714170090443,11,1996.3063511938428,17,15977,80,2.483765360862427,Normal,CICIoT2023,5
1.1022962546496213,16,3708.576152684909,17,46665,22,1.7186160083681676,Normal,CICIoT2023,5
1.4751777449371977,6315,269687.74713895645,6,51678,80,1774.9197439177826,DoS,CICIoT2023,3
0.5775266403107473,1118,13898.479798827346,17,53733,80,1979.7311023575944,DoS,CICIoT2023,3
0.42461881461996676,9609,931385.372880897,17,21829,80,1765.7192954874592,DDoS,CICIoT2023,2
0.69589028545772,7082,1398907.5780215953,17,62537,80,678.5319567397116,DoS,CICIoT2023,3
0.11270253842062644,9879,134288.4176284832,6,6519,80,1816.5382682417724,DDoS,CICIoT2023,2
2.407508451916978,92,1463.97893255261,17,58066,80,2.563230123011592,Normal,CICIoT2023,5
1.1112903539541732,81,2383.8884321159912,17,4581,22,1.0837583575833727,Normal,CICIoT2023,5
9.815481729638224,44,6404.59089183233,6,43486,80,3.0077060345126205,Normal,CICIoT2023,5
8.724906449909723,895,126.76408513202976,6,64773,22,95.7161316887181,Brute Force,CICIoT2023,1
0.3562820288594756,2872,614602.0076459111,6,33356,80,1113.773881187733,DDoS,CICIoT2023,2
0.5007751112600928,3581,191270.79955787558,1,59202,80,940.8751407574007,DDoS,CICIoT2023,2
0.6750262763799763,9919,1212550.8654468523,1,12838,80,578.8615967165047,DDoS,CICIoT2023,2
1.9397383254830622,542,9407.932524898304,6,59511,23,89.09053541121877,Brute Force,CICIoT2023,1
21.90269510971716,84,4311.693452020968,6,38146,80,1.4607833335383975,Normal,CICIoT2023,5
1.086101987023733,3164,431177.5299029261,17,55411,80,1278.121770672064,DDoS,CICIoT2023,2
0.08623660460375909,8754,308253.6321378037,6,38977,80,1894.4744115519925,DDoS,CICIoT2023,2
0.19567394466070778,3785,159275.559000476,6,40331,80,699.9263871232597,DDoS,CICIoT2023,2
40.41345843930412,15,992.965348424824,6,55386,443,2.9911228121820077,Normal,CICIoT2023,5
4.058990907734193,16,2065.132067970618,1,0,0,85.08923161744588,Spoofing,CICIoT2023,8
6.1961806109770095,101,3086.4370443136618,6,47729,21,112.95169151272037,Brute Force,CICIoT2023,1
1.2373821180466926,8645,355760.70235831896,17,31310,80,700.1245032848107,DDoS,CICIoT2023,2
1.0405486689402441,9273,134440.59129417688,17,57701,80,718.2732241810387,DoS,CICIoT2023,3
8.894148057086515,399,10994.188665362517,6,37327,21,277.6662488459721,Brute Force,CICIoT2023,1
0.6591513785222126,3790,890671.0110388966,6,31578,80,973.6151037260556,DoS,CICIoT2023,3
15.573830145619459,30,1588.5220872054833,17,59950,80,0.28666535601071086,Normal,CICIoT2023,5
0.5861777104813184,7881,1754865.1298749808,17,48687,80,668.7546957899476,DDoS,CICIoT2023,2
1.1065214054971837,9540,986692.7786326371,17,19634,80,1155.1367267706125,DDoS,CICIoT2023,2
0.7013606380126751,7207,471774.6087871327,1,7264,80,1997.2998614984265,DDoS,CICIoT2023,2
0.12169046477031946,8718,1843349.8397554022,17,37953,80,597.9151363496958,DoS,CICIoT2023,3
8.396553904776123,387,21146.49850480982,6,26046,21,184.79776987840825,Brute Force,CICIoT2023,1
3.2958408954914145,946,24283.588771318344,6,57829,21,103.1660716278357,Brute Force,CICIoT2023,1
0.1545571451732633,4007,881585.5745504522,6,64769,80,1195.4331115151747,DDoS,CICIoT2023,2
24.00600514082775,35,5223.363810539972,17,48803,443,5.36122980661829,Normal,CICIoT2023,5
4.044078705855563,738,39656.80263064023,6,29060,23,254.22257237604208,Brute Force,CICIoT2023,1
3.772773264683318,7,733.2516459013725,1,0,0,15.138490411714933,Spoofing,CICIoT2023,8
7.302250061720437,19,5428.450673998246,6,4751,80,0.3009304948411364,Normal,CICIoT2023,5
7.441623337697158,574,5960.890027945429,6,61750,21,69.24229575200434,Brute Force,CICIoT2023,1
3.3867486246708753,7,1390.4596434430005,1,0,0,61.54844796595781,Spoofing,CICIoT2023,8
0.2144684484591379,6336,1058275.40771773,6,13940,80,1507.4903464968481,DDoS,CICIoT2023,2
0.5075146825745653,9391,1220236.8874451595,1,24404,80,1640.0523527047608,DDoS,CICIoT2023,2
1.7499328761835193,62,4753.897577534949,17,14584,80,1.5814157703046228,Normal,CICIoT2023,5
2.4369829928196785,30,7094.241104104047,17,25167,80,0.40729138103834867,Normal,CICIoT2023,5
1.8803729233047926,27,2625.7966577057273,6,51023,443,0.10049220150150044,Normal,CICIoT2023,5
2.906574355766035,15,12776.44324599499,1,0,0,58.72263745565188,Spoofing,CICIoT2023,8
6.012349964289004,95,1702.492714337647,17,18972,22,0.6032999656296327,Normal,CICIoT2023,5
28.339433400536837,76,6867.860683394994,6,7721,22,2.3386090671463475,Normal,CICIoT2023,5
6.006894240657667,62,795.4886422232121,6,32840,80,1.9338414109918147,Normal,CICIoT2023,5
0.12534321245727836,1947,220264.73082199148,6,1090,80,1403.384453565886,DDoS,CICIoT2023,2
3.900923420224824,614,15207.957726536277,6,65017,23,258.6145632140242,Brute Force,CICIoT2023,1
1.867835999198947,41,3538.104344142785,17,10607,80,0.038707946463890086,Normal,CICIoT2023,5
9.484227223357074,98,1278.092996711087,6,5165,22,0.38690321349110857,Normal,CICIoT2023,5
0.36072106022855277,6611,34636.598861064915,6,60864,80,521.9706909087301,DoS,CICIoT2023,3
1.3825043814694542,2559,357193.50675156346,1,35792,80,880.0690982440017,DDoS,CICIoT2023,2
34.81786494471165,19,5851.045226909061,6,28352,22,1.360093535484893,Normal,CICIoT2023,5
1.3683330414256285,6956,269993.4605720818,17,18506,80,938.3734351090818,DDoS,CICIoT2023,2
6.239474100673749,54,4257.382682724594,6,47142,22,0.5994056798948,Normal,CICIoT2023,5
32.648081183047125,37,646.1458554704888,6,40961,80,1.9021949779497471,Normal,CICIoT2023,5
0.34239863844817253,9867,115501.23349460035,6,53248,80,1203.5896165851786,DDoS,CICIoT2023,2
0.11584575789097844,8965,58816.01169356458,6,54710,80,656.9906605197217,DDoS,CICIoT2023,2
4.8064918936740195,626,1134.177707885028,6,21810,23,163.09168980164256,Brute Force,CICIoT2023,1
20.843757481396427,57,4037.0945577947923,17,44323,80,0.36048909499035947,Normal,CICIoT2023,5
0.1956764441517959,6009,395311.9048558483,6,47715,80,1524.006728694139,DDoS,CICIoT2023,2
0.9468136824393895,2308,29893.77568452158,6,63248,80,1836.4608270360557,DDoS,CICIoT2023,2
13.642023805018582,77,2865.0425590291975,6,50276,443,2.3538676113039734,Normal,CICIoT2023,5
1.0146974248130367,8226,588626.9144370654,17,12134,80,697.710244845019,DoS,CICIoT2023,3
33.71118701910804,6,666.0066186709764,6,47226,80,3.3977090776194045,Normal,CICIoT2023,5
5.035118234721702,590,5623.6935669807035,6,25334,21,193.35795633891527,Brute Force,CICIoT2023,1
2.552848427397323,36,14230.020004597473,6,63556,80,0.5471173221726975,Normal,CICIoT2023,5
0.939928995868025,5067,44827.58801762422,6,33341,80,1868.3123551722883,DDoS,CICIoT2023,2
16.043206030836977,82,2250.2451670158175,17,54903,443,0.05704897758885169,Normal,CICIoT2023,5
4.377892111957124,131,6120.1672715705645,6,37808,21,108.75782470297966,Brute Force,CICIoT2023,1
0.981898858099485,5157,105556.57756242489,17,27052,80,1369.3950911190109,DDoS,CICIoT2023,2
1.3697814900558345,7713,13533.91650750153,6,24549,80,615.193526430101,DDoS,CICIoT2023,2
9.009009447396615,96,1451.159975713045,17,30507,443,3.170566816286065,Normal,CICIoT2023,5
0.2122613211188526,5652,1677048.4262668802,6,22082,80,650.2324962601504,DoS,CICIoT2023,3
5.755995886046184,7,1239.2448086348104,6,13085,80,0.8377862984632986,Normal,CICIoT2023,5
4.908778337782272,15,1445.4065418453233,1,0,0,73.80678404113996,Spoofing,CICIoT2023,8
36.48302174375813,39,8697.631525189314,6,31361,80,0.3100853705856428,Normal,CICIoT2023,5
17.091952756503247,35,4446.661025577769,17,44383,443,0.7302635281093861,Normal,CICIoT2023,5
10.899593120350508,48,4822.69907221017,17,59050,22,0.8963780044862875,Normal,CICIoT2023,5
0.9595802132416557,2790,234348.27319387614,1,37698,80,1994.336739566958,DDoS,CICIoT2023,2
0.7170550083074367,7269,989257.8558220752,17,18218,80,1085.4433208191558,DDoS,CICIoT2023,2
34.24909514269222,80,2746.157829381812,17,11786,22,4.8207115764194945,Normal,CICIoT2023,5
0.24007947873342736,3147,59114.89265562232,17,54827,80,1810.301396367822,DoS,CICIoT2023,3
0.3623476192356549,4697,221762.01060263164,6,38779,80,1432.971185140811,DDoS,CICIoT2023,2
1.3241435771595051,3926,1616269.4908427012,6,10514,80,1110.1606228580079,DDoS,CICIoT2023,2
1.1459182084236874,5423,595254.9061835951,1,63015,80,1448.180182873477,DDoS,CICIoT2023,2
0.6585861590395748,9113,13745.564495861901,1,25275,80,1577.1022418012913,DDoS,CICIoT2023,2
0.6696136159314794,8776,142646.60167008056,1,62086,80,1382.6468606801784,DDoS,CICIoT2023,2
4.550331234933396,9,3000.7028132088913,6,61380,80,1.0744342792842403,Normal,CICIoT2023,5
5.4821651321918425,17,248.01896156524043,6,48918,80,1.3384714836882259,Normal,CICIoT2023,5
1.1008566928883425,17,2421.877801899885,1,0,0,55.66507885766414,Spoofing,CICIoT2023,8
4.9735353095305745,802,8343.692995187888,6,35184,23,250.20452496493758,Brute Force,CICIoT2023,1
9.99840680275655,92,4608.6905771031625,6,51271,443,0.17041821835462656,Normal,CICIoT2023,5
4.683232127256973,62,12416.243420641002,17,16629,443,1.3342892407147766,Normal,CICIoT2023,5
1.4029906393662177,4981,401470.78908727056,1,51119,80,1063.7318285119113,DDoS,CICIoT2023,2
0.15772770729365967,7376,110221.22968094246,1,50426,80,576.2038845334134,DDoS,CICIoT2023,2
10.475154562898073,29,13158.161122364978,6,2233,443,0.26758862723614296,Normal,CICIoT2023,5
8.22031020782208,63,5589.172526523907,17,59071,80,2.50981960914047,Normal,CICIoT2023,5
0.6504685579173015,1328,106055.65292785413,6,46914,80,868.1816938083957,DoS,CICIoT2023,3
1.0791664601463182,1964,1813081.5525500153,1,19484,80,1838.7036409280174,DoS,CICIoT2023,3
2.228350247057242,6,224.89678550824505,17,32687,22,1.5241730889229383,Normal,CICIoT2023,5
83.79811678209485,62,1291.8014384206751,6,48623,443,0.08489631591574437,Normal,CICIoT2023,5
4.475154287383836,47,2379.423799547669,6,14527,22,0.8265113904347378,Normal,CICIoT2023,5
0.02056680103381277,2906,272071.8065366368,6,59586,80,1475.1698351288205,DoS,CICIoT2023,3
21.32324080955486,52,329.48968102495337,6,57845,443,4.585744484624299,Normal,CICIoT2023,5
15.662271823117468,25,8428.327133928746,6,38170,443,0.30002396909303936,Normal,CICIoT2023,5
0.7851456211509978,1555,340705.34120651934,6,2064,80,1861.6418654752679,DoS,CICIoT2023,3
2.372140423372395,7,8830.15111074391,17,6081,443,3.270734468603796,Normal,CICIoT2023,5
1.2766977746807049,1392,1424061.4349712362,6,42594,80,1351.1648120348443,DoS,CICIoT2023,3
8.098317085259197,35,4387.662442969723,17,6820,22,6.456174975624967,Normal,CICIoT2023,5
1.6841907247432686,91,1590.5377347459462,17,42600,22,5.384360118891466,Normal,CICIoT2023,5
17.446841696913914,25,2190.279506253151,17,34732,80,1.2307543316310425,Normal,CICIoT2023,5
0.7534622368889816,5133,560304.9157159873,6,4481,80,1648.315054533804,DoS,CICIoT2023,3
1.1299406467223474,10,323.5834143911819,1,0,0,68.34312586700398,Spoofing,CICIoT2023,8
0.9446931743153145,14,479.14382132222266,1,0,0,64.70005947461985,Spoofing,CICIoT2023,8
2.3126611664908205,39,3752.848376075648,6,3041,443,0.6191233945062057,Normal,CICIoT2023,5
0.05670057659971141,3434,496831.4683514484,1,29764,80,1182.4353195916055,DoS,CICIoT2023,3
22.004414900350238,76,3779.043689021614,17,58875,443,0.6040357691535018,Normal,CICIoT2023,5
6.283749961376193,43,16596.923431616742,17,32735,443,0.6095085589260237,Normal,CICIoT2023,5
4.386353706514568,10,214.92935342019453,1,0,0,11.432824053651874,Spoofing,CICIoT2023,8
15.363839677765377,64,2300.8053003813648,17,35342,80,2.038873122355617,Normal,CICIoT2023,5
5.031580681971043,45,7301.642467094354,17,6448,443,4.028741653297674,Normal,CICIoT2023,5
14.505347422644572,64,1806.3757899539794,6,10239,443,2.4102662135435464,Normal,CICIoT2023,5
22.336170025562325,18,4453.254047849334,6,18584,80,5.502845940636481,Normal,CICIoT2023,5
11.80832654635935,85,2321.5002308706917,6,44819,443,3.7704240478717184,Normal,CICIoT2023,5
0.7445442385825527,7732,828574.8894854679,17,60141,80,583.1494834118507,DDoS,CICIoT2023,2
0.8357395999971389,2096,212707.44958722076,6,11189,80,1359.1587646056637,DDoS,CICIoT2023,2
1.2678523320771853,4,1855.5837860906386,1,0,0,57.49858588028028,Spoofing,CICIoT2023,8
2.8314607391016398,11,545.8369464563232,1,0,0,95.43530545803853,Spoofing,CICIoT2023,8
6.459803169665862,94,1034.890200410377,17,20862,80,0.07158443489847337,Normal,CICIoT2023,5
6.85447795344708,20,4111.601129185015,17,3874,80,2.231691010004243,Normal,CICIoT2023,5
6.979430813159145,21,1119.3719403956272,17,5079,22,2.850237942789527,Normal,CICIoT2023,5
0.3169223944408251,5532,20688.342646065477,1,27603,80,1663.7975978041802,DDoS,CICIoT2023,2
7.20396280563043,5,14630.101422244412,6,27873,22,0.10739046561162138,Normal,CICIoT2023,5
1.2802885408644955,4253,111403.44644214195,1,52857,80,1143.3265840920653,DDoS,CICIoT2023,2
0.29158863335705093,8964,77702.07286243115,6,50061,80,1239.5451877382034,DDoS,CICIoT2023,2
0.13208827416683774,1495,76018.17002282977,1,15861,80,1602.1389332740678,DDoS,CICIoT2023,2
0.4890841831691278,8795,403536.30303038424,17,28708,80,1553.598081620898,DDoS,CICIoT2023,2
17.133773288378066,68,293.95975263804473,17,7017,443,0.10685167017802627,Normal,CICIoT2023,5
2.0228143482704746,916,4835.150809991681,6,17162,21,266.32363980025616,Brute Force,CICIoT2023,1
0.9082411067894983,6085,188385.39062651907,1,30110,80,1500.4485552307726,DoS,CICIoT2023,3
4.360525032710945,33,3978.9690907087015,17,4459,443,1.9381009757899819,Normal,CICIoT2023,5
3.227915319140581,19,237.59345293816898,1,0,0,86.45179869356998,Spoofing,CICIoT2023,8
0.8039422271020572,3971,234446.87599057745,1,29319,80,1813.8995332793074,DDoS,CICIoT2023,2
3.937484142236724,19,55.709868076266034,1,0,0,46.32633057429074,Spoofing,CICIoT2023,8
1.4904314775006358,8095,113725.40901671199,1,33560,80,1615.0293433550187,DoS,CICIoT2023,3
1.087762152951005,6330,557784.2138971755,6,4795,80,1884.7609829288972,DDoS,CICIoT2023,2
1.2396823963961223,27,2428.5212129259335,17,60379,443,1.195907362091395,Normal,CICIoT2023,5
4.435905076974429,39,387.7554847399531,17,47761,80,1.2323043899187656,Normal,CICIoT2023,5
0.42621583306207367,8262,368657.0621181925,17,3789,80,1342.3917615682913,DDoS,CICIoT2023,2
0.264512422396254,6356,211477.51363203194,1,26006,80,1261.6282277939963,DDoS,CICIoT2023,2
11.370491258049766,98,17652.30860641273,17,26781,80,0.03164078128887403,Normal,CICIoT2023,5
7.696641817656786,92,828.7522306612641,17,12119,80,0.21281462795656234,Normal,CICIoT2023,5
1.0751553426344227,9,5544.575051979202,1,0,0,72.27346269399328,Spoofing,CICIoT2023,8
2.402663828962991,370,25336.11340166196,6,22347,22,288.7657967815591,Brute Force,CICIoT2023,1
0.9202803173503822,7854,267522.55287813046,17,60298,80,1475.3826066404922,DDoS,CICIoT2023,2
2.4215680097577215,97,13163.624235715295,6,37585,443,1.0292001885304136,Normal,CICIoT2023,5
1.7887428786297364,57,2662.2207200538637,6,15459,80,0.2214961097412753,Normal,CICIoT2023,5
5.678448367638099,76,2382.880416999201,6,26905,80,3.0334688525833924,Normal,CICIoT2023,5
4.2544658658285055,985,2111.9248353923977,6,32957,21,76.45125621412856,Brute Force,CICIoT2023,1
15.841254212693537,8,465.03330703207234,17,45167,80,1.7281743821001694,Normal,CICIoT2023,5
1.3678993061624491,7035,96676.3987090729,1,10087,80,1800.2322285327336,DDoS,CICIoT2023,2
34.66093063427502,65,1313.6254821213115,17,56169,22,2.69807053535734,Normal,CICIoT2023,5
1.1378209992392505,1209,102684.93008304639,6,50409,80,515.8274552238508,DDoS,CICIoT2023,2
0.14622514060394676,4110,105566.57224086265,1,64103,80,673.4084159172683,DoS,CICIoT2023,3
2.0042916334748035,16,9366.006042988321,1,0,0,89.45408464106443,Spoofing,CICIoT2023,8
10.608053227449298,26,951.6456605443072,6,14801,22,4.666663394738562,Normal,CICIoT2023,5
1.782880582099545,10,612.2500492822376,17,31723,80,5.65636883626621,Normal,CICIoT2023,5
17.66930402074086,6,3114.287344928088,17,1761,22,2.9840369998867198,Normal,CICIoT2023,5
6.597430603810383,914,18558.534790312864,6,51435,21,256.7169617933405,Brute Force,CICIoT2023,1
2.857011572223438,2,2500.783128840204,1,0,0,28.676034584639112,Spoofing,CICIoT2023,8
0.8575309772864705,7852,64069.0342940965,6,64809,80,1178.3226501525771,DDoS,CICIoT2023,2
0.22275059863514818,2777,1525186.7706575033,6,47413,80,1802.1472398005942,DDoS,CICIoT2023,2
1.3230635157060158,5859,567450.933948231,17,42135,80,1057.5904769246908,DoS,CICIoT2023,3
1.268089278750146,52,3022.8528447804297,6,36514,80,0.35733605113146794,Normal,CICIoT2023,5
6.0904317497323905,470,4719.101956202916,6,2855,23,181.48664422536484,Brute Force,CICIoT2023,1
1.2151111723067145,7416,1107503.0322925716,17,52531,80,1592.6337309491573,DDoS,CICIoT2023,2
6.70693251804554,37,13646.239116586557,6,55500,80,0.7554007340784575,Normal,CICIoT2023,5
0.13571263569337252,4845,491302.1250320643,6,31372,80,1318.6245196691534,DDoS,CICIoT2023,2
7.680808555781078,50,3019.988383415109,6,1392,80,1.0508620717461732,Normal,CICIoT2023,5
10.429593656247857,29,1455.6723278467616,6,14346,443,1.5447906191809193,Normal,CICIoT2023,5
0.7679719164822374,1823,102103.61424301902,17,16259,80,1850.4683593617365,DoS,CICIoT2023,3
17.39622375103751,39,5281.5356747309,6,27493,22,3.277361887494377,Normal,CICIoT2023,5
1.2396205133117495,4718,169872.92240250067,1,16823,80,1394.3878628490531,DDoS,CICIoT2023,2
19.55452243876769,16,150.82965035226653,6,5686,22,5.07082197545743,Normal,CICIoT2023,5
52.82805605946545,77,3164.336092110908,6,31052,22,0.4690616032553795,Normal,CICIoT2023,5
29.30578352120037,48,1473.7964519882678,6,60830,80,0.5938877542249474,Normal,CICIoT2023,5
25.201891416861663,19,997.2511118503558,6,18976,443,2.181361025479033,Normal,CICIoT2023,5
0.5141681202285716,8903,1226390.00748287,1,59032,80,559.1263776805445,DoS,CICIoT2023,3
21.28179778485012,35,14860.45117059044,17,21866,443,1.8352570937314852,Normal,CICIoT2023,5
0.7997779854264474,6976,528658.7072896024,1,21478,80,1599.3161793258475,DDoS,CICIoT2023,2
0.7674496764712425,4620,905454.894510633,17,33149,80,1473.1027083136014,DDoS,CICIoT2023,2
1.0936300209741268,3384,2345801.232092294,17,22909,80,1773.565638767895,DoS,CICIoT2023,3
4.992811739187151,557,19445.619673465357,6,22384,21,249.07142073570026,Brute Force,CICIoT2023,1
0.878770849788994,7671,40811.26794081224,1,19831,80,993.6106691910918,DoS,CICIoT2023,3
6.666019402453934,57,1878.0091657846153,17,27225,22,0.8684421783623624,Normal,CICIoT2023,5
30.128830494341504,21,771.1759906518241,6,21417,80,2.6579477773645093,Normal,CICIoT2023,5
24.94314728458175,10,22371.080214613583,6,21619,22,0.819987875734535,Normal,CICIoT2023,5
0.884254697261341,2341,664907.8066090855,6,31839,80,1239.344428376904,DDoS,CICIoT2023,2
3.9927700155101813,35,14274.783270770955,17,49784,80,2.9802243107071194,Normal,CICIoT2023,5
0.8475956832031016,1132,247949.85649627176,17,37562,80,1811.2533822231026,DDoS,CICIoT2023,2
1.064831964452592,3835,26513.000311971315,1,26916,80,1308.7906911909715,DDoS,CICIoT2023,2
53.01712220357424,37,428.5703865134671,17,35755,443,0.10173099964115229,Normal,CICIoT2023,5
0.15107467585214465,4061,203050.95227277267,17,24375,80,786.8631936141821,DoS,CICIoT2023,3
15.334399461199988,7,1409.3898784698938,17,59809,80,0.6163914861660114,Normal,CICIoT2023,5
18.379789516028907,21,14901.681513891443,6,16211,443,3.8206705610999445,Normal,CICIoT2023,5
0.5413472801828353,3362,1474958.9031878724,1,27606,80,829.5232000637395,DoS,CICIoT2023,3
0.679134255087409,1837,1745988.0208042562,17,18094,80,1886.9879143733701,DDoS,CICIoT2023,2
0.7805265190958507,5647,458849.1722040794,17,11444,80,1433.8630967491727,DoS,CICIoT2023,3
0.024970001771699075,5357,69609.11944799448,17,3763,80,1075.4135605327376,DDoS,CICIoT2023,2
9.284405582814989,53,1721.416449738122,6,28809,22,1.058034843218927,Normal,CICIoT2023,5
1.1667290144004392,5,1172.9003261442197,1,0,0,90.21825420458102,Spoofing,CICIoT2023,8
0.6228821325935429,3686,381499.6394480902,6,15453,80,1411.5284615762166,DoS,CICIoT2023,3
1.475246958486253,4863,15009.630155306117,1,38334,80,930.1503163368254,DoS,CICIoT2023,3
13.301652225331644,17,9738.426433660356,17,52452,22,0.46296440509352543,Normal,CICIoT2023,5
1.3124225858584875,6409,812429.5699451612,1,65500,80,849.3527579742224,DDoS,CICIoT2023,2
28.99691960125798,6,1274.9273976135628,6,31818,443,0.5115002880675316,Normal,CICIoT2023,5
4.570016004304437,70,16167.425211124451,6,41548,80,13.08734490246759,Normal,CICIoT2023,5
1.2233549030063422,580,834.0146756849248,6,58247,22,264.5923516799146,Brute Force,CICIoT2023,1
4.971282009299921,79,13131.50758429547,6,41497,22,5.188234328864086,Normal,CICIoT2023,5
8.81169977801918,412,21916.896917184873,6,50534,23,201.74327906856635,Brute Force,CICIoT2023,1
0.2908647806653861,4696,419302.1890116311,6,59995,80,1278.5325403678337,DDoS,CICIoT2023,2
59.13774680740339,69,3593.648085488875,17,49161,22,0.8132455121077943,Normal,CICIoT2023,5
0.7875280042047321,9128,14265.935867707807,17,9192,80,1569.5214377926113,DDoS,CICIoT2023,2
1.894803292411959,15,2812.443517045084,1,0,0,95.96576444303192,Spoofing,CICIoT2023,8
0.36782587807280115,1597,478071.7809184839,17,6646,80,1514.7082152386165,DoS,CICIoT2023,3
1.03067055452876,7,2388.1308493465062,1,0,0,60.410438470841356,Spoofing,CICIoT2023,8
0.5858292208486235,1665,422894.7786646454,6,15629,80,754.1336031398705,DoS,CICIoT2023,3
0.9588639817836857,2069,623456.2872142879,6,35547,80,1888.3745137854078,DoS,CICIoT2023,3
2.564914363029405,2,4874.505017671967,1,0,0,88.64152213778927,Spoofing,CICIoT2023,8
11.451918629580573,26,2740.7382873178312,6,44172,80,0.6765106893481352,Normal,CICIoT2023,5
0.3823325335820412,9002,252269.64007842354,1,61808,80,1623.4985261074353,DDoS,CICIoT2023,2
5.768313438193016,82,247.78150391725748,17,46556,22,1.7425813768158385,Normal,CICIoT2023,5
5.801321878703046,106,28907.18199776906,6,54719,21,180.03371194617122,Brute Force,CICIoT2023,1
5.272490144153916,379,1381.8807510768477,6,40389,21,98.8397402121521,Brute Force,CICIoT2023,1
2.361161787924215,41,285.087601075609,17,58801,443,2.1740734855753368,Normal,CICIoT2023,5
0.8893544527381186,8001,122120.31402908852,17,42236,80,1477.8021404714088,DoS,CICIoT2023,3
8.015347151960757,242,17057.321038928243,6,7715,23,251.9578629566556,Brute Force,CICIoT2023,1
18.70767413191801,46,6899.128345153742,6,39203,22,2.1918233188966294,Normal,CICIoT2023,5
0.7917617369615771,5409,45911.56466973746,6,27775,80,1414.5335918743522,DDoS,CICIoT2023,2
3.302852867309915,827,5974.806837066782,6,37093,21,248.5336404330681,Brute Force,CICIoT2023,1
11.23598878829022,71,574.2811253141259,6,14956,443,0.42034485386778553,Normal,CICIoT2023,5
1.3394344941517786,7214,120325.22478055344,17,10611,80,1113.1156442127917,DoS,CICIoT2023,3
9.40336228098028,88,2806.153613864073,17,53062,443,0.13565654118146717,Normal,CICIoT2023,5
7.564739038538865,114,8492.954214491729,6,22272,21,136.6796903089778,Brute Force,CICIoT2023,1
7.718069159714026,520,3649.3197892330277,6,32139,23,148.6377823203433,Brute Force,CICIoT2023,1
8.1342331556444,431,4240.77810311421,6,39181,22,60.41100558499508,Brute Force,CICIoT2023,1
1.247647289382273,9502,988594.1442802397,6,52887,80,1811.7126549254635,DDoS,CICIoT2023,2
0.31282345045462356,7,2130.950733450333,1,0,0,30.986879897945467,Spoofing,CICIoT2023,8
4.335574637252549,12,1455.5032682598628,1,0,0,57.66154126414074,Spoofing,CICIoT2023,8
8.684453962311409,46,2267.084355378382,6,50562,443,3.1225470663983352,Normal,CICIoT2023,5
1.167125928661086,16,666.8880830182362,1,0,0,35.54903634316419,Spoofing,CICIoT2023,8
10.875138947002053,30,5521.480957021663,17,53500,443,0.9641020914964181,Normal,CICIoT2023,5
0.46373955183556115,9934,11960.89294721568,1,12680,80,1109.609430201493,DDoS,CICIoT2023,2
29.583449681163557,5,13390.714958562576,6,14290,80,0.20749441639451396,Normal,CICIoT2023,5
4.961017989983452,26,1331.2497926626825,17,17706,22,1.0726533136680023,Normal,CICIoT2023,5
2.4037834050524065,11,3261.218259939936,17,22400,22,0.15706305322214473,Normal,CICIoT2023,5
1.2430960140462461,4196,463249.329420799,17,36053,80,1006.0386175359195,DoS,CICIoT2023,3
2.4097310956750158,37,9851.343270280126,6,33299,443,0.022148908724559078,Normal,CICIoT2023,5
0.6307876957464883,2667,555993.1303185866,6,12888,80,766.8196931909429,DoS,CICIoT2023,3
33.91043926669785,92,14039.335454718183,6,35282,80,1.6888111013665825,Normal,CICIoT2023,5
30.69055777715554,14,26173.795015917618,6,19848,22,9.876293948579098,Normal,CICIoT2023,5
0.6177624128024838,3367,191423.82930217084,1,5687,80,502.14251461876506,DDoS,CICIoT2023,2
0.6798791958511908,4262,322936.296485691,6,60208,80,1397.281249907793,DoS,CICIoT2023,3
14.813005883289991,41,1778.6687189412496,6,36925,80,1.6410327840710093,Normal,CICIoT2023,5
0.7849719676085678,2689,179306.20616455056,6,63515,80,1710.0287821453694,DDoS,CICIoT2023,2
0.3443364248214764,13,1123.645845027401,1,0,0,35.853192538936085,Spoofing,CICIoT2023,8
1.1078239073781935,6660,197501.87252830027,17,51305,80,707.4247601071215,DDoS,CICIoT2023,2
9.330086428574385,25,3597.170054126467,17,56507,80,1.0217500365927321,Normal,CICIoT2023,5
23.599106869680465,38,8276.173452442143,17,58912,443,1.0562582828886637,Normal,CICIoT2023,5
1.7314874104199494,2,225.33260322714688,1,0,0,71.9521862422292,Spoofing,CICIoT2023,8
5.51240973074077,32,16399.979195840795,17,61036,22,0.32047778971573715,Normal,CICIoT2023,5
0.583557616023611,15,234.28860357490603,1,0,0,29.745045027662165,Spoofing,CICIoT2023,8
0.7018818723243911,3170,786527.6811469935,6,14830,80,1936.8681135734723,DDoS,CICIoT2023,2
8.418411873305871,766,3804.829531389874,6,36548,23,63.018101555317436,Brute Force,CICIoT2023,1
0.02910425777080268,4091,833923.7413611433,17,28964,80,582.0712622504599,DoS,CICIoT2023,3
5.819235171322044,939,19625.689692575077,6,32008,23,170.55630758433165,Brute Force,CICIoT2023,1
12.019654355524027,47,7453.35549147581,17,58181,443,3.333123355804931,Normal,CICIoT2023,5
0.303891572588855,1583,1350785.011432452,6,25102,80,1267.2884612142395,DoS,CICIoT2023,3
1.3785970803602507,4185,257384.20732402278,17,49530,80,1505.669997923764,DDoS,CICIoT2023,2
0.4403707275714951,1788,457450.20249319065,17,3913,80,1617.862229258662,DDoS,CICIoT2023,2
0.7765341272582937,6234,918387.5686144101,1,61507,80,1261.263641703997,DDoS,CICIoT2023,2
2.0661376576982673,5,514.3280237405677,1,0,0,93.83413482270335,Spoofing,CICIoT2023,8
9.175690965417125,558,9224.122045691014,6,35653,21,177.04220158599082,Brute Force,CICIoT2023,1
1.105862798616539,8320,1211681.9219025285,1,32409,80,839.2273997031776,DoS,CICIoT2023,3
1.3105170488884472,7302,50449.096710755904,6,41955,80,955.0464233212556,DDoS,CICIoT2023,2
0.5953302239572895,9001,192929.06052592347,6,9883,80,895.9632795647449,DDoS,CICIoT2023,2
0.6469862608130479,3846,493793.76770946867,17,28129,80,1783.8877843869468,DoS,CICIoT2023,3
9.555400915400465,70,1096.1385061489027,17,48807,443,0.6173691059641075,Normal,CICIoT2023,5
22.865785286729537,78,2040.7275748193697,6,38269,443,0.009792868023613056,Normal,CICIoT2023,5
42.38888251931782,16,2317.541096230726,17,25250,443,2.1538428156602185,Normal,CICIoT2023,5
11.721170589920725,33,13396.68432735383,6,51469,443,1.3209814552851822,Normal,CICIoT2023,5
2.7756044589072157,46,8185.824965858424,17,27037,80,0.5219927385021728,Normal,CICIoT2023,5
4.339123217536864,96,5056.056730069632,6,58306,22,0.8809252233901795,Normal,CICIoT2023,5
5.804797979059356,18,9635.487362639362,17,2909,80,0.1444763279350526,Normal,CICIoT2023,5
1.8997140341036274,24,1312.6467556732955,6,28781,22,2.813487379864903,Normal,CICIoT2023,5
7.050941289942771,733,9554.158352324916,6,22574,23,283.6026986428037,Brute Force,CICIoT2023,1
0.08221170638897525,9627,427227.05377173325,1,29900,80,1484.2685543340306,DDoS,CICIoT2023,2
8.224763623671109,77,6087.809431288189,17,56729,443,2.1230813410769414,Normal,CICIoT2023,5
0.7722700098633584,3873,78915.70501287273,1,57200,80,1212.7562990339425,DoS,CICIoT2023,3
6.724599341164299,70,3545.263796594251,17,65228,443,1.7977991813545569,Normal,CICIoT2023,5
5.839151695795905,417,481.0304381874897,6,36191,22,240.8237279993204,Brute Force,CICIoT2023,1
0.21338948800453744,4374,20163.460502122278,17,44752,80,1210.6599387716344,DoS,CICIoT2023,3
9.879780294710619,7,3256.893166338928,17,32783,443,1.5563891840974489,Normal,CICIoT2023,5
1.0191780226401326,3110,245081.34520232546,6,59698,80,978.5658948092112,DDoS,CICIoT2023,2
4.847942524203268,13,2055.060518127895,1,0,0,36.83353206489001,Spoofing,CICIoT2023,8
2.1381782086321404,767,23312.86125695527,6,49964,23,153.58175350505192,Brute Force,CICIoT2023,1
0.17745521349016846,1745,470258.0840100964,17,18349,80,1120.0136898067883,DDoS,CICIoT2023,2
0.8244562600988699,2610,101643.30548451246,17,59352,80,1030.3626854484125,DDoS,CICIoT2023,2
3.1315596988873264,87,1179.1565703028639,17,33824,80,3.603095740016866,Normal,CICIoT2023,5
8.582810575166215,392,20988.881707752946,6,58428,22,251.20820432411801,Brute Force,CICIoT2023,1
7.906446780195743,65,1476.8744912532657,17,59522,443,0.3478325767380686,Normal,CICIoT2023,5
9.066533969474092,544,10997.23477185524,6,7746,23,136.40504222519738,Brute Force,CICIoT2023,1
0.9360458935957453,1730,551394.2831821304,1,35440,80,1053.054386005942,DDoS,CICIoT2023,2
1.0381384776715754,5366,391306.9752526385,6,16246,80,861.8665040570418,DDoS,CICIoT2023,2
0.3202653948262395,7265,101219.34315028896,17,36481,80,1563.6907872289062,DDoS,CICIoT2023,2
1.3192399185057748,20,1481.0717531501155,17,12186,22,4.49207228132242,Normal,CICIoT2023,5
4.884784993597522,69,1953.3858018464498,6,61832,80,1.8516878313622593,Normal,CICIoT2023,5
11.198773692269347,47,6696.921718596537,17,54688,22,2.197477725735312,Normal,CICIoT2023,5
6.017167472553655,24,5154.8434890998205,6,23915,22,3.617224756718363,Normal,CICIoT2023,5
0.4048009217176101,6611,93431.31356408347,1,21331,80,899.0320650932026,DoS,CICIoT2023,3
14.40385060918027,15,5292.954925421332,17,7473,443,0.16312968388802343,Normal,CICIoT2023,5
18.481810033344612,53,8030.752141352411,6,29976,22,4.211611572147392,Normal,CICIoT2023,5
5.745296349556094,532,6306.394864839111,6,54792,23,165.88785447133102,Brute Force,CICIoT2023,1
4.450405820705113,3,567.2882385169236,1,0,0,90.96512404350835,Spoofing,CICIoT2023,8
9.197417982973565,449,152.9050527395435,6,36782,23,208.44924399818223,Brute Force,CICIoT2023,1
5.050467374985029,448,348.99878772847933,6,33185,23,88.71067040505685,Brute Force,CICIoT2023,1
4.030327760559484,76,2932.0190815661945,17,1933,22,0.5006464172198744,Normal,CICIoT2023,5
25.568200386978077,72,4366.288299186439,17,52960,80,1.69303109097837,Normal,CICIoT2023,5
0.023407999352051102,2695,271130.92389963527,6,34811,80,946.5181378435581,DoS,CICIoT2023,3
0.059092323685839665,6868,540649.9014831631,1,48853,80,964.7706751299199,DoS,CICIoT2023,3
2.3454949244016117,64,3388.7668535995263,17,40987,80,0.27187454319664744,Normal,CICIoT2023,5
1.8479435296136413,6,3610.561402030212,1,0,0,13.929483584170768,Spoofing,CICIoT2023,8
5.050248092423917,74,146.03906136992444,6,18381,22,1.9007389770623775,Normal,CICIoT2023,5
5.550493762603967,35,3428.090032470082,6,41225,443,4.265445319299957,Normal,CICIoT2023,5
0.6297113449032892,2181,129157.05310231583,1,23281,80,1532.601936064035,DDoS,CICIoT2023,2
0.24609413586933687,7475,825776.3614344741,6,45798,80,1538.8592001163727,DDoS,CICIoT2023,2
0.8621273084638411,1446,751139.6546843628,17,31639,80,1375.889808796612,DDoS,CICIoT2023,2
2.2904496047990652,37,465.33083946197064,6,13880,443,0.3783279395495361,Normal,CICIoT2023,5
3.7864423720916367,19,1235.592407800299,1,0,0,70.41739812078518,Spoofing,CICIoT2023,8
3.654340359011246,36,125.45876990787902,6,15672,80,1.9683859394708947,Normal,CICIoT2023,5
17.586978915565425,17,7541.660853216762,6,25568,80,2.9804046394487105,Normal,CICIoT2023,5
1.3975999767137623,4,1967.5236415074407,1,0,0,90.20807176616285,Spoofing,CICIoT2023,8
5.550907216871975,402,3655.6566450136647,6,22610,22,109.81471568786597,Brute Force,CICIoT2023,1
1.4745863270914648,3,630.376760232196,1,0,0,84.04842187290988,Spoofing,CICIoT2023,8
2.6397872228951353,16,2625.5528214921146,1,0,0,35.894659104102644,Spoofing,CICIoT2023,8
1.1082246412898211,6329,506072.10385481216,1,5042,80,1566.6827255229289,DoS,CICIoT2023,3
0.08742948621545857,4770,316478.3786046514,17,19287,80,1857.4428202548709,DDoS,CICIoT2023,2
26.543925965033193,55,2476.8707771586996,6,27769,22,0.2128281000518366,Normal,CICIoT2023,5
1.4432134757013049,6392,2003577.935933722,6,39484,80,972.2075883808525,DDoS,CICIoT2023,2
10.968327059354452,29,12869.568059683561,6,12033,80,0.31314979499530193,Normal,CICIoT2023,5
5.410887168907954,76,4203.658958768324,6,41105,443,2.833906295664159,Normal,CICIoT2023,5
1.2165579018069208,4574,162608.23778370893,6,58162,80,1198.2584997912195,DoS,CICIoT2023,3
0.40498286144053386,6769,53181.232055245935,6,53416,80,940.0229400051344,DDoS,CICIoT2023,2
11.120604152469351,99,2709.7406413468902,6,64179,443,5.748911428927319,Normal,CICIoT2023,5
35.92375713425804,27,1654.4798468944298,17,44037,443,3.0431786885364036,Normal,CICIoT2023,5
0.1642342910391352,1324,637111.0699531276,1,34778,80,1322.9514577918753,DoS,CICIoT2023,3
55.399442178278036,17,805.3144543853471,6,57945,443,0.5892313858082737,Normal,CICIoT2023,5
4.306504237731488,11,233.10745566689627,1,0,0,95.26851982538139,Spoofing,CICIoT2023,8
0.6408034607526711,4081,402497.39427277533,1,31387,80,1210.1524003910731,DDoS,CICIoT2023,2
0.9236238375072444,3829,552209.1160088954,1,14337,80,1729.1417805055476,DDoS,CICIoT2023,2
1.359317384983967,6830,468002.6213809934,1,16548,80,570.591796815421,DDoS,CICIoT2023,2
3.3758788060585285,16,355.6298247218544,1,0,0,83.11722918615105,Spoofing,CICIoT2023,8
29.800275808055318,5,9055.089360130285,17,31701,22,0.7732751908000078,Normal,CICIoT2023,5
0.8329836400486992,4747,2022461.055720986,17,25839,80,1887.4654223525522,DoS,CICIoT2023,3
1.1806470333179506,3506,115615.82528956232,17,44229,80,500.6023160380098,DDoS,CICIoT2023,2
25.590044405348074,90,515.0275702081449,6,26481,443,1.1798776412172265,Normal,CICIoT2023,5
4.488656350012791,5,263.1441750964902,1,0,0,23.270734042741104,Spoofing,CICIoT2023,8
0.05430702932895788,1713,1049755.571026824,17,21396,80,641.8345171615823,DoS,CICIoT2023,3
1.1399933096689776,1037,35886.47871432945,6,49722,80,1821.5061272220617,DoS,CICIoT2023,3
2.684730128335482,10,1402.641304109855,1,0,0,59.03935174264541,Spoofing,CICIoT2023,8
1.4891852323276034,16,1618.5792097756303,1,0,0,40.691815503043046,Spoofing,CICIoT2023,8
1.443178662778518,5997,66097.47492704401,6,1280,80,741.0700237864785,DoS,CICIoT2023,3
4.893500771294423,18,2117.940189226609,1,0,0,41.41471820153963,Spoofing,CICIoT2023,8
1.4496763313016725,2975,507690.80456576054,17,5539,80,1060.3104444714431,DoS,CICIoT2023,3
1.0082551869040184,6563,1235122.1590268987,1,14890,80,946.3560746612231,DoS,CICIoT2023,3
1.186043075468886,8345,92117.62570939977,17,61710,80,1656.0379561403508,DDoS,CICIoT2023,2
0.4033791406471206,4219,44356.46611920901,6,4799,80,558.9379177260387,DoS,CICIoT2023,3
16.95912534870618,69,2033.7056966621635,6,56021,80,1.8714359671029586,Normal,CICIoT2023,5
2.0730889204445893,16,140.86688569306298,1,0,0,27.441021702101935,Spoofing,CICIoT2023,8
1.1513676184549644,13,1704.2472026260073,1,0,0,29.371943845085834,Spoofing,CICIoT2023,8
30.66681290835017,57,520.7598224660893,6,14793,22,5.101771801265167,Normal,CICIoT2023,5
1.0557681389581803,12,5766.281944414294,1,0,0,45.66495362425305,Spoofing,CICIoT2023,8
18.755855245374764,21,3693.1067056201,17,53986,80,1.932896841446698,Normal,CICIoT2023,5
17.8835424554144,31,2097.325303357313,6,57890,80,0.3689049739442266,Normal,CICIoT2023,5
1.1430922633513394,5217,106842.51845340147,17,36501,80,1558.9856044429903,DoS,CICIoT2023,3
5.002495182826649,32,3124.27662023461,17,45482,80,0.43270326167703305,Normal,CICIoT2023,5
3.685230034058661,10,1730.8616319294686,1,0,0,27.016988840051397,Spoofing,CICIoT2023,8
4.514447878308254,3,1464.4540519011998,1,0,0,36.82518146153286,Spoofing,CICIoT2023,8
0.6395836765335438,8372,74462.81472055323,1,16855,80,1290.96634346359,DDoS,CICIoT2023,2
8.73218485971206,23,5851.125334435142,6,60396,443,0.3842267976837368,Normal,CICIoT2023,5
66.25801942631387,91,4434.723342586951,17,41162,22,0.19906376986297572,Normal,CICIoT2023,5
1.4640475855474695,2440,224317.58856242328,1,32639,80,620.1342645067418,DDoS,CICIoT2023,2
2.6485257468546335,543,7691.176029826712,6,16859,22,65.40199632311732,Brute Force,CICIoT2023,1
0.25212263905691773,8641,589219.7211712293,6,1864,80,598.4011474175443,DDoS,CICIoT2023,2
18.597547489775476,27,3265.343390171307,17,42948,22,0.48877083124979975,Normal,CICIoT2023,5
1.0077207722409012,5311,106619.61666467987,6,53158,80,1136.2775836189644,DDoS,CICIoT2023,2
0.6755661953995507,4019,372974.466557362,1,47636,80,1531.8651371829865,DDoS,CICIoT2023,2
1.2972926847941708,4138,110329.41011835581,17,55103,80,794.3514225317834,DoS,CICIoT2023,3
18.57139133619366,32,2787.3437787020994,6,43700,22,0.21209923322803498,Normal,CICIoT2023,5
0.4713513969042402,7327,616997.641237975,6,19746,80,775.1080229146096,DoS,CICIoT2023,3
0.6531737190742373,5608,1145284.3163810815,6,7634,80,841.300815404695,DDoS,CICIoT2023,2
3.5164128938061863,238,24283.931717575335,6,11097,22,83.55060658158757,Brute Force,CICIoT2023,1
16.524286704863925,26,7494.011878682353,6,26452,80,0.5914854059400115,Normal,CICIoT2023,5
0.9797336462290989,8338,118524.09542776621,17,62504,80,1187.974847121614,DDoS,CICIoT2023,2
7.092790770799256,316,20505.32211194819,6,15342,21,201.94069218585614,Brute Force,CICIoT2023,1
8.780495000773449,65,2031.8938162252416,17,37808,443,0.9154473194049071,Normal,CICIoT2023,5
9.224330703624497,191,23171.590748037735,6,45920,22,267.11903780069235,Brute Force,CICIoT2023,1
1.253299388659556,2446,213340.1899137942,6,40260,80,557.5457920335517,DoS,CICIoT2023,3
31.69557702917818,93,4468.179001626665,6,24268,443,0.3020305452750226,Normal,CICIoT2023,5
12.784962889610306,81,3059.631836093573,17,54835,443,2.585447998865241,Normal,CICIoT2023,5
0.13077875017762872,4041,283137.0552845641,6,24695,80,1398.9162767353878,DoS,CICIoT2023,3
25.71316767748876,28,9885.850402050437,6,43708,22,1.6855340913986676,Normal,CICIoT2023,5
1.293059144891524,7452,47671.56627232697,6,63600,80,819.2751290575361,DDoS,CICIoT2023,2
17.573375897261844,56,3629.648178605185,6,55200,80,0.2780252675159898,Normal,CICIoT2023,5
0.8396593568146783,8961,582003.7927578987,1,32309,80,1825.6000832470802,DDoS,CICIoT2023,2
13.36517753632954,76,9167.81216436373,6,60076,22,6.519501140251109,Normal,CICIoT2023,5
3.871246603029907,19,3436.0120152458708,1,0,0,35.67199080760899,Spoofing,CICIoT2023,8
3.1528997923079687,795,15321.46316922275,6,37883,21,230.2898170534693,Brute Force,CICIoT2023,1
6.920099020325675,577,13042.17379834946,6,12109,22,203.1710861686518,Brute Force,CICIoT2023,1
0.882209379958525,5503,945288.5461323884,17,18118,80,908.360813759067,DoS,CICIoT2023,3
8.27153980316605,93,1371.7676683527604,6,54688,80,3.112179202001936,Normal,CICIoT2023,5
0.5329536796498762,6640,182948.81694422683,6,59649,80,1657.6744086025217,DoS,CICIoT2023,3
9.116888219995957,97,339.04852935015947,17,37976,443,5.688306940913192,Normal,CICIoT2023,5
14.885433102610524,91,14663.719118133105,17,5559,80,1.9916892285057688,Normal,CICIoT2023,5
9.95662007100531,31,3645.340400828051,17,19071,443,3.446732027074209,Normal,CICIoT2023,5
0.05257066740877555,4872,183130.00249610154,6,47371,80,1013.0339963719725,DDoS,CICIoT2023,2
1.250036268995578,5261,670539.9525637293,17,55314,80,1927.0945587266233,DoS,CICIoT2023,3
0.9372517895003422,1544,695828.6291783985,17,36419,80,1371.1952447802137,DoS,CICIoT2023,3
1.0744374674355657,9015,507732.0653732449,6,48623,80,1056.6591366493085,DDoS,CICIoT2023,2
20.09993190486546,13,740.0718186196079,6,12203,80,0.9655695457089457,Normal,CICIoT2023,5
2.9987396938809088,686,7378.565029000956,6,14848,23,285.9989766776529,Brute Force,CICIoT2023,1
0.08127983063548781,8759,1135765.3518803807,17,42816,80,1985.333801922611,DDoS,CICIoT2023,2
0.3220160037854011,1386,141536.47623425137,17,31044,80,956.8630494328527,DDoS,CICIoT2023,2
3.904493622810376,54,4440.224200388669,6,56942,443,3.673086663424948,Normal,CICIoT2023,5
1.2729840909687902,7142,500141.8991912105,17,29096,80,816.8123878819275,DoS,CICIoT2023,3
0.47664125554841635,2854,1105562.9753745077,17,41621,80,867.918957461551,DoS,CICIoT2023,3
9.924195223056808,20,359.60879428981286,6,57919,22,1.1526266364882531,Normal,CICIoT2023,5
30.60282493442805,9,584.0360240317084,6,43746,80,1.44076749072495,Normal,CICIoT2023,5
0.9794037196456341,4563,88658.89230931702,17,38833,80,669.0102899521851,DoS,CICIoT2023,3
0.8695560797156493,4244,472189.34527791006,17,4653,80,1975.3959496081613,DoS,CICIoT2023,3
17.510018336784906,27,12858.361582004403,17,36076,80,0.11596444737815971,Normal,CICIoT2023,5
1.214957721872285,522,36631.905194428735,6,54824,23,138.94352105016503,Brute Force,CICIoT2023,1
4.5908901172435455,90,5942.117139979908,6,65397,80,0.7701177562099787,Normal,CICIoT2023,5
0.8917937824183556,9055,20128.24712894862,1,15701,80,1353.9220744257866,DDoS,CICIoT2023,2
8.307182034639142,754,13996.346762745923,6,7427,22,217.3463559174673,Brute Force,CICIoT2023,1
0.7207179539134807,7010,958351.6738613454,1,20183,80,1762.7380465478939,DDoS,CICIoT2023,2
0.4555288926179257,5637,231204.60353088344,6,56210,80,1464.2030752431237,DDoS,CICIoT2023,2
18.703902692594493,20,2782.115530380949,6,53324,80,0.7779842529859471,Normal,CICIoT2023,5
55.92186134304517,86,3745.2173440501997,17,21001,22,1.479348662393118,Normal,CICIoT2023,5
3.6242931534504157,818,549.1521657386787,6,20610,21,182.46890637955153,Brute Force,CICIoT2023,1
0.9262054917047348,8399,682809.823256145,17,34150,80,908.4284910622014,DDoS,CICIoT2023,2
0.9300428481947349,7,2538.735432857286,1,0,0,61.256915081382935,Spoofing,CICIoT2023,8
21.11128640807002,99,1583.0200400560254,17,58154,22,0.2712819224411885,Normal,CICIoT2023,5
10.296365542654353,94,11492.497149784893,6,27731,80,11.417556627015186,Normal,CICIoT2023,5
21.84190438171006,95,4209.438383050292,17,53699,22,0.06309872882548137,Normal,CICIoT2023,5
0.8357300706187102,5995,336501.1752588054,1,46302,80,637.9767660061999,DoS,CICIoT2023,3
6.933219693790178,64,1738.837255795238,17,18031,22,6.163959516959197,Normal,CICIoT2023,5
1.1939514652398686,3,1109.879517867179,1,0,0,98.69717199296963,Spoofing,CICIoT2023,8
0.835546991355714,5114,107648.36783877028,17,4975,80,1854.5759796537732,DDoS,CICIoT2023,2
2.2574851028105867,97,5474.105106746418,6,3792,21,165.67195792195673,Brute Force,CICIoT2023,1
25.636852245569,90,860.6659384152908,17,2184,443,0.8357930163605342,Normal,CICIoT2023,5
4.385568393065513,9,163.93603598872662,1,0,0,64.33796294538516,Spoofing,CICIoT2023,8
0.2542582642202721,9370,321242.79263467767,6,35265,80,756.9101159993594,DoS,CICIoT2023,3
1.1150403497402552,6697,1281814.8003003234,6,37451,80,1532.1764888095254,DoS,CICIoT2023,3
0.7281215567712626,7,567.927517881496,1,0,0,77.35377244853643,Spoofing,CICIoT2023,8
0.40043215671524307,6137,1121980.3633761918,1,8879,80,631.5764625799465,DoS,CICIoT2023,3
0.5933902784064276,1187,1017544.0753366263,1,26128,80,1291.751056341911,DDoS,CICIoT2023,2
24.262649429096,61,5321.070215137637,6,57149,443,2.467253897664981,Normal,CICIoT2023,5
5.294116450618252,52,12968.238929014306,6,4598,443,0.8342087835558014,Normal,CICIoT2023,5
8.229741161662302,724,5750.931992705915,6,38025,23,208.11805060286935,Brute Force,CICIoT2023,1
0.4395607487858419,3731,16547.793775704173,1,19117,80,1099.3977674313019,DDoS,CICIoT2023,2
1.2801213221779872,2420,22346.690264257762,6,56210,80,895.4081597103223,DoS,CICIoT2023,3
1.4324138394671848,4305,538155.8624441864,6,65250,80,720.3412458693991,DDoS,CICIoT2023,2
30.050693850482197,61,1430.1276159600698,17,50656,22,0.2626154446893315,Normal,CICIoT2023,5
65.4101516837615,81,2016.2095794281274,6,52068,22,2.54207769289697,Normal,CICIoT2023,5
1.283307309408635,9235,940240.8632081758,17,29048,80,1122.820635026496,DoS,CICIoT2023,3
0.9264860181812826,5320,317632.4176906321,1,2916,80,1379.9694916623876,DDoS,CICIoT2023,2
15.687367675832487,43,11919.322942049781,6,30910,443,0.9597746473745826,Normal,CICIoT2023,5
0.6236599018853005,1565,310410.72081233026,17,11339,80,1916.1421788955467,DDoS,CICIoT2023,2
7.140880577272515,72,599.4140443591887,17,24147,443,3.359889494278163,Normal,CICIoT2023,5
0.06329170209225352,8156,96157.64705493479,6,48002,80,1408.5488606898134,DDoS,CICIoT2023,2
18.65820605466727,21,3284.625692244194,6,24893,22,1.1578798356572526,Normal,CICIoT2023,5
0.11018854473753456,5023,869447.4056784749,1,13237,80,1241.0175058989585,DoS,CICIoT2023,3
2.8913025280017255,40,729.8699825252429,17,34024,22,3.1237723051768898,Normal,CICIoT2023,5
0.45067172358429086,1233,274259.6050254687,6,43239,80,704.5566575441876,DDoS,CICIoT2023,2
4.28519188670624,99,1204.0485206746448,6,43703,80,0.7606927064762349,Normal,CICIoT2023,5
55.259387651234825,78,2911.080098472701,17,32382,80,0.016974824926715443,Normal,CICIoT2023,5
28.414650739915494,11,14182.062314915524,6,22416,443,4.099993612588808,Normal,CICIoT2023,5
0.03301666732228614,3415,254735.9659561792,6,62707,80,1123.9844119628624,DDoS,CICIoT2023,2
1.1225397375320891,4088,369318.556173226,1,3614,80,1241.2364053277065,DDoS,CICIoT2023,2
20.744432109059293,83,2605.0666814265383,6,31844,443,0.3262040767632895,Normal,CICIoT2023,5
0.7603194108612968,9051,625130.9750512978,1,55579,80,1844.7563764384922,DoS,CICIoT2023,3
4.915132238739927,13,595.9918845439888,1,0,0,89.643407216047,Spoofing,CICIoT2023,8
0.8697603985189319,9498,770912.9569748332,1,9548,80,1217.9673058257872,DoS,CICIoT2023,3
1.6853388124316186,97,798.331893067655,6,28150,22,0.18330003427476085,Normal,CICIoT2023,5
1.2104563147736291,8863,276289.5875896607,1,35342,80,573.949493613755,DDoS,CICIoT2023,2
1.0352535025579173,77,5806.290553611481,6,7596,22,2.063269741029866,Normal,CICIoT2023,5
2.715640397255543,75,6325.22401588881,17,2933,22,5.6400998802695215,Normal,CICIoT2023,5
3.3459974430589154,690,1118.262171328407,6,18164,21,73.76006016290486,Brute Force,CICIoT2023,1
2.4965367740730735,73,2058.8109211260817,17,58231,22,0.609001715276627,Normal,CICIoT2023,5
0.19161492599973487,1444,232627.40415425337,1,36079,80,1461.5090859810518,DDoS,CICIoT2023,2
1.3528762196168793,1496,1183692.5711291514,6,21661,80,1987.8392859794628,DDoS,CICIoT2023,2
1.1867450428646054,2426,173469.2619961044,1,65414,80,618.4708990493475,DoS,CICIoT2023,3
1.043013228141723,9741,1131094.073308942,1,33999,80,1504.0225261441942,DDoS,CICIoT2023,2
27.718875323477906,98,1498.9928848948157,17,24262,80,0.6055782427764317,Normal,CICIoT2023,5
61.18206149430412,97,787.7869644589437,6,37852,443,0.06669969938979185,Normal,CICIoT2023,5
0.6362997299012935,2689,143290.00578174982,17,36978,80,888.8230006579797,DDoS,CICIoT2023,2
1.2866359178568758,47,12417.162743311765,6,19320,80,2.833251901727956,Normal,CICIoT2023,5
20.73503761127345,83,8266.757476109175,6,36060,22,2.3313832598484923,Normal,CICIoT2023,5
4.721589608184476,88,3396.7257380213505,6,8382,80,1.2075703029661244,Normal,CICIoT2023,5
24.566961718819115,33,836.599941188994,17,8661,80,0.6404429814307296,Normal,CICIoT2023,5
6.6715686653195085,45,16336.153768067823,6,4431,22,1.2151457539632453,Normal,CICIoT2023,5
36.86101003911865,88,6748.371678888634,17,52073,22,0.2013081028314722,Normal,CICIoT2023,5
1.3846328833096422,5374,236062.61910020944,6,65025,80,1540.2647555694807,DDoS,CICIoT2023,2
0.06916969928264835,5867,935872.4160390785,1,6379,80,1515.610568987672,DoS,CICIoT2023,3
3.8839773518770557,3,3251.779007852164,1,0,0,34.48023163578907,Spoofing,CICIoT2023,8
20.25300324352544,78,1537.4357644380314,17,27795,443,1.0569774754922823,Normal,CICIoT2023,5
4.922117497602735,50,1301.240647745033,17,9276,80,1.4865090762982816,Normal,CICIoT2023,5
25.605939177100307,86,2475.738457367061,6,49372,80,3.163492044284742,Normal,CICIoT2023,5
0.15746324887897317,1081,166706.63506630273,17,14857,80,1300.217713859439,DDoS,CICIoT2023,2
0.08860735609981532,1761,30920.74777258201,1,56827,80,1616.1900285715553,DoS,CICIoT2023,3
25.582449823902625,99,258.355940718901,17,21067,22,1.156216662624332,Normal,CICIoT2023,5
2.0151722697991925,618,32255.570569769247,6,36875,21,250.3428838659092,Brute Force,CICIoT2023,1
8.603375221429117,74,1111.7943183011585,6,50136,443,1.6051596568068953,Normal,CICIoT2023,5
0.9513445170426055,2203,294107.06121299637,1,20218,80,1907.0807803308944,DDoS,CICIoT2023,2
0.23817085290056178,5673,338046.80295569025,6,44559,80,1173.6851208953763,DoS,CICIoT2023,3
2.8962564370058668,3,278.2915149468125,1,0,0,74.38925829488863,Spoofing,CICIoT2023,8
0.1130695438530716,5414,905693.6153662441,17,63161,80,1414.2927646310955,DoS,CICIoT2023,3
2.9674544484249843,16,5348.051110282843,1,0,0,95.62983749985987,Spoofing,CICIoT2023,8
7.7286895524044255,64,1302.7280294355396,17,22472,22,6.015867684912928,Normal,CICIoT2023,5
3.6754242268714825,11,521.9564708409142,1,0,0,31.57381704182002,Spoofing,CICIoT2023,8
7.992686766183135,97,18764.853198210916,6,48471,80,4.893943490686397,Normal,CICIoT2023,5
2.1052048529398,2,568.8800222781496,1,0,0,82.66110590803316,Spoofing,CICIoT2023,8
1.1468594750716443,8512,34288.302460960345,1,23433,80,797.8142883023024,DDoS,CICIoT2023,2
2.524659437444959,3,1970.524202316745,1,0,0,71.62958424512786,Spoofing,CICIoT2023,8
0.19690825883127483,7185,554374.4624167853,17,32579,80,920.6948363069787,DDoS,CICIoT2023,2
1.0993434446753076,9594,104195.96552954859,6,40047,80,934.9810889662128,DDoS,CICIoT2023,2
0.9470686659361864,5419,176546.5457824755,17,58796,80,893.4573970766594,DDoS,CICIoT2023,2
1.2599429696974038,6731,143031.4187054484,6,23755,80,1412.8573897609613,DoS,CICIoT2023,3
54.057685351098925,73,7917.61569524865,17,58500,22,1.0091813590360448,Normal,CICIoT2023,5
50.787762359923,26,2688.8184476992114,17,6121,80,2.431607295024822,Normal,CICIoT2023,5
16.52848090358075,10,4105.236103686082,6,6521,443,0.7240178648825867,Normal,CICIoT2023,5
39.08781080468814,67,2377.8962956894848,6,44850,443,3.472290993947943,Normal,CICIoT2023,5
0.6054191283039692,17,223.2007664622004,1,0,0,73.58948220545443,Spoofing,CICIoT2023,8
11.38367485343214,38,2530.329478827,6,35181,22,6.58207642691167,Normal,CICIoT2023,5
2.1399028556247455,144,12800.512974968238,6,55888,21,72.81291477976202,Brute Force,CICIoT2023,1
1.2954300042262483,99,5884.470051316598,6,11612,22,1.931740722212174,Normal,CICIoT2023,5
16.784509126237566,30,3431.471131446317,6,12918,80,0.6797821284926737,Normal,CICIoT2023,5
0.36165181618233094,1562,82004.25621010533,6,47790,80,510.18226103538467,DoS,CICIoT2023,3
0.23788534784838497,6202,136684.18054359703,17,30519,80,1986.479254245028,DoS,CICIoT2023,3
0.7900769748470516,9720,1385418.0891445288,17,3963,80,1047.2271444617854,DDoS,CICIoT2023,2
1.3113532722847367,6392,604043.9200450781,17,31677,80,846.1014149091782,DDoS,CICIoT2023,2
0.5325985746224201,3775,446616.776461948,1,60895,80,786.9337350447715,DoS,CICIoT2023,3
8.848668094227907,22,687.841592219657,17,50916,443,0.588976289064671,Normal,CICIoT2023,5
2.1433021837590855,368,6303.394347855007,6,2918,23,252.70702834056772,Brute Force,CICIoT2023,1
9.828876725188149,129,159.64833420840077,6,43259,22,141.74953681705517,Brute Force,CICIoT2023,1
0.16812687366170462,3770,197978.17379522524,6,15657,80,1893.0940539160033,DoS,CICIoT2023,3
25.467947311338364,38,613.5909402728504,6,34062,80,0.36847184245283626,Normal,CICIoT2023,5
0.87666048568278,9250,77224.38455487219,17,5882,80,1287.7112776544445,DoS,CICIoT2023,3
4.403387783629562,25,3840.755572127058,6,11868,443,1.1695362951285864,Normal,CICIoT2023,5
5.38042891290938,73,636.5594723593604,17,40721,22,2.47694401111819,Normal,CICIoT2023,5
17.967427948085977,28,6654.334567089859,17,15925,22,2.2137651725127077,Normal,CICIoT2023,5
0.3320423603432719,9676,30721.502665432236,1,51891,80,1686.2745164497687,DDoS,CICIoT2023,2
4.034729549249106,19,456.91182532878713,1,0,0,32.24846070375699,Spoofing,CICIoT2023,8
1.4941722036241232,2151,127972.46727015555,17,7326,80,1214.0310603201797,DoS,CICIoT2023,3
1.3532433729824416,9402,17023.610267775613,1,19915,80,1047.6408803477088,DoS,CICIoT2023,3
0.9211273305516067,8494,42387.766032265725,17,29005,80,1242.1313606535555,DDoS,CICIoT2023,2
3.15391112445219,97,3776.6771412928306,17,9545,22,0.06845781063599479,Normal,CICIoT2023,5
3.2817101744913413,38,2144.0324342331664,6,37510,22,0.7990994780088305,Normal,CICIoT2023,5
6.29015864559735,188,1364.7073840250562,6,49724,23,218.06970736852,Brute Force,CICIoT2023,1
35.17257643150441,89,17540.214427191266,17,26275,80,1.4715834892149797,Normal,CICIoT2023,5
4.198282754593006,4,6253.1793503278905,1,0,0,72.84453341774918,Spoofing,CICIoT2023,8
0.31957823786519524,6932,786233.999694114,6,7357,80,1563.0150799482603,DDoS,CICIoT2023,2
0.3301333635732472,6067,451196.1242484555,17,41765,80,1989.7311553852408,DDoS,CICIoT2023,2
1.1398708996436726,7850,489156.82546826766,1,62033,80,1459.9345776718555,DoS,CICIoT2023,3
1.2917773967355595,3169,1338620.3279176971,1,56630,80,617.993087471388,DDoS,CICIoT2023,2
0.9421811424423095,8,408.27867624745,1,0,0,40.69848849286616,Spoofing,CICIoT2023,8
5.891856819175683,982,672.0959348940872,6,27986,22,81.48516026187514,Brute Force,CICIoT2023,1
1.3556152855034715,1039,322354.4782406798,17,55549,80,1429.1676107272299,DDoS,CICIoT2023,2
25.374033928563634,46,7804.423653684194,6,18691,22,0.8169539936339846,Normal,CICIoT2023,5
0.9158594327401895,1815,414266.7988124749,1,19919,80,1201.6373464363692,DDoS,CICIoT2023,2
9.712652526187105,80,461.369857677505,6,21125,21,74.5144621406144,Brute Force,CICIoT2023,1
9.59853414651959,20,352.64505675110945,6,16969,80,0.4395832769520413,Normal,CICIoT2023,5
0.482710272510053,3282,1123520.476065632,6,18885,80,1291.711045338245,DDoS,CICIoT2023,2
1.4995643803545282,6592,234528.28404016173,17,62884,80,1275.6813321699956,DDoS,CICIoT2023,2
1.1477796146250963,9357,1728863.5375755813,6,62861,80,1173.2475397709727,DoS,CICIoT2023,3
1.9737987074358707,97,2972.6777787232527,17,58040,22,1.5449742305530114,Normal,CICIoT2023,5
0.7085402474427096,3274,97535.83825835098,1,19985,80,985.9689120651494,DoS,CICIoT2023,3
6.284195214257808,904,19141.897875717437,6,22237,21,172.87855645795665,Brute Force,CICIoT2023,1
56.65297381408467,68,1822.914151622007,17,5298,443,1.8628848955363142,Normal,CICIoT2023,5
2.4085917489645636,23,6957.114362509838,6,56072,22,1.7238960078960013,Normal,CICIoT2023,5
4.220319517323486,270,19545.611193538636,6,12990,22,174.7590432260203,Brute Force,CICIoT2023,1
41.22149996740157,49,9463.351203609924,17,65254,80,0.46964234401142835,Normal,CICIoT2023,5
0.11822633800849003,19,1425.5701829877655,1,0,0,44.19639570337773,Spoofing,CICIoT2023,8
0.6782429897239244,1754,2937051.7262951443,1,18134,80,1641.9131845256188,DDoS,CICIoT2023,2
47.5975336720014,12,4327.800564899125,17,53160,22,0.9505112535284841,Normal,CICIoT2023,5
2.418545992991687,16,1086.3111451167256,1,0,0,80.49852011974252,Spoofing,CICIoT2023,8
0.4098262889992396,2914,2139318.664169854,6,63692,80,798.6234692419366,DDoS,CICIoT2023,2
0.8856778102288,7103,282310.73305613466,6,30082,80,1000.7223675638561,DDoS,CICIoT2023,2
20.513114096742225,88,2771.5465828381084,17,6938,80,0.10900927192688671,Normal,CICIoT2023,5
0.8189603197586788,8211,594156.5863293532,17,14477,80,1788.0080823942442,DDoS,CICIoT2023,2
2.8745377073894867,84,1731.8739754293554,6,24407,80,2.3737118082640003,Normal,CICIoT2023,5
9.738780029258324,77,12244.852387455558,6,48824,443,0.9624690663016239,Normal,CICIoT2023,5
9.6113320353179,57,13582.85552112732,6,45740,21,239.72221253511165,Brute Force,CICIoT2023,1
12.411297807204013,18,27235.530748302655,17,62772,22,0.7387889181187792,Normal,CICIoT2023,5
0.9209219495165898,1114,17691.273349944535,6,52523,80,922.9053265126377,DoS,CICIoT2023,3
9.79400923182525,49,12019.835782297298,6,4700,443,0.17810067774176316,Normal,CICIoT2023,5
0.9786377521984978,3036,94592.90057404341,6,64981,80,1235.0063761465153,DoS,CICIoT2023,3
2.754910478320788,28,13551.094298030923,6,60762,80,0.1918832657029103,Normal,CICIoT2023,5
5.624882513004103,511,27219.457855536508,6,61603,22,83.75953417013686,Brute Force,CICIoT2023,1
0.708290939124614,9448,1918206.9746512317,6,63136,80,755.2141102657368,DDoS,CICIoT2023,2
6.699260770914314,55,1950.423878436581,17,8655,443,2.187967104315091,Normal,CICIoT2023,5
18.609100276670915,10,102.05186815458131,6,39483,443,6.897076638248251,Normal,CICIoT2023,5
39.44563288847639,55,5373.16546303886,17,51369,22,0.7693167937383288,Normal,CICIoT2023,5
0.385781579217403,7200,340235.52082400117,1,46995,80,1034.7150062716812,DDoS,CICIoT2023,2
3.664956137546098,80,2861.616125276099,6,60964,443,0.22811253395954484,Normal,CICIoT2023,5
2.489149856643909,9,1174.3805042146498,1,0,0,80.32205965556803,Spoofing,CICIoT2023,8
1.023268623997662,9166,59859.291647282655,1,44976,80,1109.9087795691435,DDoS,CICIoT2023,2
13.904587340578063,46,2057.0385342855834,6,30093,80,1.272635568478261,Normal,CICIoT2023,5
1.318391643508695,7852,78240.1361019974,1,63719,80,1097.0822610184066,DDoS,CICIoT2023,2
0.77531374205369,8822,243923.2159333827,6,10667,80,1954.041867493664,DoS,CICIoT2023,3
49.14359612024633,53,2765.309118821937,17,11561,22,0.882045090851593,Normal,CICIoT2023,5
6.099431357102957,91,8907.49266148816,6,1075,22,6.7284217500934025,Normal,CICIoT2023,5
18.272746753973323,56,3420.6680434842433,6,37748,443,1.3381693861109705,Normal,CICIoT2023,5
0.47872650435387865,7875,259753.6545842251,17,47069,80,930.300312474191,DoS,CICIoT2023,3
0.4101836104561202,8874,3653972.4037262583,17,61738,80,993.2027068676805,DoS,CICIoT2023,3
0.9923989106961622,4464,41759.139086478404,17,30289,80,1652.6316066758632,DDoS,CICIoT2023,2
4.4365750902815675,18,3265.839913796106,1,0,0,22.41054481731189,Spoofing,CICIoT2023,8
3.9022865640946875,10,1439.2994554974164,1,0,0,70.36724804245961,Spoofing,CICIoT2023,8
1.2725590303249565,1613,267826.9899782583,1,53292,80,1610.4695462659272,DDoS,CICIoT2023,2
2.759922734236966,6,137.1791644520333,1,0,0,43.012529662600514,Spoofing,CICIoT2023,8
8.730329249313808,30,3536.7133901408592,17,47894,443,0.336091520859105,Normal,CICIoT2023,5
10.009805991733018,68,5079.865935654282,6,21608,80,0.336401267641322,Normal,CICIoT2023,5
7.922037100322699,91,12196.476645359793,6,51969,443,4.663546857231362,Normal,CICIoT2023,5
8.52513001834543,16,7215.373671097928,6,62734,443,0.3513275937048176,Normal,CICIoT2023,5
1.49405904723955,9411,359127.709432908,1,3635,80,1751.1673748994876,DDoS,CICIoT2023,2
8.197864685157157,138,19829.314743175495,6,60646,21,166.81033610220928,Brute Force,CICIoT2023,1
5.118224527441006,97,277.09558125722276,17,22764,443,3.3216495597280304,Normal,CICIoT2023,5
13.168993128059588,87,3153.4503543654723,6,28042,22,0.8867850332120458,Normal,CICIoT2023,5
0.5741771512721001,8391,171099.96202856506,6,36296,80,1304.2884189233064,DDoS,CICIoT2023,2
5.042333824589913,342,26201.281297944886,6,38912,23,103.43417199547767,Brute Force,CICIoT2023,1
4.290142315147648,62,1392.418239561669,17,32993,443,1.162373867406283,Normal,CICIoT2023,5
0.7236661365656724,6775,1542265.4200361704,17,34850,80,1960.6707514683933,DDoS,CICIoT2023,2
1.123481682684278,57,3545.5397720168367,17,31693,443,0.026325569557459454,Normal,CICIoT2023,5
3.8257132200844155,91,1553.2532665261278,17,45522,443,0.29220934902424944,Normal,CICIoT2023,5
5.478845990546963,371,348.61794761717783,6,13366,21,85.92190629605318,Brute Force,CICIoT2023,1
7.389397660908217,717,5088.965056231248,6,56918,22,252.03926225605318,Brute Force,CICIoT2023,1
3.9073106007919227,19,2609.8257031198264,17,27675,22,0.7585821924654182,Normal,CICIoT2023,5
1.7824560462302874,150,9319.178355216025,6,3424,23,214.57094585653934,Brute Force,CICIoT2023,1
0.40307105167007273,2018,183472.60318623422,17,4560,80,1064.3021199427972,DDoS,CICIoT2023,2
0.4094865880042826,9,1274.1861990818136,1,0,0,61.606146330793344,Spoofing,CICIoT2023,8
1.3925719384944202,6897,503767.3813230127,17,47032,80,1472.2201145734668,DDoS,CICIoT2023,2
1.12482860640874,2626,1005885.8069197851,17,7901,80,821.9569443566429,DDoS,CICIoT2023,2
0.960177248052474,3107,641541.674715229,6,22377,80,1769.841754941928,DDoS,CICIoT2023,2
0.10516089627812554,1043,598025.7062518039,6,4463,80,1243.5755151174133,DoS,CICIoT2023,3
6.6367904838738845,25,6132.52449419462,17,51936,443,4.01576400792924,Normal,CICIoT2023,5
20.33328705417908,53,1308.7306975803683,17,4089,22,0.38738622819821056,Normal,CICIoT2023,5
21.39963126018061,76,3127.21536102501,17,10056,22,1.3104319519506875,Normal,CICIoT2023,5
0.6775132274566136,5615,287663.3685162117,1,59355,80,740.4807070504016,DoS,CICIoT2023,3
5.972536364093525,19,377.2072348680789,6,58827,80,0.32397771309769735,Normal,CICIoT2023,5
0.1647206853052821,3808,63251.83245271044,17,61611,80,794.7239786043779,DoS,CICIoT2023,3
3.262871369687171,383,17843.553638898808,6,63541,23,103.3407670082428,Brute Force,CICIoT2023,1
8.293231296703716,67,1277.9335003390013,17,15270,22,0.24109392075883024,Normal,CICIoT2023,5
1.2109574486278418,4955,99798.24717286357,17,17812,80,1687.9415217000735,DoS,CICIoT2023,3
0.19949997193316152,3952,103256.75004874208,6,64990,80,894.8692622458166,DDoS,CICIoT2023,2
2.825558330726287,13,1532.5230729692555,1,0,0,73.4316039932766,Spoofing,CICIoT2023,8
7.213755770142157,9,1410.9725557747154,17,56589,22,0.30882468408939373,Normal,CICIoT2023,5
1.2882548860168974,1537,99297.27839571245,6,30738,80,1178.4117684337084,DoS,CICIoT2023,3
0.17893027089175118,11,2635.3128637907307,1,0,0,17.89956227110965,Spoofing,CICIoT2023,8
7.013625957621146,310,33416.893062557705,6,27807,23,206.8890059676616,Brute Force,CICIoT2023,1
0.541015852999312,7163,268378.775465873,17,57811,80,1260.1550610766822,DoS,CICIoT2023,3
0.1985525136826021,4164,732648.6497272806,17,53611,80,720.3633635343905,DDoS,CICIoT2023,2
0.8327196321868086,8623,930548.721320163,17,60429,80,1651.791384688783,DDoS,CICIoT2023,2
0.298494947412477,17,453.97835482944174,1,0,0,46.17567321536976,Spoofing,CICIoT2023,8
1.2701598687053872,1288,184278.11927625848,6,61294,80,1035.8629522552042,DDoS,CICIoT2023,2
13.907638168438993,71,1451.2604873958062,17,27349,443,0.2720574822557925,Normal,CICIoT2023,5
1.6511354545245163,103,1470.1882781905424,6,34639,21,146.35527493246965,Brute Force,CICIoT2023,1
0.8060281949733709,2239,161982.2723564684,1,44363,80,1483.1235452042824,DoS,CICIoT2023,3
0.02231529393932901,6055,359651.3662099751,6,41575,80,1880.295479111411,DoS,CICIoT2023,3
1.756118827547519,17,9708.085640946627,17,17532,80,0.1725695467578711,Normal,CICIoT2023,5
0.19799268932161776,1530,368738.5093228285,17,15480,80,1478.9201026210303,DoS,CICIoT2023,3
1.9488708304459288,53,3277.1866971180953,6,12944,80,5.058278126422919,Normal,CICIoT2023,5
0.6667402190362998,2142,282425.9150986217,1,60123,80,657.1438046771601,DoS,CICIoT2023,3
10.08330475050749,30,9966.724052564321,17,31227,443,2.5718806659216913,Normal,CICIoT2023,5
1.2506980031938764,1839,426845.82022138714,6,58524,80,1025.3549214906152,DoS,CICIoT2023,3
9.253886546546148,382,2539.357822234552,6,2161,22,279.20164451869414,Brute Force,CICIoT2023,1
13.320569502188704,79,598.4621048736349,17,56622,22,0.3716076703578927,Normal,CICIoT2023,5
8.356712097421994,670,5850.358284000809,6,48928,22,129.91301556382516,Brute Force,CICIoT2023,1
1.217545041224024,2977,13649.691746031878,17,52843,80,1143.258522946086,DDoS,CICIoT2023,2
2.0566981173184007,5,1006.6411413006496,1,0,0,25.71850589098313,Spoofing,CICIoT2023,8
1.2746989666360025,1883,85437.49911251594,6,10439,80,1367.8780228894248,DoS,CICIoT2023,3
0.1218895322499178,8478,206563.99468684776,17,8844,80,1007.7899520902536,DDoS,CICIoT2023,2
0.04056228850485036,9269,518060.00212888035,6,47077,80,1979.6210277243333,DoS,CICIoT2023,3
3.6882237803859113,9,56.48987330262025,1,0,0,82.45133921062632,Spoofing,CICIoT2023,8
0.03908863034001125,5861,339754.1203938545,6,35388,80,1743.7726699248765,DDoS,CICIoT2023,2
9.798967218595084,23,685.3868308187508,6,44126,22,1.9101405470197586,Normal,CICIoT2023,5
1.243784495803636,1938,461109.7660040164,1,13965,80,746.277446084538,DoS,CICIoT2023,3
0.7049715112806065,12,1000.823967685835,1,0,0,30.467955585117636,Spoofing,CICIoT2023,8
0.26527357123701867,7437,480093.6179221285,17,51379,80,632.0090412671784,DoS,CICIoT2023,3
1.341366529412671,8904,197979.4204415017,1,55523,80,1085.0990986214424,DoS,CICIoT2023,3
1.2967297346773274,4093,840695.7853513061,6,59830,80,822.6808955690614,DDoS,CICIoT2023,2
4.144352091557962,14,564.0636296909114,1,0,0,61.92632351088812,Spoofing,CICIoT2023,8
5.814334935370525,97,1032.4330573233988,17,26789,80,4.160819898990624,Normal,CICIoT2023,5
0.04963781975888018,1597,963532.8038988455,17,8169,80,1779.7594679700837,DDoS,CICIoT2023,2
5.610051742696085,99,5185.277877213097,6,11513,80,1.6275230854153497,Normal,CICIoT2023,5
17.249545717622887,89,3892.1712317934325,17,21157,443,0.13816486853249113,Normal,CICIoT2023,5
2.857034948643318,97,4778.758263650227,17,41885,80,1.1228444391720414,Normal,CICIoT2023,5
13.122398541532485,90,5913.713917423622,17,39323,80,2.8119538271445403,Normal,CICIoT2023,5
0.9765556133742228,8887,314050.5428726979,1,29439,80,1060.2794963476117,DoS,CICIoT2023,3
19.1572694104807,55,14389.400782469938,17,41332,80,1.2274079247527974,Normal,CICIoT2023,5
0.967056279953859,6695,218049.35070672721,1,15259,80,944.0982650584206,DDoS,CICIoT2023,2
11.851915424276767,89,7921.678983144735,17,62860,443,0.09696193723709151,Normal,CICIoT2023,5
1.6315267902976216,80,6553.289751511346,6,24270,443,1.6382639778857522,Normal,CICIoT2023,5
12.393559823226386,24,981.2876369558097,6,33494,80,0.67559585752939,Normal,CICIoT2023,5
7.858273639808257,61,5485.902867570936,6,38156,443,0.1542953332531426,Normal,CICIoT2023,5
0.16462431586576365,5960,466444.7349020935,1,32150,80,1525.8400321665154,DDoS,CICIoT2023,2
1.194248654682957,2499,341786.6985138537,1,1754,80,1072.9370285679033,DoS,CICIoT2023,3
0.850808586358047,2701,239500.69832650313,6,46790,80,1022.3459595610531,DDoS,CICIoT2023,2
1.0682126739912348,1757,420890.40657389275,6,6675,80,1280.85581644876,DDoS,CICIoT2023,2
8.458075647215272,85,6160.3193805624815,17,5641,80,0.3139767606606616,Normal,CICIoT2023,5
1.6498325087555596,19,593.6651540032144,1,0,0,51.051448805197,Spoofing,CICIoT2023,8
55.47349528921681,93,26366.07278954485,6,21638,8080,21.226864185059558,Botnet,IoT23,0
12.375668834500605,285,13575.281965306905,6,60892,8080,42.105965280837154,Botnet,IoT23,0
17.260083856202357,69,5379.908245748594,6,62989,80,0.03363444283541,Normal,IoT23,5
10.410207185527604,32,2881.4692672018655,6,26404,443,0.6260937367734138,Normal,IoT23,5
289.2860956627845,114,10434.855850717211,6,9249,8080,38.45139723760771,Botnet,IoT23,0
44.72084477701078,187,68578.0972987167,6,25259,443,8.465249945462924,Malware,IoT23,4
173.12035203782222,289,4824.203421422603,6,46574,6667,40.80489449840773,Botnet,IoT23,0
112.3841247326717,117,9175.363164962178,6,57200,443,12.146649203781628,Malware,IoT23,4
144.94863538857942,383,1309.491451529606,6,39099,443,3.1041315680986834,Malware,IoT23,4
5.805258192238778,40,155.82755777072168,6,44459,80,0.38657108289767794,Normal,IoT23,5
151.77266796903223,40,18708.98707067077,6,28062,6667,45.30622335153785,Botnet,IoT23,0
217.23227571362838,130,13156.969463294816,6,21362,6667,47.30702783508556,Botnet,IoT23,0
9.397056703074309,45,1836.5178264755943,6,24343,22,2.733955140500497,Normal,IoT23,5
179.8819154687616,431,12446.944171829535,6,50584,443,9.827254713988534,Malware,IoT23,4
3.329599089356968,77,799.6206820194485,6,6889,677,242.9033022885747,Reconnaissance,IoT23,7
9.7047628554328,89,763.6072317744415,6,52781,22,6.99328867799424,Normal,IoT23,5
5.477728267326895,81,138.494275847902,17,38843,22,0.15246669884428604,Normal,IoT23,5
93.30775594313302,410,5445.045016228545,6,1563,23,40.13005214204033,Botnet,IoT23,0
31.20787433778109,417,21428.32795322605,6,9084,443,3.2024952196659617,Malware,IoT23,4
5.157001000548991,29,17972.006484312325,17,41969,443,0.27710901084427797,Normal,IoT23,5
198.07413468262064,164,25753.085205533058,6,11673,8080,35.942684121020704,Botnet,IoT23,0
32.88293057903812,257,20686.759907166328,6,19579,6667,15.049728858435067,Botnet,IoT23,0
6.496328257086294,93,12390.707953287101,17,2253,443,4.095687349027264,Normal,IoT23,5
15.556360623835037,87,2441.4427410569324,6,2860,80,0.04477366944730654,Normal,IoT23,5
12.042237643061664,34,8145.223496797794,6,62407,22,0.09371589519104435,Normal,IoT23,5
2.518686561125498,109,765.4492808829701,17,19326,35,370.5332501435211,Reconnaissance,IoT23,7
299.25893729087204,290,9250.057359613023,6,39308,23,5.076031719645858,Botnet,IoT23,0
77.35720042296462,244,16520.87697034381,6,17220,8080,32.520394040193814,Botnet,IoT23,0
134.30581905776742,493,18130.587814642437,6,10845,443,4.568900288892632,Malware,IoT23,4
224.94236148889206,464,1568.4679018031607,6,55283,8080,10.220696556045908,Botnet,IoT23,0
2.882002668222254,68,191.8302099034673,17,49223,256,835.5951551626473,Reconnaissance,IoT23,7
3.615712497852988,483,41534.465905258076,6,29014,443,12.749615121543197,Malware,IoT23,4
148.72440554995947,350,38665.10695504394,6,62122,6667,8.729027198494485,Botnet,IoT23,0
117.24964833941166,191,27611.796954065998,6,21610,6667,6.604230602019721,Botnet,IoT23,0
6.69230818902468,59,1320.1717561249513,6,18269,170,482.177076121704,Reconnaissance,IoT23,7
85.51641285696235,22,58339.39267211425,6,22937,23,33.756474287494704,Botnet,IoT23,0
13.37666412758349,233,31633.4916411114,6,52124,443,2.4413598496772746,Malware,IoT23,4
52.807287138068304,365,49616.99079339316,6,57528,443,10.157687919507385,Malware,IoT23,4
259.4010635268156,298,2639.938124775332,6,36912,8080,38.94278284114584,Botnet,IoT23,0
2.2284758589009583,106,549.7802079870268,6,20147,176,299.61498516850577,Reconnaissance,IoT23,7
8.37036312578115,39,4051.6771636828867,6,33890,22,1.132731532710487,Normal,IoT23,5
19.791735217383206,65,3260.3493103009005,17,20899,22,6.795689612632596,Normal,IoT23,5
19.681194918897212,418,39897.45083003202,6,20639,443,8.299156181788888,Malware,IoT23,4
29.907150671229093,85,4999.256975769744,6,48958,443,2.358664763855522,Malware,IoT23,4
18.212952812706302,24,2033.7818255083753,6,33993,443,0.8761488308657681,Normal,IoT23,5
2.9444736059692214,38,4907.524500051776,17,29223,80,0.8333847574300842,Normal,IoT23,5
190.41474407173678,385,28785.035145007285,6,1151,8080,10.049418172524746,Botnet,IoT23,0
8.309651200813445,31,2964.7076948964213,17,25933,80,2.6850205516464074,Normal,IoT23,5
78.76380997141187,313,30822.17190557739,6,49908,443,4.749543259304706,Malware,IoT23,4
116.91192870233934,67,9062.582417574788,6,6375,8080,24.142096195930005,Botnet,IoT23,0
253.59546761646882,383,13539.097067747938,6,6855,6667,29.827402647670542,Botnet,IoT23,0
44.936459408974486,36,32933.22974587314,6,58102,6667,31.8351681406669,Botnet,IoT23,0
2.893341164573072,33,997.065341947304,17,31854,443,4.0864728288709715,Normal,IoT23,5
41.48472135693606,48,4727.00182731486,17,29472,80,2.1981457522769046,Normal,IoT23,5
70.56420824400058,406,1306.4066467111768,6,20570,6667,29.32138439077302,Botnet,IoT23,0
29.78642582219164,94,458.810618944336,17,63764,22,0.47878462111821946,Normal,IoT23,5
163.3645537779309,123,5314.231500855105,6,31590,8080,39.23248729127115,Botnet,IoT23,0
14.750575912222816,23,5017.171963831111,17,31451,80,0.7085060124062252,Normal,IoT23,5
24.81741301352176,54,10478.43811686146,17,16143,443,0.31555312526615326,Normal,IoT23,5
12.84016715835043,37,961.8889813680063,6,17454,443,2.036698202948962,Normal,IoT23,5
262.53086976559223,109,4455.646436890044,6,6792,6667,46.70596309782036,Botnet,IoT23,0
13.858364182746241,161,1838.8476836637258,6,41078,443,4.581772921593397,Malware,IoT23,4
7.241955671762421,77,2140.4911590505444,17,60881,363,394.4628234812403,Reconnaissance,IoT23,7
87.97004073405957,499,9370.704456599002,6,17975,23,10.612877100798002,Botnet,IoT23,0
153.05040097729218,218,8243.75527377927,6,3278,8080,18.497022018967435,Botnet,IoT23,0
206.6135260798309,36,9097.069513714132,6,34946,8080,33.46281096323483,Botnet,IoT23,0
35.73023569817381,429,4562.377219214366,6,5525,6667,44.00663509061689,Botnet,IoT23,0
5.38294961300873,89,4393.680966778544,17,39402,443,1.6628410151422928,Normal,IoT23,5
7.158174593461968,45,1414.2828081169189,6,56429,80,0.28316205872904615,Normal,IoT23,5
18.625379803700305,227,12546.965556951483,6,31650,6667,8.98979115274415,Botnet,IoT23,0
4.665376301898555,409,7612.603149886238,6,40650,443,4.809843617246754,Malware,IoT23,4
136.7271880988461,397,22463.325584489838,6,14900,8080,45.62580681997867,Botnet,IoT23,0
214.8758542337345,385,6903.2262440443965,6,25312,6667,29.973022391788568,Botnet,IoT23,0
226.5087297010743,486,34529.78829461431,6,49901,8080,38.62147502424371,Botnet,IoT23,0
92.76452676455968,143,7272.276746085963,6,42909,23,10.621673104246959,Botnet,IoT23,0
3.4091707368306294,65,3771.069504768829,17,32418,443,0.06156544504329179,Normal,IoT23,5
95.96150356002597,189,17485.71362551001,6,17860,8080,46.97704483460477,Botnet,IoT23,0
31.600024981372528,389,15490.381638509238,6,48023,6667,22.132910494409813,Botnet,IoT23,0
75.05161197358203,216,23174.13871466694,6,24238,443,8.648089080520998,Malware,IoT23,4
8.678651295775385,88,2255.930920793842,6,65102,443,1.0275217635539022,Normal,IoT23,5
3.8789082107950708,68,8714.330443601293,6,6397,443,10.378158433172054,Malware,IoT23,4
176.16941423356164,164,9734.806753537465,6,31874,6667,6.798741323915262,Botnet,IoT23,0
25.759690656619938,432,5519.355433043544,6,43500,8080,49.79840601403149,Botnet,IoT23,0
235.09194881937918,441,7602.682372199136,6,31272,6667,29.455238948248116,Botnet,IoT23,0
4.393877741281455,113,1023.1146944086873,6,53868,962,686.214585322308,Reconnaissance,IoT23,7
2.923935206628345,58,10290.207948195964,17,58673,80,4.375378709519332,Normal,IoT23,5
6.633332960533487,36,5540.11617898443,17,33623,80,3.706903037330744,Normal,IoT23,5
21.633899553077697,87,7357.078454198272,6,15233,22,3.7924615352623903,Normal,IoT23,5
3.8421595911428774,35,5077.391915280248,6,39033,443,4.866638651154913,Normal,IoT23,5
3.849294139902202,57,1270.8987720664306,6,15129,829,300.925450088587,Reconnaissance,IoT23,7
23.640654647938,63,10113.68211484128,17,31896,22,0.5468598803366326,Normal,IoT23,5
149.44726169808243,228,9380.493043776105,6,49675,23,6.522654523539142,Botnet,IoT23,0
145.51071745160965,51,3573.7972375032828,6,57558,6667,48.212279389394524,Botnet,IoT23,0
12.319288956682328,149,13234.867844966113,6,60767,6667,24.517794364407315,Botnet,IoT23,0
5.231580474956918,50,3747.9439052209796,6,8871,80,1.5080742223641581,Normal,IoT23,5
25.312660208981423,453,16021.126337053984,6,59577,443,8.309708086713579,Malware,IoT23,4
151.93981355473576,127,719.0878934355324,6,18378,6667,48.96093560984349,Botnet,IoT23,0
121.88838241814578,247,9862.008891706138,6,10256,23,42.2555893496958,Botnet,IoT23,0
64.31970358505595,150,27199.352679786116,6,33562,443,1.2210522531349974,Malware,IoT23,4
47.51348579363312,150,1916.2441512954215,6,31504,6667,38.45363052735246,Botnet,IoT23,0
122.93081100199944,48,63584.43892280442,6,7868,8080,40.277067060828514,Botnet,IoT23,0
294.5207792521886,368,55640.297603591025,6,50479,23,10.34958075708965,Botnet,IoT23,0
40.85579484757575,221,2273.363784066836,6,37490,23,44.145814038386256,Botnet,IoT23,0
3.9372778016524674,25,5621.840825447486,6,26942,443,0.6096577164097736,Normal,IoT23,5
9.735594557497222,148,159.23950349828152,17,43488,810,385.8517902654571,Reconnaissance,IoT23,7
2.2523197692182606,75,1651.2938991960486,17,57249,22,4.285214868825938,Normal,IoT23,5
19.80522530415519,91,3224.4028615119723,6,57769,80,2.339571419580313,Normal,IoT23,5
9.603537941638054,98,5311.168669659744,17,54558,443,1.2220813343889496,Normal,IoT23,5
0.43512671770048683,72,16.526152230443913,6,35585,631,963.6054568620391,Reconnaissance,IoT23,7
91.67033581699896,239,700.1466763033819,6,50788,6667,20.047676771850682,Botnet,IoT23,0
4.924065338209595,196,43076.34946867588,6,29316,443,7.977681646739233,Malware,IoT23,4
3.7408424564264005,143,337.9277653384481,17,53284,279,604.43848836138,Reconnaissance,IoT23,7
7.669758839961801,333,9514.987632627946,6,10095,443,11.904572942963041,Malware,IoT23,4
94.56088963280563,470,7979.022796292986,6,57409,6667,41.74870855610243,Botnet,IoT23,0
8.277735623935133,59,2471.8665069605413,17,22875,660,352.0773996321761,Reconnaissance,IoT23,7
68.90143340688172,466,4942.652402876292,6,11406,443,12.261475523544814,Malware,IoT23,4
10.10514032112293,52,3767.0025112645276,17,62398,80,0.00841223755333085,Normal,IoT23,5
25.510311006558684,454,33482.08497296519,6,62773,443,3.732567772722784,Malware,IoT23,4
156.48542169645395,280,26430.25735174213,6,57672,443,10.257619932337203,Malware,IoT23,4
277.7242497918883,333,8091.133005424537,6,50722,8080,8.659960105717529,Botnet,IoT23,0
48.478400640048605,22,5816.237356926404,17,18045,443,1.3153964898540793,Normal,IoT23,5
18.267010234031286,237,51720.318015269964,6,31525,443,7.515942522015396,Malware,IoT23,4
74.45248866122279,384,1722.863824763143,6,39344,443,7.036374449700636,Malware,IoT23,4
285.2744964965915,254,18679.363601152203,6,18308,6667,6.0783964981590834,Botnet,IoT23,0
111.04832911708847,239,3983.7574855587586,6,43712,6667,17.99898040001989,Botnet,IoT23,0
80.27047752987157,465,8117.645517459666,6,49559,8080,49.46744623710044,Botnet,IoT23,0
14.083721430778247,46,5423.014757600186,6,55124,443,0.49910344703750303,Normal,IoT23,5
273.3908780445809,386,17532.47358635661,6,24705,8080,39.214858659376326,Botnet,IoT23,0
170.11734127628225,81,637.1005566856556,6,51370,23,46.86070230921747,Botnet,IoT23,0
102.92126281369963,226,34112.315129126706,6,40773,23,46.339216603421804,Botnet,IoT23,0
71.93823723862143,446,22039.513071942856,6,35576,8080,37.817492971216154,Botnet,IoT23,0
276.6140822263582,118,1326.2755034578545,6,61324,23,22.89322487667754,Botnet,IoT23,0
2.2126789303338144,81,2027.7407458996065,17,47393,80,1.1863923382735542,Normal,IoT23,5
7.092093684676262,85,864.5032505319624,17,57561,189,233.03041908833683,Reconnaissance,IoT23,7
5.899670221577406,12,9194.049102258241,17,22456,80,2.5551212004547903,Normal,IoT23,5
54.241752384456454,211,40909.49017716268,6,46036,6667,17.213281416547783,Botnet,IoT23,0
117.12833043462672,136,35497.517241192254,6,19273,6667,22.870373562932567,Botnet,IoT23,0
19.525334313686262,19,1392.8977455947625,17,58730,22,1.7848446133455416,Normal,IoT23,5
0.41639272505717684,251,93151.7705979019,6,64810,443,9.213455705012025,Malware,IoT23,4
2.841624440387511,85,8490.411543761067,17,56537,443,2.565809583447514,Normal,IoT23,5
208.12417372752492,475,57973.35998321612,6,6172,8080,40.76489668328307,Botnet,IoT23,0
30.21156326092623,64,3217.3256146916756,6,49677,443,0.48101180442955194,Normal,IoT23,5
169.65814439614704,250,8390.442301760264,6,4934,443,14.386258729209937,Malware,IoT23,4
1.5488984869521703,455,32198.861577854022,6,23549,443,5.837268411240437,Malware,IoT23,4
78.38017162045908,331,1898.2963429865529,6,38738,6667,40.040085668665995,Botnet,IoT23,0
1.0299789300239397,12,7186.134228021023,6,37610,22,0.5520505701667612,Normal,IoT23,5
3.5081642470957934,163,1030.379435115353,6,25532,102,362.0896619518482,Reconnaissance,IoT23,7
26.412552741172764,372,15099.338241510955,6,12957,8080,38.87305742454667,Botnet,IoT23,0
171.0992322285905,319,1317.9542322625039,6,12758,6667,16.161993062137753,Botnet,IoT23,0
106.43464932341169,194,20973.198557253218,6,20813,443,9.98811121057399,Malware,IoT23,4
13.291472798161807,57,145.82964393408878,6,55087,443,0.6564482015676953,Normal,IoT23,5
32.024468044054,77,16389.894937392273,6,17931,443,1.9724095765211982,Malware,IoT23,4
54.47921953538219,15,3451.7160544670164,6,50893,443,1.6603669245563915,Normal,IoT23,5
24.20454308637783,337,868.6365529469555,6,41761,443,1.7096213279942836,Malware,IoT23,4
8.387025981681033,13,13239.885146423188,17,20545,22,2.3991160787651302,Normal,IoT23,5
267.15033944826394,333,12535.959340429888,6,5313,23,6.59356284211476,Botnet,IoT23,0
7.813249738357562,175,867.4554009435085,17,43016,109,556.9353753874784,Reconnaissance,IoT23,7
5.966526560214521,20,143.29652728540063,17,30864,20,440.8521241253463,Reconnaissance,IoT23,7
14.017676433105285,88,4954.9201255119,6,61586,80,1.4219379138007993,Normal,IoT23,5
3.291465641954246,91,1080.9459095328596,6,8208,460,193.95129943138778,Reconnaissance,IoT23,7
267.48088110929524,249,48904.741303372204,6,19811,6667,24.696715253384646,Botnet,IoT23,0
6.565316490693947,181,2092.068222648417,17,65417,673,965.6755736498427,Reconnaissance,IoT23,7
210.38713574298296,70,28996.097977685782,6,64361,8080,25.29938735733609,Botnet,IoT23,0
3.974461184680647,34,7020.78997700134,17,8106,22,5.5450383024969545,Normal,IoT23,5
20.420800559007844,24,492.15480316335425,6,49159,6667,40.05320952820514,Botnet,IoT23,0
74.49218244730417,254,13862.537434255524,6,26824,8080,47.954682021012935,Botnet,IoT23,0
173.84581207149913,60,14738.747864307825,6,65165,8080,41.18966029668568,Botnet,IoT23,0
158.15346717148918,132,9164.098194166902,6,22198,6667,44.71139293980473,Botnet,IoT23,0
20.144797969059287,36,2891.3216679014718,17,63424,22,0.8731300673119807,Normal,IoT23,5
22.50893739776889,125,4964.7110132891385,6,63347,443,1.1118501963122058,Malware,IoT23,4
144.7571396914722,118,26306.47706183999,6,25807,443,10.517204342307233,Malware,IoT23,4
110.34027674581459,285,102025.36706745911,6,59781,443,14.166356967828067,Malware,IoT23,4
235.59471171118628,465,65035.906076098254,6,42688,8080,31.793556598738135,Botnet,IoT23,0
199.98421827876678,380,19626.947255377043,6,4621,23,48.690510658882104,Botnet,IoT23,0
25.51065744240557,60,10176.344460614715,6,40465,80,0.44879761334489354,Normal,IoT23,5
178.06648186324293,194,1666.1960608588552,6,7959,23,48.55011130558256,Botnet,IoT23,0
58.94335936384868,246,33607.447738890834,6,56872,443,3.1004046638726743,Malware,IoT23,4
19.09982090406305,483,58575.22539001393,6,21999,443,1.6595659598088897,Malware,IoT23,4
139.1648513569763,140,13556.71896722264,6,21258,443,7.996157159223435,Malware,IoT23,4
208.58691850499434,402,5188.716368807765,6,29348,8080,30.532742386522624,Botnet,IoT23,0
5.048042815810514,100,366.5871102463481,6,56445,628,511.52332336820297,Reconnaissance,IoT23,7
261.61551365507205,198,26869.131244118696,6,48976,8080,33.512529627049815,Botnet,IoT23,0
21.391810627264377,67,2434.290416599514,6,1134,22,2.06823995907233,Normal,IoT23,5
19.350437599771087,21,541.5910571671129,17,28001,443,0.579631665983981,Normal,IoT23,5
18.70010738226705,5,777.2395666730631,17,7819,80,5.245354987104328,Normal,IoT23,5
1.4348385490902014,20,3129.241401522736,6,28912,80,0.6244934802734015,Normal,IoT23,5
39.10301881516749,50,5499.863072265589,6,21557,80,4.381225244006083,Normal,IoT23,5
2.352778870005215,75,2024.736433701868,6,62312,447,581.1529764881196,Reconnaissance,IoT23,7
70.43862138624385,30,13075.758245578681,6,4126,443,2.5384566857065947,Malware,IoT23,4
8.03471394835692,29,1197.8123526887355,17,22203,394,861.2542804717621,Reconnaissance,IoT23,7
259.1352783573318,268,21221.07846426655,6,37280,23,30.348723960994107,Botnet,IoT23,0
22.93912965608265,299,1537.8387892106557,6,7793,6667,13.316979442721726,Botnet,IoT23,0
26.044990585999834,25,2205.9379962308462,6,25493,8080,24.90600851155937,Botnet,IoT23,0
124.81911383105835,287,20382.507267238507,6,5629,8080,40.55356947191758,Botnet,IoT23,0
213.3625595028844,114,21739.649290333087,6,8811,23,33.48016540934141,Botnet,IoT23,0
16.044096423919125,408,29234.87501826705,6,28059,443,4.342417294148472,Malware,IoT23,4
4.123556252556167,39,1977.8849842647487,6,47491,80,1.0376445733012996,Normal,IoT23,5
19.187942722368888,238,58063.56058955759,6,17134,443,8.367030767352247,Malware,IoT23,4
13.22469423045233,79,1591.0328990192106,17,23107,22,0.5339278381207538,Normal,IoT23,5
69.16326817836814,75,723.9809630749569,6,50208,8080,18.484371324571846,Botnet,IoT23,0
174.20629162581594,279,8732.480563470148,6,26411,8080,46.84066112607408,Botnet,IoT23,0
40.366589508848115,25,5028.5721659238225,17,2266,22,1.4095106698859348,Normal,IoT23,5
133.24922033649926,288,89.25631844713544,6,7327,23,15.034923347611343,Botnet,IoT23,0
8.108971801521136,71,6914.663272934611,6,7247,443,0.23080086184253648,Normal,IoT23,5
56.598099882778655,346,2291.9856858851194,6,37707,443,3.0405028331219794,Malware,IoT23,4
296.13670220959614,216,13185.279305755175,6,59176,8080,36.48571525475427,Botnet,IoT23,0
251.63179582251584,338,3772.6278897613975,6,7329,6667,46.844521768044565,Botnet,IoT23,0
183.99374963197482,417,19347.8485733704,6,53555,8080,40.6411350262048,Botnet,IoT23,0
5.278138711985207,80,521.7441693053804,17,36485,80,2.2190493388930466,Normal,IoT23,5
285.96396069117077,468,17164.297992107142,6,64744,23,13.393199012925132,Botnet,IoT23,0
2.02360092492534,48,439.08310336200566,6,3523,915,735.9556545473239,Reconnaissance,IoT23,7
171.69074995034796,275,142004.09831906203,6,39323,443,1.5412572500996107,Malware,IoT23,4
143.0134727516595,390,17878.083752449744,6,61629,8080,38.88784418902657,Botnet,IoT23,0
77.38927917013869,310,31921.542680614068,6,7766,8080,23.604872961151113,Botnet,IoT23,0
4.139054074125198,94,4863.551880052217,17,11736,443,13.016908999009361,Normal,IoT23,5
158.25841941310915,382,9814.813131838273,6,33086,8080,21.39932444616439,Botnet,IoT23,0
23.611664099345585,36,11901.54094082131,6,59537,443,6.190268428867345,Malware,IoT23,4
239.58460016481226,404,16559.33821923615,6,53086,23,35.62364274625895,Botnet,IoT23,0
49.143150043245384,53,15637.96791322315,6,48524,6667,38.97602171770644,Botnet,IoT23,0
102.38513008404864,247,40205.70372269506,6,60045,443,12.81125969490963,Malware,IoT23,4
4.239844143571432,27,1127.268939830302,6,41994,443,0.5776653329265375,Normal,IoT23,5
243.74012654046925,446,5945.394716272972,6,20729,23,34.859048155414,Botnet,IoT23,0
13.747266788381843,135,4905.413708842326,6,46774,443,6.371510811934899,Malware,IoT23,4
5.8701347648903885,22,141.1899022317689,17,39002,22,1.6260076699439259,Normal,IoT23,5
54.234555447730415,36,6945.430094344505,6,19473,443,3.1005575710345807,Malware,IoT23,4
9.089726003079486,165,2916.3968236970672,6,5449,347,413.99893687503953,Reconnaissance,IoT23,7
18.398378381391893,6,1553.5885631572849,17,14717,22,1.179585831195794,Normal,IoT23,5
142.6758736761417,446,9473.110757691193,6,15936,23,38.647659438852905,Botnet,IoT23,0
200.79563942100884,150,9505.128936567982,6,20077,8080,41.12195929970815,Botnet,IoT23,0
103.05498165693808,256,5917.120064264614,6,24498,23,5.973623946829897,Botnet,IoT23,0
197.47243969610062,425,3782.489547407221,6,50708,23,26.698467517955567,Botnet,IoT23,0
82.21646575775011,75,1413.7487247754457,6,49449,23,35.940662121730384,Botnet,IoT23,0
252.49291047835723,42,4538.723050601923,6,35139,6667,27.858610232845997,Botnet,IoT23,0
169.76385898476397,368,787.9164089840464,6,18770,8080,13.380148839931124,Botnet,IoT23,0
6.43213069601649,14,1567.127484255725,17,10560,22,0.013813560269438963,Normal,IoT23,5
6.818616441047774,177,1114.0687252009482,6,56235,752,603.1288477674996,Reconnaissance,IoT23,7
48.597071090548184,284,1185.232088773704,6,52857,443,8.427786016780981,Malware,IoT23,4
13.818706457452661,10,6884.912551263744,17,20395,80,1.6124572045252024,Normal,IoT23,5
98.08318395053546,53,5988.383565695086,6,38863,8080,7.24705071242677,Botnet,IoT23,0
0.6528785320834666,186,76.6902930175859,17,40338,680,470.6085455108122,Reconnaissance,IoT23,7
85.38542673658785,232,8691.425793345796,6,62279,6667,23.483235211324505,Botnet,IoT23,0
151.50700046091646,422,15438.096106715928,6,56216,23,36.96997444176849,Botnet,IoT23,0
34.399959520469395,488,20524.17292972992,6,14612,443,6.421550575118201,Malware,IoT23,4
5.312620941791134,7,2024.8808018250752,6,56520,22,2.109262172122375,Normal,IoT23,5
131.17434025009413,108,496.96683037641657,6,53729,23,43.96272809858041,Botnet,IoT23,0
6.480438933172062,55,20565.140186933488,6,62946,22,3.143627937623648,Normal,IoT23,5
28.004622556473816,29,6606.49159580008,6,24760,443,2.4058759114060018,Normal,IoT23,5
38.49587240848444,329,45465.02916450892,6,1222,443,7.455614210894126,Malware,IoT23,4
8.023607838422329,34,577.5345165249992,17,53784,466,397.6136657095213,Reconnaissance,IoT23,7
177.8935472139595,125,7294.96919099169,6,33125,8080,14.413545238366881,Botnet,IoT23,0
7.026541561008026,89,4058.23897728806,17,13234,443,0.5975048105693551,Normal,IoT23,5
138.71133714411857,492,7063.1900153270035,6,15952,23,29.010529538328097,Botnet,IoT23,0
111.12939762534255,95,6229.609292995968,6,54788,8080,20.629142373238253,Botnet,IoT23,0
79.43842261186563,412,1951.9432320208116,6,44554,23,15.190625827019243,Botnet,IoT23,0
10.917049373405902,23,1201.184026274637,6,6036,80,4.107408056990842,Normal,IoT23,5
130.97241419987537,335,19353.46016377654,6,36661,23,40.76060399915163,Botnet,IoT23,0
10.981576686183187,358,6043.151187574427,6,46823,443,9.525222518988292,Malware,IoT23,4
78.56231339917029,114,22776.972460446126,6,19162,23,48.06089856770679,Botnet,IoT23,0
60.313069563752435,477,6727.877906507545,6,2999,6667,41.70192377018076,Botnet,IoT23,0
118.96589820823318,42,7243.9298903403005,6,43521,23,14.962223292231934,Botnet,IoT23,0
52.04687787642196,105,704.7127350449531,6,17263,443,8.566586200684117,Malware,IoT23,4
26.266499517376367,299,110739.31885109913,6,57080,443,1.3654331134535709,Malware,IoT23,4
3.885711919084593,192,2577.7331645103172,6,45744,443,1.8060116249499838,Malware,IoT23,4
6.7939846571977,36,14737.56470487633,6,9024,443,0.23347924598104589,Normal,IoT23,5
64.16191077897813,290,15817.258759200937,6,14427,6667,39.75045479774904,Botnet,IoT23,0
0.8152568362563286,421,10964.332003947686,6,4353,443,12.664767562374292,Malware,IoT23,4
212.42971515645786,282,1690.7866541125265,6,20133,8080,6.608866023155641,Botnet,IoT23,0
4.0272019642365695,12,3196.433312374534,17,46919,443,0.5066556539535758,Normal,IoT23,5
19.16112415704168,59,3274.219341928,6,14906,22,2.1486368795477726,Normal,IoT23,5
144.25788033153492,315,9571.276675158144,6,27762,6667,27.232547383788305,Botnet,IoT23,0
280.83581052542263,337,13074.232342037338,6,55524,6667,21.8284347824356,Botnet,IoT23,0
28.12477918507948,393,2296.0461552657684,6,63273,443,1.794029106128233,Malware,IoT23,4
55.75673098160065,193,146.82679888902334,6,8484,443,8.219489810241702,Malware,IoT23,4
43.511224042235156,471,19041.499162396565,6,9247,443,5.624630581509954,Malware,IoT23,4
254.9341271750763,103,45496.64453062272,6,44834,6667,5.589621644887883,Botnet,IoT23,0
56.237780406173854,236,46435.515876787846,6,35020,443,2.9277442167888403,Malware,IoT23,4
10.816997044663829,65,5489.1233969964205,6,23185,443,3.569398254054213,Normal,IoT23,5
76.03491120878114,163,26787.97106104462,6,8217,443,9.041294411090012,Malware,IoT23,4
6.761184218543251,19,3619.4567304136926,6,14195,22,1.945977895293985,Normal,IoT23,5
7.265333678836227,44,24704.39288364694,17,31551,22,0.6817143357700346,Normal,IoT23,5
32.313742118643944,328,71723.99070991292,6,35600,443,12.991124844964993,Malware,IoT23,4
4.490123912860852,82,2793.1920666948895,17,52184,22,3.0540467514058824,Normal,IoT23,5
66.90333599573063,270,4558.148890812355,6,62133,23,35.41774601601633,Botnet,IoT23,0
40.19738231352433,83,5996.278133226558,17,22071,443,0.3334128484942776,Normal,IoT23,5
11.767792430839393,19,4919.7120090440485,17,54930,443,0.015288330648239656,Normal,IoT23,5
44.18813996172938,52,9636.137382078789,6,21314,443,0.5329794499431316,Normal,IoT23,5
292.7143479992845,211,19474.2886376744,6,35718,23,14.331488216540148,Botnet,IoT23,0
39.561391812705466,255,7728.7285293621735,6,43521,6667,31.022744170361076,Botnet,IoT23,0
4.608752224343657,69,2116.5322670532532,17,35836,80,1.3145800303097719,Normal,IoT23,5
9.497342803867127,140,1440.8864647535218,17,61184,395,280.34000466876665,Reconnaissance,IoT23,7
41.57076853337127,36,2785.6695237962276,6,39849,443,2.9475425636707406,Normal,IoT23,5
30.866797439690433,69,700.4231361726374,6,56393,23,5.819264100047611,Botnet,IoT23,0
40.31661191624227,220,18705.708814999118,6,37713,443,8.571576490613634,Malware,IoT23,4
0.46495521248571736,16,405.3111387265331,6,48273,207,581.0352137955186,Reconnaissance,IoT23,7
19.050453733876896,152,6828.680037548097,6,58513,443,7.5064211118508055,Malware,IoT23,4
198.12433839698875,305,18736.741323606348,6,26982,6667,12.768169556142771,Botnet,IoT23,0
60.83752027291095,137,6603.899718732228,6,63898,23,8.509175796688947,Botnet,IoT23,0
55.632656220269816,408,8114.3165319865,6,21811,443,4.366460332022828,Malware,IoT23,4
251.61279469890997,366,2689.262162819066,6,54285,8080,45.33640941481055,Botnet,IoT23,0
209.05184690802423,479,16856.96629037226,6,61177,23,37.846572549419065,Botnet,IoT23,0
123.69307977094189,62,21548.330130817143,6,18930,6667,37.62929747516083,Botnet,IoT23,0
37.6612749352304,219,4646.716947847442,6,7205,23,11.582765242743667,Botnet,IoT23,0
79.67634093605456,45,1503.4232332410554,6,45741,80,3.0963276273844875,Normal,IoT23,5
299.9652009289406,253,5343.378506582131,6,23109,6667,20.94270563673829,Botnet,IoT23,0
4.047804003093472,11,2385.6938508399107,6,6186,22,0.07838081922406738,Normal,IoT23,5
276.91818881690267,340,17642.852996887257,6,16544,8080,46.137450681619534,Botnet,IoT23,0
9.948475121744316,129,8274.280246922996,6,24805,73,382.46343228399957,Reconnaissance,IoT23,7
226.8239301353559,445,661.1728192954345,6,28861,23,26.79151059590474,Botnet,IoT23,0
89.20189198223251,227,40982.50719686644,6,51685,8080,16.29789634805346,Botnet,IoT23,0
34.66654365147958,66,10239.691707576192,6,43620,22,0.07589248777868926,Normal,IoT23,5
159.08432024331546,308,37872.70655881352,6,57578,23,35.505718831543945,Botnet,IoT23,0
191.2250877151123,417,5940.081840106057,6,3150,8080,36.42132450819068,Botnet,IoT23,0
102.44206783313372,211,37227.38862653085,6,43107,443,14.891329776667783,Malware,IoT23,4
141.87318581774835,327,30898.510872553463,6,62264,8080,10.244876637493133,Botnet,IoT23,0
37.848670168804446,99,7471.549180495247,17,2371,22,0.4544428632442468,Normal,IoT23,5
8.014907525861155,98,3199.7533066178867,6,50540,80,1.4042729221869517,Normal,IoT23,5
115.03771983032055,24,19351.320920479047,6,3548,23,33.7380763949547,Botnet,IoT23,0
80.46438271087011,41,14071.858488969896,6,56644,23,25.419273697250226,Botnet,IoT23,0
7.591245604892513,71,21694.143940162136,6,17910,443,8.082761132310981,Malware,IoT23,4
9.700469788368665,85,1575.6599647632486,17,55030,719,835.1055058201367,Reconnaissance,IoT23,7
233.97027921997724,467,3725.889544974963,6,49209,23,33.05870916238298,Botnet,IoT23,0
33.37842114469738,89,1797.8549307690678,6,24929,22,2.092836806887134,Normal,IoT23,5
4.784640244985392,426,8952.968449481497,6,27115,443,6.4759854160769414,Malware,IoT23,4
62.07574669682269,155,27419.854915010364,6,34340,8080,8.101940656873685,Botnet,IoT23,0
23.8266287808468,374,24805.798671551824,6,52302,443,12.121854707821678,Malware,IoT23,4
107.54758450773419,76,1083.738754069529,6,41061,6667,41.39400166728968,Botnet,IoT23,0
59.33832651725618,167,18911.295059182274,6,9112,23,49.774069246211816,Botnet,IoT23,0
33.00503557449393,40,33264.933465098766,6,64954,443,14.21253996249326,Malware,IoT23,4
58.71252963254752,347,9957.614654785022,6,8460,8080,32.31117222939352,Botnet,IoT23,0
15.842963551429648,83,4132.614325881767,17,52759,22,2.5492630008845967,Normal,IoT23,5
6.103512311303835,25,900.1551135971814,17,22538,80,0.7751312002767056,Normal,IoT23,5
9.227602798458253,170,92.74753059179044,17,9989,508,571.384041328916,Reconnaissance,IoT23,7
27.592916457038704,55,1543.0450550706412,6,51938,443,3.2541891512181342,Normal,IoT23,5
14.624377428113148,40,7049.790569148055,17,31947,22,2.2683872941219185,Normal,IoT23,5
122.64640013620526,282,12864.184612975503,6,6743,8080,33.31030668401183,Botnet,IoT23,0
43.12896648517129,348,19432.3702835643,6,41522,23,12.191545910954849,Botnet,IoT23,0
7.949537337557386,99,17612.283209408506,6,31158,443,6.168731663794187,Malware,IoT23,4
46.46493831867897,253,7959.717802496136,6,56060,443,8.172631637067209,Malware,IoT23,4
175.9552787359196,473,10589.974839546996,6,33662,8080,37.72320133282265,Botnet,IoT23,0
3.0243616689931097,36,6160.670454468936,17,59319,443,7.772022497797684,Normal,IoT23,5
5.851626096728594,424,3487.8667782833163,6,15199,443,10.301142060588033,Malware,IoT23,4
17.39107410577054,94,9364.938698181893,17,46807,443,3.8552469422049733,Normal,IoT23,5
17.757401408626016,89,5254.062583999577,6,17767,23,13.174770176961854,Botnet,IoT23,0
2.603966926562717,138,430.565787356155,17,32223,453,680.3060969338597,Reconnaissance,IoT23,7
1.2465989266386073,82,204.23774211818858,17,22901,96,679.5896393977296,Reconnaissance,IoT23,7
108.88404534112202,289,11153.12535561639,6,24401,6667,7.630032058492175,Botnet,IoT23,0
1.6188093468752298,347,2951.0553287773596,6,35640,443,10.969665346811134,Malware,IoT23,4
197.94051292346938,144,7194.042060089063,6,57904,8080,30.720463492715286,Botnet,IoT23,0
12.864945753101544,305,13489.406484728088,6,62192,23,43.39870020193613,Botnet,IoT23,0
50.799002362774466,476,1337.8977757862835,6,59779,6667,26.093650264260837,Botnet,IoT23,0
7.6076469071152655,73,1064.191992219357,6,60594,80,6.196021861936058,Normal,IoT23,5
57.28912729455574,328,22343.65406438986,6,29591,8080,44.75322083463692,Botnet,IoT23,0
80.4027922609231,259,15973.392546107163,6,56836,8080,42.052783056956095,Botnet,IoT23,0
21.948517100800103,225,6116.04414717532,6,53100,23,42.33331548525014,Botnet,IoT23,0
284.2766669972777,157,3902.899821387435,6,60149,23,33.41402924184799,Botnet,IoT23,0
60.9394605869627,496,87991.55063627254,6,13461,443,3.4557240270401803,Malware,IoT23,4
6.705438840638462,46,6351.909643173477,17,16417,22,0.24191105267388835,Normal,IoT23,5
5.136601961533512,96,970.1794774968752,6,46952,22,0.8780138344277013,Normal,IoT23,5
51.72255379935463,267,19250.07936088012,6,45374,8080,12.03472282728496,Botnet,IoT23,0
94.62318679526871,483,9143.817674944643,6,28622,23,36.715435967065645,Botnet,IoT23,0
127.53269374578981,25,70142.97686798897,6,60923,443,7.372183366829535,Malware,IoT23,4
202.45719240321145,413,1944.4865776653623,6,42820,6667,27.184333034685338,Botnet,IoT23,0
68.93729067683498,440,1834.8960191179403,6,56379,443,9.283294787931123,Malware,IoT23,4
3.4679716052181564,71,20000.48316573969,6,14999,443,0.10134201475285196,Normal,IoT23,5
4.743472533387421,150,254.4218910561979,17,34413,345,225.22223227706291,Reconnaissance,IoT23,7
7.891233734715016,117,1123.3220806336294,17,23851,491,245.15801469207548,Reconnaissance,IoT23,7
6.467000325460372,162,880.6839479151714,6,30971,141,621.2139143966385,Reconnaissance,IoT23,7
4.363266087795366,27,1369.941484445444,6,55422,22,2.364757885120981,Normal,IoT23,5
4.133970043031543,13,3835.140150725181,6,9419,1005,839.2443213373077,Reconnaissance,IoT23,7
299.458137824914,355,67.96312158180865,6,36045,8080,20.404746215081943,Botnet,IoT23,0
108.09605397284335,463,232.60909669650212,6,22806,6667,37.397432865188996,Botnet,IoT23,0
174.0396395710597,370,8741.468388815449,6,18680,23,22.915602369509703,Botnet,IoT23,0
6.705546169351917,48,391.62703259331937,17,38379,37,327.6393204565466,Reconnaissance,IoT23,7
11.353632645314429,49,11613.286288603917,6,52185,443,2.2661215276687163,Normal,IoT23,5
61.27813559899254,440,2609.4779241083525,6,18871,443,8.776383079773566,Malware,IoT23,4
6.993030002807656,34,10418.977865292158,6,32879,80,3.9324601662506327,Normal,IoT23,5
212.26936387493782,373,5373.167939594261,6,10629,6667,46.648129720435634,Botnet,IoT23,0
200.5530254443869,461,23471.23362194784,6,50237,6667,23.25636553249784,Botnet,IoT23,0
50.8249901495632,199,74793.99369129236,6,22830,443,14.862165071939454,Malware,IoT23,4
1.5963411656442754,70,28008.00010412834,6,11572,22,0.014296050123670067,Normal,IoT23,5
32.4388846813468,336,36135.8006456073,6,37581,443,6.431884803423693,Malware,IoT23,4
22.68209148167751,52,2863.2591182605465,6,8627,443,6.229432809441084,Normal,IoT23,5
41.59709598436675,79,51910.54020579096,6,16539,443,1.0876556358438438,Malware,IoT23,4
7.226831175666596,98,331.11078344101435,6,1887,532,788.8191742084105,Reconnaissance,IoT23,7
82.2408108992764,402,43024.821548290915,6,16803,443,2.0361455294619213,Malware,IoT23,4
1.7106518451373962,5,7534.4616367885355,17,50146,443,3.650095303617072,Normal,IoT23,5
106.80071110910713,89,1726.3590659429517,6,36285,8080,46.36093481876497,Botnet,IoT23,0
211.88455105972935,167,45011.1475125567,6,5764,23,6.943816453675367,Botnet,IoT23,0
10.290105266922007,40,5284.785818636358,17,13190,22,0.17306340777511667,Normal,IoT23,5
16.475763613283174,26,58165.73364251463,6,19738,443,2.6548730170198294,Malware,IoT23,4
6.201355506561317,81,3595.8683657759375,17,23607,443,2.603269176081249,Normal,IoT23,5
32.398352804499,238,13532.660335411663,6,30123,8080,24.244705512808256,Botnet,IoT23,0
221.14120698896923,286,11624.714169421613,6,14514,23,12.590767830305445,Botnet,IoT23,0
16.380254430119585,40,7526.813362895092,6,25838,22,1.1466313115718478,Normal,IoT23,5
87.66564186390742,40,29475.26277981927,6,5207,23,12.613483053921268,Botnet,IoT23,0
230.29020233833995,487,23550.05736631086,6,64753,443,12.206525207638018,Malware,IoT23,4
57.241577530323575,438,10518.787680894242,6,16181,443,1.8600919025615144,Malware,IoT23,4
196.4584602747798,446,30865.344100189952,6,19128,6667,39.14745670032725,Botnet,IoT23,0
80.68771910178303,179,26160.351777259602,6,55979,23,22.414477518840695,Botnet,IoT23,0
225.0158182278623,218,19526.91805824436,6,27791,8080,10.352953524934275,Botnet,IoT23,0
30.837380499193795,361,12711.245006884801,6,51091,8080,41.98669427736977,Botnet,IoT23,0
10.78653839278201,7,13604.335231767222,6,1612,80,1.5154510586923193,Normal,IoT23,5
8.707154108544753,79,383.9614511590946,17,50085,443,1.848999009589809,Normal,IoT23,5
285.72581447430764,348,18817.499972491107,6,35633,6667,7.72764178960434,Botnet,IoT23,0
293.8194039440243,434,13668.4332590995,6,16531,23,33.555657281735634,Botnet,IoT23,0
194.7270511317488,275,13906.864061777396,6,22461,6667,36.4657400020819,Botnet,IoT23,0
144.1741523212463,255,2458.6312919600855,6,24084,23,21.093234449612677,Botnet,IoT23,0
172.6774842326814,181,2118.854846746204,6,50620,6667,21.288551964107096,Botnet,IoT23,0
22.828122948651576,89,3037.5073032603823,6,31655,443,2.1353697564341085,Normal,IoT23,5
244.20114532341938,270,1338.5615013439897,6,7405,8080,28.921357852496957,Botnet,IoT23,0
82.73506964512606,145,21687.483465230147,6,57352,443,6.706073390546628,Malware,IoT23,4
15.09436736923632,453,16826.58933222032,6,48513,443,10.446023465261097,Malware,IoT23,4
3.9773565736537315,7,3050.664022286251,6,56100,443,4.861477531034794,Normal,IoT23,5
146.74604141243674,318,45879.04586503009,6,60141,6667,22.081829621907083,Botnet,IoT23,0
118.93840626286975,233,2619.220471031262,6,16279,6667,9.859887868881223,Botnet,IoT23,0
123.95302943100394,87,11404.027873893756,6,62334,6667,41.286912894877965,Botnet,IoT23,0
18.83969149781137,93,4404.027485934088,6,53634,22,2.0427468225564853,Normal,IoT23,5
34.613666036581556,488,25981.02154473624,6,51458,443,12.208979322888238,Malware,IoT23,4
8.970269954142978,88,132.40906426799378,6,36896,473,805.3429866641242,Reconnaissance,IoT23,7
18.49519250981473,86,27028.302819278706,6,1113,22,0.29714830047336666,Normal,IoT23,5
13.131806513387957,88,1814.441001442807,17,30603,443,7.9516046158909015,Normal,IoT23,5
28.841986570518916,50,14069.371184596183,6,56645,80,0.7613317923937742,Normal,IoT23,5
169.1223512343626,106,9515.173078834367,6,45982,8080,13.393287259233224,Botnet,IoT23,0
6.502828050337947,426,47973.59431747387,6,65292,443,12.645170120769714,Malware,IoT23,4
69.30942927011122,338,6836.055837979033,6,55664,6667,48.02490887681824,Botnet,IoT23,0
3.091374884849748,51,6302.156143865945,6,56355,443,2.038848454446282,Normal,IoT23,5
57.21271047007391,92,22823.94865670736,6,39417,6667,47.25814046746953,Botnet,IoT23,0
293.4570664311452,228,30577.486478936145,6,15806,8080,17.522035335930532,Botnet,IoT23,0
3.7209928985691216,31,841.9443491640707,17,59923,778,972.0084807990278,Reconnaissance,IoT23,7
36.68186238056904,64,4222.238172292993,6,51289,443,0.12156130602263648,Normal,IoT23,5
42.21936706072483,32,6465.693165809398,6,28182,80,5.070429988962336,Normal,IoT23,5
14.788180887438378,40,1330.9012592021318,17,22887,80,0.4128522371774245,Normal,IoT23,5
282.08029609915087,380,1058.590105224022,6,20210,6667,37.04039599425511,Botnet,IoT23,0
93.12469753181284,406,19832.17823898861,6,6005,443,10.524044658145316,Malware,IoT23,4
24.46458109024304,275,23840.79235127077,6,1587,443,3.75138946410777,Malware,IoT23,4
2.043669920189941,151,1010.7124324759804,6,46268,348,964.5362251239367,Reconnaissance,IoT23,7
123.20542701683571,58,23056.67518745463,6,13214,23,48.210556203317196,Botnet,IoT23,0
47.10552291560167,445,26341.857679547822,6,10171,8080,13.33926473443825,Botnet,IoT23,0
20.391393752338494,83,5837.077886562795,6,51235,443,13.010726145436905,Malware,IoT23,4
1.8174530611032618,63,29981.5061000215,6,22858,443,13.078627630326467,Malware,IoT23,4
122.31730116549224,394,30945.4456308035,6,45568,23,47.477219612425955,Botnet,IoT23,0
126.08651149202217,26,1538.8220118038,6,5325,8080,7.801903728980165,Botnet,IoT23,0
2.7242373147110794,454,30879.15967675437,6,22951,443,11.463802721440173,Malware,IoT23,4
5.81940021822428,8,1887.2843954379384,6,45175,80,3.0232631009905013,Normal,IoT23,5
148.5693180298274,261,1963.7487891323087,6,21770,8080,39.65755697313943,Botnet,IoT23,0
86.82414030073525,249,1215.7623581033229,6,23369,8080,25.98057859185003,Botnet,IoT23,0
52.30744004780007,140,8330.329030575293,6,52875,6667,25.856011604778505,Botnet,IoT23,0
9.732230615195832,171,541.6607603044644,17,54244,827,815.0086959101171,Reconnaissance,IoT23,7
52.45388049749653,298,19646.05423624759,6,57321,23,26.405660230096835,Botnet,IoT23,0
2.5743791237976708,157,739.1530770535614,17,20370,395,955.3267878023328,Reconnaissance,IoT23,7
86.78208152545068,66,6364.059539792598,6,53786,8080,48.59051992363767,Botnet,IoT23,0
154.57254083081713,284,39009.014684702954,6,30577,23,30.62663320576654,Botnet,IoT23,0
0.29437875247853834,15,3751.4813876204066,6,53892,59,564.2027059773004,Reconnaissance,IoT23,7
4.684444897671812,5,489.54885850708547,17,51118,22,3.976138290853485,Normal,IoT23,5
4.138701611520233,8,1196.5604298305934,17,48559,80,3.71118474594623,Normal,IoT23,5
20.670524623994496,45,27283.608280496228,17,52013,443,2.465371575335017,Normal,IoT23,5
2.4848178361763735,313,28461.665580058547,6,54750,443,10.94192338758133,Malware,IoT23,4
27.84071694603242,65,33849.39424298503,6,2081,443,5.836580221658645,Malware,IoT23,4
14.633766117747737,400,5107.560259316147,6,38760,443,8.258955475695853,Malware,IoT23,4
29.94801019126469,279,10152.326235085971,6,13288,443,12.399058312936596,Malware,IoT23,4
52.45465937819452,138,26758.918535071047,6,21843,443,7.430209605818113,Malware,IoT23,4
37.68631005614965,90,5190.861143156217,17,17513,22,0.4226164442450076,Normal,IoT23,5
187.1813011611798,464,9412.593503789196,6,62002,6667,46.90220864586872,Botnet,IoT23,0
55.73291817787702,139,74402.82472958001,6,11336,8080,38.661114506148564,Botnet,IoT23,0
168.35532378437023,364,3175.4013127220455,6,53575,6667,18.327096217520342,Botnet,IoT23,0
246.66121620753438,412,16512.69245095257,6,32458,23,12.346915481307,Botnet,IoT23,0
16.48290674781695,86,2838.6009047652897,17,16102,443,1.7470881230666082,Normal,IoT23,5
5.642319448046907,104,152.84904575029262,6,44151,1002,350.5447476366164,Reconnaissance,IoT23,7
244.0490074949039,120,6909.735079518098,6,36594,6667,8.067837351070795,Botnet,IoT23,0
260.33092306909646,25,211.19305643309565,6,61998,23,45.72100879257502,Botnet,IoT23,0
2.769556473832648,129,1370.191119837584,17,61613,751,710.677748824551,Reconnaissance,IoT23,7
13.215887793553467,61,4250.5798496776815,17,40852,443,0.5299924819654456,Normal,IoT23,5
4.45663282267639,23,10489.12689115893,17,2516,22,0.8986624582005772,Normal,IoT23,5
4.7245412313085655,176,217.38739926176257,17,54815,404,291.65550924389504,Reconnaissance,IoT23,7
213.6280494684754,349,630.0189717321622,6,24899,8080,36.1587274491004,Botnet,IoT23,0
67.41521857194972,73,17336.19791819927,6,32573,6667,19.97411954852482,Botnet,IoT23,0
6.303065651637317,31,2461.751900379328,17,38363,80,0.17933582259759306,Normal,IoT23,5
37.86087664498107,372,10357.416436627007,6,21598,23,32.04871554184898,Botnet,IoT23,0
25.245867684072717,48,9981.468180625978,17,17746,80,0.04541887618044441,Normal,IoT23,5
76.67003555761924,451,1692.9878419948107,6,46343,8080,46.41622930284158,Botnet,IoT23,0
9.959133062127496,62,9730.033106012022,6,41156,80,5.641304767419881,Normal,IoT23,5
27.930906161948947,55,120.13546204741176,6,62212,80,0.6924485803878069,Normal,IoT23,5
16.005905674410045,360,9023.8564627898,6,48471,8080,25.841832473202125,Botnet,IoT23,0
5.5080104652283675,165,1458.5740844397926,17,55113,756,712.5467614320679,Reconnaissance,IoT23,7
22.898392326967038,231,6000.793446236506,6,40812,443,10.895202740815863,Malware,IoT23,4
2.9119578280036396,35,467.17327809482157,17,7967,111,264.1860068995744,Reconnaissance,IoT23,7
15.562921742293458,40,3011.0958745635903,17,4355,80,0.6878425485640937,Normal,IoT23,5
84.25958620079271,464,19926.224842743184,6,14052,23,24.90238750202506,Botnet,IoT23,0
252.8229454718601,269,24664.592029561485,6,57974,6667,41.14309359608399,Botnet,IoT23,0
12.754444516999278,67,6695.732459467459,17,55062,22,0.917272988030595,Normal,IoT23,5
17.29074221188338,277,18445.828255213044,6,54921,443,5.805510736844314,Malware,IoT23,4
10.278970219141039,15,11694.821459228417,17,11863,80,5.297964589722896,Normal,IoT23,5
21.79474606555475,7,7865.265094633968,6,63603,80,0.13999032105629922,Normal,IoT23,5
240.58829371950526,233,1342.965814206969,6,62483,8080,40.0649910408096,Botnet,IoT23,0
8.639238794284122,92,715.9767873814783,17,42033,99,136.80258581945452,Reconnaissance,IoT23,7
1.0356574104834628,93,4127.660575347698,6,52736,443,2.4083260703800344,Normal,IoT23,5
66.22415217443202,479,4694.584929678709,6,45137,443,1.9304954606995592,Malware,IoT23,4
7.982153035275679,67,337.4581599667549,6,21135,22,4.075688031963385,Normal,IoT23,5
117.70325089915136,76,11030.129659814413,6,15086,6667,16.833655543659056,Botnet,IoT23,0
1.407425448210225,9,4096.2979178888545,17,62101,443,3.42762686591414,Normal,IoT23,5
24.833905039123454,262,2053.8648723533747,6,6302,6667,19.996940400319136,Botnet,IoT23,0
64.00273836511099,451,19539.626334858967,6,15558,6667,20.205222378530102,Botnet,IoT23,0
10.081528265300353,136,17606.397826326574,6,1459,6667,35.15816499386831,Botnet,IoT23,0
114.64413619371783,218,1143.2117274370435,6,39584,443,8.816533331879315,Malware,IoT23,4
8.457787852086094,110,365.4577016296301,17,14250,875,720.1814000885072,Reconnaissance,IoT23,7
144.03406341543956,184,9418.478613748646,6,49407,23,19.158995635735717,Botnet,IoT23,0
19.392624271460583,69,25731.239317386848,6,59165,443,4.692006507647945,Normal,IoT23,5
210.53428677645525,233,10006.674291054464,6,62739,23,21.449195239832534,Botnet,IoT23,0
16.55241217352104,33,20859.960942193353,6,3154,443,1.8446995678742428,Normal,IoT23,5
141.2754836098142,171,28941.390569995405,6,49618,443,9.709026509472134,Malware,IoT23,4
27.79367129134,154,27690.178760707586,6,29027,443,5.36792693865023,Malware,IoT23,4
221.37502354009243,486,19389.695257240473,6,29157,6667,36.098067891174054,Botnet,IoT23,0
277.14095732743533,418,4463.104303626856,6,56089,6667,15.244833795481632,Botnet,IoT23,0
27.350475508174142,86,5569.642813009673,17,34726,443,0.4869495837754047,Normal,IoT23,5
68.97165328631829,188,12951.360759819076,6,30402,8080,45.954158153939915,Botnet,IoT23,0
131.4728805683613,194,44559.22763238548,6,29598,6667,23.582811915294936,Botnet,IoT23,0
77.82761676446425,398,4908.581249972119,6,29962,6667,26.793260400441984,Botnet,IoT23,0
25.969111267393288,44,9996.767408670485,6,63880,22,2.0428057502802575,Normal,IoT23,5
62.35323986218908,212,6497.37577375031,6,6066,6667,12.661253049696207,Botnet,IoT23,0
11.698792142469763,67,2570.7041846443713,6,34636,22,0.6739804439576738,Normal,IoT23,5
288.55813143288884,204,5177.5290216985295,6,2947,23,28.051110436718947,Botnet,IoT23,0
78.3194994314492,261,4379.483483680835,6,61910,6667,35.93906677079262,Botnet,IoT23,0
148.513326184511,244,951.5667467594737,6,31000,8080,5.555774652345274,Botnet,IoT23,0
23.160476528791595,381,35220.54475418208,6,7446,8080,8.531874327076395,Botnet,IoT23,0
85.32160711964373,168,4705.865204762907,6,38568,8080,9.458866600303871,Botnet,IoT23,0
82.12504900324772,289,2031.824787989733,6,42854,443,4.947606495967121,Malware,IoT23,4
262.59144908120527,324,5108.825775198557,6,10859,6667,41.459307819622076,Botnet,IoT23,0
42.75765974027282,14,5775.403145130269,17,6107,22,2.922286220230001,Normal,IoT23,5
5.419525768437978,48,5665.338586962537,17,39718,22,1.0021507755785093,Normal,IoT23,5
270.07110206842964,491,110.42399501513928,6,47748,23,33.77016386645218,Botnet,IoT23,0
6.47262166217314,89,231.85377249980505,6,45928,54,974.4700982970224,Reconnaissance,IoT23,7
42.00470295518846,52,4937.3848421325365,17,41054,22,4.748944345144204,Normal,IoT23,5
5.451113530007514,184,141.10878568203972,17,31408,569,507.8605273977362,Reconnaissance,IoT23,7
26.767217098433,37,10366.442439866642,17,11957,443,2.311197246063098,Normal,IoT23,5
149.56789767775894,436,62990.0987702784,6,10394,8080,37.25287543342266,Botnet,IoT23,0
162.21549488608792,286,26324.843950588696,6,54319,6667,24.655900836538432,Botnet,IoT23,0
6.924585750684083,98,6857.40134509621,6,6363,22,4.101351298268415,Normal,IoT23,5
29.625273603561762,68,7396.326024719669,17,2898,443,1.6702990079960178,Normal,IoT23,5
205.72094223226705,113,2447.6278098561756,6,44958,23,11.155086326249798,Botnet,IoT23,0
48.13618301778019,375,19462.614418694917,6,32916,443,11.973732641766055,Malware,IoT23,4
24.988534983400086,61,669.3275313187264,17,57424,443,0.38676461193886974,Normal,IoT23,5
18.015698811631914,56,1535.772517303749,6,5150,22,0.984586069562877,Normal,IoT23,5
15.197625941675765,19,6702.303918541897,6,24813,443,0.3782321356041984,Normal,IoT23,5
18.30817677271859,89,3721.0025368241113,6,32325,80,3.2396196377914723,Normal,IoT23,5
2.6618874691389953,53,6980.856811774227,17,6774,80,1.0781759197203022,Normal,IoT23,5
7.079192564753486,58,370.6148600170376,17,31821,443,4.283228650029364,Normal,IoT23,5
11.13080133966621,434,45706.65072170264,6,3995,443,3.803883653649161,Malware,IoT23,4
22.71149717044124,83,8867.78894058132,17,25611,443,3.1262378224449905,Normal,IoT23,5
146.80067946786485,57,6845.120991862554,6,47988,8080,6.223925750212636,Botnet,IoT23,0
284.3088893954023,443,25597.218958128582,6,28382,8080,44.13636579286657,Botnet,IoT23,0
2.658583699433792,55,168.70549824523778,6,3038,80,5.790036961524021,Normal,IoT23,5
28.919805890139855,56,5022.4521574600485,6,56310,80,1.8239249841066811,Normal,IoT23,5
226.18752253161483,355,18068.483505684577,6,6753,23,36.84264379963956,Botnet,IoT23,0
69.66112076514268,27,1073.2219554442556,6,3093,22,2.2786193142864537,Normal,IoT23,5
15.501744816934462,56,8332.064922351949,6,40373,22,1.1539421122386047,Normal,IoT23,5
8.896825181378087,98,646.2142347262845,17,46906,791,793.7516380204403,Reconnaissance,IoT23,7
49.39550678891836,37,13195.094131848326,6,33570,22,1.546380093408945,Normal,IoT23,5
11.961467286397262,70,4750.321211831699,6,21423,22,0.6236168131087344,Normal,IoT23,5
19.75880825848269,6,16884.194881213993,6,36413,443,8.218247946792316,Normal,IoT23,5
85.38291373344187,196,3333.856489836586,6,10428,443,7.588105997425813,Malware,IoT23,4
29.431465205374785,147,20561.95919628532,6,24519,443,11.215010120342356,Malware,IoT23,4
33.501782021155186,135,32527.959176945016,6,17209,443,9.707413866296594,Malware,IoT23,4
49.599675306073266,83,4191.312272671377,17,30028,80,0.31178322346607784,Normal,IoT23,5
258.11790208933417,291,14071.230971891302,6,45802,23,17.608669588020113,Botnet,IoT23,0
154.04976916919148,152,9473.89316628326,6,29480,6667,5.722796632141602,Botnet,IoT23,0
46.29899883337536,336,19339.860937952537,6,36078,443,4.048367234090506,Malware,IoT23,4
26.10808601649708,75,5205.39587171101,6,4915,443,12.747693534054225,Malware,IoT23,4
167.88263783704787,190,18339.878542560382,6,50507,23,44.907775089829784,Botnet,IoT23,0
44.381061849264604,98,26180.597712701237,6,14171,23,35.7685455847125,Botnet,IoT23,0
15.495544038064947,29,260.91663451139976,17,21011,80,0.5194193962057791,Normal,IoT23,5
124.36461965264883,480,5374.803740138349,6,16252,23,34.6419349573957,Botnet,IoT23,0
87.16444671117478,498,783.2938109905209,6,28733,6667,6.561230339495097,Botnet,IoT23,0
279.5543083396635,323,18115.725645606915,6,27635,8080,44.29980104335774,Botnet,IoT23,0
6.406951810479188,65,1608.7354949337544,17,44606,977,852.0096049077988,Reconnaissance,IoT23,7
145.17540563309078,41,5191.264754200915,6,44391,6667,5.439663888662947,Botnet,IoT23,0
43.4324448694663,328,16310.648047024486,6,53692,443,4.265759841958503,Malware,IoT23,4
75.86922941610344,342,2307.723398246087,6,34236,6667,30.58527425328879,Botnet,IoT23,0
35.213512218598474,494,4479.185957626662,6,29578,443,14.22051658747509,Malware,IoT23,4
12.403983748815126,44,6945.414260695611,6,63373,80,3.6667036301295197,Normal,IoT23,5
5.326636981244549,50,93.23033835762136,17,27485,361,303.8437756730268,Reconnaissance,IoT23,7
28.041506705626134,470,4335.494747935858,6,31901,8080,23.225620985929254,Botnet,IoT23,0
128.3608478028738,193,64128.75474527452,6,20149,443,3.301874613407822,Malware,IoT23,4
15.013524841815226,72,1665.9153791387057,6,3315,22,3.267769830828166,Normal,IoT23,5
6.282727052058032,52,13170.43649868073,6,43578,22,1.4685418921663171,Normal,IoT23,5
11.555616194666419,44,1041.306273995298,6,37795,22,0.35273133442251814,Normal,IoT23,5
24.463357166928652,71,1492.5036891628733,17,54061,443,0.46814691981694767,Normal,IoT23,5
5.9185044985062785,69,1144.774958909683,6,40534,443,1.5733335964794053,Normal,IoT23,5
21.266407117692662,55,5885.426460291081,6,54877,22,1.7577129241454392,Normal,IoT23,5
135.71851518835484,312,8520.374765943405,6,26261,8080,47.952158289287546,Botnet,IoT23,0
22.610647364893968,92,586.7179858314823,17,50889,443,0.50497704066916,Normal,IoT23,5
35.73666796268276,82,6990.1281948655605,6,14368,443,6.505713072106682,Malware,IoT23,4
4.755734383705127,140,13284.996333252406,6,41043,443,10.030816067550521,Malware,IoT23,4
105.0685579875223,335,12880.05219972857,6,28195,443,1.6617445825813268,Malware,IoT23,4
232.92730313029887,270,3073.9004508194994,6,34357,6667,23.964259869286465,Botnet,IoT23,0
4.036749352229464,129,91.72097832363832,17,6061,49,870.672942126905,Reconnaissance,IoT23,7
23.069980065307874,47,4397.671124235511,17,12395,443,0.3901803729811313,Normal,IoT23,5
10.743913321134947,39,180.48168047160152,6,56024,80,0.19230511951491405,Normal,IoT23,5
54.83035388924789,473,23910.006999383786,6,48489,8080,30.98051048806063,Botnet,IoT23,0
81.19334558261362,302,47164.77139875192,6,51403,443,10.260586148456508,Malware,IoT23,4
3.3857420663375644,92,657.7990288840567,17,45008,443,0.8017893016754013,Normal,IoT23,5
177.0729415270772,316,2914.4259608783677,6,3312,8080,27.716966357960068,Botnet,IoT23,0
191.20811429210974,102,17711.822535541778,6,45611,23,44.59596121440964,Botnet,IoT23,0
146.19178909177214,441,29545.811003629013,6,29564,23,44.74836358253488,Botnet,IoT23,0
29.26774810137374,205,40491.569821143086,6,15604,443,11.852199517758578,Malware,IoT23,4
229.00004915809888,281,3882.2654092663665,6,58035,23,39.13113330534024,Botnet,IoT23,0
103.57915932139328,494,10715.921860902932,6,6008,6667,48.857179110467655,Botnet,IoT23,0
28.965219310947937,320,24325.101559504532,6,39805,443,14.372865285124997,Malware,IoT23,4
1.7256120352412594,125,853.4087735740562,6,32374,472,925.0649802339179,Reconnaissance,IoT23,7
3.9450259239892795,16,1137.8839914250316,6,38453,80,3.0217429695170495,Normal,IoT23,5
16.787127579871918,69,7001.179454290182,6,59331,443,1.0992118114213378,Normal,IoT23,5
0.5770710050335103,180,1965.5881536920265,17,21645,171,265.21850495838686,Reconnaissance,IoT23,7
136.29507377598895,132,7758.551825927899,6,45561,23,17.17372834773893,Botnet,IoT23,0
1.836916294125432,77,613.507862322875,17,51511,12,329.0373021413337,Reconnaissance,IoT23,7
1.9431055583313297,49,282.5497566504966,17,21589,641,758.2949375054716,Reconnaissance,IoT23,7
253.8173828648522,185,733.136761745946,6,27259,23,12.290333506507777,Botnet,IoT23,0
163.9395362650521,201,13422.087923225765,6,10179,23,25.583935532969843,Botnet,IoT23,0
223.38654588980037,202,8861.580969057199,6,48339,6667,16.050024003934734,Botnet,IoT23,0
258.0560899285049,72,33607.73305657932,6,8624,23,13.385751992629457,Botnet,IoT23,0
83.97385953112172,412,12511.11209941346,6,35112,6667,26.54166327196157,Botnet,IoT23,0
21.156686199645367,49,1962.6572626611646,17,37098,443,5.412218092150422,Normal,IoT23,5
9.18500794103286,145,274.89508974188556,6,61121,852,416.1333399534567,Reconnaissance,IoT23,7
4.730332882761221,18,3774.584662741637,17,26955,22,2.920823261876994,Normal,IoT23,5
51.985831469383314,76,7007.706989153159,17,4474,443,1.5246324438983363,Normal,IoT23,5
225.0831702148763,384,212.9121833894362,6,16216,8080,24.63952968060705,Botnet,IoT23,0
63.199374420683355,403,9687.07965966001,6,7333,443,2.9368696328239596,Malware,IoT23,4
8.061274004308295,106,1449.2436020244866,17,13264,905,279.1666632514248,Reconnaissance,IoT23,7
257.5622925864992,404,18252.62183072267,6,25864,23,5.427487893699116,Botnet,IoT23,0
8.80115089983594,89,1007.25244865084,6,48055,508,788.3264069546104,Reconnaissance,IoT23,7
100.34123520900037,401,8451.425056472104,6,43116,443,2.6157059016556614,Malware,IoT23,4
9.294004862424686,51,2613.3694604851876,17,46693,80,2.634914210806713,Normal,IoT23,5
4.643421399404529,75,42.46495198164675,17,12658,661,196.4059272297947,Reconnaissance,IoT23,7
2.5339801254963454,67,956.4140620093551,17,43245,443,4.654135199298411,Normal,IoT23,5
204.37828452031928,26,24989.450949602502,6,14574,6667,12.411444725862387,Botnet,IoT23,0
37.02630828490101,257,2708.222608073952,6,33939,443,2.605025851806917,Malware,IoT23,4
31.651465925379032,139,71029.02892930947,6,37772,23,23.25017210106668,Botnet,IoT23,0
193.94618778888892,194,4705.28529205946,6,21241,443,10.907560948913595,Malware,IoT23,4
6.890266108116424,23,266.35560943848265,17,35836,22,0.14533928130618715,Normal,IoT23,5
207.10673778759204,100,34812.70375010499,6,7709,8080,18.987077708223318,Botnet,IoT23,0
223.15857143425455,438,4413.866407302516,6,28913,23,18.61778435824094,Botnet,IoT23,0
82.90220237368331,58,18156.17490911856,6,55398,8080,30.021210801225315,Botnet,IoT23,0
200.59978314069636,51,7656.7926586651365,6,18597,8080,17.56525092537446,Botnet,IoT23,0
0.17314872191656958,196,238.4582888755733,17,7554,813,833.9785981294913,Reconnaissance,IoT23,7
21.09365556512837,209,26636.74107566013,6,41083,443,8.798139577368588,Malware,IoT23,4
144.40466733517374,483,7394.124958783669,6,18724,6667,8.880306733646366,Botnet,IoT23,0
118.2218026556054,430,57519.6371002772,6,22057,8080,14.828292047753711,Botnet,IoT23,0
111.14441589716952,383,9794.195565987236,6,33539,23,33.72693821228643,Botnet,IoT23,0
260.4888508221393,143,1196.737022067746,6,16293,8080,14.097802340340365,Botnet,IoT23,0
209.75911158289574,408,863.324569881053,6,58463,6667,17.21276112419591,Botnet,IoT23,0
31.2168520959501,267,25290.19506736428,6,9651,443,6.126979589298292,Malware,IoT23,4
4.759139040997498,81,14374.44700976673,6,39941,443,12.087352023370672,Malware,IoT23,4
190.870620229314,383,7010.929060332965,6,1319,6667,34.35644538749287,Botnet,IoT23,0
176.73396496624383,136,10664.45198207838,6,49250,6667,34.2228527760963,Botnet,IoT23,0
232.45612389189571,236,6077.105869155939,6,21029,8080,23.610678337464304,Botnet,IoT23,0
204.74756627033997,433,4333.711982965943,6,21048,23,41.29145260194735,Botnet,IoT23,0
277.8087283998111,248,4566.614981367099,6,10233,8080,32.952443679448116,Botnet,IoT23,0
4.811326211861047,51,90.64945720887809,17,37660,661,155.82311898728432,Reconnaissance,IoT23,7
37.39285061217592,227,2445.223262705613,6,41151,443,6.803946528681114,Malware,IoT23,4
212.87085572416328,313,16974.92588810068,6,3088,23,28.487110556217246,Botnet,IoT23,0
202.46154216999986,428,8369.812349058178,6,8783,8080,13.826767965920364,Botnet,IoT23,0
270.13099639491367,454,1111.8295291638049,6,37375,6667,28.021821697282885,Botnet,IoT23,0
142.26357656095325,203,3294.799039693841,6,64070,23,31.333592341173244,Botnet,IoT23,0
193.2279699374255,266,948.3128704174859,6,34615,23,40.55614362903445,Botnet,IoT23,0
63.38221799607052,155,15257.598685298126,6,44806,443,1.6266333164877789,Malware,IoT23,4
156.4686510689858,477,70034.5983325529,6,17366,443,14.540100744708045,Malware,IoT23,4
106.7937920823119,94,52865.76287415874,6,63067,443,12.86239978919843,Malware,IoT23,4
170.30898853242334,40,7816.949710290203,6,2870,23,29.356482593742196,Botnet,IoT23,0
156.9034602828601,355,7448.01623705256,6,49214,8080,26.006886065606928,Botnet,IoT23,0
28.39515016503845,293,45224.98063247686,6,51004,443,13.520224196013896,Malware,IoT23,4
44.986431618604826,91,25856.74407416419,6,3328,8080,38.11827311508115,Botnet,IoT23,0
28.714128623010758,68,285.1714361025646,17,49191,443,2.7562125861096973,Normal,IoT23,5
23.911306791630714,197,28815.280046889697,6,56884,8080,30.803482311749324,Botnet,IoT23,0
19.4242889584885,432,47538.4969059644,6,42426,443,7.234616439690217,Malware,IoT23,4
0.489481921550289,119,167.8194112683948,6,16782,706,614.7655025733065,Reconnaissance,IoT23,7
35.56365025851212,34,2479.8791996971863,17,30587,22,1.645877338439195,Normal,IoT23,5
265.3233812824994,234,15896.36866997482,6,61410,8080,49.84254221058425,Botnet,IoT23,0
23.814952865839977,489,5182.297075790107,6,51769,443,1.2063049670767376,Malware,IoT23,4
212.23969267213303,203,22303.84540785363,6,51506,23,33.746686286202305,Botnet,IoT23,0
184.92907501672082,24,3445.20354381768,6,39722,6667,8.797917181743784,Botnet,IoT23,0
228.16693344112943,53,5170.670089315407,6,34160,23,30.25995414364322,Botnet,IoT23,0
179.31954808722807,283,2603.889781025889,6,35483,8080,29.744212124608897,Botnet,IoT23,0
5.545369273264591,19,1065.4742136253976,6,48777,22,2.2400689155737097,Normal,IoT23,5
185.82697155196797,128,37016.00438519036,6,46975,23,36.291025782101016,Botnet,IoT23,0
220.6514785605098,411,26891.811004633357,6,44091,6667,45.22881142331958,Botnet,IoT23,0
48.46516043855627,53,76070.83124334551,6,1102,443,1.5745755019174958,Malware,IoT23,4
191.3056092170721,202,7818.4638534936785,6,51505,23,25.367460532204017,Botnet,IoT23,0
30.030218825127015,10,920.5197416129685,17,24212,80,5.359190251613309,Normal,IoT23,5
5.320383110564954,78,857.170114012652,17,62616,80,2.424654053201765,Normal,IoT23,5
48.685846320455894,300,39652.02207859237,6,5258,443,8.529004877700837,Malware,IoT23,4
205.83055253377208,233,18255.574840537203,6,55575,8080,24.421475525659925,Botnet,IoT23,0
233.511273925836,94,13606.641412544855,6,34380,8080,8.1868723195342,Botnet,IoT23,0
2.622312025710746,62,2075.9420957560287,17,38956,22,0.5059980548857285,Normal,IoT23,5
290.8088695535611,417,484.4984991119179,6,54328,23,48.66565092044058,Botnet,IoT23,0
211.98510175526667,100,8906.329514121508,6,45320,8080,35.296840860520106,Botnet,IoT23,0
119.03371962722466,119,27242.9886001987,6,34003,6667,15.804148926803315,Botnet,IoT23,0
62.43363939780001,22,14286.21880859252,17,3838,443,0.21183871280823624,Normal,IoT23,5
26.603349987189134,92,513.9345436904383,17,35128,443,2.3606894051451466,Normal,IoT23,5
1.729666315487988,10,11672.06953456306,6,33400,80,1.4152805501536665,Normal,IoT23,5
106.35120092997832,49,15319.527462778618,6,60949,23,40.438513695824945,Botnet,IoT23,0
247.52914535755502,44,54941.720105767505,6,10333,8080,46.31997227816839,Botnet,IoT23,0
153.0088973911004,460,12509.531051610174,6,30634,8080,5.507031330704445,Botnet,IoT23,0
16.97890466777759,66,12653.166191128495,6,14692,443,6.659897901534305,Malware,IoT23,4
61.238243689554494,11,37880.86978236706,6,57341,443,1.1332999530290946,Malware,IoT23,4
52.46404229162573,202,14615.313285829978,6,50621,443,4.215761561297608,Malware,IoT23,4
28.52364660215195,21,8027.36710033221,6,14498,23,48.84149090934828,Botnet,IoT23,0
2.7640386871808906,62,3805.204753814434,6,59798,22,1.4347007475941993,Normal,IoT23,5
44.97643933784762,366,3991.9126216075733,6,38226,23,33.23768664652384,Botnet,IoT23,0
224.05059637795188,362,31035.647653159016,6,61027,6667,49.672271613082316,Botnet,IoT23,0
17.66100842458228,52,14274.170982947462,6,26061,443,0.4849230205156718,Normal,IoT23,5
168.89157231199704,229,8107.278809802418,6,8246,23,20.423889054898915,Botnet,IoT23,0
18.286009880850592,74,2071.4378112595155,17,17853,443,0.06760665538161208,Normal,IoT23,5
191.0962960855801,188,11328.330329182283,6,59164,8080,23.2798700307014,Botnet,IoT23,0
43.65099855027367,86,16260.657552669387,6,50804,443,2.267512866830278,Normal,IoT23,5
5.710018580930405,45,10245.545970450512,17,19539,443,1.6640121877391016,Normal,IoT23,5
36.35935357212226,5,10456.697757871254,17,24845,22,0.45831088923419416,Normal,IoT23,5
2.9767719703330497,26,6208.4283208492825,17,21822,443,2.4295392944700818,Normal,IoT23,5
74.4860807512691,131,40903.675849308354,6,47746,6667,32.25900257617258,Botnet,IoT23,0
9.634350826462406,68,2014.1859663187313,17,41783,22,2.773968760623217,Normal,IoT23,5
41.188335836288346,243,5613.665772345734,6,25172,6667,32.54770150050493,Botnet,IoT23,0
5.29925155954088,27,114.17915316951931,17,38546,22,1.2654025034584648,Normal,IoT23,5
238.89596121906956,134,5206.2822579628,6,59374,23,38.27261748357185,Botnet,IoT23,0
2.1467138195982907,196,644.3823069901964,6,62862,501,735.0778542668365,Reconnaissance,IoT23,7
258.3515755081213,57,4758.036787412913,6,12196,23,16.76519465368918,Botnet,IoT23,0
82.3271466858729,259,46553.00084718708,6,27428,23,34.4342762703167,Botnet,IoT23,0
42.116006315724164,324,485.42846241839754,6,63921,23,9.109302758545745,Botnet,IoT23,0
14.206192799069928,61,1366.3612329352843,6,46848,23,45.84825141894472,Botnet,IoT23,0
151.53636708955568,174,11196.917737956264,6,37139,443,5.761911921688694,Malware,IoT23,4
1.832270515049609,373,2376.0194423083967,6,49247,443,14.962618408545152,Malware,IoT23,4
8.64901281616897,84,516.5607246751542,17,53250,443,0.03486383746375729,Normal,IoT23,5
2.2331421842608714,380,20766.707377911545,6,43633,443,4.968374780647587,Malware,IoT23,4
206.09589432815127,88,2771.2984943872284,6,4346,23,37.51442396713934,Botnet,IoT23,0
114.71454632897687,271,10609.30314399149,6,8134,6667,42.08054053005788,Botnet,IoT23,0
9.554269420449357,150,562.5941044167637,6,3565,834,604.3385055923242,Reconnaissance,IoT23,7
214.35698840428068,139,8053.898246672102,6,19888,23,14.350748146135151,Botnet,IoT23,0
6.857442002722975,291,62212.92471166947,6,18661,443,6.806690964745113,Malware,IoT23,4
1.471312586326079,83,2192.2720930867367,6,21216,22,1.5769040503684753,Normal,IoT23,5
30.117860759221816,23,4715.993191515153,17,50077,80,0.27948083228873666,Normal,IoT23,5
12.807420324242825,123,16052.627622802,6,46098,8080,31.55293484805906,Botnet,IoT23,0
3.625672686480093,52,10655.410785288148,17,27901,80,0.049378045583634844,Normal,IoT23,5
272.78226429810957,257,8209.956037622951,6,39622,8080,12.93228426269135,Botnet,IoT23,0
234.81871959290595,417,11853.880513073986,6,45645,23,33.488031552309444,Botnet,IoT23,0
299.9763921926536,472,33855.632640361604,6,61539,23,13.779392724545684,Botnet,IoT23,0
165.06140069369667,468,8093.565541283364,6,58996,23,33.935155640272,Botnet,IoT23,0
219.57777292336866,314,15459.671160435095,6,7844,8080,28.736069986782137,Botnet,IoT23,0
220.7022912725052,82,38512.31374959606,6,37985,6667,23.08541483960484,Botnet,IoT23,0
280.58347113879455,284,3878.7369192435526,6,8336,6667,30.758261161501295,Botnet,IoT23,0
48.65049006002822,473,7767.442848066811,6,32530,8080,17.202097628330257,Botnet,IoT23,0
2.6548499313562615,48,4171.87252430097,17,17224,80,2.8905683662851747,Normal,IoT23,5
1.9578859267985662,186,99.24996791488752,6,53860,142,810.1620441493188,Reconnaissance,IoT23,7
2.791901548831043,293,2565.770978021505,6,18164,443,1.7516199052666552,Malware,IoT23,4
22.235631740599604,45,20693.324845759267,6,23127,6667,25.873599846248887,Botnet,IoT23,0
11.539538245168563,455,41798.49773095744,6,53494,23,17.860312293609432,Botnet,IoT23,0
68.11656106502102,77,9166.878781751544,6,63190,443,9.966179787106324,Malware,IoT23,4
24.318141949376905,19,26484.73736239345,6,38984,443,7.49024378533353,Malware,IoT23,4
169.54752060449437,63,1697.6962172320468,6,34961,23,27.38412436311015,Botnet,IoT23,0
16.895327436436183,33,9390.419162961136,6,31084,80,3.107709385229633,Normal,IoT23,5
7.662302039442092,32,1708.8269215154583,6,12637,593,804.3856584602553,Reconnaissance,IoT23,7
34.392385175226956,147,8965.995304518965,6,36881,443,6.247986638616702,Malware,IoT23,4
76.62533387488075,150,11095.03708961321,6,36371,8080,32.63321122141731,Botnet,IoT23,0
229.02134729321435,96,3322.562972021325,6,40686,6667,11.680700305569935,Botnet,IoT23,0
21.780871415482288,128,5232.615153551469,6,4196,443,6.610102648959687,Malware,IoT23,4
34.8252280423234,5,12579.377138597023,17,65499,80,3.310007726444593,Normal,IoT23,5
7.815529595260724,168,1204.1552311803239,17,7536,615,331.6884254217465,Reconnaissance,IoT23,7
135.58774224310096,331,39410.71126881062,6,29421,443,12.503467053099705,Malware,IoT23,4
7.311397639534306,87,7412.503455116147,17,24384,22,0.06408963936729142,Normal,IoT23,5
107.21768766095389,158,8385.939516132454,6,11507,8080,13.767579728350325,Botnet,IoT23,0
7.195007071132897,38,1039.574974044719,17,20521,80,1.2777128558058546,Normal,IoT23,5
7.421647472472006,66,350.4825126083372,17,4563,41,732.9407833765425,Reconnaissance,IoT23,7
30.46070723248314,210,38504.88239371126,6,22693,443,13.085094331639104,Malware,IoT23,4
185.24283369014438,93,638.6309809790674,6,56976,6667,43.01881421456445,Botnet,IoT23,0
5.229385099414301,54,1053.557542408516,17,28265,22,2.057190136694888,Normal,IoT23,5
27.610553567100503,43,3378.913448956469,6,53078,80,1.475170225823959,Normal,IoT23,5
2.5219291768026944,82,10901.329315756218,17,64522,80,1.5133031443273786,Normal,IoT23,5
63.91032668705732,345,56643.3059152348,6,56528,443,7.918535921125052,Malware,IoT23,4
247.45643628440277,265,44646.39680931588,6,8998,23,24.798303281851865,Botnet,IoT23,0
116.17163551927506,379,18826.220386758843,6,21067,6667,10.214800020708974,Botnet,IoT23,0
237.03004006796203,466,3050.698139310962,6,31283,23,15.528064106447422,Botnet,IoT23,0
9.642282739942072,76,4138.564179999882,17,21151,443,0.5384636866347453,Normal,IoT23,5
25.376158695478463,62,8574.650577825107,17,43735,443,3.234500791124531,Normal,IoT23,5
146.1112057328301,323,14519.911633996686,6,65270,23,7.119692046124159,Botnet,IoT23,0
44.01116590456764,258,82103.71966288818,6,39515,443,2.5793018807168826,Malware,IoT23,4
14.38074391103622,79,1624.0202130798436,6,43601,22,0.07346393850020484,Normal,IoT23,5
233.0943624898631,412,18958.664009499757,6,6252,6667,8.093801208730724,Botnet,IoT23,0
38.02605995559091,402,30992.78467633331,6,2336,443,5.741160416850867,Malware,IoT23,4
276.9136456775453,472,11154.917733947766,6,21749,23,40.91499467071107,Botnet,IoT23,0
41.44279604573746,182,27008.504143587725,6,63515,8080,35.7209152027458,Botnet,IoT23,0
3.3388943596340845,34,32.03273401355084,6,13802,435,175.6401567200077,Reconnaissance,IoT23,7
53.52679913069601,70,4460.841525550802,6,63067,443,14.253168892095719,Malware,IoT23,4
176.75745213307843,36,6460.770028969529,6,22960,6667,18.01444276003121,Botnet,IoT23,0
11.671647929509305,94,4138.672558087263,6,30400,443,1.8963363590870417,Normal,IoT23,5
41.99004129966379,21,8329.04446213156,6,28488,23,21.891965229053394,Botnet,IoT23,0
30.874331325887425,426,14834.230733089064,6,52524,23,44.97878333810706,Botnet,IoT23,0
254.16845274159056,183,22064.33677538601,6,41550,23,27.199589835992096,Botnet,IoT23,0
14.66068552527516,80,1268.1246476043461,6,10230,22,3.683366171320932,Normal,IoT23,5
1.1240742994966109,42,3041.5832147369147,17,64525,443,4.436972709014681,Normal,IoT23,5
14.59662627094082,182,23217.53183573765,6,18023,443,1.0923357455986369,Malware,IoT23,4
9.695199127616064,146,406.0100167147009,6,26220,572,267.498891798691,Reconnaissance,IoT23,7
37.02164832753061,182,2851.5384520300686,6,51205,8080,41.00829295796738,Botnet,IoT23,0
16.731592980457542,34,2289.1023279753394,6,10517,22,3.05666812515572,Normal,IoT23,5
31.310908800066322,36,7119.684275757219,6,31927,443,1.3353884226665365,Normal,IoT23,5
11.562432601157594,412,26714.662503865795,6,43468,443,1.5010739638583006,Malware,IoT23,4
121.07057632672596,28,3141.207742761581,6,29885,443,11.295929740465084,Malware,IoT23,4
15.295016714165591,93,11828.42566334685,17,21214,443,1.8860831832284002,Normal,IoT23,5
201.91757597771314,258,3140.366017573484,6,55349,8080,9.85542653290031,Botnet,IoT23,0
3.7470681610239303,91,2312.0767550664928,6,52042,22,0.3256593203797186,Normal,IoT23,5
8.632007244884747,57,2239.0349332783685,6,42082,80,4.283065404209064,Normal,IoT23,5
105.40316431767434,446,1635.1873667694913,6,31510,443,7.181847187495964,Malware,IoT23,4
52.123748328147705,77,482.7527463618814,6,27311,80,1.2720212001487368,Normal,IoT23,5
3.0523176596267585,68,4796.68762194806,6,45602,22,3.479253664343519,Normal,IoT23,5
33.29810599587017,22,11970.891695863664,6,25729,6667,27.105272248201956,Botnet,IoT23,0
1.6598139515437784,248,63238.36920965486,6,63063,443,8.35175309760147,Malware,IoT23,4
158.52290871851596,50,12084.855506959553,6,43819,443,8.45611296996293,Malware,IoT23,4
6.161152692403489,55,1613.8166522906427,6,48210,443,6.532183800823007,Normal,IoT23,5
259.7315032286965,238,13982.485027993785,6,14656,6667,21.590334871573038,Botnet,IoT23,0
189.6972691611384,406,5025.029880891038,6,1551,8080,27.31540095624962,Botnet,IoT23,0
21.475483957147713,16,513.9913284813059,6,33855,443,1.6681239438486168,Normal,IoT23,5
4.411790974686412,91,2130.922601017936,6,61697,443,0.3246589247380396,Normal,IoT23,5
12.689688135992252,255,33664.737091043025,6,11579,443,11.744878772153404,Malware,IoT23,4
3.122356663951125,10,4976.521616519705,17,8674,22,0.30408110665294646,Normal,IoT23,5
12.181672440073957,49,923.6263587966757,17,2064,80,0.4510222443026568,Normal,IoT23,5
9.236310720458448,67,3827.9675665959076,17,10058,443,0.8956488059038961,Normal,IoT23,5
278.62460351571957,176,5499.166833078105,6,17336,6667,12.842114569204414,Botnet,IoT23,0
17.664386762045247,331,17312.915278940127,6,23833,8080,44.52035776079472,Botnet,IoT23,0
172.01157229839396,117,13651.267617490164,6,5528,8080,9.139537858831515,Botnet,IoT23,0
155.91576346265612,255,97345.2478549434,6,16941,8080,19.46941477111826,Botnet,IoT23,0
3.3224361586127,382,26636.5060751497,6,44956,443,6.095310808754555,Malware,IoT23,4
10.153492248843591,77,5551.847530307805,6,10900,80,0.525095187299053,Normal,IoT23,5
3.5126925116848216,159,48421.76154880271,6,34539,443,10.413339919152802,Malware,IoT23,4
110.71569026038277,286,47191.822590871765,6,20014,443,13.197106989763864,Malware,IoT23,4
9.22970572781008,13,541.022992102389,17,17726,687,478.32628358864,Reconnaissance,IoT23,7
124.74863911063063,474,4421.252682014327,6,30452,6667,48.19328337706319,Botnet,IoT23,0
12.068386203442548,80,3045.853741893648,17,17425,80,0.7687464956711212,Normal,IoT23,5
59.092656925613696,437,27673.897712827744,6,45067,443,8.381556477614385,Malware,IoT23,4
289.7157394200538,432,1931.4272923499302,6,52449,6667,47.192478831835714,Botnet,IoT23,0
4.1595074931071085,98,15512.297255565287,6,10265,80,6.965357171355305,Normal,IoT23,5
220.81748885361816,137,744.0479491192272,6,29779,6667,38.91746643975055,Botnet,IoT23,0
70.64916128181942,83,20754.818960179346,6,30008,6667,19.08404149105798,Botnet,IoT23,0
177.20091813845482,163,6284.60438227676,6,59670,8080,14.592401771272815,Botnet,IoT23,0
45.1242674114733,122,15690.015954026228,6,31812,443,1.8530634598002913,Malware,IoT23,4
17.306135151531848,172,83.8076975490046,6,8803,23,43.841287138717675,Botnet,IoT23,0
5.317236333052898,87,1559.8316210576595,17,24587,443,0.6730718211380451,Normal,IoT23,5
5.7340058129127796,71,200.23566308357096,6,14777,906,154.57570706639257,Reconnaissance,IoT23,7
1.1169488803332426,37,6836.886880985835,6,53199,80,0.6164296631030171,Normal,IoT23,5
19.559549255635027,84,1167.1391219965756,6,63016,443,1.44806734962857,Normal,IoT23,5
167.38146768983796,381,37582.47417839587,6,45935,8080,21.075347828690255,Botnet,IoT23,0
153.93596417725885,314,53109.143385577976,6,9854,23,43.7300964963863,Botnet,IoT23,0
4.591393087823073,75,117.81962020720962,6,31282,976,310.5362171210843,Reconnaissance,IoT23,7
93.70919654853324,284,5684.429743191769,6,57015,443,5.025174271686201,Malware,IoT23,4
7.094329655898432,99,1170.8118198420652,17,5487,22,0.29301359886689704,Normal,IoT23,5
6.505811169309385,157,624.807274335539,6,25712,893,943.9981282466586,Reconnaissance,IoT23,7
88.30545604471162,306,23377.048516134924,6,48823,6667,22.020304154706984,Botnet,IoT23,0
250.853028247157,412,21613.67350501049,6,5810,6667,15.914939636743375,Botnet,IoT23,0
268.717266578784,330,14331.042572881548,6,17047,6667,16.461838789274672,Botnet,IoT23,0
13.620390249541499,339,8955.500163052493,6,50259,8080,25.95651596192508,Botnet,IoT23,0
2.2388224711730436,120,1603.6571678985124,6,42476,749,710.008855455005,Reconnaissance,IoT23,7
7.177965342920359,267,3052.8007672250774,6,29819,443,5.269799591367739,Malware,IoT23,4
284.59415522104223,317,2405.6634324750294,6,3317,23,26.537629982339695,Botnet,IoT23,0
22.96580791683982,227,12390.665488104278,6,6220,443,13.904155468541633,Malware,IoT23,4
279.14163771047794,490,4042.576133904345,6,37054,23,36.60672456824163,Botnet,IoT23,0
135.58756580540106,262,24119.50021272453,6,28201,6667,31.80268998070603,Botnet,IoT23,0
13.529356963076133,35,4266.998970065469,17,63115,80,1.83502056711327,Normal,IoT23,5
286.7939691440566,440,12379.093039863446,6,11320,6667,5.690867792420481,Botnet,IoT23,0
156.24206877418484,21,7522.557475273675,6,14125,443,5.194752246828407,Malware,IoT23,4
23.839615613586037,8,3693.657129340484,6,28536,443,1.1464875305636342,Normal,IoT23,5
1.5195785637775439,75,10417.223125622679,6,58157,22,2.5132763745148923,Normal,IoT23,5
11.031120013068477,140,5270.395754614337,6,10264,443,11.227315500848748,Malware,IoT23,4
14.569465844681963,31,1513.7148855808236,17,20953,443,0.35034527582073843,Normal,IoT23,5
9.610453761779555,32,7649.383471811675,6,50150,443,2.588179833528444,Normal,IoT23,5
245.95930003140114,192,34065.4475310166,6,37285,6667,19.645679632455494,Botnet,IoT23,0
157.2680868716458,326,2785.259440467364,6,39665,8080,35.71976615377685,Botnet,IoT23,0
16.646771294958924,214,8416.309529135107,6,52894,6667,28.243947398013947,Botnet,IoT23,0
150.8937366395022,136,8594.570230474968,6,39930,8080,38.95964409337444,Botnet,IoT23,0
2.447565100576692,106,844.1675967247412,17,34655,181,620.7898394773781,Reconnaissance,IoT23,7
1.960203330201251,94,3114.319062109379,6,58158,443,0.4794225393471589,Normal,IoT23,5
25.35563349969432,22,1826.1919060611488,6,15143,22,4.565273128662956,Normal,IoT23,5
222.85446347006356,123,11047.703116913413,6,9488,8080,11.915827694507286,Botnet,IoT23,0
222.25793274053217,96,2940.492439359239,6,10078,23,9.036534420659947,Botnet,IoT23,0
94.06742381740419,91,2328.331544207195,17,16904,22,0.9249252681301736,Normal,IoT23,5
146.71724613611485,434,39804.990934867936,6,19150,23,22.444196080454148,Botnet,IoT23,0
201.8010765538872,284,47340.9592281174,6,8370,6667,12.072069221466755,Botnet,IoT23,0
19.025942632455052,351,63013.122803234364,6,30817,443,6.34983057052197,Malware,IoT23,4
116.8178615691831,334,8687.357132334859,6,50308,443,13.209996419556719,Malware,IoT23,4
9.176676037387633,187,685.0905057406363,6,64292,398,646.2489510845796,Reconnaissance,IoT23,7
5.430578292294161,27,3424.605123133126,6,13969,80,1.690138758309412,Normal,IoT23,5
1.5574726758968964,78,495.5264719221555,6,8058,22,1.013038091204496,Normal,IoT23,5
1.5972966707878675,79,5877.360379281613,17,65086,80,0.9680175449999799,Normal,IoT23,5
265.29983223852764,292,7819.732215265616,6,32464,6667,23.32970661980666,Botnet,IoT23,0
11.772773674653358,98,1265.492319792219,6,30304,80,1.5810612349697266,Normal,IoT23,5
2.717818598483702,26,1431.4864465839166,6,56531,443,2.7754601522823354,Normal,IoT23,5
108.52608623596663,341,6660.556653965175,6,50719,443,11.311470453489283,Malware,IoT23,4
5.693063355349755,46,3524.329674169116,6,17521,80,6.297075994160376,Normal,IoT23,5
255.64747223543134,44,1358.277755795288,6,5971,8080,27.49526878038599,Botnet,IoT23,0
10.676691667964862,99,1029.4758474150908,17,13771,80,3.2265899453335174,Normal,IoT23,5
7.698296422284647,70,4964.978158593204,17,7370,80,4.929910227054811,Normal,IoT23,5
43.79553280908677,31,4961.046142753317,6,3568,80,6.563640591475639,Normal,IoT23,5
7.354207637892436,167,344.9193913231848,6,23242,252,740.4202516030531,Reconnaissance,IoT23,7
30.139053062135762,32,2823.1106406818526,17,4501,80,5.845444301824521,Normal,IoT23,5
23.027346245698986,330,15907.23775324634,6,56827,23,13.47545475247033,Botnet,IoT23,0
43.67698864558002,127,19775.13425139429,6,26457,8080,46.811808935593604,Botnet,IoT23,0
5.360950108619206,55,9406.480380785028,17,48589,443,0.7872139381709053,Normal,IoT23,5
207.77117304094483,35,17361.902400646286,6,59504,6667,24.78354422592102,Botnet,IoT23,0
15.804692643614462,75,5499.689007998159,17,10381,22,1.055476478516456,Normal,IoT23,5
15.108804365873686,94,4171.378265644273,17,27663,80,0.26892567386960003,Normal,IoT23,5
271.52839063871335,458,4803.409580290885,6,52406,8080,39.273085909882454,Botnet,IoT23,0
176.93302973267015,344,6961.0947554467275,6,60888,6667,13.873769445402978,Botnet,IoT23,0
55.50333594008785,51,2725.2833325473302,6,19382,8080,27.742862319238522,Botnet,IoT23,0
14.621188905645257,98,5569.674620527455,17,50087,80,1.8201443400919857,Normal,IoT23,5
168.99183033419294,208,24164.012856679008,6,24061,6667,18.992017679408114,Botnet,IoT23,0
2.8519340811797327,73,2732.7269495711944,17,43680,991,567.569619900866,Reconnaissance,IoT23,7
71.66870009645862,304,21446.879942806674,6,13642,443,11.659660363546717,Malware,IoT23,4
114.79528090244291,64,80193.95008734304,6,3956,6667,19.95030889980409,Botnet,IoT23,0
271.1519089824111,481,8096.564647017897,6,54706,443,5.518877779217723,Malware,IoT23,4
16.257812435037014,28,3785.3449431650083,6,62227,443,2.2024487046690657,Normal,IoT23,5
4.864271629849704,21,345.9031772351434,6,54308,611,259.90465516275805,Reconnaissance,IoT23,7
61.57457565077942,239,4250.750538293618,6,5716,23,41.63858131310258,Botnet,IoT23,0
299.66371230367145,160,8417.68040529362,6,16480,6667,19.541234572835556,Botnet,IoT23,0
6.7475191454485,199,223.44643704740542,17,47760,6,722.4767740948871,Reconnaissance,IoT23,7
294.1754518188207,230,1296.7619433284315,6,38906,23,39.28278678803372,Botnet,IoT23,0
281.75869765900865,415,14615.855211482982,6,52092,23,24.017397670387226,Botnet,IoT23,0
8.270848814701285,49,1369.5172204384144,17,46909,80,0.6391184455356165,Normal,IoT23,5
177.2150679592828,128,9859.05755701968,6,47632,8080,11.714829175191262,Botnet,IoT23,0
3.570490440437311,14,2535.8216964871554,17,14150,80,0.23745862892836503,Normal,IoT23,5
14.886480058525747,462,32305.777428566118,6,14734,443,14.186679119775423,Malware,IoT23,4
31.6777564446079,138,66062.9099244998,6,2922,443,1.930439311985635,Malware,IoT23,4
59.64624206705537,62,972.3533244017741,6,42046,22,0.3292364636964797,Normal,IoT23,5
16.251069936000455,95,243.67256634358063,17,38153,443,1.3315594316016428,Normal,IoT23,5
187.2599359737291,377,2056.8011017856224,6,62090,6667,41.676392355907176,Botnet,IoT23,0
8.98352098733851,151,1636.3744929476834,17,49577,426,612.6062469170637,Reconnaissance,IoT23,7
1.5265880887204797,15,2096.6705411495795,17,60833,443,2.3383725441962104,Normal,IoT23,5
33.363061965341835,76,13245.459617424567,17,6832,443,10.561720497611804,Normal,IoT23,5
233.04628977042154,117,10498.375297420274,6,46581,23,43.590134475735795,Botnet,IoT23,0
39.30600701130388,437,15432.607821461534,6,35482,443,3.1319979714972996,Malware,IoT23,4
1.1421248954730274,98,7718.859356936831,6,54143,723,747.9758240905305,Reconnaissance,IoT23,7
30.628966547361077,330,8088.667955774638,6,15019,6667,30.553664249332186,Botnet,IoT23,0
251.59494435291725,142,891.0653942026312,6,20825,23,45.8396698516202,Botnet,IoT23,0
5.309504818540931,7,2311.1012134656244,6,58496,22,2.5639323562690683,Normal,IoT23,5
65.01600804051058,492,14237.852613832194,6,38930,23,16.366564220738336,Botnet,IoT23,0
3.948709992014299,73,8987.766965734096,6,52979,80,1.1577428539596386,Normal,IoT23,5
177.9898730536813,335,37526.78839139317,6,44050,8080,46.612365488754016,Botnet,IoT23,0
62.83300720706671,259,7660.36602891469,6,10757,6667,24.66059741576207,Botnet,IoT23,0
6.670764517651359,68,1399.587787265521,6,14882,80,0.08470462738090187,Normal,IoT23,5
215.4103159604081,298,25721.7157130956,6,1147,6667,47.12823451651685,Botnet,IoT23,0
52.86579758079144,172,10104.32144102635,6,59966,443,11.524147208336766,Malware,IoT23,4
16.114704442972002,43,3235.9824408291083,6,48444,22,3.7988912349603594,Normal,IoT23,5
4.691536885407323,171,58.57009413170245,6,16059,853,978.1888714864531,Reconnaissance,IoT23,7
8.097362889305847,66,1442.2900816897823,17,2726,22,0.3784979078020185,Normal,IoT23,5
2.9920784788879278,162,409.0685654626978,6,18165,864,826.4696246130861,Reconnaissance,IoT23,7
84.76901680391934,414,25246.449710605477,6,24002,6667,13.310613733837716,Botnet,IoT23,0
101.97970496443462,75,41598.40467157217,6,49716,23,32.46524417364671,Botnet,IoT23,0
20.134006999588337,11,30427.961303883163,17,34381,443,2.798456260607639,Normal,IoT23,5
44.74013057263793,19,8673.686470142417,6,20616,443,5.015162033270054,Normal,IoT23,5
199.28229579959623,304,6863.857052691909,6,10120,8080,22.595520639061977,Botnet,IoT23,0
37.7302413025631,412,4334.710883375005,6,16764,23,12.263897943857819,Botnet,IoT23,0
225.8243478310781,376,16605.91610168462,6,26990,8080,30.762999822915027,Botnet,IoT23,0
72.792985423603,359,1320.1541039577603,6,22495,23,34.70515325620447,Botnet,IoT23,0
287.75945939013593,170,76037.79618169178,6,20582,23,45.7380283578829,Botnet,IoT23,0
287.4294863994172,469,11151.348330757655,6,19950,6667,21.296795609920036,Botnet,IoT23,0
15.83082575066503,40,12128.311452825528,6,60002,80,0.1158114259850779,Normal,IoT23,5
10.061229700650642,456,57757.367521779044,6,11409,443,9.220107315955138,Malware,IoT23,4
18.2637362911729,60,120.18388697197186,6,25648,22,0.7210150638063351,Normal,IoT23,5
59.169376463246415,369,1825.2963082877957,6,2214,8080,14.923828132888703,Botnet,IoT23,0
167.4100429024081,490,7149.0961386989275,6,3838,8080,43.57526531647826,Botnet,IoT23,0
7.622690524988117,64,2301.0236920818224,17,60358,80,2.694230412912971,Normal,IoT23,5
84.82762930168607,257,39575.97782200577,6,41063,8080,32.699964401527765,Botnet,IoT23,0
93.15919515843402,141,21617.029099991363,6,54408,6667,34.314714797305015,Botnet,IoT23,0
169.78883607181737,173,14615.043104937178,6,38436,6667,37.01403241681616,Botnet,IoT23,0
166.1602709011901,85,14200.236862436504,6,29146,6667,18.757123643151534,Botnet,IoT23,0
133.66058934831028,221,1739.607721371445,6,53255,23,39.82821368154329,Botnet,IoT23,0
96.75008858268164,83,294.2326533510463,6,29329,8080,31.48510687520282,Botnet,IoT23,0
245.04725972082574,34,16214.187718751236,6,11449,6667,14.696946823686416,Botnet,IoT23,0
170.6267648753759,330,6298.73885161403,6,4157,6667,10.20438329770986,Botnet,IoT23,0
50.26339861165317,183,13570.037506944258,6,41768,6667,49.29748584682801,Botnet,IoT23,0
51.41874602590843,71,140.0704456809492,17,14085,443,0.5719567215595392,Normal,IoT23,5
79.78623440182379,478,30327.884965462647,6,50109,443,5.4753197624358805,Malware,IoT23,4
5.18693032577545,33,290.8153461007821,17,51356,234,931.635251022733,Reconnaissance,IoT23,7
47.89054104405992,141,8845.251888159502,6,11707,6667,16.560451542559356,Botnet,IoT23,0
49.03523134162173,149,11688.709806002387,6,51296,6667,24.563829067550316,Botnet,IoT23,0
288.67140373194286,411,2554.887740089221,6,43577,6667,37.10136284290726,Botnet,IoT23,0
241.7120547500833,212,17991.72133564117,6,46734,6667,47.717541604179104,Botnet,IoT23,0
5.559955447382615,15,7599.800392362945,17,32631,22,3.084568612224267,Normal,IoT23,5
80.96341285862052,112,2440.0262817300813,6,63885,23,5.39876574476681,Botnet,IoT23,0
9.81426598794294,35,293.07312930083924,17,62402,328,924.0237430776327,Reconnaissance,IoT23,7
15.952752036721378,58,2585.7669312238327,6,33464,22,1.5877691253757913,Normal,IoT23,5
53.124531929701945,489,8632.332225545464,6,18202,443,12.362792425907772,Malware,IoT23,4
168.12286963187236,91,18413.554893706827,6,45140,23,49.42027462349856,Botnet,IoT23,0
6.942222530523716,41,2372.5337074348854,6,34644,443,2.3192666781970392,Normal,IoT23,5
116.12301564549603,210,24234.266360132337,6,47974,8080,40.606399547768106,Botnet,IoT23,0
12.168373552449584,25,4054.2753326956577,17,30712,80,0.5819657409403641,Normal,IoT23,5
21.983615059496273,55,3536.6794972448356,17,64266,80,4.384407350115051,Normal,IoT23,5
41.191433935365154,16,38213.159946186955,6,40901,443,11.446582490764557,Malware,IoT23,4
97.80896410644442,80,11110.65454742455,6,43402,443,14.128704689951979,Malware,IoT23,4
23.384952402204913,98,43947.757501408494,6,20623,443,11.83643659836478,Malware,IoT23,4
157.66650748869162,426,8136.7613323459545,6,25029,8080,19.375663959656556,Botnet,IoT23,0
14.2485644646124,244,38351.30753270708,6,57626,443,6.65079563586702,Malware,IoT23,4
11.036674015337132,30,5295.186628915364,6,15755,22,0.09351809353406468,Normal,IoT23,5
145.67896648158487,58,15422.340353190471,6,15108,8080,16.85231671393396,Botnet,IoT23,0
22.223858926997735,12,970.1988957812132,17,11685,443,1.2629733618256687,Normal,IoT23,5
286.4743067759495,300,2251.7116062050204,6,64200,23,44.8982103694458,Botnet,IoT23,0
162.59667164367033,348,3640.5626873670576,6,56144,23,19.649566346530555,Botnet,IoT23,0
11.384067763337667,184,400.97279433597606,6,8067,443,12.988236689866346,Malware,IoT23,4
2.1801834771246122,68,6914.408183448115,17,4378,80,2.7904307636029766,Normal,IoT23,5
110.4284462642519,134,3306.2292943499397,6,19080,443,11.306384450754264,Malware,IoT23,4
7.309768405158133,159,397.2988585710017,17,20353,525,231.32439148268648,Reconnaissance,IoT23,7
178.53698723035242,375,15208.81122200068,6,25152,23,43.83402247088054,Botnet,IoT23,0
11.858951287511468,34,9741.826216745512,17,6239,80,0.17418624071277275,Normal,IoT23,5
8.573930224214559,151,528.2442071984913,17,2327,381,428.8075028544476,Reconnaissance,IoT23,7
2.203710282416015,37,2147.855343699648,17,62713,80,2.207301758236219,Normal,IoT23,5
154.3112322809657,164,13891.459531899607,6,56869,23,9.011359378455113,Botnet,IoT23,0
215.42334324270692,440,1976.5353783471048,6,32053,23,44.01691348551529,Botnet,IoT23,0
229.34659626308266,361,26652.322483925058,6,11156,23,41.114205119116875,Botnet,IoT23,0
4.044822011144191,280,26623.854603196934,6,48975,443,3.876807810441023,Malware,IoT23,4
168.0253186849435,346,2172.4949324219274,6,33466,6667,34.58219551963377,Botnet,IoT23,0
34.643159815906444,61,7154.711689776931,6,30682,443,1.6461436590222058,Normal,IoT23,5
9.506245604847946,71,12548.781740415157,6,35324,443,12.706360920191196,Malware,IoT23,4
237.21238075108232,129,870.5490217861062,6,25955,6667,7.432426968567017,Botnet,IoT23,0
25.58981065575984,427,11067.164831638287,6,2263,443,12.760390149317036,Malware,IoT23,4
18.537451656373698,30,5048.256290311069,17,29835,22,0.5981852802943662,Normal,IoT23,5
28.221815351686924,284,17033.10430614332,6,8506,8080,20.302599066777272,Botnet,IoT23,0
6.243137476194863,426,21017.757466584848,6,2764,443,8.363776467895034,Malware,IoT23,4
118.34182745875215,481,5724.46441380715,6,46116,23,18.063775819137454,Botnet,IoT23,0
6.402586386572702,87,27454.723952788474,6,9094,443,8.573536007855488,Malware,IoT23,4
25.074904823930176,36,2994.9608420341983,17,19238,443,0.585495075403385,Normal,IoT23,5
84.21859091423094,490,19207.09980846087,6,16273,23,26.246388640087556,Botnet,IoT23,0
7.544920052893315,87,138.23824650543997,17,48462,541,112.72855960927497,Reconnaissance,IoT23,7
182.3870459590365,316,17952.985257659784,6,50103,23,17.048308063103924,Botnet,IoT23,0
33.95897196099652,36,16338.89929513684,6,21124,23,33.212742890981545,Botnet,IoT23,0
7.474282664920972,38,1253.0108642214022,6,58468,1001,796.7885431770176,Reconnaissance,IoT23,7
3.7722017800259806,350,4303.216815350125,6,30642,443,11.238954905476838,Malware,IoT23,4
14.149403971437037,80,1163.3544895592308,17,37053,443,1.0657320099620595,Normal,IoT23,5
125.85623539267249,335,1617.4259596187487,6,55996,8080,22.318605716718807,Botnet,IoT23,0
145.1323518789898,167,24696.667815288703,6,5322,443,13.407529108285818,Malware,IoT23,4
15.131773660172346,89,3964.126846489523,17,56579,22,3.629181056856871,Normal,IoT23,5
262.2176860262226,182,20189.236989464556,6,29638,8080,17.118807975167897,Botnet,IoT23,0
18.777468645125765,63,2384.9067077838804,17,48518,80,2.5361238551078262,Normal,IoT23,5
15.302561579599047,18,25804.235646274177,6,49077,443,2.1825427110814823,Malware,IoT23,4
11.324074461768829,395,52594.16995739556,6,50514,443,2.721330845098647,Malware,IoT23,4
52.44897968482371,492,13857.92268456406,6,1358,443,8.603092974199313,Malware,IoT23,4
5.809469802340597,63,6036.122773167767,6,7170,22,1.9815379945747276,Normal,IoT23,5
0.9563010584048064,76,568.9904852376593,17,35846,176,995.0008204845597,Reconnaissance,IoT23,7
8.680028701291704,119,749.3189637350099,17,26822,127,517.7075163227967,Reconnaissance,IoT23,7
191.4372419201675,489,3382.7763463654765,6,16171,8080,41.90924434766017,Botnet,IoT23,0
84.07420275425835,83,66888.00287007184,6,37986,23,20.564818541513585,Botnet,IoT23,0
6.892830959999277,100,69.9506088736113,6,28449,484,243.11209796430398,Reconnaissance,IoT23,7
32.65315121481662,299,33190.343074548524,6,45523,443,10.410700313379415,Malware,IoT23,4
2.8061436954854724,68,2346.8732306059032,6,15011,491,637.5009899973425,Reconnaissance,IoT23,7
8.231748556017662,168,2462.3870588334344,17,37794,57,295.5338014457173,Reconnaissance,IoT23,7
3.3964411825442644,13,205.1015749599366,6,42617,80,5.190502857688832,Normal,IoT23,5
101.17991552338113,96,26268.214112095804,6,6205,443,6.2440838431109675,Malware,IoT23,4
2.2328337260165285,6,4141.8026512512515,6,49134,80,1.100448029090581,Normal,IoT23,5
200.94285371126773,53,17631.84926047351,6,41692,6667,7.636859691803194,Botnet,IoT23,0
3.8664382013858147,93,1023.4554773606633,6,2307,605,134.90252660323506,Reconnaissance,IoT23,7
0.7119821562680178,56,247.29115358236183,6,58153,33,885.3501212910479,Reconnaissance,IoT23,7
136.8538059357864,268,20778.293223382334,6,30549,443,2.64064803489528,Malware,IoT23,4
95.8189447367795,479,9143.741611444864,6,50105,6667,22.402938525762135,Botnet,IoT23,0
9.417389921722144,82,633.7691046653047,6,37098,866,403.69459848677747,Reconnaissance,IoT23,7
70.65684209131592,106,19924.539926758567,6,62058,23,20.40048700060038,Botnet,IoT23,0
9.339566963728284,309,7163.307814602152,6,17802,443,5.785297210451744,Malware,IoT23,4
229.3902331908885,230,15035.467857084714,6,25878,23,10.766834418727473,Botnet,IoT23,0
18.14006984626297,90,2475.004392491937,17,22563,22,4.326446112240767,Normal,IoT23,5
58.28748263416283,177,17980.34409904639,6,24641,6667,9.566417457609521,Botnet,IoT23,0
193.46921015750667,151,9537.966231971604,6,63375,23,8.51017984027039,Botnet,IoT23,0
78.49334595000956,152,87025.06954681569,6,34392,443,3.736687753743251,Malware,IoT23,4
149.55387160479955,175,17035.365049174674,6,63997,23,42.719104128897605,Botnet,IoT23,0
221.0268034360355,31,1118.2025272030276,6,57737,8080,48.96102375840358,Botnet,IoT23,0
2.366235613728816,67,1515.233865133132,17,20598,389,529.5811077912955,Reconnaissance,IoT23,7
47.588258836804975,112,11166.523592381029,6,12468,443,13.376609636269343,Malware,IoT23,4
14.511357491726343,380,70144.40429018455,6,34348,443,7.61419891921312,Malware,IoT23,4
89.13146631425137,156,10049.627517704335,6,16227,23,19.311432098855178,Botnet,IoT23,0
100.42262192183583,82,9015.811494192136,6,10954,443,5.358131367957841,Malware,IoT23,4
118.5603575519779,66,943.2038816959291,6,19597,8080,13.733980466962171,Botnet,IoT23,0
289.5659003504286,355,7692.291224529436,6,35168,23,41.56652165705604,Botnet,IoT23,0
21.586224184523182,370,16538.93379722819,6,5402,8080,27.922033401308685,Botnet,IoT23,0
4.722672133010205,50,1173.3288394898325,6,22184,22,1.3298390096548531,Normal,IoT23,5
1.6791995391363335,75,490.13313555893603,6,8058,443,2.2813556602586247,Normal,IoT23,5
8.99119422217894,51,603.6576626802839,6,18225,329,439.88388109978047,Reconnaissance,IoT23,7
139.0930674111485,126,13942.811145402895,6,30038,6667,15.762343518128114,Botnet,IoT23,0
4.955949130562201,322,89604.77293071186,6,61907,443,13.266129381417386,Malware,IoT23,4
276.582313110472,382,14012.460404441548,6,22208,8080,46.27133736348167,Botnet,IoT23,0
25.0745932267627,63,1759.4026091834455,17,35948,443,3.9808777469131744,Normal,IoT23,5
3.531382094742916,487,35754.699873766396,6,9494,443,12.490067395742313,Malware,IoT23,4
2.5129477027098166,156,66.69348815677452,17,61244,355,485.51018883922734,Reconnaissance,IoT23,7
6.7175172128005745,125,2621.338334817809,17,8651,27,251.00687459729505,Reconnaissance,IoT23,7
27.60163185878793,69,26688.19484131349,6,9747,443,14.15265173522961,Malware,IoT23,4
2.282354523290175,149,247.42793456177563,6,43152,599,199.94359440565736,Reconnaissance,IoT23,7
10.166656670648608,13,3203.2018872228396,17,17532,22,1.5105380056897604,Normal,IoT23,5
192.2752157880262,484,22447.909601596795,6,8732,8080,46.90452892209991,Botnet,IoT23,0
184.72818349371647,80,8707.58971022186,6,23652,23,21.98634979866508,Botnet,IoT23,0
51.75162149738887,445,15468.369571195291,6,1230,443,10.559275550193616,Malware,IoT23,4
275.56139211499675,442,20438.454295632848,6,47266,8080,33.622674427117765,Botnet,IoT23,0
32.7603467503101,52,7121.581084165302,6,49769,443,9.080145606002237,Malware,IoT23,4
352.4024150965483,486,18601.474343558508,6,2746,443,2.5316377851963177,Malware,IoT23,4
11.955222024292318,28,10331.564389682946,6,3693,22,0.1622647659079971,Normal,IoT23,5
152.61636390885425,388,7071.852817909508,6,58194,8080,12.59015576892779,Botnet,IoT23,0
260.3858277921163,294,2709.852400731988,6,33995,23,5.887032618858275,Botnet,IoT23,0
39.6110323438773,456,38510.29093169254,6,65369,443,5.157473275261206,Malware,IoT23,4
136.4814851573866,469,40900.327043206766,6,42074,23,20.820643968356908,Botnet,IoT23,0
7.089773469489595,90,10250.932365899509,6,18512,22,1.2425122676383882,Normal,IoT23,5
165.41823379099932,322,3302.4998827264076,6,11242,23,22.424177049025474,Botnet,IoT23,0
0.9448562433828643,57,9899.470860865642,6,56989,443,5.64100612016361,Malware,IoT23,4
62.9464276665798,50,1136.158566715876,6,34787,22,2.1244712823055756,Normal,IoT23,5
161.06345271033953,217,222.83734544148618,6,36679,23,25.177477566050683,Botnet,IoT23,0
49.6275379135066,294,515.7563879195434,6,8333,8080,47.573652469609776,Botnet,IoT23,0
269.38823448958493,100,3746.5673439713596,6,17669,6667,14.53036186429171,Botnet,IoT23,0
184.54870331475476,100,2619.0548816786945,6,47361,6667,19.42070968181195,Botnet,IoT23,0
142.13169695484,202,6418.996734053069,6,55789,8080,7.172177020095512,Botnet,IoT23,0
265.2417485233302,199,13550.823687422146,6,1287,8080,5.871676719372959,Botnet,IoT23,0
2.9154667983000193,68,1338.6948761542485,17,50643,80,1.9421703029559785,Normal,IoT23,5
126.44364307136604,487,1311.9901943909276,6,35044,23,44.96402043973304,Botnet,IoT23,0
177.19882476680084,143,35922.23316675348,6,55220,23,15.081099882171443,Botnet,IoT23,0
12.589831785472208,41,1908.1344120224944,17,64271,22,5.370634864351953,Normal,IoT23,5
28.790083439970758,422,1628.7587019365324,6,4313,443,12.436279514994732,Malware,IoT23,4
263.09341653026223,266,25598.62347731677,6,55535,8080,25.551620997270962,Botnet,IoT23,0
111.03918290321805,390,25078.409701228924,6,33180,23,34.22787913768907,Botnet,IoT23,0
169.79653060314695,359,806.699061746064,6,13629,8080,5.106294915145819,Botnet,IoT23,0
4.893271382644199,27,13749.159309984736,6,18836,22,1.7869153766648262,Normal,IoT23,5
183.7198216084313,418,14167.908401141785,6,60180,8080,23.26746862404195,Botnet,IoT23,0
6.548407621590294,111,243.44629422614267,6,20122,85,510.1364245586404,Reconnaissance,IoT23,7
18.89076879309664,91,4156.979643838842,17,1437,443,5.295014402932083,Normal,IoT23,5
33.94509112136768,321,19203.631128540932,6,1799,8080,45.59932593458639,Botnet,IoT23,0
181.6420005631673,59,21070.00168662295,6,58464,23,14.09015583663491,Botnet,IoT23,0
35.43645061950726,247,5990.807786552985,6,40052,443,2.4425793460986225,Malware,IoT23,4
108.15308628868277,399,29135.07708840545,6,27992,23,49.21889953798937,Botnet,IoT23,0
9.747999828801362,52,12472.129614759526,17,34994,22,0.19719900865706583,Normal,IoT23,5
63.0379483025044,84,308.58530220237446,6,1387,443,0.7041013551507296,Normal,IoT23,5
280.9583596036789,348,1516.3857630744717,6,40018,6667,44.767740452920144,Botnet,IoT23,0
13.643195428740608,69,430.5972678942698,17,37117,443,2.5446613132711926,Normal,IoT23,5
111.3246112019628,482,13060.585581543468,6,18029,443,7.8954144898126035,Malware,IoT23,4
33.53420425716321,90,22344.94699681047,6,39468,443,13.189531952085833,Malware,IoT23,4
2.405095538187475,98,2545.7149420825863,6,36462,22,0.27588424988030996,Normal,IoT23,5
286.77856403938006,265,26888.892646238754,6,25761,6667,10.819480627436231,Botnet,IoT23,0
142.15651908968866,305,2643.2868382050347,6,39055,6667,48.29061155469775,Botnet,IoT23,0
9.90934668749341,6,1560.607240131348,17,47217,80,5.846557437174389,Normal,IoT23,5
7.215076617606798,67,13877.242567436499,17,3214,443,1.0759934091381482,Normal,IoT23,5
32.91145013228209,48,16898.529634997656,6,30025,443,7.118049342522478,Malware,IoT23,4
277.6836179673327,269,30517.4113096871,6,48590,23,17.697132976581994,Botnet,IoT23,0
106.62843928130424,185,11787.284542952455,6,30617,443,1.9446753359675024,Malware,IoT23,4
15.01265538100562,94,3395.422609798598,17,55582,22,5.578020151090253,Normal,IoT23,5
2.428878184996912,58,1873.09913374186,6,3687,443,5.366808852278798,Normal,IoT23,5
189.25985950090902,48,5157.150789915303,6,36938,6667,10.798582013866765,Botnet,IoT23,0
4.0489778036967525,98,4536.6698297208695,6,10907,22,0.829909978459675,Normal,IoT23,5
8.39147642834598,98,1779.2736333898733,6,12019,599,702.628025473631,Reconnaissance,IoT23,7
20.286982063461153,480,16652.369356611318,6,48304,23,33.0592255594008,Botnet,IoT23,0
46.91996531492039,71,4264.613940815182,6,32739,443,3.430182567313977,Malware,IoT23,4
98.6820563049654,293,16324.771252597737,6,24840,23,23.584464681964658,Botnet,IoT23,0
1.0170039831440418,12,2776.3370568748037,6,37832,80,0.5370891729367427,Normal,IoT23,5
4.633308477118592,57,8751.907312782025,6,34651,80,1.2314658920344692,Normal,IoT23,5
5.109400074508535,47,12217.648891864605,6,60391,443,5.373854799510667,Normal,IoT23,5
10.105500051312372,277,49537.404476403266,6,40506,443,7.672172946617735,Malware,IoT23,4
14.821267950134793,98,3255.5494250309357,17,59816,22,0.0470794214226678,Normal,IoT23,5
50.898217086451666,82,12746.775449341296,6,30107,443,10.534318035628765,Normal,IoT23,5
6.665340735232174,104,1660.2682327080156,6,30354,517,942.6487362655823,Reconnaissance,IoT23,7
128.74980301250906,492,13669.913427158332,6,48036,6667,31.126826036084456,Botnet,IoT23,0
133.5088968083674,476,1935.2965520112862,6,2770,8080,23.220211405781143,Botnet,IoT23,0
70.23334600321114,125,31217.861502222713,6,5875,23,28.080327361818757,Botnet,IoT23,0
282.44237235255,411,66590.57682046723,6,24883,8080,46.99012223731979,Botnet,IoT23,0
19.298143740214694,274,52956.57653580898,6,27880,443,6.76076697181081,Malware,IoT23,4
0.14246190601459346,79,1176.154935506756,6,2717,549,264.63376307790804,Reconnaissance,IoT23,7
265.7511209620461,159,24771.342072749158,6,31595,23,5.9848449692759695,Botnet,IoT23,0
289.6820121704941,448,12886.476695668583,6,8363,23,10.984496669638865,Botnet,IoT23,0
3.653807815335544,199,1065.5811805147073,6,60618,662,773.5662008272384,Reconnaissance,IoT23,7
35.933058325162044,211,22796.37047415944,6,47861,443,8.121662347317478,Malware,IoT23,4
184.2809216454996,200,1311.6721073885537,6,8879,6667,36.823420404332964,Botnet,IoT23,0
6.065687089312665,65,1051.6497075634652,6,54942,443,4.622096161755412,Normal,IoT23,5
6.9976078679611025,31,1824.5502258809713,6,32398,22,3.7094718491342578,Normal,IoT23,5
277.8326531732881,257,4514.211920396965,6,52460,23,21.406606074979837,Botnet,IoT23,0
1.462066378475531,450,13820.813713371374,6,30748,443,2.8640659341403967,Malware,IoT23,4
279.11544611050203,162,5624.856844724974,6,40426,23,43.61062190905561,Botnet,IoT23,0
219.7460606396386,98,20537.11732124754,6,33241,8080,37.50481379999512,Botnet,IoT23,0
97.97982693068751,307,180.83472233589796,6,41270,8080,10.511128085245362,Botnet,IoT23,0
180.25910124271547,421,40530.60874544033,6,64584,6667,45.26758789721147,Botnet,IoT23,0
5.679026892569637,133,275.04596350100735,6,64161,892,780.5072876412665,Reconnaissance,IoT23,7
140.0952930406583,346,4352.471892818501,6,2279,23,36.90374222311255,Botnet,IoT23,0
42.34813291834668,80,7408.504166608696,6,28680,443,3.2775733573598878,Malware,IoT23,4
28.66780369051426,419,12240.908284781395,6,6520,443,13.442503950608794,Malware,IoT23,4
18.0150608469661,52,2144.6849683603477,6,29225,80,4.919329647809391,Normal,IoT23,5
33.69469749732343,445,2516.0600329728363,6,34388,443,3.6206445976236505,Malware,IoT23,4
1.2716856213367909,57,2058.392077766158,6,39810,80,0.5178115628679276,Normal,IoT23,5
60.83348805705036,358,28014.252738429655,6,42093,23,26.70586986424932,Botnet,IoT23,0
6.041526588413163,26,5750.222366011716,6,17876,22,2.1690615169187586,Normal,IoT23,5
56.808559028456294,237,16151.554389682908,6,50128,8080,43.357595830608595,Botnet,IoT23,0
117.61617409621232,408,10384.79328652984,6,20106,8080,21.65718151671542,Botnet,IoT23,0
9.8137737460672,209,9198.095227992872,6,37278,443,9.503993810364255,Malware,IoT23,4
53.68174764595989,51,18786.67048292824,6,54831,23,11.775986430970331,Botnet,IoT23,0
34.82922251775323,17,2992.2267613006175,6,17650,443,9.892916637924143,Malware,IoT23,4
148.81235278372057,267,15443.888569210283,6,56916,6667,38.79080657048979,Botnet,IoT23,0
4.1004677718759925,34,20726.673576401616,6,46602,22,6.688173757108542,Normal,IoT23,5
30.99267467403304,159,632.2866482050122,6,49643,443,7.9276947779051135,Malware,IoT23,4
248.1145888055438,249,4972.076848378897,6,55040,8080,8.99044599990355,Botnet,IoT23,0
11.06874650909216,62,2606.3389574891726,6,9267,80,3.0746075061779,Normal,IoT23,5
81.46776835112851,414,497.082394524186,6,64442,23,39.551243600690285,Botnet,IoT23,0
146.3073749126588,278,26143.131863543396,6,31387,6667,34.21643429245459,Botnet,IoT23,0
11.582765222370718,73,6091.532229656539,6,47774,22,0.15163816325832427,Normal,IoT23,5
147.31494205441646,307,17017.559319205586,6,15762,23,33.7892861672413,Botnet,IoT23,0
3.1946605375077324,66,1194.2445933297754,17,39923,80,1.1631743659525644,Normal,IoT23,5
174.42035932075405,185,18326.085297060406,6,35854,6667,6.134414030602917,Botnet,IoT23,0
192.2203831442546,373,11736.929992183548,6,59291,23,36.07709226432617,Botnet,IoT23,0
43.4652762114818,249,12183.818775092317,6,38344,443,5.3610859058821845,Malware,IoT23,4
94.63266059111064,37,11722.373297046284,6,1078,8080,47.84510158761913,Botnet,IoT23,0
1.242147647514617,72,374.73658432133965,6,13464,186,677.218197531808,Reconnaissance,IoT23,7
8.716409272021181,28,3195.11649873439,17,34274,80,3.2049327965192607,Normal,IoT23,5
225.46674619131107,408,7162.5648032801655,6,47694,6667,38.80776068680313,Botnet,IoT23,0
48.84001112510504,28,5175.516937709712,17,60644,80,6.100221279324899,Normal,TON_IoT,5
27.012942337404308,63,262.64551037941135,17,23284,22,2.038095559229033,Normal,TON_IoT,5
6.627782356500629,63,500.27007749118746,6,35088,763,519.3127416953544,Reconnaissance,TON_IoT,7
2.211965628755661,79,1114.362492071456,17,39949,998,190.85751439857762,Reconnaissance,TON_IoT,7
8.196223913242344,133,1032.5043751866829,17,48446,789,120.61904225504875,Reconnaissance,TON_IoT,7
37.89453446284711,1728,133002.80921000498,6,3786,445,17.60376456794114,Ransomware,TON_IoT,6
58.54690382168478,1352,101972.81681566726,6,20116,445,141.93808586103074,Ransomware,TON_IoT,6
12.014076583063785,79,763.2395784392099,6,57593,80,0.6812631475174716,Normal,TON_IoT,5
0.07338961578938887,3457,419623.5989248929,1,8236,80,1914.624424364755,DDoS,TON_IoT,2
9.359330961059918,46,3862.8791352754433,17,43023,22,0.3106458313206096,Normal,TON_IoT,5
3.1581485285587867,44,867.4390675962861,6,38171,44,726.7053609562429,Reconnaissance,TON_IoT,7
10.102026147040899,2503,733933.7447264211,6,2455,445,114.2194020802554,Ransomware,TON_IoT,6
194.90534878935097,497,3105.257774973829,6,57213,8080,18.68848294782493,Botnet,TON_IoT,0
6.375634027061647,51,7943.2250834052375,17,63410,443,2.3166508772374965,Normal,TON_IoT,5
61.599318763983845,241,17592.598692632982,6,2495,6667,45.65239098597439,Botnet,TON_IoT,0
0.251983549181961,4237,173339.32451846835,1,10842,80,1075.8629657690099,DDoS,TON_IoT,2
19.487934025051036,397,21686.63781700033,6,48654,8080,10.466412297816051,Botnet,TON_IoT,0
0.6937578087090203,1826,201136.26385205708,1,7479,80,967.464069686639,DDoS,TON_IoT,2
13.877020549479052,23,1063.6482626259617,6,59777,80,0.35580946599073754,Normal,TON_IoT,5
0.5950268437356249,2397,889536.2922815331,1,42538,80,927.0289774688463,DDoS,TON_IoT,2
3.8421239635696858,1972,348343.0112869945,6,14126,445,44.95330009609887,Ransomware,TON_IoT,6
2.124512351386022,67,5421.402456474706,17,17831,22,0.3418524123052112,Normal,TON_IoT,5
88.16066128949967,480,7761.890047322653,6,12472,6667,32.98694210829896,Botnet,TON_IoT,0
0.7776109621498687,2007,890455.7356805076,6,23016,80,1708.245818303012,DDoS,TON_IoT,2
279.8103376213702,398,966.824059739988,6,14233,23,34.097204084305346,Botnet,TON_IoT,0
11.121019257184228,50,1860.268612948973,6,64001,22,0.11126710864665032,Normal,TON_IoT,5
0.4205843192322228,9231,230650.05149653723,17,18598,80,584.1629686587944,DDoS,TON_IoT,2
151.5529522214593,145,4382.812483233971,6,17716,8080,14.272973462666442,Botnet,TON_IoT,0
0.7059045464355149,127,1851.8188663784767,17,64252,238,965.7008257679071,Reconnaissance,TON_IoT,7
0.43645470641445183,1676,584204.013958112,1,45539,80,1166.1084929321255,DDoS,TON_IoT,2
61.270555766147545,222,4940.292718886006,6,57766,6667,30.057276208994786,Botnet,TON_IoT,0
4.141287041395499,76,4823.150202055935,6,52819,22,0.5316916262822348,Normal,TON_IoT,5
24.2213698830478,50,16323.405517152449,6,11628,22,3.718179063396361,Normal,TON_IoT,5
8.33061077280233,9,4936.041083733353,6,40558,80,6.449577683349934,Normal,TON_IoT,5
40.35107107191141,77,15801.949940061955,6,58602,80,0.8295668177669012,Normal,TON_IoT,5
66.65158912383686,155,856.9265669670395,6,16456,23,39.0236014774508,Botnet,TON_IoT,0
5.084396723288735,25,3114.5326111979784,6,26675,443,3.6468918058249087,Normal,TON_IoT,5
30.117946412096007,215,469901.714964423,6,30496,445,97.20141368590973,Ransomware,TON_IoT,6
163.62566458342354,31,21847.46626674812,6,39742,8080,13.886814971566018,Botnet,TON_IoT,0
9.68569613363603,96,1392.284024068964,17,38752,443,3.8207763246538438,Normal,TON_IoT,5
74.96781076637598,436,17082.994367010262,6,55592,6667,32.74646543118418,Botnet,TON_IoT,0
8.773465274667265,2203,566835.6907387386,6,40842,445,103.2704789296907,Ransomware,TON_IoT,6
268.6193422901974,493,59417.18894734589,6,5444,8080,15.150885200657692,Botnet,TON_IoT,0
6.277384804439345,23,3999.9882681629715,17,1090,80,4.156610137353578,Normal,TON_IoT,5
0.798838938454115,8448,31667.242352377893,1,9657,80,1324.0864769804693,DDoS,TON_IoT,2
19.716934821392282,1268,2751677.6563955513,6,43845,445,127.10280292146943,Ransomware,TON_IoT,6
1.2745259347749682,6971,242080.51504859922,1,40489,80,852.771579124788,DDoS,TON_IoT,2
0.4487276897338768,8691,829606.8587526405,17,14857,80,1430.233241891519,DDoS,TON_IoT,2
7.679005335802543,189,4632.678715643314,17,53146,992,312.4616994098245,Reconnaissance,TON_IoT,7
8.507667553538367,562,1387469.706256888,6,62825,445,41.577674372313105,Ransomware,TON_IoT,6
20.34730145333863,74,3721.337442706963,17,34237,443,3.3854419160105853,Normal,TON_IoT,5
5.6874275165939165,148,108.82553590593922,17,61088,815,446.640523471214,Reconnaissance,TON_IoT,7
1.1436117728102853,31,4820.20554254577,17,40042,80,3.210046481456592,Normal,TON_IoT,5
223.17064382729276,453,32656.58723275066,6,55028,8080,6.830383027256435,Botnet,TON_IoT,0
11.371745809501299,81,15432.843561048723,6,23402,22,0.18064115405181957,Normal,TON_IoT,5
1.3269998271110393,2986,876523.9928850207,1,4124,80,775.6055173549371,DDoS,TON_IoT,2
27.047975294800555,60,1825.9725970299603,17,15060,22,3.584029620257016,Normal,TON_IoT,5
39.88417811567632,92,1092.705015538164,6,55587,22,2.720345413759939,Normal,TON_IoT,5
2.9971553257336456,18,192.98611945468278,6,28485,443,0.8363827185540315,Normal,TON_IoT,5
210.96252337589848,169,5160.58832463868,6,38758,8080,12.112412255985129,Botnet,TON_IoT,0
0.3134422537796293,5615,385507.0065609701,6,25437,80,1125.714813045247,DDoS,TON_IoT,2
4.518524310586759,27,7398.131441132321,17,18572,80,0.01841612121059532,Normal,TON_IoT,5
33.910385523285285,23,5971.5788549045465,17,1351,22,0.12205600684826143,Normal,TON_IoT,5
207.97358346844996,119,20183.096397013127,6,23479,8080,31.815639533401487,Botnet,TON_IoT,0
0.7742198583425186,6946,179845.96328970368,1,57350,80,1994.2525533829762,DDoS,TON_IoT,2
1.1316578182929027,6422,80482.2669104228,17,54182,80,1274.7862678794927,DDoS,TON_IoT,2
1.1967250040449469,2321,1080488.4494357733,6,25080,80,756.5802985573923,DDoS,TON_IoT,2
0.23506217448732938,9462,347521.63137320284,17,1491,80,1362.8066955145964,DDoS,TON_IoT,2
287.51392957645885,256,5938.622694574068,6,52252,8080,5.919948082846515,Botnet,TON_IoT,0
1.1282475307319624,2626,204118.22608091755,6,44330,445,65.88377422005463,Ransomware,TON_IoT,6
1.203273781537719,1195,231510.06969059474,6,55773,80,581.433065394479,DDoS,TON_IoT,2
56.17412896355161,227,32490.089106388885,6,45205,6667,32.46543818818614,Botnet,TON_IoT,0
32.33629699861872,27,750.4407997151689,6,55272,80,0.43537485981104934,Normal,TON_IoT,5
77.13174945684166,348,2148.912528005099,6,34520,8080,11.56932446057251,Botnet,TON_IoT,0
0.6731848563666026,1190,1674891.3314003882,1,33789,80,1518.8840243283953,DDoS,TON_IoT,2
4.3892206850444575,2563,424838.69301189383,6,42858,445,96.77950020935357,Ransomware,TON_IoT,6
17.484606805528443,262,5855.952305479244,6,54448,23,15.803237226150237,Botnet,TON_IoT,0
6.80937757262241,10,364.14726778089715,17,49454,443,0.22608787299166486,Normal,TON_IoT,5
8.890034245530515,98,873.8310052074618,17,16478,443,0.4742988973784441,Normal,TON_IoT,5
190.02080931947938,448,8037.922180917592,6,60698,8080,46.652689079052664,Botnet,TON_IoT,0
0.7248575979310162,5936,1003589.1545110017,17,1063,80,1342.4444753575021,DDoS,TON_IoT,2
11.696109201462159,496,15138.861843986186,6,30854,6667,6.784019358794409,Botnet,TON_IoT,0
0.9919893286294829,3739,537433.2155869786,17,5169,80,1558.8122240404148,DDoS,TON_IoT,2
209.227757314689,150,17859.847755530052,6,41403,23,15.48274015914968,Botnet,TON_IoT,0
4.546809851907902,87,13400.151541911468,6,47449,80,1.912526179604878,Normal,TON_IoT,5
3.2504020795829347,42,229.7617018361523,17,10224,683,766.9344156284868,Reconnaissance,TON_IoT,7
0.6566557989968289,9017,159653.35330225568,6,56745,80,625.0969101907824,DDoS,TON_IoT,2
6.439886007097896,13,428.7295258507431,17,8116,377,650.1064114724423,Reconnaissance,TON_IoT,7
2.3471448611234056,31,9323.12864828675,6,17394,443,3.0893173149280924,Normal,TON_IoT,5
0.09816099800515724,6604,622472.2522929624,6,31964,80,761.1683678244094,DDoS,TON_IoT,2
39.28150895568636,1491,1348622.7711376937,6,52740,445,143.82577883286507,Ransomware,TON_IoT,6
156.34041349588554,164,3279.372690201916,6,53346,23,10.547738764048749,Botnet,TON_IoT,0
3.460659209533807,1644,202860.77745181276,6,51425,445,113.59097919637126,Ransomware,TON_IoT,6
7.708418869507612,806,534414.8730034081,6,3114,445,129.00608698831476,Ransomware,TON_IoT,6
279.3107898379013,263,2704.632381375659,6,6476,6667,17.312889858877384,Botnet,TON_IoT,0
17.1498558720968,1783,2983862.798796294,6,61211,445,52.851344614930795,Ransomware,TON_IoT,6
1.6993541583761838,14,12958.019411634225,6,64198,22,0.3170027394963898,Normal,TON_IoT,5
0.31211413258120796,7300,304757.0077437556,6,29603,80,749.4689485892782,DDoS,TON_IoT,2
5.964352336700928,58,169.40602540617425,17,47758,2,363.5128354570393,Reconnaissance,TON_IoT,7
6.481132661657965,51,833.562850943141,6,48288,88,459.37472904824756,Reconnaissance,TON_IoT,7
11.370985554949904,27,3432.7116549731895,6,11097,80,0.6616307590125707,Normal,TON_IoT,5
8.362678479774658,46,6292.473093404135,17,38322,443,1.4508778057095826,Normal,TON_IoT,5
4.682605985317543,141,438.4402004772222,6,35982,69,686.0649262608007,Reconnaissance,TON_IoT,7
5.700038712154114,13,7840.693292270672,6,7984,80,0.22858539361559196,Normal,TON_IoT,5
36.665801047632954,81,3104.219822439975,6,64341,6667,12.722845857120781,Botnet,TON_IoT,0
0.09509500323830677,9716,483415.73115412437,1,35237,80,1285.2001279000933,DDoS,TON_IoT,2
115.8760091420537,145,908.1577797290607,6,16885,8080,14.624291488279807,Botnet,TON_IoT,0
3.8147708092358297,89,5446.441895340797,6,61593,443,0.29652926101040544,Normal,TON_IoT,5
233.45662032180684,254,11767.724199698161,6,36169,6667,23.07329281935355,Botnet,TON_IoT,0
149.97617866716118,176,30882.98460977549,6,43440,23,18.463522921223984,Botnet,TON_IoT,0
19.279743711355252,66,7108.682782374161,6,30863,80,3.3156890637042133,Normal,TON_IoT,5
0.29495883337213136,8136,515033.2183623463,1,15704,80,1004.3379287519545,DDoS,TON_IoT,2
119.8825637559325,136,545.8500328445115,6,57759,8080,43.071151116107195,Botnet,TON_IoT,0
0.9067445166918563,9910,127985.7340830706,1,37349,80,1555.295694690294,DDoS,TON_IoT,2
0.09025431189980881,5902,641323.5572742007,17,32328,80,1110.572818882215,DDoS,TON_IoT,2
264.11639441696434,117,5006.848506762362,6,37920,6667,8.026376240842676,Botnet,TON_IoT,0
11.784647299471207,76,16715.1918620995,6,9313,80,3.377162346608001,Normal,TON_IoT,5
1.267489330550823,5403,613918.4730223065,6,57521,80,1483.6400074017686,DDoS,TON_IoT,2
250.5784062154253,210,4452.908313089186,6,2979,6667,47.56271483500751,Botnet,TON_IoT,0
42.72501115690353,443,19073.921540382435,6,23438,8080,39.35021295394769,Botnet,TON_IoT,0
0.1790918856397414,20,3122.158220804901,17,21600,603,401.30645481824723,Reconnaissance,TON_IoT,7
0.5792031973833156,2646,3292298.5071292818,6,63654,80,989.4149731428877,DDoS,TON_IoT,2
10.702619239909044,1127,43413.29417946738,6,56898,445,94.38232515569958,Ransomware,TON_IoT,6
3.186283101437251,52,580.5906633856077,17,14807,80,0.34438495502253114,Normal,TON_IoT,5
8.191740743604823,1216,1009222.2944387918,6,39644,445,116.977849354683,Ransomware,TON_IoT,6
19.425221334542023,92,10014.52598428317,17,55793,80,2.6426989553028712,Normal,TON_IoT,5
8.106930737778848,58,92.94893751529834,17,43171,668,604.2334469498998,Reconnaissance,TON_IoT,7
11.556093437228565,86,1534.706390917468,17,15599,443,0.9485520227745089,Normal,TON_IoT,5
6.541676529332636,83,12772.610384267982,6,40504,443,2.665555627676405,Normal,TON_IoT,5
209.7742302952846,401,2281.607884073963,6,58256,8080,6.671027888336177,Botnet,TON_IoT,0
6.110523142389647,84,14314.643856291255,6,63913,80,0.6849900007417088,Normal,TON_IoT,5
8.653374134309914,70,4043.3074652365863,6,64241,443,9.738117639329229,Normal,TON_IoT,5
1.3470920684215766,98,894.861130797567,17,24040,22,0.9166019584550408,Normal,TON_IoT,5
165.9279771875337,125,5505.641010168021,6,52546,23,26.59128932795046,Botnet,TON_IoT,0
27.08555394258728,2388,3342811.9246626655,6,55520,445,121.63065595159944,Ransomware,TON_IoT,6
4.945151724789445,71,596.2145964549879,6,23562,443,0.7318301543887367,Normal,TON_IoT,5
281.3121514540945,114,19476.45558704491,6,62797,8080,31.097712699168333,Botnet,TON_IoT,0
1.4985009136885052,9241,245697.45268922797,6,55192,80,599.8339967338422,DDoS,TON_IoT,2
1.3495313532276798,37,3664.4379520315006,17,27753,80,5.820420645336402,Normal,TON_IoT,5
97.04043322542988,39,10703.812184958659,6,37392,23,16.959546997320206,Botnet,TON_IoT,0
0.09469774175903012,3073,17798.58509865108,17,8709,80,1303.9146888332089,DDoS,TON_IoT,2
7.274117650602018,19,738.2040636603325,6,38635,80,0.2730175940070086,Normal,TON_IoT,5
10.122076985716678,68,3144.8586941419194,6,10258,22,1.365407679171976,Normal,TON_IoT,5
27.75668003025798,339,1546251.9065164756,6,21425,445,103.88956854351942,Ransomware,TON_IoT,6
10.306047790196486,78,114.74569238565982,6,9841,443,3.6035935514843556,Normal,TON_IoT,5
0.7998129556995551,3208,374134.9594896789,1,17745,80,1950.1722171799754,DDoS,TON_IoT,2
35.48714901234415,1920,299741.89930842747,6,5937,445,117.08082505017161,Ransomware,TON_IoT,6
1.3325959874776436,6544,204512.36703903982,6,51116,80,1912.1379698687144,DDoS,TON_IoT,2
264.35932434227533,151,3769.430932716716,6,49899,6667,22.07279165489565,Botnet,TON_IoT,0
74.64628107500461,423,41647.71872270631,6,27172,8080,38.041662465372596,Botnet,TON_IoT,0
3.6376810261909083,45,3037.5902736337252,17,63642,80,0.33324221300912676,Normal,TON_IoT,5
75.04659559368545,2494,1397263.6853551106,6,23411,445,33.04217338175293,Ransomware,TON_IoT,6
179.57676612304502,199,11855.133529015564,6,62298,8080,6.4797163861942035,Botnet,TON_IoT,0
5.84915445271033,1451,4935449.1307314085,6,23863,445,67.1584296199157,Ransomware,TON_IoT,6
17.571895104901387,2259,1020609.6310311557,6,27605,445,137.413980735734,Ransomware,TON_IoT,6
125.37097941128927,118,4318.124342664999,6,37370,23,11.406258808753064,Botnet,TON_IoT,0
0.27547854633158353,8897,579654.2310889746,6,63370,80,651.1846044360445,DDoS,TON_IoT,2
0.317110091109555,2385,1310947.6878822336,6,49660,445,25.855087778170933,Ransomware,TON_IoT,6
15.511447607077558,15,9243.810375630675,17,42117,443,0.4876272643062611,Normal,TON_IoT,5
53.33106328725468,775,3759302.0500643686,6,61176,445,119.39556786743415,Ransomware,TON_IoT,6
24.027973523230962,28,6513.09125446145,17,39955,22,1.560104114808435,Normal,TON_IoT,5
15.560823712458246,53,343.5145745931347,17,37587,22,5.0724914485807755,Normal,TON_IoT,5
153.65991765732858,201,3113.2776861380657,6,54941,6667,17.932730762862498,Botnet,TON_IoT,0
7.835806322107871,72,215.12033979392567,6,60281,80,2.7386094542203785,Normal,TON_IoT,5
18.979781843871006,12,4529.100977875826,17,17898,22,1.489910780102419,Normal,TON_IoT,5
5.367693162594556,48,1465.7102029237017,17,13706,331,999.3203180675198,Reconnaissance,TON_IoT,7
1.20320943311301,2801,394351.68817557895,6,44996,80,1759.759492416878,DDoS,TON_IoT,2
7.694015784125269,2358,472959.4875296521,6,62612,445,52.91173442495208,Ransomware,TON_IoT,6
75.26210048042384,118,34436.90520274582,6,49265,8080,34.68153431945532,Botnet,TON_IoT,0
24.057365602999607,2639,542644.0853240715,6,33038,445,71.87358612401226,Ransomware,TON_IoT,6
3.3537542961782774,118,206.93980178440805,6,35579,649,289.87148723232247,Reconnaissance,TON_IoT,7
223.520368092459,91,12836.312936383247,6,63421,6667,26.728287971703743,Botnet,TON_IoT,0
8.801646207045954,70,10213.751953274954,17,55529,443,2.2231594198166724,Normal,TON_IoT,5
0.7255655043492608,7024,1534621.94583107,6,7945,80,1917.2731285975028,DDoS,TON_IoT,2
44.86751800807757,334,40242.68745978901,6,63962,6667,13.919296174875386,Botnet,TON_IoT,0
0.8282929598468765,3981,177045.6179916348,17,45781,80,505.2615770861953,DDoS,TON_IoT,2
1.0762785459494488,4612,28237.29736044312,1,65282,80,868.7603116932157,DDoS,TON_IoT,2
9.83176749939036,155,941.8648665303486,6,41006,618,652.7241899748046,Reconnaissance,TON_IoT,7
26.661847142012853,2416,5093948.023480947,6,40643,445,36.586415177551636,Ransomware,TON_IoT,6
5.126143049881583,37,12072.128911714726,6,19712,443,0.5874547313868672,Normal,TON_IoT,5
0.6901635601462331,5522,114553.30322561627,17,14382,80,608.7653289903161,DDoS,TON_IoT,2
41.69387594484534,2917,1083627.92513166,6,61887,445,21.15557573566953,Ransomware,TON_IoT,6
0.17855115996057527,5735,460526.0603094001,6,16266,80,1581.409629437622,DDoS,TON_IoT,2
1.1996020810821704,9562,845786.7944038393,17,25164,80,501.9777896349633,DDoS,TON_IoT,2
1.4079448635607634,9050,94413.04587193258,17,28194,80,1764.2987658889153,DDoS,TON_IoT,2
22.47498129362427,86,6628.339895221219,17,54022,443,2.1347299844574983,Normal,TON_IoT,5
8.653381067999732,71,2492.188128369377,17,26299,80,2.8233044718670195,Normal,TON_IoT,5
173.98165647609036,488,4761.231226151421,6,28077,6667,29.297143599723405,Botnet,TON_IoT,0
5.016860452320995,27,459.4361837806369,6,29088,22,0.2386029059505223,Normal,TON_IoT,5
39.99056401065701,80,27797.535412005844,6,22482,6667,21.176695307659365,Botnet,TON_IoT,0
30.65818070046871,25,11111.485254903237,17,45412,22,3.6336947760206497,Normal,TON_IoT,5
6.063241118269984,1195,602346.5308981133,6,20849,445,137.50730956646808,Ransomware,TON_IoT,6
0.9060792698183883,3898,530973.9697911219,17,7239,80,1768.014414925727,DDoS,TON_IoT,2
0.1526591039687675,99,454.23834529447635,6,17424,764,513.4549850250883,Reconnaissance,TON_IoT,7
10.659368603805781,97,333.9033395706838,6,2167,443,2.072233184261039,Normal,TON_IoT,5
8.676494533441282,62,4527.29344520786,6,31147,22,2.0993524066067355,Normal,TON_IoT,5
39.964009995636594,22,1372.4869981711342,6,55571,22,0.8991497716056241,Normal,TON_IoT,5
37.76299962199607,2377,4322542.298766021,6,16992,445,120.61512355784593,Ransomware,TON_IoT,6
0.5915715998798281,4222,144786.51883714725,6,4684,80,983.5926731506645,DDoS,TON_IoT,2
0.8394461353460527,4798,1613002.2291163949,17,2337,80,1486.703229049684,DDoS,TON_IoT,2
1.4157484044103748,5802,1636844.5921859709,17,19307,80,1493.7669213230965,DDoS,TON_IoT,2
252.03716584974515,499,15180.393942002816,6,4907,23,21.84898003757329,Botnet,TON_IoT,0
23.83743774247215,2412,1045573.2021504636,6,60348,445,54.66090340543438,Ransomware,TON_IoT,6
25.517752458622006,69,137.81735491039325,17,33140,443,0.22723415908506187,Normal,TON_IoT,5
3.7719331611229445,53,2272.3377925803356,17,25653,22,0.1093279898371872,Normal,TON_IoT,5
56.201252120688274,903,1571745.1952946787,6,18847,445,54.63465898347656,Ransomware,TON_IoT,6
283.3032895610602,466,1264.1998717110384,6,43866,23,24.91374026623465,Botnet,TON_IoT,0
109.25549440970973,57,7059.358211481779,17,20580,443,1.391519671426595,Normal,TON_IoT,5
1.7651552329266886,57,4613.9431108531935,17,26704,443,1.5527515297053929,Normal,TON_IoT,5
8.426561236401156,51,7844.491803769667,17,22790,443,0.892619203656844,Normal,TON_IoT,5
5.916031692274057,86,2534.707794129168,6,4269,443,1.9180580858488574,Normal,TON_IoT,5
246.2590457134434,164,31877.762027150395,6,50186,6667,42.91026360555205,Botnet,TON_IoT,0
33.82485578313013,62,5719.701960408975,17,3605,443,1.7425932742667039,Normal,TON_IoT,5
176.81259675816847,43,51306.38344790835,6,35979,6667,29.157335486470412,Botnet,TON_IoT,0
13.143702335710964,52,5541.557316458266,17,1315,443,2.940452696459566,Normal,TON_IoT,5
15.986178521945986,7,10920.42871239943,17,58628,80,5.8968015993603435,Normal,TON_IoT,5
6.15519884797284,97,4054.141495603883,6,44234,1004,263.2691133500492,Reconnaissance,TON_IoT,7
5.181484611480441,1768,315436.34022322635,6,7308,445,13.85695444900265,Ransomware,TON_IoT,6
2.502163233809707,85,4727.084825297917,17,40504,443,1.5626008566772907,Normal,TON_IoT,5
12.907623487870023,30,2618.8890975395234,17,61261,22,3.8068355920451227,Normal,TON_IoT,5
0.8734683803214087,1581,1169697.6782307727,6,7036,80,569.1369506257446,DDoS,TON_IoT,2
0.8904143600695905,2438,334871.0105331383,6,48762,80,1539.8800118408226,DDoS,TON_IoT,2
190.87673121676667,457,5812.208025751997,6,35467,6667,13.9605730850572,Botnet,TON_IoT,0
12.676693753330389,38,303.18206930593755,17,39754,80,1.4762331648933185,Normal,TON_IoT,5
0.25359514061835225,1107,27986.330623658032,17,1559,80,1127.6211380589607,DDoS,TON_IoT,2
44.35283298809035,397,80526.05134605462,6,3940,23,37.58389580281499,Botnet,TON_IoT,0
5.573010417385723,2023,354176.50611563347,6,3241,445,60.02110497681026,Ransomware,TON_IoT,6
4.508253138366439,1776,3008863.8181253644,6,4524,445,92.37781107675951,Ransomware,TON_IoT,6
2.621497912302229,5,243.1890321917383,6,35625,22,1.2271095689371792,Normal,TON_IoT,5
59.095930568114504,66,4276.659346549855,6,18214,6667,30.20141833369013,Botnet,TON_IoT,0
11.616195538235122,40,6938.024600345293,6,40642,22,2.8226367529943612,Normal,TON_IoT,5
39.9066034942234,63,167.14813263892165,6,30490,8080,23.469504522698283,Botnet,TON_IoT,0
1.4832607568683884,87,4758.936522761548,6,19598,22,4.543131507121254,Normal,TON_IoT,5
296.9278983424737,164,13266.728436016683,6,52432,8080,30.089956551703974,Botnet,TON_IoT,0
0.7393025785755487,6186,1160969.3785135902,6,47307,80,1509.8501128597072,DDoS,TON_IoT,2
0.8963224251350389,9453,85020.31188962841,1,14898,80,870.9868766312128,DDoS,TON_IoT,2
4.186442528249664,18,213.92601186915385,6,20240,22,6.287195429418737,Normal,TON_IoT,5
1.2309688454765215,1175,55235.75465312163,17,22892,80,1436.7715784058046,DDoS,TON_IoT,2
32.306699724784096,95,754.320544345089,17,49029,22,0.35509424294418457,Normal,TON_IoT,5
224.70367322675395,487,19338.9832595634,6,61810,8080,19.21683518880163,Botnet,TON_IoT,0
1.2095148294879838,1865,884281.5762714846,17,49612,80,825.5429288199712,DDoS,TON_IoT,2
2.491590374234063,48,11969.036564838529,17,20276,80,1.2031903197914948,Normal,TON_IoT,5
1.1783727506824826,9075,440913.857379695,1,3244,80,856.053584620229,DDoS,TON_IoT,2
12.666876292861994,65,3648.7822483767477,17,25000,22,4.187632865335495,Normal,TON_IoT,5
19.97943706899405,1111,3380030.837971127,6,22404,445,36.85969058644543,Ransomware,TON_IoT,6
244.23682234311391,444,41788.081439645095,6,38550,6667,42.201535556785686,Botnet,TON_IoT,0
0.8290271240270933,8572,346220.2254891323,1,7903,80,1612.5393537225796,DDoS,TON_IoT,2
0.29892957012554794,1914,657813.1193806663,17,35520,80,1800.7385616220454,DDoS,TON_IoT,2
0.06104985555665081,6717,419063.63422643,17,39738,80,545.2485781535156,DDoS,TON_IoT,2
1.2949112600625732,5243,911457.0634857767,6,10535,80,1594.9447302191063,DDoS,TON_IoT,2
22.26650247927059,22,971.3180797171908,17,38431,443,1.4411011579847326,Normal,TON_IoT,5
133.85059616704658,376,5908.4374339777005,6,5804,23,21.58056765613826,Botnet,TON_IoT,0
110.16517497422018,491,11265.24255284524,6,29186,23,41.442523490741195,Botnet,TON_IoT,0
107.76981703256779,367,12453.82475512922,6,37140,6667,20.73072452525062,Botnet,TON_IoT,0
1.0220036194906208,7253,403663.19243780524,6,53973,80,952.5716787766643,DDoS,TON_IoT,2
0.046834179451960736,9381,14304.606330662744,17,50320,80,1657.8882037385235,DDoS,TON_IoT,2
118.99557402037978,434,18088.891474996777,6,17543,8080,9.95290699183411,Botnet,TON_IoT,0
7.033740236663705,168,270.55043056549465,6,55074,704,491.99264903437944,Reconnaissance,TON_IoT,7
0.04994158291858018,8281,32720.24108217271,1,56021,80,654.8693420159263,DDoS,TON_IoT,2
7.231261850818557,2156,531943.370113668,6,23253,445,35.75901365800109,Ransomware,TON_IoT,6
4.697987508968027,26,4496.072266366186,17,54777,443,0.2318324846987239,Normal,TON_IoT,5
32.06194790161015,2538,1740552.7865425195,6,34705,445,120.77944250842697,Ransomware,TON_IoT,6
37.2754306669809,76,9884.322190250841,6,56805,80,6.004918619849796,Normal,TON_IoT,5
6.10601535849068,90,1766.5161690900247,17,7442,820,990.5622989031674,Reconnaissance,TON_IoT,7
286.987799048176,77,3567.6027484451406,6,1813,6667,34.92218117994979,Botnet,TON_IoT,0
125.03136365477792,459,16060.075659248323,6,11040,6667,41.50549320731741,Botnet,TON_IoT,0
13.0584412103121,2220,724080.5732767356,6,37449,445,103.68217067767749,Ransomware,TON_IoT,6
0.3018868395277587,8250,382297.1012678146,6,2326,80,506.7291166580179,DDoS,TON_IoT,2
4.43552003352915,750,509975.3058262443,6,28912,445,108.59419440420496,Ransomware,TON_IoT,6
17.32315242970876,25,10302.49055779753,6,48018,443,1.8879984469233946,Normal,TON_IoT,5
0.8579322303882686,9168,256031.56743066778,1,43619,80,1683.0077074667279,DDoS,TON_IoT,2
18.773842121868682,97,11931.181479222818,6,53757,80,0.2526853092964384,Normal,TON_IoT,5
99.27072849833482,134,11211.685307383994,6,11260,23,31.82826761468207,Botnet,TON_IoT,0
17.046909821224077,29,1422.265476622252,17,1598,80,0.7136643813693154,Normal,TON_IoT,5
59.8108460153569,1970,243518.99371122217,6,4469,445,100.81126710367019,Ransomware,TON_IoT,6
0.08358166154436536,5558,2425991.1573871095,1,45817,80,871.1025069942614,DDoS,TON_IoT,2
1.194666032206419,7748,1150260.1307404663,1,51508,80,1067.8038544246895,DDoS,TON_IoT,2
3.7192631531567093,1788,305788.3577762034,6,37744,445,75.69566066996747,Ransomware,TON_IoT,6
251.0497257262529,479,22058.530640874145,6,2424,6667,25.639637043132144,Botnet,TON_IoT,0
0.24998218738230044,8877,89985.48326469709,6,21133,80,742.4431671443973,DDoS,TON_IoT,2
10.895560021371075,55,5122.752742984453,6,19027,443,1.6850385983688028,Normal,TON_IoT,5
5.881113084048564,30,224.68567264735094,17,24591,227,988.640245370788,Reconnaissance,TON_IoT,7
5.707931210364408,15,259.5775188192139,6,26135,879,777.8496576110715,Reconnaissance,TON_IoT,7
150.9206778215248,270,10790.80744905897,6,38338,8080,41.88193632079526,Botnet,TON_IoT,0
218.31600323242674,402,47218.950456533115,6,55474,8080,27.823158009365105,Botnet,TON_IoT,0
1.1924745420931124,8767,44530.10995599357,6,50674,80,556.2236596841489,DDoS,TON_IoT,2
11.313835735504803,2330,148521.85171243036,6,18393,445,24.809558768020956,Ransomware,TON_IoT,6
12.900933737868325,85,412.38631435226176,17,28573,443,7.146348424099603,Normal,TON_IoT,5
0.7102497870366961,4771,295251.6509068076,6,13109,80,826.3852084650662,DDoS,TON_IoT,2
297.25204146443525,294,16110.1377841028,6,18428,8080,22.917353667450257,Botnet,TON_IoT,0
19.1815764507487,2417,13665.436599910105,6,47216,445,12.60372083975107,Ransomware,TON_IoT,6
128.31319163465187,90,47409.69066531741,6,64360,8080,44.33766327002692,Botnet,TON_IoT,0
227.91334976403996,159,6523.915065317508,6,10195,23,47.895951084549225,Botnet,TON_IoT,0
127.37930566338783,339,7980.343871918687,6,46719,23,33.566179592113414,Botnet,TON_IoT,0
0.5383805727655259,110,659.9010502697877,17,20416,495,155.10268307845058,Reconnaissance,TON_IoT,7
9.767700113527216,157,168.1043928692066,6,7231,788,631.1631644822182,Reconnaissance,TON_IoT,7
0.4056430347947824,1499,67615.80407784821,6,50965,80,1624.6724859758606,DDoS,TON_IoT,2
25.518103870713933,338,345557.6390292215,6,42073,445,96.83164878187534,Ransomware,TON_IoT,6
0.4792921108973621,6760,325250.90403087303,6,11160,80,1305.1618714486951,DDoS,TON_IoT,2
71.37744600031887,253,23443.171467043503,6,26257,6667,45.03206844494335,Botnet,TON_IoT,0
0.3146693105467623,1563,112595.69790370703,6,19441,445,63.70434973249386,Ransomware,TON_IoT,6
5.843815941479416,123,1572.6527936758248,6,54151,99,453.63521806584555,Reconnaissance,TON_IoT,7
7.001838702469339,115,3.533821524232483,6,55495,1017,886.9274200970132,Reconnaissance,TON_IoT,7
257.12750182968114,485,23218.369720880386,6,30972,6667,24.678228893314355,Botnet,TON_IoT,0
0.5729649827595508,2971,1765276.6940167733,17,63322,80,1000.7790390046422,DDoS,TON_IoT,2
248.71541459080146,391,5453.865546492925,6,29954,8080,47.2562878851884,Botnet,TON_IoT,0
4.987646949278792,49,646.821166179343,6,55180,22,2.3413426687647156,Normal,TON_IoT,5
0.9982886413796564,8346,78467.06438430998,17,25966,80,1233.4299076914092,DDoS,TON_IoT,2
1.059333406950861,9874,195377.0679096948,17,50006,80,500.5650648087749,DDoS,TON_IoT,2
10.986923598204042,89,1259.8982033137952,6,39003,22,0.01890256354510051,Normal,TON_IoT,5
40.25044304116564,2656,423512.22582884243,6,48775,445,24.668679200185686,Ransomware,TON_IoT,6
0.34822437159752595,8334,848161.8101135347,17,21981,80,898.8003222352088,DDoS,TON_IoT,2
6.238866120627397,179,1737.4800785351185,6,40103,582,917.6392493436381,Reconnaissance,TON_IoT,7
12.561472793630273,16,1233.3026711021912,6,14537,443,0.8007120615650023,Normal,TON_IoT,5
23.485713416971496,69,1928.9206677828834,17,31441,80,7.117626884961557,Normal,TON_IoT,5
4.959715406964579,70,3871.2528372000243,6,46834,443,0.6277083509304967,Normal,TON_IoT,5
2.6278799202925365,82,900.4122451075732,6,7146,443,3.550919877880822,Normal,TON_IoT,5
31.08115239402987,314,414602.3800288971,6,55959,445,98.72276348427198,Ransomware,TON_IoT,6
0.12339117260478057,5741,429072.86512914393,6,17154,80,1658.5301381938355,DDoS,TON_IoT,2
10.580601437289657,15,7131.168635859566,17,63304,443,0.2951563572637059,Normal,TON_IoT,5
19.402035527130526,99,1735.9091163296025,6,9617,22,0.08671592904357807,Normal,TON_IoT,5
7.872596045162808,123,899.6743889248872,6,19912,656,527.6749289876915,Reconnaissance,TON_IoT,7
17.025403195126874,82,239.80055882575545,6,11677,443,2.5222371578379525,Normal,TON_IoT,5
1.3044276955945733,6598,560983.6890091904,17,35525,80,1594.7299736489679,DDoS,TON_IoT,2
4.549904764533328,56,2957.4016191183773,17,58730,644,128.48702260134687,Reconnaissance,TON_IoT,7
5.2828809233250205,78,6529.388551549142,6,46241,80,0.09009649038876699,Normal,TON_IoT,5
7.975983059600008,85,1306.6398513203403,17,41761,22,1.1832929638810437,Normal,TON_IoT,5
201.78109711576082,186,176.54986290470356,6,28828,23,16.03764814459552,Botnet,TON_IoT,0
82.14846118740303,2830,2707687.283768894,6,47424,445,61.64713680726527,Ransomware,TON_IoT,6
54.375187245951636,58,642.3137843063283,17,58342,443,5.933466587236288,Normal,TON_IoT,5
194.39257306129565,408,18285.922554416167,6,39119,6667,40.71817508918897,Botnet,TON_IoT,0
1.3259519122736194,3044,948812.9461525534,17,1249,80,1263.6434388060532,DDoS,TON_IoT,2
11.730791916059625,364,838069.4420164338,6,47736,445,16.641811317959757,Ransomware,TON_IoT,6
53.38492706127011,31,1526.5877566231775,6,51382,443,0.8564516301079459,Normal,TON_IoT,5
35.413496631667584,25,131.42800656374914,6,61528,8080,39.52329817499835,Botnet,TON_IoT,0
294.04475403705726,367,19472.1181548796,6,29929,23,33.79975625137091,Botnet,TON_IoT,0
6.150669492800842,53,1183.7777110167983,6,40912,700,359.7467373430006,Reconnaissance,TON_IoT,7
6.78641008901014,156,205.27404236321667,17,2197,633,799.5141597181896,Reconnaissance,TON_IoT,7
5.652909672479947,89,5571.261671584731,6,29727,22,2.067529306900455,Normal,TON_IoT,5
194.15034057652463,264,20704.93820747416,6,49437,8080,26.298022901371144,Botnet,TON_IoT,0
2.493685314568123,1349,541327.6710920975,6,54046,445,144.25873905134114,Ransomware,TON_IoT,6
9.58038482024433,66,440.83262069846324,17,18290,22,0.12140479047273048,Normal,TON_IoT,5
2.939769381433041,52,3235.672014648283,17,26638,80,0.15453319903832785,Normal,TON_IoT,5
14.35856977804285,211,1252121.6843460954,6,38379,445,99.33238769638716,Ransomware,TON_IoT,6
203.4413153893591,257,736.0171919440777,6,22351,23,39.34048139876001,Botnet,TON_IoT,0
0.7027945426778186,8281,2494625.0250199465,17,3685,80,668.57829770291,DDoS,TON_IoT,2
0.05836000839550929,9953,739191.7095904935,17,26497,80,634.8107717977012,DDoS,TON_IoT,2
14.415595850317237,15,1179.8233427356924,6,24831,22,2.2292874793864015,Normal,TON_IoT,5
157.30131105119727,20,56018.33036068075,6,21964,23,22.533311127486083,Botnet,TON_IoT,0
45.479283366053586,2054,31606.724781662564,6,34089,445,68.40272250454332,Ransomware,TON_IoT,6
14.2094857498903,73,19152.711943600527,6,5512,443,0.12832877784826707,Normal,TON_IoT,5
3.540310074929739,74,2908.2081250239385,17,50294,80,0.8915558164703654,Normal,TON_IoT,5
13.666816865417706,63,8186.344203690777,6,15199,443,0.6704951639333527,Normal,TON_IoT,5
14.457807563009872,388,1208402.8208956292,6,13646,445,69.99683748352746,Ransomware,TON_IoT,6
2.5931994293574365,22,8137.790686381405,17,39923,22,0.3451149346923069,Normal,TON_IoT,5
49.71057055895273,778,46925.066282349166,6,44015,445,68.65344008850647,Ransomware,TON_IoT,6
134.83525825268043,336,1100.129117585519,6,23247,23,34.47673987795625,Botnet,TON_IoT,0
7.76600047948516,182,579.047172880567,6,57487,629,288.7264252617072,Reconnaissance,TON_IoT,7
67.4013386691066,2856,1202711.8149306644,6,23915,445,117.74718462348184,Ransomware,TON_IoT,6
9.350438463212484,836,786331.2209670558,6,12545,445,79.88307833094126,Ransomware,TON_IoT,6
17.34476804922084,69,2949.6497201162256,17,35216,80,0.03442704667580715,Normal,TON_IoT,5
39.94916899478515,2511,213619.57123404145,6,13352,445,53.36666141786262,Ransomware,TON_IoT,6
2.439580902926422,174,3609.2691709225264,17,8412,571,865.4775095252638,Reconnaissance,TON_IoT,7
7.590259769220695,52,2878.272571142994,6,64781,1020,129.4234693668219,Reconnaissance,TON_IoT,7
8.666292700628542,63,1971.6979488069394,6,24823,22,0.22824545821639208,Normal,TON_IoT,5
24.604465523565793,963,1343883.5953800355,6,8482,445,132.25799848725842,Ransomware,TON_IoT,6
2.008612821141449,21,8598.307056416561,6,31512,443,0.10810264660648455,Normal,TON_IoT,5
2.7353963314268617,1047,376025.4552207055,6,40885,445,96.34824269057442,Ransomware,TON_IoT,6
0.2336809693997883,30,1432.1115837899254,6,8249,448,466.42102115591473,Reconnaissance,TON_IoT,7
0.48296040555787284,2781,159218.8269732951,1,5573,80,1297.9878976007303,DDoS,TON_IoT,2
224.07641035395702,161,13361.56520979562,6,9310,23,8.718201392293938,Botnet,TON_IoT,0
3.089744364003648,34,4410.646558076272,6,62242,443,1.4682696942772557,Normal,TON_IoT,5
198.31842644905504,192,1762.6259354988645,6,59763,8080,18.860652624510834,Botnet,TON_IoT,0
2.99560597126332,77,481.3884961825188,6,18001,659,667.7566178566905,Reconnaissance,TON_IoT,7
9.374065233322295,22,1560.8376053801392,6,49078,443,4.788996142437791,Normal,TON_IoT,5
0.9005623362873401,4634,251744.02420921775,1,47656,80,1462.3781856046796,DDoS,TON_IoT,2
270.3305155401539,495,13086.260914324806,6,52793,6667,45.99145838859395,Botnet,TON_IoT,0
11.539905044328362,1761,279481.38324345107,6,16227,445,35.94900668276755,Ransomware,TON_IoT,6
7.28643041003068,82,1730.1877027452972,6,50698,443,3.5268228632502656,Normal,TON_IoT,5
12.465367108648765,71,512.1143039696027,6,6353,80,0.11622329032771227,Normal,TON_IoT,5
15.003151477300682,13,13166.237201922333,6,33459,443,1.3244066584938285,Normal,TON_IoT,5
72.73079846537959,374,13722.590234895,6,1302,6667,5.772445694995212,Botnet,TON_IoT,0
13.104836436843376,68,10150.851558666192,17,31221,443,0.7951131614141939,Normal,TON_IoT,5
51.82626169692966,175,43292.136362662786,6,13445,6667,39.43231994308209,Botnet,TON_IoT,0
1.475818260103813,4014,2142428.68984994,6,36394,80,1729.5354310735363,DDoS,TON_IoT,2
9.807804253246573,2332,1898062.137950569,6,1290,445,61.77225837561983,Ransomware,TON_IoT,6
0.3730963741927713,5750,904202.3073990884,17,13380,80,1420.0569748185649,DDoS,TON_IoT,2
17.132447123255304,2027,571731.7044872945,6,45189,445,22.788273514133543,Ransomware,TON_IoT,6
9.854783324912438,140,765.9371348935497,6,29529,489,804.2828345571511,Reconnaissance,TON_IoT,7
6.9995880378249735,45,1209.7670271013496,6,50230,22,2.3608320539243253,Normal,TON_IoT,5
0.49442372839470605,2867,224708.10034511916,6,42474,445,100.16101270777571,Ransomware,TON_IoT,6
7.923783974607775,179,377.49556042995744,6,22372,933,945.762130836277,Reconnaissance,TON_IoT,7
33.24276433289106,379,17037.890056444932,6,57324,445,24.60759393619023,Ransomware,TON_IoT,6
0.7711067514432496,3321,379904.3856581622,6,15830,80,1024.6692241618334,DDoS,TON_IoT,2
56.52335462165383,93,1706.1432003348339,6,39843,443,0.7404032976387597,Normal,TON_IoT,5
14.78500890726271,31,7993.117494559882,17,48465,80,0.3321595522691033,Normal,TON_IoT,5
20.136460850611922,73,3916.1006090178203,17,36953,80,0.9607843898716271,Normal,TON_IoT,5
0.2523479719126477,261,229426.23390252492,6,48725,445,79.80218797698414,Ransomware,TON_IoT,6
30.38538673007461,17,13021.077101452043,6,51210,443,1.4809438049303374,Normal,TON_IoT,5
14.30938400434635,1288,1774699.2532152496,6,9239,445,14.627154540466073,Ransomware,TON_IoT,6
261.61695165648536,248,73933.67145154098,6,37920,23,40.111354721126084,Botnet,TON_IoT,0
1.6164730933583027,2457,332938.96856389986,6,28499,445,55.406062880820905,Ransomware,TON_IoT,6
1.4929772334977482,114,26.53197414498752,17,25030,429,933.3650054245095,Reconnaissance,TON_IoT,7
293.4702688560585,140,13483.259377647651,6,2778,8080,34.082366971462996,Botnet,TON_IoT,0
53.383218551934775,1865,2382525.615155471,6,20965,445,22.947840930523455,Ransomware,TON_IoT,6
9.167110555300741,25,844.3799769275812,17,9944,22,4.123955726236824,Normal,TON_IoT,5
0.16370330262331753,6342,134158.02882001543,17,48100,80,1982.8017124677867,DDoS,TON_IoT,2
2.4347882935800285,48,904.9019353146871,6,63806,552,660.8150731691087,Reconnaissance,TON_IoT,7
2.938045055530984,35,1897.854968305721,17,2900,80,0.03147378684400745,Normal,TON_IoT,5
26.60324979620716,90,3818.6688689400453,17,55478,22,4.436713847165642,Normal,TON_IoT,5
38.77068893549272,1169,2475319.978066721,6,27433,445,116.67596333971409,Ransomware,TON_IoT,6
0.04147397472180899,2840,1338938.5265172038,1,8077,80,1945.6986105825226,DDoS,TON_IoT,2
38.99230224256104,58,7131.534699493792,17,12069,443,3.594182972807766,Normal,TON_IoT,5
14.469097086945737,47,8090.841984149123,17,40753,443,0.045558372194305516,Normal,TON_IoT,5
5.253433219518448,44,10365.795160402722,17,7974,80,0.343832656179329,Normal,TON_IoT,5
0.8972029135268978,5825,925705.8401766977,17,64445,80,1540.209830454015,DDoS,TON_IoT,2
2.6205972487082945,2967,19926.762242489072,6,49575,445,25.297584529380813,Ransomware,TON_IoT,6
3.9318100678237395,117,2522.195408191371,17,55533,297,594.1512500896849,Reconnaissance,TON_IoT,7
0.11748317198792374,7709,97124.73731443155,1,56303,80,1448.2740816682413,DDoS,TON_IoT,2
15.879623177110751,60,2583.425659339894,6,38961,80,0.2872348618632545,Normal,TON_IoT,5
272.4146638001024,436,3948.653377335823,6,58824,8080,18.869784043424772,Botnet,TON_IoT,0
13.140893444292692,1954,2327597.640167109,6,21957,445,105.84371431135223,Ransomware,TON_IoT,6
168.40935217172492,322,24279.36337437804,6,12742,8080,15.641719337076537,Botnet,TON_IoT,0
4.240434397017717,84,1229.9709104184926,6,50819,22,1.6390866209823292,Normal,TON_IoT,5
0.3617220183734647,6378,201884.6937545682,1,36663,80,1386.2433530950816,DDoS,TON_IoT,2
146.44820367945695,227,37562.640041939834,6,18913,23,12.457149168674679,Botnet,TON_IoT,0
7.089008252128746,48,185.76679216721888,6,38657,999,477.37029527352195,Reconnaissance,TON_IoT,7
118.90834005389391,341,17444.212192220162,6,26265,23,15.574026923861329,Botnet,TON_IoT,0
33.253123333666224,68,2580.8331349214914,6,54409,22,0.6618043477460357,Normal,TON_IoT,5
0.1964075038414602,3127,119196.17260400447,1,6402,80,677.6689859502208,DDoS,TON_IoT,2
13.606126586694154,57,13609.371077625194,17,33445,443,2.069405392665632,Normal,TON_IoT,5
14.512363021441077,6,4323.672876992085,17,33012,443,7.1699818951883225,Normal,TON_IoT,5
0.7192015608661736,1578,62816.63954122239,17,39235,80,1729.3667519720161,DDoS,TON_IoT,2
1.5596566338946587,193,321.0498723513461,6,17471,704,566.7558124779316,Reconnaissance,TON_IoT,7
6.826387768551321,109,2188.8591670683854,6,5895,493,431.3934593997536,Reconnaissance,TON_IoT,7
16.44735813878311,39,8000.717661722363,17,4721,443,0.03308679561208573,Normal,TON_IoT,5
1.3207831883949,7129,125350.55069098015,17,36514,80,947.1268624988612,DDoS,TON_IoT,2
65.36061689885499,2606,611671.8213528084,6,20770,445,115.6142377754197,Ransomware,TON_IoT,6
9.109084369936173,27,1539.106106866623,17,8274,901,635.9124890285096,Reconnaissance,TON_IoT,7
9.140066683486987,23,748.5095192576309,17,26832,678,894.6449124925662,Reconnaissance,TON_IoT,7
128.5226747349162,127,45255.328344356116,6,59808,23,11.403381682717942,Botnet,TON_IoT,0
13.236121465924171,61,9999.9971540888,6,54542,80,0.4758004085581398,Normal,TON_IoT,5
190.882166537109,54,27273.55461902559,6,21589,8080,33.178321596396486,Botnet,TON_IoT,0
283.08685224316764,94,1851.5710621538578,6,46380,6667,49.88363408647761,Botnet,TON_IoT,0
150.04830251464873,454,5224.435840219944,6,35294,8080,38.71989005319658,Botnet,TON_IoT,0
299.38385612543846,183,425.06674037560396,6,31980,6667,40.90787567361491,Botnet,TON_IoT,0
1.0203170362869978,4886,31856.08693427711,1,31144,80,1251.2702327867576,DDoS,TON_IoT,2
160.78128549485373,475,2796.852736602904,6,1726,23,12.035634647675197,Botnet,TON_IoT,0
37.7137091473395,71,742.9496640464241,6,52719,22,1.3309158042098639,Normal,TON_IoT,5
1.0456772763698394,1721,219407.95795518914,1,13710,80,1268.9032991230579,DDoS,TON_IoT,2
25.81678191410743,110,25312.46704314007,6,17577,6667,26.74596909643257,Botnet,TON_IoT,0
171.18809937539066,309,12761.58963338758,6,41874,8080,49.47261250554358,Botnet,TON_IoT,0
2.0188838575079258,38,45.57530649392055,6,18296,961,590.1694168525037,Reconnaissance,TON_IoT,7
3.7286597695329666,74,11755.670165481697,17,6824,80,0.3433626523089475,Normal,TON_IoT,5
224.38146504777652,216,7508.088484666065,6,47735,8080,25.07909547986582,Botnet,TON_IoT,0
1.1398183676742697,183,0.6120916857477531,6,63862,327,418.178040322921,Reconnaissance,TON_IoT,7
0.3199899102060706,7139,2717896.2195267943,1,21541,80,1924.7181257031527,DDoS,TON_IoT,2
3.4811931907433498,2341,154088.6627540253,6,61552,445,20.986899163384756,Ransomware,TON_IoT,6
7.913470839437955,20,400.6517556572061,6,2543,22,1.1394126169614203,Normal,TON_IoT,5
14.500070944048417,80,6466.415885476138,17,14740,80,1.128557237620464,Normal,TON_IoT,5
94.32053458094487,338,42947.16215899645,6,22732,8080,47.381358125598034,Botnet,TON_IoT,0
19.825658263042182,47,7999.568056163321,17,23908,22,0.11706578859960767,Normal,TON_IoT,5
8.390936414244445,81,786.6673303517114,17,21238,22,1.742195044361315,Normal,TON_IoT,5
11.850257163053406,1093,219704.4242081238,6,57937,445,114.05240906296645,Ransomware,TON_IoT,6
32.89600621624462,866,900395.5490476057,6,58632,445,109.90625321971234,Ransomware,TON_IoT,6
22.759438242020543,1839,1736129.463978916,6,7080,445,44.69927929219471,Ransomware,TON_IoT,6
5.011989607016258,936,745515.8445884342,6,7644,445,75.72035252630626,Ransomware,TON_IoT,6
3.1232389058995964,2429,1754694.9447900567,6,14764,445,51.37528525668507,Ransomware,TON_IoT,6
25.98693463762259,99,882.3937363167488,17,59687,80,0.7334961007462283,Normal,TON_IoT,5
39.271531205149316,2341,1856006.6464700415,6,51869,445,146.61980710533894,Ransomware,TON_IoT,6
10.41826019905385,17,4021.981644036201,17,17291,80,0.24304935364346134,Normal,TON_IoT,5
10.268114418648716,23,1832.8939057491627,17,17878,80,0.742176073684001,Normal,TON_IoT,5
0.2692446652318379,9025,768839.7236900253,17,58294,80,1342.4091443723823,DDoS,TON_IoT,2
62.85942698808824,661,3070818.7732717046,6,8087,445,77.88539090483775,Ransomware,TON_IoT,6
21.72455719111785,438,472457.5791274749,6,17664,445,61.099151751397,Ransomware,TON_IoT,6
193.125434098064,41,15480.19126580179,6,62493,8080,34.97368118341575,Botnet,TON_IoT,0
1.4762303250963265,152,117.0702328581474,6,45396,107,581.6960956443778,Reconnaissance,TON_IoT,7
121.09399184731745,82,8713.375930320652,6,2460,23,34.37214326258019,Botnet,TON_IoT,0
29.295839276379887,1696,514237.27380160155,6,19364,445,42.724937895547534,Ransomware,TON_IoT,6
32.47045983109982,2078,1462013.3140851774,6,61702,445,32.132142627167255,Ransomware,TON_IoT,6
30.83228389728541,330,13762.60767063585,6,3925,6667,19.047699335618113,Botnet,TON_IoT,0
7.902046885051574,8,1402.7503137814053,17,42716,22,1.071313550249889,Normal,TON_IoT,5
76.96804002062935,20,8940.163936697736,6,21458,6667,27.912440372624168,Botnet,TON_IoT,0
1.9064913626612743,2476,1326056.4117125336,6,2563,445,28.120233810562432,Ransomware,TON_IoT,6
2.2643337778514567,21,101.6253191607245,6,46550,22,2.2152546971165763,Normal,TON_IoT,5
277.25367287956846,378,4838.659731832409,6,48400,23,41.594544960047,Botnet,TON_IoT,0
9.664592622495169,51,315.58932548099557,6,52377,602,277.9977628959533,Reconnaissance,TON_IoT,7
6.76558576174713,70,1213.8811898877093,17,11055,80,1.0496259693563479,Normal,TON_IoT,5
18.563402152457975,733,391727.39941689617,6,37774,445,46.34167138484912,Ransomware,TON_IoT,6
3.287811250777751,2951,67602.9912531627,6,36824,445,89.47887030778772,Ransomware,TON_IoT,6
2.7162425785670274,178,1638.693595592714,6,36881,866,420.06060649501717,Reconnaissance,TON_IoT,7
1.3397470789996184,25,6748.047997795692,6,49603,80,0.4596259564902549,Normal,TON_IoT,5
9.397818506898865,12,3666.0709166735382,17,63325,443,2.01822113182048,Normal,TON_IoT,5
1.0440139455322301,4720,39858.8406775108,6,10215,80,1281.7859918232675,DDoS,TON_IoT,2
0.27072192932366224,7555,1521388.4823175943,17,30868,80,895.5361133950793,DDoS,TON_IoT,2
3.750595800828566,87,3217.796308315546,6,4004,22,0.5112368645834608,Normal,TON_IoT,5
0.35948268543363515,6703,200563.45777122944,1,29762,80,1511.5307506340994,DDoS,TON_IoT,2
10.260732209022377,93,1688.206282917173,6,31553,80,0.4522914427804323,Normal,TON_IoT,5
17.595295661976273,66,1500.0408004229669,6,28856,443,1.8566510801639926,Normal,TON_IoT,5
18.47542197798606,52,1892.7936961575895,17,10204,80,3.1369608138362812,Normal,TON_IoT,5
6.058986801358213,18,1394.5008813865945,6,38290,65,220.81329078012237,Reconnaissance,TON_IoT,7
11.190751529035637,22,1765.753509681737,17,55527,443,0.7443151738168623,Normal,TON_IoT,5
9.111383334224975,411,1565264.1032722795,6,31380,445,104.34351832970005,Ransomware,TON_IoT,6
227.1242773183356,343,16228.425324295542,6,5657,23,33.844480509497345,Botnet,TON_IoT,0
0.8148082841027193,9350,117453.4331765804,6,10800,80,595.6404388809648,DDoS,TON_IoT,2
71.0915802884578,815,1284742.6661320713,6,13023,445,132.59990138023338,Ransomware,TON_IoT,6
0.29949903945939443,7089,112632.59186865002,17,4780,80,817.5254817817988,DDoS,TON_IoT,2
0.996797118005923,2458,559791.9482194638,6,40317,80,1574.743750569708,DDoS,TON_IoT,2
0.07561153188500092,7550,45532.017634793214,1,60175,80,927.1766725954265,DDoS,TON_IoT,2
37.373550604394794,2487,12051.137727936226,6,14454,445,82.0515408082865,Ransomware,TON_IoT,6
88.13685815790723,208,4526.678190737025,6,14241,23,35.15195999959135,Botnet,TON_IoT,0
11.381439181470645,92,155.6875719427906,6,38536,443,5.170200530853545,Normal,TON_IoT,5
50.981158887824165,990,1315415.4954040567,6,24609,445,88.52773940451998,Ransomware,TON_IoT,6
8.116623749916187,477,553095.3226259568,6,23723,445,74.6040931404511,Ransomware,TON_IoT,6
1.3489959356948495,3096,729272.5331058995,1,59809,80,1715.19642483923,DDoS,TON_IoT,2
8.920980979558756,58,2404.2320925125878,6,30757,22,3.617922389728412,Normal,TON_IoT,5
12.077787559175464,208,1707290.0116048155,6,38662,445,27.092444046611888,Ransomware,TON_IoT,6
16.01650311184153,27,7991.257375835669,17,23682,22,0.8631110328017259,Normal,TON_IoT,5
11.5680715578535,80,1419.5784900797755,6,32219,80,1.5735286399336974,Normal,TON_IoT,5
33.213215571315935,319,24276.934772204928,6,61938,6667,26.116722807225983,Botnet,TON_IoT,0
10.00557837268892,216,431680.2688645267,6,3094,445,147.9346289452827,Ransomware,TON_IoT,6
32.801734639775944,662,2411088.503972398,6,53133,445,84.91890592350464,Ransomware,TON_IoT,6
1.2683166060484437,9004,566871.176015297,17,58597,80,1065.3406074004592,DDoS,TON_IoT,2
4.037360773688974,18,2119.4523912847544,6,29340,80,4.995215649800509,Normal,TON_IoT,5
231.86976891834072,167,13815.108012713912,6,27782,6667,29.039831949898883,Botnet,TON_IoT,0
30.268284389715166,1438,205609.06816158406,6,25291,445,67.12975849678764,Ransomware,TON_IoT,6
18.299433446528205,65,4815.821760710841,17,26006,443,3.089924935926367,Normal,TON_IoT,5
6.479463900737669,17,6867.425432728862,17,30223,443,1.5631073904520978,Normal,TON_IoT,5
3.6531389582370046,2399,1950526.7697532927,6,52956,445,11.43041143130061,Ransomware,TON_IoT,6
58.300658536677915,2372,122978.23964625415,6,52918,445,132.59707554804476,Ransomware,TON_IoT,6
0.3528161824600411,6289,483781.55454214936,6,14018,80,1067.159435134172,DDoS,TON_IoT,2
15.176607174927948,28,2484.7476734839797,6,46324,22,0.23383478103736954,Normal,TON_IoT,5
21.610002900775015,96,5659.804641929722,17,8128,80,3.248883718650938,Normal,TON_IoT,5
13.069238771635671,97,8072.887129945453,6,27023,80,2.1111023561970925,Normal,TON_IoT,5
203.56613897792133,273,17455.450975912623,6,22444,6667,24.767219662896725,Botnet,TON_IoT,0
1.360475345599511,1830,802484.5604854658,6,23326,445,46.34479039781496,Ransomware,TON_IoT,6
260.1579520614881,122,7619.5749589888965,6,21283,23,18.364007640351787,Botnet,TON_IoT,0
32.34156366731155,462,19417.849187786305,6,56344,6667,13.517004771257616,Botnet,TON_IoT,0
5.938854020799358,13,1741.112773177953,17,41460,80,0.9076870579762667,Normal,TON_IoT,5
0.6492635388952118,2195,163397.40393772695,17,43145,80,1049.5429609968076,DDoS,TON_IoT,2
1.3756749095244252,35,4926.477636179552,6,17626,80,0.3472479804179062,Normal,TON_IoT,5
42.44770271225904,1775,228855.13221714585,6,46672,445,13.06841997289824,Ransomware,TON_IoT,6
0.6978446656876537,6764,1264616.187477697,6,20165,80,1891.8464343916185,DDoS,TON_IoT,2
8.285936150788348,189,27.173474682019442,6,23924,799,292.84523428842334,Reconnaissance,TON_IoT,7
261.37896287066,430,19445.41202377399,6,62107,8080,27.412396721012662,Botnet,TON_IoT,0
129.9044245668893,474,19364.438274191823,6,62790,23,33.62990804269677,Botnet,TON_IoT,0
17.074051830670562,39,4394.820783906092,17,6025,22,0.3351954926053173,Normal,TON_IoT,5
10.592889110605318,8,3174.2444000179157,17,6847,80,1.107977968222058,Normal,TON_IoT,5
0.7579913991200612,6259,777773.8875480739,6,8186,80,1426.3811259534937,DDoS,TON_IoT,2
31.70094820790386,2286,1921111.2501464386,6,60206,445,115.48590894652439,Ransomware,TON_IoT,6
0.698852065551342,7932,636678.6023518333,1,29761,80,644.0749634510041,DDoS,TON_IoT,2
2.9269728981125627,540,693575.1637932686,6,58634,445,74.33330051794003,Ransomware,TON_IoT,6
31.55385216601177,65,7681.905174427343,17,1548,443,1.2073385135901087,Normal,TON_IoT,5
1.096661024669747,3973,215977.88537855164,1,2671,80,1078.1711301469154,DDoS,TON_IoT,2
9.061659254466493,121,219.81136507206324,17,37805,469,343.1173648401783,Reconnaissance,TON_IoT,7
12.16741702737667,81,2778.180037483849,6,49459,443,0.5235510064114341,Normal,TON_IoT,5
11.925579107742708,1868,579509.1304517152,6,19933,445,107.06997219823374,Ransomware,TON_IoT,6
0.6897472967821324,3513,639802.8684545624,6,63217,80,1192.0393138866764,DDoS,TON_IoT,2
119.88865133489612,276,15377.481469507555,6,30565,6667,33.4888852174492,Botnet,TON_IoT,0
1.1608650472346378,8465,428881.8570441104,17,45821,80,1448.328857298327,DDoS,TON_IoT,2
56.514068813542735,51,6639.65459425374,6,7335,6667,12.292149029484563,Botnet,TON_IoT,0
2.5145046837252947,388,96429.92746170571,6,17024,445,144.48033490653512,Ransomware,TON_IoT,6
19.151188448692203,50,1687.4583998609226,6,14401,443,1.0744085218484178,Normal,TON_IoT,5
0.9178873364515435,167,324.4453586668595,6,30786,990,910.2545327388264,Reconnaissance,TON_IoT,7
10.289777362938386,2997,4078094.6347222137,6,57964,445,50.70724815463214,Ransomware,TON_IoT,6
2.681426432250177,485,26710.011901787704,6,8251,445,100.47112520537102,Ransomware,TON_IoT,6
0.31872235444249486,9746,120961.5204078936,6,14621,80,1396.0434378438608,DDoS,TON_IoT,2
2.77092686672414,14,1067.3164173342716,6,34359,22,5.507838799873945,Normal,TON_IoT,5
19.732818133411982,1644,87254.8411990709,6,8525,445,59.230317082350055,Ransomware,TON_IoT,6
1.352887436363012,3566,2592443.15830819,6,13241,80,1732.1593006353423,DDoS,TON_IoT,2
11.98858722168789,75,9512.899975424429,6,17450,80,3.1071019784307445,Normal,TON_IoT,5
1.1915320430476395,9867,917059.5599319262,17,21007,80,1248.623400847053,DDoS,TON_IoT,2
30.114459193774877,90,3326.5800552161945,6,12522,80,0.6346767888697247,Normal,TON_IoT,5
1.05208028646127,7502,264943.44624790957,1,29578,80,1559.96815488467,DDoS,TON_IoT,2
1.0008899305780181,2998,40582.711619754715,6,51790,80,1630.9231033533397,DDoS,TON_IoT,2
43.584059789959966,13,281.6224547702295,17,26815,80,0.3462412943569377,Normal,TON_IoT,5
0.5688744279894251,4973,1298418.678210326,1,11918,80,1701.8833787208266,DDoS,TON_IoT,2
79.33009931732954,258,12527.945854080352,6,7660,8080,28.166804950075942,Botnet,TON_IoT,0
33.94868720432711,921,1173599.8788882624,6,14871,445,134.48625593165332,Ransomware,TON_IoT,6
5.822598452260545,9,2426.265179976993,17,20545,80,1.7084690593976188,Normal,TON_IoT,5
0.24539715211719998,3318,309820.51325794135,1,4840,80,547.1212908207735,DDoS,TON_IoT,2
34.616702345788994,1717,889400.3479342794,6,21750,445,44.82582365849852,Ransomware,TON_IoT,6
6.881907799136382,96,1118.7821376290383,6,64373,80,0.24320401810901784,Normal,TON_IoT,5
22.877755817086484,21,1329.1773131944344,6,27084,80,0.04006049130844236,Normal,TON_IoT,5
261.0557630340495,143,11659.896980049536,6,22771,6667,20.030165078108155,Botnet,TON_IoT,0
12.065116132203359,20,5576.970900360358,6,8397,22,0.5080544491945644,Normal,TON_IoT,5
4.757281218423511,119,78.51499442501307,6,50200,846,711.8392250008962,Reconnaissance,TON_IoT,7
16.868132588680705,6,16944.184000773643,17,61125,443,0.22338483501952347,Normal,TON_IoT,5
17.932888197655025,280,534.7833796145383,6,34880,6667,29.528245756000747,Botnet,TON_IoT,0
1.8140652092239669,63,53.08656772775132,17,20426,453,863.9758397534554,Reconnaissance,TON_IoT,7
11.046814390421332,96,3441.436322027075,6,61669,80,0.0408467524092916,Normal,TON_IoT,5
9.57958467270215,2336,491847.99656686914,6,56966,445,45.78603535401115,Ransomware,TON_IoT,6
1.4798461641856446,6196,1519310.24431094,1,28434,80,1138.9585376896491,DDoS,TON_IoT,2
0.16725527480675678,3629,152747.80007001705,6,38565,80,1651.0552618644138,DDoS,TON_IoT,2
0.6086640444433898,9819,430140.0953067663,1,16781,80,724.7449865218589,DDoS,TON_IoT,2
15.84432311267991,32,3985.30846297732,17,59735,22,1.9102691096346738,Normal,TON_IoT,5
148.44226627107446,33,14759.2720973242,6,20081,6667,23.538871358082936,Botnet,TON_IoT,0
25.887784882294678,74,6416.459316398057,17,31484,80,1.5976972628652255,Normal,TON_IoT,5
20.380440687602352,63,8112.78603770253,6,42762,80,0.2354253216747673,Normal,TON_IoT,5
8.780901354017807,75,2133.362840365572,6,18268,443,2.1429348463002587,Normal,TON_IoT,5
145.50285535257638,175,969.6691265835715,6,33260,6667,34.10187110765871,Botnet,TON_IoT,0
1.2662871007337968,7910,187293.2812838734,6,12228,80,957.2096518971058,DDoS,TON_IoT,2
28.907008792095358,27,6924.300922135844,17,45832,443,3.540264899557489,Normal,TON_IoT,5
106.89162207494117,148,18677.4083468215,6,12458,8080,41.725939361501545,Botnet,TON_IoT,0
2.2921002657823615,2008,2044006.0108260845,6,39321,445,114.26794838348421,Ransomware,TON_IoT,6
26.694643717669383,111,6072.547033256449,6,39153,23,19.424631837544453,Botnet,TON_IoT,0
106.40391771291031,221,18305.00202801072,6,25822,8080,5.130471272991364,Botnet,TON_IoT,0
5.626513832107939,80,10776.298204432287,6,28059,443,5.337990515075256,Normal,TON_IoT,5
0.9412832910795137,2743,124953.73798444877,6,34797,80,1031.9047911760874,DDoS,TON_IoT,2
0.30069835461687927,7441,135784.951560423,1,59773,80,1212.3599988514898,DDoS,TON_IoT,2
39.312932764123026,1549,2030793.0724879913,6,58122,445,146.6983636470304,Ransomware,TON_IoT,6
10.173272269990427,1575,674401.7839034173,6,29691,445,59.21997731530968,Ransomware,TON_IoT,6
0.9402978443137863,2044,320221.28214219114,1,41778,80,738.6976025877741,DDoS,TON_IoT,2
1.1019459129486129,6125,2328924.5667719734,6,2764,80,678.4947694381754,DDoS,TON_IoT,2
0.15425687935210833,46,354.941993075428,6,29553,764,351.8487216228417,Reconnaissance,TON_IoT,7
0.04306948141604496,8058,529659.4247403647,17,42182,80,726.7172628747394,DDoS,TON_IoT,2
46.36859109866746,14,3427.4161470024314,6,60022,22,0.6556405695686397,Normal,TON_IoT,5
10.115545014086639,1572,581631.9543544978,6,47873,445,46.52413757011602,Ransomware,TON_IoT,6
135.22587693554107,110,21414.09231559526,6,30944,8080,32.64830055809753,Botnet,TON_IoT,0
243.2176980226874,267,511.0386380560277,6,42239,8080,11.024304328097598,Botnet,TON_IoT,0
38.88106203116853,35,956.3502336771317,6,37829,443,0.6175512568169756,Normal,TON_IoT,5
0.9174052327524926,1412,301274.88285126106,1,58525,80,790.7745486648803,DDoS,TON_IoT,2
1.563302269442266,59,6963.577949050778,17,8084,22,0.12421240703174631,Normal,TON_IoT,5
13.324060930033887,59,111.80869517323805,6,17432,22,0.7329845582237273,Normal,TON_IoT,5
1.2511511010406704,148,194.72434624235345,6,4688,324,195.10736565121385,Reconnaissance,TON_IoT,7
7.844766673946683,31,5406.8120656773535,17,22039,22,1.835416331969014,Normal,TON_IoT,5
5.315586037105877,22,1326.8167655258144,17,65445,163,329.70229791966494,Reconnaissance,TON_IoT,7
4.41514648514878,54,510.1471857992691,17,43878,107,888.4143715413273,Reconnaissance,TON_IoT,7
31.78240611211601,31,635.3168245030276,6,12493,22,1.7504457878587216,Normal,TON_IoT,5
18.537208627449708,2479,174195.8291229626,6,14882,445,25.37110592481192,Ransomware,TON_IoT,6
4.831922434322334,2948,1581563.7960082765,6,32451,445,70.74944501334136,Ransomware,TON_IoT,6
204.66657245225,101,70.98057748098455,6,55128,23,24.81272785922096,Botnet,TON_IoT,0
87.77862081773392,252,9378.876016488646,6,41236,6667,16.703971595458718,Botnet,TON_IoT,0
1.110088786676822,5235,1904020.9126564788,17,54792,80,868.8184247440765,DDoS,TON_IoT,2
210.31993917168876,295,13413.731735419737,6,61683,6667,14.331411302953404,Botnet,TON_IoT,0
43.98300709917565,2669,583200.8201814819,6,33206,445,103.21699868882719,Ransomware,TON_IoT,6
0.937542455549709,1779,450573.9179989994,17,60015,80,1847.23868649981,DDoS,TON_IoT,2
13.839869392725175,90,7334.063411311327,17,48394,80,0.5993702578494033,Normal,TON_IoT,5
1.360942108887424,5673,28965.606576354057,17,27315,80,904.7415290998624,DDoS,TON_IoT,2
8.420372672894135,38,1487.9150990570365,17,50479,22,0.030050329271727832,Normal,TON_IoT,5
18.51904765204405,1717,177387.14453725907,6,44162,445,126.67060930834637,Ransomware,TON_IoT,6
0.3198527703582705,6600,66898.2033372291,17,43812,80,1694.08630152061,DDoS,TON_IoT,2
17.804035033106857,41,4581.515137022726,17,23948,80,1.327411510214855,Normal,TON_IoT,5
7.036533667734509,38,742.6554927287574,17,38575,831,940.810053408606,Reconnaissance,TON_IoT,7
92.11045797408927,257,10401.133447094886,6,39858,8080,5.606400685154499,Botnet,TON_IoT,0
19.76183283533007,1381,893658.8453324944,6,22406,445,89.16416896946384,Ransomware,TON_IoT,6
6.641376603989211,2801,389482.55471965065,6,31826,445,18.624618931031893,Ransomware,TON_IoT,6
1.1094991817467201,97,4659.7048007314315,6,19823,80,0.05150024638861225,Normal,TON_IoT,5
1.0046615465828421,1410,66744.01695985321,1,32927,80,951.1975490310904,DDoS,TON_IoT,2
6.548379517772018,24,6274.551026114822,6,52631,22,0.2579980623476243,Normal,TON_IoT,5
1.4959862241284227,46,3294.4225894322635,6,7366,80,5.5591078217688645,Normal,TON_IoT,5
1.1358782789505266,4783,231252.3325116691,17,7885,80,871.0647390721003,DDoS,TON_IoT,2
0.39360903985311785,6531,381081.5301199465,6,61445,80,1694.286657735257,DDoS,TON_IoT,2
1.5617492486123998,78,1514.118213005239,6,3961,375,357.02658850385865,Reconnaissance,TON_IoT,7
2.2078055674374233,52,2909.785510907732,17,22774,443,1.3768052595037736,Normal,TON_IoT,5
2.2201169221688026,108,3543.211654255494,6,8673,653,624.2658070373988,Reconnaissance,TON_IoT,7
0.03052631400884244,3582,1656045.7395777141,6,48181,80,1796.6834099693208,DDoS,TON_IoT,2
1.3504526330082818,9898,18184.014765689877,6,44419,80,1050.1782304730964,DDoS,TON_IoT,2
31.428883142144493,61,5681.518593899168,17,34836,443,3.828473620074742,Normal,TON_IoT,5
0.5335215686396603,3844,194462.1142081536,6,8198,80,1437.3053599922328,DDoS,TON_IoT,2
7.062167175284158,86,7464.807552166689,17,53036,443,1.4288174300086085,Normal,TON_IoT,5
149.12138187021276,312,10109.47245612677,6,57956,23,49.16764965125873,Botnet,TON_IoT,0
2.1865146169110345,83,19780.787139650678,6,36652,22,7.583956565148318,Normal,TON_IoT,5
28.333816571222258,38,2514.075270368587,6,58166,22,8.212811959786283,Normal,TON_IoT,5
0.14148475825175663,5769,111724.13083790518,6,14551,80,895.7910537898431,DDoS,TON_IoT,2
16.368075894059707,1990,19145.127070994717,6,4272,445,37.6622427882645,Ransomware,TON_IoT,6
25.103964289514437,2704,182911.34844615866,6,62229,445,76.97293722906791,Ransomware,TON_IoT,6
8.282538347853476,35,3774.4896940475337,17,10549,80,0.30643475685690574,Normal,TON_IoT,5
35.035581349873894,612,2082236.8044608312,6,58798,445,132.6260039865501,Ransomware,TON_IoT,6
1.3952259039904504,992,1351074.2964867798,6,60917,445,125.70901669110104,Ransomware,TON_IoT,6
11.427717691809425,34,3997.470221994485,6,57719,22,1.8028036239417393,Normal,TON_IoT,5
280.67748755043715,417,17269.822265252173,6,26055,6667,21.892408868160825,Botnet,TON_IoT,0
16.731089266363135,62,1038.0374813543704,17,33298,80,0.28019107924994374,Normal,TON_IoT,5
12.813179383098612,478,1630295.6253343658,6,42294,445,42.12703753927154,Ransomware,TON_IoT,6
23.154898473948716,81,4023.782544418536,17,10739,22,2.896986571692144,Normal,TON_IoT,5
5.421259235872009,59,10804.606115876233,6,35562,22,2.250187535107986,Normal,TON_IoT,5
0.8476134160729614,2671,311892.4239784368,17,44324,80,1214.5550469900768,DDoS,TON_IoT,2
201.88300771642255,258,29025.59543423259,6,38817,23,36.29034582791306,Botnet,TON_IoT,0
5.383601940920804,81,1373.863327187644,17,43706,443,0.7014855614993307,Normal,TON_IoT,5
0.3163047048059892,4423,564069.1326452605,1,31114,80,697.9165710089255,DDoS,TON_IoT,2
8.369796591262308,99,680.9283613107517,6,43266,443,0.06322466410139536,Normal,TON_IoT,5
1.1045018013285255,5995,374292.67974782287,1,20493,80,1645.9662869719018,DDoS,TON_IoT,2
1.47803912724252,8200,657290.3750824042,6,41919,80,977.4762515264014,DDoS,TON_IoT,2
8.414898616466946,7,733.3761097696039,6,25801,22,0.9703565110991792,Normal,TON_IoT,5
222.3786791405191,470,15195.231903653588,6,46296,6667,43.42135665446765,Botnet,TON_IoT,0
8.60566475346585,103,1087.7503294230312,6,56471,472,378.26149409600504,Reconnaissance,TON_IoT,7
0.10147336156860064,93,228.070822101421,17,60478,574,463.74735158354605,Reconnaissance,TON_IoT,7
1.246727235962889,71,1637.8734230195553,17,33304,22,0.2711541110999697,Normal,TON_IoT,5
44.6720063122811,83,420.090397742957,6,14548,443,3.621271565277199,Normal,TON_IoT,5
0.8319305963755493,7095,54155.80292213405,6,51864,80,773.879310903187,DDoS,TON_IoT,2
4.509808281618943,74,12645.191731965935,17,14107,443,2.1618360065024396,Normal,TON_IoT,5
29.37801269452751,7,4943.0990269674685,6,59868,80,8.345860354500015,Normal,TON_IoT,5
14.98549370259121,45,903.287046226891,6,3353,22,0.11674506180780944,Normal,TON_IoT,5
15.068067595407655,97,3839.2112389985487,6,48522,443,1.1666505522890736,Normal,TON_IoT,5
4.952362124819355,122,1308.40070705915,6,35962,475,815.0107149014881,Reconnaissance,TON_IoT,7
15.104186542997686,86,5210.039379208826,6,24055,22,2.803590313157949,Normal,TON_IoT,5
9.252411706168001,37,155.39484475304621,17,57812,22,5.458048610219764,Normal,TON_IoT,5
0.4745504010283014,2766,2516475.534800102,6,45497,445,109.52151654452953,Ransomware,TON_IoT,6
40.47475545184458,2260,392748.80327166524,6,55940,445,132.4688184416675,Ransomware,TON_IoT,6
47.79193379915522,127,34178.74410139489,6,34344,8080,43.63569782288085,Botnet,TON_IoT,0
13.660618314043441,26,8262.737237865087,17,8536,80,1.019656090202089,Normal,TON_IoT,5
2.5282529677272514,40,5147.323630519185,17,49921,22,0.9438138877152835,Normal,TON_IoT,5
4.062450627561879,1531,1502876.3596308914,6,29796,445,20.84184749467132,Ransomware,TON_IoT,6
66.99200656069942,281,30947.374771645013,6,14998,23,21.78446157397643,Botnet,TON_IoT,0
54.09621270603783,99,3188.0706682440405,6,42642,23,37.06933330553934,Botnet,TON_IoT,0
0.49261108192677566,9156,2319150.4699458005,17,18328,80,587.3931303191002,DDoS,TON_IoT,2
20.618495815498985,1491,329169.7713544004,6,11192,445,96.42306415359505,Ransomware,TON_IoT,6
275.1818000625669,355,45051.159829745186,6,39303,6667,29.5751478205784,Botnet,TON_IoT,0
8.61695238889271,17,2679.8153324364716,17,60665,80,2.5583730033265377,Normal,TON_IoT,5
10.985458139506672,25,3780.0771301249456,6,13693,80,2.1655480371479086,Normal,TON_IoT,5
19.046355187581156,72,3908.1529613724197,17,6261,80,1.9950512001329028,Normal,TON_IoT,5
80.14414961828406,1716,1669752.4072036096,6,64623,445,144.49695709419515,Ransomware,TON_IoT,6
5.1531363595084825,43,924.2047535289447,17,10067,22,1.2674153587264523,Normal,TON_IoT,5
10.178359941017337,87,2339.3953468160794,17,23913,22,5.327985423598554,Normal,TON_IoT,5
24.084117286966265,63,10469.1050676548,17,5136,443,1.2750422937316577,Normal,TON_IoT,5
152.50385636750661,230,42730.905957585994,6,8968,23,39.33255264632371,Botnet,TON_IoT,0
49.573460534992286,1689,585752.4260145376,6,62822,445,34.75822466869434,Ransomware,TON_IoT,6
8.243832980660203,84,1172.7525242331224,17,20724,756,969.4360570714401,Reconnaissance,TON_IoT,7
162.72015880530958,254,14440.374853563279,6,49350,23,31.127447192490727,Botnet,TON_IoT,0
101.58953735371779,282,7837.682170878187,6,3292,23,28.677952253170734,Botnet,TON_IoT,0
25.489868619456637,46,21025.011747136425,6,12098,22,1.3263917527902904,Normal,TON_IoT,5
144.56722168263835,290,64322.49332801936,6,12170,6667,42.23131466154073,Botnet,TON_IoT,0
4.126349080159663,39,9208.84994640098,6,18397,22,0.10176787693052886,Normal,TON_IoT,5
1.862615473583274,18,158.50965464267696,17,18262,154,119.85290360904824,Reconnaissance,TON_IoT,7
1.31826386558537,30,406.94999179285384,6,56360,443,1.062286662966292,Normal,TON_IoT,5
1.7269940049087307,99,5372.49114396142,6,25677,443,5.87899048203412,Normal,TON_IoT,5
271.39141714922033,22,8280.2951260636,6,3948,8080,40.14769282509832,Botnet,TON_IoT,0
228.99539464689224,458,21033.490349831412,6,13648,23,40.03657033230713,Botnet,TON_IoT,0
0.054569361470902245,6656,584169.6318976776,1,65255,80,568.9349622571641,DDoS,TON_IoT,2
9.24667588321707,98,182.84933342026696,6,10832,137,764.3141464480133,Reconnaissance,TON_IoT,7
10.5347008046476,1547,2691547.1296083615,6,1217,445,29.88142182252162,Ransomware,TON_IoT,6
14.100153231390287,65,22130.662940143076,17,37994,22,0.23143955733427923,Normal,TON_IoT,5
34.80037562005948,8,5294.669393766075,17,21773,443,2.3983115694976886,Normal,TON_IoT,5
6.664255391281665,2454,459868.25845518225,6,64376,445,54.03648910176615,Ransomware,TON_IoT,6
20.544886612806327,43,13764.480740866076,6,5030,80,2.0933603258806426,Normal,TON_IoT,5
13.133322788600278,17,299.8671022729038,6,41039,80,3.99330952443798,Normal,TON_IoT,5
2.5943351342291145,112,3066.6332593587404,17,26435,773,989.8533207989337,Reconnaissance,TON_IoT,7
15.907078790894937,701,552943.6159636923,6,29005,445,99.33707751890346,Ransomware,TON_IoT,6
4.5363154665711,67,1095.890074414951,6,41102,13,437.64979256068347,Reconnaissance,TON_IoT,7
1.9711686318351445,50,7888.660293124503,17,24624,443,1.7459144322211424,Normal,TON_IoT,5
10.465430500785141,8,3801.4537567072825,6,23187,443,3.327475465816803,Normal,TON_IoT,5
0.4726522144108532,3551,301549.74343071453,17,46297,80,1456.6043160747763,DDoS,TON_IoT,2
7.729891530100977,2622,620751.1909184597,6,29329,445,32.89320928114735,Ransomware,TON_IoT,6
4.6519140932055265,1319,17189.254110300495,6,42220,445,63.316500972181935,Ransomware,TON_IoT,6
15.24976764492561,29,4938.185647209493,17,54299,80,0.45684388635476303,Normal,TON_IoT,5
13.763311988133054,2884,118724.30327366928,6,52740,445,88.17774338859259,Ransomware,TON_IoT,6
2.5333949048054993,94,375.95353029393226,6,38185,832,272.4088589878749,Reconnaissance,TON_IoT,7
0.6213978445580159,4213,356975.0194880212,6,22880,80,1657.9827495257648,DDoS,TON_IoT,2
60.462061194661814,443,31454.443843611378,6,57623,8080,5.199296877288063,Botnet,TON_IoT,0
214.22961648231018,437,14370.29709245851,6,40390,8080,44.48511200201563,Botnet,TON_IoT,0
0.24371251505642075,9558,126315.41822771342,1,47955,80,1342.9733001038144,DDoS,TON_IoT,2
1.200041262547408,1561,198985.9820290071,17,44940,80,1055.8217756036215,DDoS,TON_IoT,2
0.2545875492911923,6222,99347.39158473704,6,57666,80,818.5586527551557,DDoS,TON_IoT,2
1.181437817266554,7177,293102.15856575494,17,36959,80,942.7432664949891,DDoS,TON_IoT,2
19.90674478208337,51,29907.687429762223,6,54906,22,1.0379108329433318,Normal,TON_IoT,5
0.32775784777186906,8329,818462.3567299863,1,4166,80,1910.946055775329,DDoS,TON_IoT,2
220.7057425713197,406,809.3382207737063,6,6196,6667,23.30325315621957,Botnet,TON_IoT,0
24.62743168433589,17,7104.209752833862,17,37372,443,1.86510439154219,Normal,TON_IoT,5
0.8583153828123634,48,485.3828851425803,17,3055,283,273.9960205054366,Reconnaissance,TON_IoT,7
7.838844822168287,129,375.56480639257046,6,39522,540,448.56385772435,Reconnaissance,TON_IoT,7
0.4170968685639047,2125,208208.32263312393,1,47387,80,712.895518399615,DDoS,TON_IoT,2
3.783455712578144,22,22482.42224396812,6,44986,443,2.5605362041285344,Normal,TON_IoT,5
279.83662815997496,188,21652.98773835936,6,11268,8080,44.375204687276884,Botnet,TON_IoT,0
3.1871866238736493,1448,2653083.0200645668,6,50961,445,122.34114895124917,Ransomware,TON_IoT,6
1.06003378833814,1586,33650.81726620409,1,46548,80,1814.1266373363567,DDoS,TON_IoT,2
0.4787000635966226,8578,171136.8666931048,17,6565,80,569.6253003896331,DDoS,TON_IoT,2
40.57791199668869,151,1210.1587282707524,6,41833,8080,48.00344159091455,Botnet,TON_IoT,0
13.03349833211739,92,797.4914607551553,6,47641,80,0.034370985347991476,Normal,TON_IoT,5
16.787682762727236,88,2906.0614660068513,17,25201,443,1.9567172455741542,Normal,TON_IoT,5
0.5965764475135397,5994,701672.7453991773,1,30270,80,676.2791021436607,DDoS,TON_IoT,2
8.218403363286166,87,4699.897204076696,17,51636,80,1.958892163725399,Normal,TON_IoT,5
0.4730967501194818,3182,1689640.0430990306,1,8727,80,1645.5220495416297,DDoS,TON_IoT,2
28.039818160662254,340,14058.0139634927,6,59884,23,48.16855089290252,Botnet,TON_IoT,0
8.199365254867907,124,443.135618013378,17,40780,1006,448.92186858731645,Reconnaissance,TON_IoT,7
0.40637341239760033,2662,283385.96192745713,1,19699,80,1508.1548976012991,DDoS,TON_IoT,2
0.40148816898245815,2403,838781.4590006181,1,7135,80,957.2090474880035,DDoS,TON_IoT,2
0.22064827972761852,2358,254687.58278967682,17,2229,80,627.7545148880588,DDoS,TON_IoT,2
22.315156115212385,1040,149099.3850730421,6,65275,445,65.39976115797293,Ransomware,TON_IoT,6
172.88449958572753,191,56591.06711392231,6,59132,23,28.56657258856007,Botnet,TON_IoT,0
11.330167875090442,61,14430.237042570698,17,55079,22,5.66979289627461,Normal,TON_IoT,5
197.22796145084877,127,37930.226809055996,6,36294,23,46.48930810994118,Botnet,TON_IoT,0
0.14201430913929453,5830,932581.1988423882,1,15981,80,1498.5512417145178,DDoS,TON_IoT,2
3.4203548247226734,2267,3372028.9369879616,6,9163,445,135.86882204902665,Ransomware,TON_IoT,6
20.673117594296894,812,2551711.310708001,6,56599,445,131.3080612414814,Ransomware,TON_IoT,6
4.9645727319815744,26,16482.88846424242,17,15263,443,1.0006582587225987,Normal,TON_IoT,5
268.13388916443876,401,9447.337774063126,6,27715,6667,43.52142242391911,Botnet,TON_IoT,0
60.33130904145981,65,13137.411944450452,6,31069,8080,15.471830995976688,Botnet,TON_IoT,0
273.9207319373546,34,35297.77976132733,6,11455,8080,33.43397123771326,Botnet,TON_IoT,0
25.70182767599885,57,7691.259140524239,17,63033,80,0.7597054003679172,Normal,TON_IoT,5
13.314793197739876,1732,3763734.4234676845,6,53960,445,39.97849589887623,Ransomware,TON_IoT,6
17.61310371706188,1847,1016554.8716964208,6,54617,445,61.34067558112603,Ransomware,TON_IoT,6
10.169253157416453,25,11820.754132888187,17,33202,80,0.32094158880965723,Normal,TON_IoT,5
34.80058087401169,7,3404.88117926424,17,36154,443,5.7926243129707276,Normal,TON_IoT,5
6.529930513683261,2057,566932.5972812222,6,62936,445,46.3758118889841,Ransomware,TON_IoT,6
10.506180014774039,10,2848.5431945456157,17,39437,80,0.3431650062325516,Normal,TON_IoT,5
20.31554872516985,10,3238.81879097128,17,48167,22,0.9760277042580502,Normal,TON_IoT,5
25.90909447183492,1726,4110557.429636733,6,55991,445,107.29126455750686,Ransomware,TON_IoT,6
0.037371979648635055,5369,427639.1355791653,1,25831,80,1348.2642022611817,DDoS,TON_IoT,2
72.18458741728301,65,6626.396736653915,6,17992,23,17.40418735220139,Botnet,TON_IoT,0
2.2657392546753927,98,984.2738502398097,6,10933,80,0.1115786192850328,Normal,TON_IoT,5
7.139691056429408,136,381.6868554845257,17,61209,909,845.0788152492821,Reconnaissance,TON_IoT,7
9.858790516507298,25,1463.3155393999696,17,30934,443,2.7356198701938643,Normal,TON_IoT,5
218.9579100829891,305,21887.394260165864,6,63665,8080,28.133595895735038,Botnet,TON_IoT,0
0.8385594547864625,5035,123292.36900510025,1,19719,80,931.3706648197449,DDoS,TON_IoT,2
0.2328767888368867,9899,187757.02573864762,1,21776,80,1806.5450622756662,DDoS,TON_IoT,2
32.076071527338485,38,7305.599549414496,17,15721,22,1.2522319648014033,Normal,TON_IoT,5
145.509436461806,104,639.5557361545315,6,21448,23,19.58041750364793,Botnet,TON_IoT,0
4.291522618757958,19,622.0459599513416,6,51515,22,0.9285655739323577,Normal,TON_IoT,5
0.22581802021625805,92,55.02131517673466,17,4743,204,605.3196261298915,Reconnaissance,TON_IoT,7
1.4885244214490847,6907,315496.5423330364,6,48712,80,1439.321267036141,DDoS,TON_IoT,2
97.05173176826949,291,1957.1063059458966,6,22662,8080,49.35939901871041,Botnet,TON_IoT,0
3.6968815114128106,13,4771.7001633050995,17,58735,443,5.347385691485263,Normal,TON_IoT,5
56.74354869409011,466,23586.11733608241,6,51922,8080,47.65737779830043,Botnet,TON_IoT,0
0.8913315471680767,2112,757665.2239489005,17,26514,80,1668.5881927744551,DDoS,TON_IoT,2
2.6068358459609984,58,3001.605252552405,6,60139,80,3.381599865032193,Normal,TON_IoT,5
50.56252580548228,57,1312.397154704884,17,6041,443,0.4588802378899852,Normal,TON_IoT,5
0.40821945807624616,9087,543982.2016857591,1,55671,80,1412.8953633509561,DDoS,TON_IoT,2
22.300672999375593,64,7245.650593897518,6,8654,80,0.9512274032311051,Normal,TON_IoT,5
1.7887831280613355,1985,148428.9038273805,6,57463,445,68.530919213228,Ransomware,TON_IoT,6
7.923543077956737,17,3091.7990025299578,6,3560,80,0.6491771022811718,Normal,TON_IoT,5
23.599750956440992,56,3149.340632725219,6,64102,22,0.4422501776158146,Normal,TON_IoT,5
42.865650829949786,1295,373050.6279469942,6,19045,445,64.99725101085116,Ransomware,TON_IoT,6
0.5072103592811755,5398,1187666.3572487105,6,24883,80,708.1692185201841,DDoS,TON_IoT,2
0.476799478916601,2564,474921.0621049928,6,53937,80,772.4412547250827,DDoS,TON_IoT,2
13.496723817042938,2040,347387.74284694646,6,48615,445,93.08630817465719,Ransomware,TON_IoT,6
0.3771079641058755,5033,727146.3502993122,6,43441,80,1917.0095930693813,DDoS,TON_IoT,2
244.0909877051006,339,14585.80136417936,6,14499,8080,5.23260778672504,Botnet,TON_IoT,0
276.326217392677,49,12476.607444128924,6,55974,23,38.36277244061731,Botnet,TON_IoT,0
33.48041443905822,44,23075.82386914367,6,9668,8080,34.12033607358245,Botnet,TON_IoT,0
13.360493241940166,1277,1032740.02243341,6,45612,445,31.638614593644192,Ransomware,TON_IoT,6
53.779633337822155,273,2887.538737234291,6,56433,6667,13.453610131030045,Botnet,TON_IoT,0
1.4429585983908446,21,3401.075371569896,17,34644,80,0.6698582099759215,Normal,TON_IoT,5
0.7541426013110584,5495,1148995.4171200148,6,28542,80,1131.1264208299926,DDoS,TON_IoT,2
212.15565610466385,51,78365.6361662124,6,15419,6667,37.195368731875256,Botnet,TON_IoT,0
14.99479906537759,47,457.2533753023365,17,51981,22,1.5276797816486485,Normal,TON_IoT,5
0.010492313853929717,7359,433443.04837202793,17,15410,80,854.0886240471543,DDoS,TON_IoT,2
197.74334359867342,286,8591.134431571349,6,30087,8080,13.17489302685554,Botnet,TON_IoT,0
2.9249171442540556,153,645.6361534403012,17,14369,864,404.95226815306927,Reconnaissance,TON_IoT,7
5.005651238992245,772,183311.84478442144,6,33559,445,98.85301816070489,Ransomware,TON_IoT,6
28.707541885887302,1180,826061.0011098372,6,52386,445,136.46005973217393,Ransomware,TON_IoT,6
41.68921423713961,65,4017.8741584449012,17,32148,80,0.030526382024010458,Normal,TON_IoT,5
1.8651839854339505,43,203.76275490086928,17,50677,381,288.3075084920315,Reconnaissance,TON_IoT,7
14.61244988141845,33,5509.336966385811,17,52116,22,0.26300063869083934,Normal,TON_IoT,5
38.318026363128666,97,6315.10441548302,6,21451,80,1.6668482620712806,Normal,TON_IoT,5
5.4933148283727515,1103,1863923.1522571293,6,18498,445,24.388122604691052,Ransomware,TON_IoT,6
12.80416889549676,12,1442.347615673812,6,35047,80,5.134031864274315,Normal,TON_IoT,5
5.4007159017107265,1575,187090.70255532305,6,44246,445,73.39611165170308,Ransomware,TON_IoT,6
24.262005306028747,32,1785.0934487160544,6,29981,80,2.7565858092090405,Normal,TON_IoT,5
36.217032042919165,12,2762.0302337358207,17,13715,22,0.10445690660718299,Normal,TON_IoT,5
3.7673214682567178,62,148.4214259057668,6,59340,443,1.260844264519994,Normal,TON_IoT,5
3.7633067772065045,11,220.13478753388927,17,28734,80,1.495915465602002,Normal,TON_IoT,5
49.201877532296244,33,10598.802288642037,6,40868,443,4.599136889909264,Normal,TON_IoT,5
16.399229895316097,1968,2701567.5420840536,6,4325,445,38.25557650704259,Ransomware,TON_IoT,6
0.6352334527176422,129,3872.8660328402248,6,3600,35,950.3972560703656,Reconnaissance,TON_IoT,7
16.50087244466221,1951,2402434.552506618,6,52252,445,13.632540547611383,Ransomware,TON_IoT,6
2.475960450768544,196,888.813174789378,17,26495,918,644.1565577690116,Reconnaissance,TON_IoT,7
0.38299049104002236,6777,157846.18187570188,1,23252,80,1600.6651319100604,DDoS,TON_IoT,2
0.8865049638788979,9244,470680.10915114434,17,48589,80,1257.2236629580261,DDoS,TON_IoT,2
8.997269109940289,83,5711.847553143401,17,20294,443,3.220478776719582,Normal,TON_IoT,5
0.8950745117349961,1940,408628.73105098796,17,24436,80,743.0815998734953,DDoS,TON_IoT,2
37.41219245241991,558,1220037.839655635,6,26658,445,16.74285033458844,Ransomware,TON_IoT,6
216.78925477011757,56,21265.414236189157,6,42984,6667,35.62610063980731,Botnet,TON_IoT,0
6.722578757905381,1316,192394.42031482674,6,52296,445,99.68410391543284,Ransomware,TON_IoT,6
158.35367513691193,496,34430.53396555639,6,37281,6667,48.538632633299166,Botnet,TON_IoT,0
164.81682074535058,398,14524.98651697493,6,34626,23,6.57722284529607,Botnet,TON_IoT,0
1.2567792578493835,1183,171163.37064737524,1,29322,80,516.802108029585,DDoS,TON_IoT,2
30.84469447995621,381,1853.9632980607028,6,61226,6667,26.48339173415747,Botnet,TON_IoT,0
11.546396792182945,61,858.6206551880285,6,31048,80,4.30770321714133,Normal,TON_IoT,5
11.351952398287079,1980,1543551.3290809512,6,26143,445,63.31538948338683,Ransomware,TON_IoT,6
3.5734147019543765,6,5742.76385511426,17,44671,80,5.075496667884027,Normal,TON_IoT,5
0.1737114054958155,3979,524173.3606050427,6,29667,80,578.4373862772934,DDoS,TON_IoT,2
262.7930150220849,219,7656.620610184319,6,13512,8080,21.15223629791954,Botnet,TON_IoT,0
17.182650268940126,82,2109.1665424764437,17,1295,22,0.7647129619350758,Normal,TON_IoT,5
168.2751598041592,307,31193.330203474525,6,41991,6667,25.46324957493894,Botnet,TON_IoT,0
9.264276572137518,48,869.1155079188331,17,43508,22,0.1329816503822611,Normal,TON_IoT,5
13.723463641227319,531,1890286.6735514216,6,2543,445,22.644098473796078,Ransomware,TON_IoT,6
10.665911539206457,59,4348.507730791859,6,17598,22,4.202258793771143,Normal,TON_IoT,5
30.739953774001656,229,6109.1707081049935,6,57553,6667,37.28426841478657,Botnet,TON_IoT,0
57.68809152334719,395,857471.7531143853,6,23323,445,70.77372571960447,Ransomware,TON_IoT,6
82.12796772001109,380,22033.77691120236,6,41614,6667,41.73970953985367,Botnet,TON_IoT,0
1.1595347489462444,2497,599321.8797353947,6,54854,80,1455.2410503288088,DDoS,TON_IoT,2
17.360208896726903,64,4257.622185828651,6,57026,443,0.4003899819697098,Normal,TON_IoT,5
5.273619660515092,30,5262.189192659961,17,51835,80,3.176548039354488,Normal,TON_IoT,5
7.716499822970723,64,417.82781786722484,17,35538,443,0.2872793438245572,Normal,TON_IoT,5
0.2781236355694414,463,4526186.767937071,6,49697,445,68.51794172223828,Ransomware,TON_IoT,6
60.19822525878075,1682,226462.57605785763,6,19568,445,116.11974318574387,Ransomware,TON_IoT,6
4.4765544328259175,48,2023.91182005324,17,14808,22,1.7783674126293396,Normal,TON_IoT,5
128.87535981035802,405,1592.770192478582,6,33762,8080,9.260355529037831,Botnet,TON_IoT,0
1.3385324294122338,6573,95718.79374467171,6,31938,80,1365.9764765338464,DDoS,TON_IoT,2
1.0444371068898621,3971,323948.2276479141,6,28540,80,538.2728663737026,DDoS,TON_IoT,2
286.0342178975896,436,12245.129492499102,6,37508,8080,12.037524401679418,Botnet,TON_IoT,0
0.39252708326973973,4798,963338.7746090338,1,47483,80,1643.1902176932092,DDoS,TON_IoT,2
122.4299242321194,494,8240.819840095366,6,32000,6667,34.50477369406812,Botnet,TON_IoT,0
0.1519576404820487,3611,976842.5226937181,6,20877,80,775.2367624823748,DDoS,TON_IoT,2
11.721851722712348,39,6868.787879591973,6,10117,22,5.057706689398576,Normal,TON_IoT,5
239.19620860365012,58,6183.072129456857,6,38685,23,32.32865590970832,Botnet,TON_IoT,0
264.56551533951,57,19673.151314503495,6,27272,8080,42.27608342174073,Botnet,TON_IoT,0
180.95755488958355,228,4854.570786700266,6,10104,23,31.646823456443585,Botnet,TON_IoT,0
0.3482486006492797,2118,242981.34575167377,6,46126,80,1603.9821334475346,DDoS,TON_IoT,2
55.75063639866432,1598,367120.6983110346,6,59643,445,60.0753024599533,Ransomware,TON_IoT,6
8.136286936813148,11,5851.784882878283,6,8710,80,5.488826710503038,Normal,TON_IoT,5
5.468849561071201,92,6769.540212485078,17,7359,443,0.24524067515162754,Normal,TON_IoT,5
22.12077353773236,2570,1205171.7961056414,6,53221,445,90.79812296359127,Ransomware,TON_IoT,6
3.901456521208805,6,17939.939681900723,17,25894,80,4.2511764184903145,Normal,TON_IoT,5
2.745490662862143,1322,368841.60454683984,6,43421,445,138.36013063190302,Ransomware,TON_IoT,6
1.021848623597735,85,8116.785207725401,6,41986,443,5.033415005474284,Normal,TON_IoT,5
6.999016599754789,96,2205.150073309421,17,44964,872,631.9334149668674,Reconnaissance,TON_IoT,7
20.480601077516205,63,6697.16691799124,17,38117,443,2.2146208484996572,Normal,TON_IoT,5
1.4803781582757627,9232,183909.8414749247,17,62879,80,1310.437938473909,DDoS,TON_IoT,2
0.3556955270462992,7539,84397.84482017846,6,43907,80,1307.5251752652848,DDoS,TON_IoT,2
4.9124382976155365,42,1181.4393430653051,17,40047,341,371.82243834123,Reconnaissance,TON_IoT,7
137.75115340591782,450,41962.86409908305,6,8928,8080,43.027204300491796,Botnet,TON_IoT,0
8.063589701354266,32,249.09498237218872,17,64159,89,582.632609887783,Reconnaissance,TON_IoT,7
26.05723943916777,56,274.9315181910798,17,30926,443,3.431223809442378,Normal,TON_IoT,5
5.871007733573171,72,245.14990766574826,6,30377,443,0.323950869577403,Normal,TON_IoT,5
2.539073121946929,89,12328.423229349366,17,10767,443,0.7792621365586051,Normal,TON_IoT,5
9.51726018735333,100,1341.3985387938208,17,4700,893,525.8985442837735,Reconnaissance,TON_IoT,7
229.2433308948462,447,5435.794409222318,6,15225,23,11.146408741911053,Botnet,TON_IoT,0
3.469944905226201,2987,1132255.6670989941,6,64543,445,12.858056110243794,Ransomware,TON_IoT,6
13.504674081133208,75,6597.680031794989,17,54115,22,0.14396841570758284,Normal,TON_IoT,5
22.00829108717764,1952,125180.85024216685,6,29977,445,133.72237724604366,Ransomware,TON_IoT,6
135.179286829817,331,1891.3405469865788,6,16722,6667,29.227849304512976,Botnet,TON_IoT,0
9.108064185167773,7,4026.8548046296605,6,20023,80,2.6863819498754413,Normal,TON_IoT,5
12.339512685674753,44,6343.061010313095,17,26357,443,4.132297315785095,Normal,TON_IoT,5
15.260513029440885,71,7393.8917850347425,6,53917,80,3.0996731249289162,Normal,TON_IoT,5
0.6042219218785633,4530,1480603.2004152322,17,10228,80,1567.8186863926317,DDoS,TON_IoT,2
0.3122068982439607,2268,1227403.5659458379,6,9932,445,92.91397760435227,Ransomware,TON_IoT,6
5.793481477453004,49,39783.92341936187,6,58105,80,0.25498241928707904,Normal,TON_IoT,5
1.9177196033111454,76,2394.454190800819,6,27833,80,1.1428586268191794,Normal,TON_IoT,5
3.438835955068784,40,1180.7846325340065,6,46931,22,2.8372148367189136,Normal,TON_IoT,5
5.519693863598459,2196,4118396.8751062034,6,57114,445,66.08981650205983,Ransomware,TON_IoT,6
6.250300539437026,72,11433.410805857387,17,53047,80,2.353911323095983,Normal,TON_IoT,5
2.3282699613878806,6,6636.914602581656,17,12669,80,7.615564768705067,Normal,TON_IoT,5
13.81746820031573,243,3157.4392424130906,6,60001,23,47.26919668933722,Botnet,TON_IoT,0
22.415824870959415,54,621.0255971597402,17,1181,22,5.688547359367284,Normal,TON_IoT,5
18.685881294384668,322,74452.01086282625,6,5321,23,41.10691487960135,Botnet,TON_IoT,0
22.587463371224867,61,653.492402709652,6,20232,22,0.3096827755407429,Normal,TON_IoT,5
3.155085558161758,71,4000.6232221517353,17,4891,80,0.19508783202500826,Normal,TON_IoT,5
0.2874742580575014,2774,1079224.3533968227,17,28452,80,768.9877530279211,DDoS,TON_IoT,2
16.61567997531752,2716,401748.9288872899,6,35207,445,69.21364802138544,Ransomware,TON_IoT,6
3.269320546893855,71,1228.8845794286356,6,29148,80,0.35621365913625325,Normal,TON_IoT,5
25.853442531262353,485,2573.159189326551,6,32596,6667,18.447230910908278,Botnet,TON_IoT,0
0.8531770925872942,9045,203413.6770885021,17,14864,80,772.1459657015437,DDoS,TON_IoT,2
27.42499405082812,76,3920.243849698275,6,48987,80,1.1675422159525302,Normal,TON_IoT,5
0.6403150825376208,5767,581900.7794978172,6,17690,80,578.4383480175143,DDoS,TON_IoT,2
0.6255518057909193,7147,565704.1862038256,17,53783,80,1180.7441083466545,DDoS,TON_IoT,2
9.868733619374312,181,517.2210797003395,6,51322,507,284.48857798351946,Reconnaissance,TON_IoT,7
1.8188042429542124,81,354.4492765927879,17,43560,22,1.8767042428389258,Normal,TON_IoT,5
258.07582148008555,369,2323.4007451318207,6,21322,6667,42.50168038252481,Botnet,TON_IoT,0
0.38831417315458616,1002,318801.0401073315,6,1807,80,682.5506824283314,DDoS,TON_IoT,2
213.46676889236923,457,4418.792638946062,6,16778,8080,20.23271644658032,Botnet,TON_IoT,0
151.1404456911365,361,29025.264494100866,6,31401,6667,35.18385982084995,Botnet,TON_IoT,0
5.411213847631482,80,4629.837971201833,17,5646,80,3.0883007915427787,Normal,TON_IoT,5
7.874378615537401,49,764.9868664494988,6,2399,22,0.2869518262499052,Normal,TON_IoT,5
6.712449016488533,38,737.6918338996909,17,3586,22,0.5222965036076843,Normal,TON_IoT,5
63.68191619074686,348,11964.7356660628,6,53648,8080,49.19535926694381,Botnet,TON_IoT,0
14.718770830065344,82,2091.0916952077055,6,46467,443,1.583229298372725,Normal,TON_IoT,5
3.9871528399631484,65,585.2087747177133,6,51861,849,444.85815815021044,Reconnaissance,TON_IoT,7
0.028787801353225742,1034,853719.0171246579,17,20813,80,1226.851953550426,DDoS,TON_IoT,2
292.8797122901119,284,10.397659600209675,6,8139,23,34.890581845965,Botnet,TON_IoT,0
128.48281783856788,299,9932.892503439616,6,1465,8080,6.526869750258149,Botnet,TON_IoT,0
28.942341742899828,2774,2666537.544220836,6,25008,445,112.26072399038597,Ransomware,TON_IoT,6
1.7400581229682914,25,3675.3049608811593,6,56305,80,0.6047944117204714,Normal,TON_IoT,5
0.41034547663836385,1574,157686.4051806914,1,19086,80,1723.9488775096502,DDoS,TON_IoT,2
269.44536139293564,224,11654.511990838068,6,40320,8080,45.995358889163946,Botnet,TON_IoT,0
8.422330527071615,37,1434.3560566273954,17,3862,22,1.684133992563364,Normal,TON_IoT,5
158.99743442468304,449,30008.62677526013,6,8700,6667,7.588353465118383,Botnet,TON_IoT,0
5.659338022294696,209,669994.9473893676,6,53062,445,32.88939687644798,Ransomware,TON_IoT,6
18.457545292287545,2070,476466.92619111587,6,7451,445,52.01433213891479,Ransomware,TON_IoT,6
1.459554329910503,8657,164706.54490374742,1,61991,80,1576.1667597054752,DDoS,TON_IoT,2
7.018488780298845,76,310.6936211795427,6,19581,443,0.22522703265659177,Normal,TON_IoT,5
0.7726342165348901,6952,18578.74411863819,6,60770,80,617.8550910073661,DDoS,TON_IoT,2
0.874883859707031,9116,1166826.4815700732,6,44586,80,572.9194131121478,DDoS,TON_IoT,2
56.777514837180185,1249,495108.1301210798,6,21707,445,10.518468022800976,Ransomware,TON_IoT,6
0.813726585009898,7473,84507.5393747461,17,23442,80,792.8769372244892,DDoS,TON_IoT,2
2.707090393814744,39,5524.138706832704,17,16865,80,1.5633339722773352,Normal,TON_IoT,5
1.9126856882946075,51,1047.1588592370388,6,57143,996,893.0306701573317,Reconnaissance,TON_IoT,7
53.47037544282764,855,2651654.5125223594,6,51800,445,81.35477252037334,Ransomware,TON_IoT,6
98.50331232449176,354,14724.088242915186,6,55357,8080,5.5433062087824005,Botnet,TON_IoT,0
3.347913250307403,77,8921.206264804205,17,5227,443,2.071692050756435,Normal,TON_IoT,5
1.242263565031215,9897,164234.85058951395,17,64105,80,1579.7488614765216,DDoS,TON_IoT,2
0.8432831120618699,6624,546860.5920998189,1,48853,80,1242.6267839307288,DDoS,TON_IoT,2
1.4653261419153767,1167,122007.78330576514,1,34081,80,1862.484464046691,DDoS,TON_IoT,2
292.983121012054,423,5447.246841946442,6,57802,6667,49.19769829259124,Botnet,TON_IoT,0
228.93241911813828,63,2430.265283192419,6,2541,23,47.71392935702863,Botnet,TON_IoT,0
196.30646995288686,468,38428.10277724467,6,64830,8080,13.022435937197626,Botnet,TON_IoT,0
0.6328170976558988,1936,1401132.4329874814,1,61788,80,1045.5171567954376,DDoS,TON_IoT,2
24.188935242648814,1930,850195.7703779085,6,53089,445,23.16724796259725,Ransomware,TON_IoT,6
0.12497217263516651,5390,59387.55622300405,6,46949,80,627.122561252449,DDoS,TON_IoT,2
102.56887251439426,181,12900.097194752667,6,53384,23,29.774053972472842,Botnet,TON_IoT,0
0.6115096741190635,7819,35641.463256505085,6,30922,80,1318.4326838519564,DDoS,TON_IoT,2
1.9788761380173245,76,186.80171777478162,6,6691,393,186.89513709077016,Reconnaissance,TON_IoT,7
155.02691000454288,387,15166.24687518854,6,38024,23,27.087718363163827,Botnet,TON_IoT,0
40.62409645843408,59,368.78953774824447,6,41384,443,4.195136428875501,Normal,TON_IoT,5
0.8592749478322694,134,2135.3626117855647,6,30480,591,528.6020136397237,Reconnaissance,TON_IoT,7
4.007690831451765,251,1288000.0591768275,6,20680,445,101.63419498015095,Ransomware,TON_IoT,6
45.75817158677142,85,338.3339645522794,6,7332,22,0.21953317093837732,Normal,TON_IoT,5
3.3758006455730727,2574,292568.7822035494,6,52188,445,72.28759038060807,Ransomware,TON_IoT,6
148.64044674558696,189,41.1295539278097,6,51994,8080,10.486886849746309,Botnet,TON_IoT,0
0.6040376347035634,10,294.65569648740615,6,37797,978,392.9426868824233,Reconnaissance,TON_IoT,7
1.3102419843681559,90,465.0110222604207,17,63531,831,790.5024948192575,Reconnaissance,TON_IoT,7
59.73534778477878,97,6649.44618455407,6,31508,80,0.7448583500793008,Normal,TON_IoT,5
6.20387711890953,82,718.5672934800795,17,36161,80,0.1774794722535276,Normal,TON_IoT,5
1.27036989167006,502,731635.4498782607,6,56629,445,77.24303500690637,Ransomware,TON_IoT,6
1.15301245249362,2354,134098.51486403827,17,49002,80,555.4794710187871,DDoS,TON_IoT,2
16.334865565716726,8,10907.324375762257,6,30709,22,0.6168587524557446,Normal,TON_IoT,5
0.68170672341789,4471,190309.99007291,1,18319,80,1757.5345807548401,DDoS,TON_IoT,2
19.750654009548768,93,8178.769835232503,6,23330,80,1.9787641016725197,Normal,TON_IoT,5
264.013062621984,249,5083.6230025095865,6,62018,23,34.43567536365277,Botnet,TON_IoT,0
48.174345208903745,652,913122.0842678897,6,15533,445,39.48077917081647,Ransomware,TON_IoT,6
6.277199315703151,91,2389.9579678372356,17,58351,443,0.005719527812122263,Normal,TON_IoT,5
20.302859298145393,44,11560.364891738402,17,28528,80,0.12230794577126046,Normal,TON_IoT,5
61.277868801077716,2022,917164.7243615147,6,6660,445,24.47525960846336,Ransomware,TON_IoT,6
6.2927899565487655,1904,70534.39658988714,6,13036,445,49.099803201281674,Ransomware,TON_IoT,6
2.2460106450436568,31,1823.3761029943362,17,11020,981,735.0133377840983,Reconnaissance,TON_IoT,7
0.9650334937962022,1370,517242.1177927935,1,25047,80,1696.7289028740156,DDoS,TON_IoT,2
22.339213558228874,84,404.5684446895432,17,53081,80,0.3539357323552789,Normal,TON_IoT,5
5.519010153112441,99,5187.334803987798,17,7173,443,0.7586670850217033,Normal,TON_IoT,5
28.039070433845602,85,5069.507096210121,6,53733,80,3.330482708439552,Normal,TON_IoT,5
15.168722603638393,2372,353197.73305777117,6,65384,445,100.19831541872416,Ransomware,TON_IoT,6
29.613948362010625,20,303.52879451587296,6,38599,22,0.7041281187496778,Normal,TON_IoT,5
0.31921520077479393,123,903.8654947347673,17,11879,342,696.1736386671504,Reconnaissance,TON_IoT,7
2.9974912121704054,113,3647.939119918851,17,35575,748,406.3727315189237,Reconnaissance,TON_IoT,7
0.20253500609746833,3002,601649.2061442228,1,17781,80,1663.8279050039594,DDoS,TON_IoT,2
0.3540260482899274,3401,329612.9524390938,1,17276,80,1773.5186749548038,DDoS,TON_IoT,2
13.470775615002628,236,1118923.0921752865,6,55678,445,62.08897859110631,Ransomware,TON_IoT,6
7.732496670593003,2609,847263.8979494632,6,12683,445,82.91478392045894,Ransomware,TON_IoT,6
71.16459752105013,22,7083.852645819966,6,11035,80,0.3751931546017589,Normal,TON_IoT,5
3.6857436597705813,2187,1692227.9753033288,6,29266,445,120.69882187202623,Ransomware,TON_IoT,6
45.30894055860206,129,25122.70697943044,6,65214,6667,8.256189083614998,Botnet,TON_IoT,0
6.645602543741361,99,378.8628412322721,6,24525,80,2.079040492151096,Normal,TON_IoT,5
284.1834250884307,22,5518.383933740768,6,10725,6667,24.05541708166897,Botnet,TON_IoT,0
19.93855879647745,42,19014.17907428704,6,40941,23,9.70877264057199,Botnet,TON_IoT,0
13.702518173862222,53,11198.975051149022,17,11286,443,3.953149751808829,Normal,TON_IoT,5
295.1709576369647,408,21133.539366684457,6,27841,8080,45.03602474947301,Botnet,TON_IoT,0
200.5325464215355,134,14364.361140021081,6,23211,8080,47.42424575478747,Botnet,TON_IoT,0
1.1187295941506215,1066,43554.38724273696,6,4171,80,1836.7288763891306,DDoS,TON_IoT,2
208.21445036184616,137,2305.5063438358484,6,35801,23,35.975433111923536,Botnet,TON_IoT,0
5.1264549798436665,10,7577.092459863004,6,38459,80,1.9773341970977574,Normal,TON_IoT,5
59.75943332275714,61,663.3540506263931,6,42339,80,6.260408692669168,Normal,TON_IoT,5
12.414474431272513,2279,284532.0181524044,6,42587,445,71.38489219652672,Ransomware,TON_IoT,6
1.3602375688472654,4233,1022659.5707697559,6,32830,80,1125.6717868397893,DDoS,TON_IoT,2
17.557800373084564,58,2320.983684526111,17,11410,80,2.258470169788186,Normal,TON_IoT,5
85.4622356375175,76,4401.257114777446,6,19723,23,12.154705500242287,Botnet,TON_IoT,0
106.23261924813436,249,35450.80611348657,6,10636,23,42.29626612349899,Botnet,TON_IoT,0
0.7884297278365676,3753,622174.1366058049,17,59566,80,1714.1225721671672,DDoS,TON_IoT,2
288.4556605266052,166,23155.825292557984,6,57361,8080,30.19962180353462,Botnet,TON_IoT,0
66.05043849290077,233,12180.664643493346,6,13118,23,18.490960105522852,Botnet,TON_IoT,0
2.191054100908161,137,1292.4185187527173,17,16431,444,659.2562397906459,Reconnaissance,TON_IoT,7
67.42887652864208,493,47302.57788948776,6,46493,8080,27.47647218421466,Botnet,TON_IoT,0
17.515627961474973,37,288.7282333034294,17,14683,22,3.183591911405434,Normal,TON_IoT,5
3.5463073790691637,142,3444.38606596998,17,31810,310,742.4315372067534,Reconnaissance,TON_IoT,7
137.40859195175892,144,17167.553752627227,6,12959,8080,6.747227757582598,Botnet,TON_IoT,0
274.9995136621123,327,12202.611432254555,6,32412,23,22.638734896229188,Botnet,TON_IoT,0
32.97740449795691,1404,771065.9435674028,6,48042,445,140.435526688362,Ransomware,TON_IoT,6
15.318168186430322,30,7413.206118101362,6,54072,443,1.9630865988980606,Normal,TON_IoT,5
0.7443912215482786,1350,258196.1327338604,1,3730,80,750.5206482626804,DDoS,TON_IoT,2
8.861431961185545,127,175.1993231352303,6,2001,860,769.3551901629846,Reconnaissance,TON_IoT,7
184.02862163005696,176,11070.951405978143,6,62139,6667,7.04022221788276,Botnet,TON_IoT,0
1.2884995599406126,7121,402883.9784654628,1,1478,80,1218.3754848409794,DDoS,TON_IoT,2
3.749095507223692,62,8054.435982575567,17,1528,443,3.282710897642693,Normal,TON_IoT,5
14.979466391972286,75,276.32748599673135,6,1716,80,0.9254831660072477,Normal,TON_IoT,5
5.350810156973508,2808,418808.5756027657,6,20827,445,61.375635422613755,Ransomware,TON_IoT,6
0.20203420572517572,167,909.5596267041107,17,63225,255,978.1874043488942,Reconnaissance,TON_IoT,7
41.10385007993748,42,953.7571066929276,6,6770,80,1.0946380909505862,Normal,TON_IoT,5
7.733177840187481,1727,665270.1446004217,6,45173,445,71.27673338974294,Ransomware,TON_IoT,6
17.025772967071518,365,23987.79298907163,6,11329,8080,38.43856957909406,Botnet,TON_IoT,0
50.801173157993375,78,4931.320788094742,17,58661,22,1.9711199393811294,Normal,TON_IoT,5
6.33354023091684,51,6279.031471520792,6,45387,80,0.25455171864089593,Normal,TON_IoT,5
192.75827821108365,316,2613.009194514596,6,10734,8080,10.492866838388583,Botnet,TON_IoT,0
0.07577588368048276,3884,247030.91767792188,6,22109,80,970.3337059222251,DDoS,TON_IoT,2
2.7622604573341945,47,1773.0771460680814,17,29477,80,1.9284700507050467,Normal,TON_IoT,5
3.946883922334663,106,170.40623786402912,17,13533,901,439.3606239702067,Reconnaissance,TON_IoT,7
17.285376785806953,87,7422.605453391699,17,12755,80,0.839822492364839,Normal,TON_IoT,5
1.0477808740649959,98,389.71586826358504,6,6182,80,0.8080971665586182,Normal,TON_IoT,5
0.4770901210485581,5071,245356.53724297293,17,46772,80,678.4164425734466,DDoS,TON_IoT,2
8.912639750295455,9,9213.745028792,6,53862,443,1.1898120307712388,Normal,TON_IoT,5
1.35022765116332,1518,12630.88494340505,6,52956,445,127.63648424870901,Ransomware,TON_IoT,6
149.50487945640415,382,1389.6227779382302,6,22228,6667,8.774673601546397,Botnet,TON_IoT,0
9.8436039085303,32,1515.8096749089934,17,35368,443,1.51180176890238,Normal,TON_IoT,5
8.094242210385303,1280,284572.49636285694,6,35022,445,109.86046283450929,Ransomware,TON_IoT,6
0.06581615640633143,8705,42588.13229292812,6,40847,80,1046.6359460566478,DDoS,TON_IoT,2
11.528751520143919,66,7641.129658528738,6,38292,22,0.37415469629541054,Normal,TON_IoT,5
1.1559332748077975,2979,41824.24643328784,17,27564,80,1725.2414732065995,DDoS,TON_IoT,2
8.01435599630167,15,4311.3068161814945,17,57476,22,3.40019792016635,Normal,TON_IoT,5
62.408604968798755,84,5640.192989000235,6,38813,8080,35.283174778915054,Botnet,TON_IoT,0
3.607669574918657,198,1015.813559153172,6,39806,7,957.5658902983511,Reconnaissance,TON_IoT,7
8.830651612606587,95,6813.305421301776,17,32491,22,1.5359757439995918,Normal,TON_IoT,5
0.5146534663564446,7175,207229.50032011673,17,4225,80,1048.006481838388,DDoS,TON_IoT,2
10.499225508623601,89,5151.521364495419,6,12594,443,0.23992687329044088,Normal,TON_IoT,5
4.844882603651104,36,4173.7565913486005,17,28714,443,2.0778510306006037,Normal,TON_IoT,5
4.080369159884709,1398,626294.7737845217,6,56073,445,30.1149163794219,Ransomware,TON_IoT,6
298.47860659670806,113,31695.69528077591,6,22664,23,38.70652130284451,Botnet,TON_IoT,0
8.512652026442943,83,15299.404379389014,6,7547,80,1.3502969214057776,Normal,TON_IoT,5
12.155538476053925,18,5354.549147633498,6,65526,80,0.9125156490195087,Normal,TON_IoT,5
1.2335562404573959,4854,106812.60762828046,1,37848,80,999.914873830253,DDoS,TON_IoT,2
11.574520528106039,82,12021.69773647745,17,60393,80,0.39518972040085004,Normal,TON_IoT,5
5.188579027814136,514,2003244.8627529691,6,43397,445,38.37765115228287,Ransomware,TON_IoT,6
25.927089918830863,14,3253.774160543034,6,64538,443,3.8264520431185782,Normal,TON_IoT,5
3.3923706865123213,178,622.115149906846,6,50784,443,390.9744298443287,Reconnaissance,TON_IoT,7
12.578261270562807,2497,1487724.1810151576,6,1404,445,43.91061354796578,Ransomware,TON_IoT,6
0.3612063107889394,4486,233351.73020193054,17,63047,80,732.5307456367698,DDoS,TON_IoT,2
0.824736212040697,5816,543979.1030546294,1,47026,80,1871.5182621938668,DDoS,TON_IoT,2
11.69039821976944,26,2459.167678827107,17,28795,22,1.251093713403811,Normal,TON_IoT,5
8.388932107530968,90,3949.8212173912534,6,16403,80,3.5008559999350255,Normal,TON_IoT,5
11.626966283049482,1632,2143056.664137421,6,16549,445,11.71273565032169,Ransomware,TON_IoT,6
0.28566940551054043,7955,102537.83608805785,6,15643,80,1071.3406368351075,DDoS,TON_IoT,2
260.89963247318235,56,21982.339049675713,6,23938,23,18.624610913145677,Botnet,TON_IoT,0
0.8435645103242938,8163,113812.14243875754,6,15183,80,1220.0017069167197,DDoS,TON_IoT,2
10.92918044150574,49,2589.112965997239,17,1888,80,3.805030969263124,Normal,TON_IoT,5
0.7011709365655302,4163,249299.66672073232,17,33395,80,1810.3778395927118,DDoS,TON_IoT,2
68.37695476029353,77,6945.837709428508,6,51133,80,2.0171887738211525,Normal,TON_IoT,5
6.91950859376337,34,1777.276288583524,6,32938,17,144.0239584218777,Reconnaissance,TON_IoT,7
1.2404518719683904,6085,532622.7871153096,1,16244,80,1226.209211264107,DDoS,TON_IoT,2
141.3530216604384,25,8329.272494185025,6,33205,6667,13.899992496940992,Botnet,TON_IoT,0
1.7570999449675992,123,544.0227036894213,17,53069,350,917.4265702292756,Reconnaissance,TON_IoT,7
43.33883753656714,212,3246.2111432279307,6,50884,6667,29.416488676646182,Botnet,TON_IoT,0
15.361930204475428,49,258.0475646670682,6,60846,80,10.25067614687683,Normal,TON_IoT,5
24.49965831557344,14,6034.385382877331,17,10679,443,0.704539623473745,Normal,TON_IoT,5
1.506936648337149,111,1929.155101020207,17,9477,319,392.0601811104524,Reconnaissance,TON_IoT,7
0.37617585651366686,7655,1244079.3932996155,1,38508,80,1647.4308886958174,DDoS,TON_IoT,2
15.752628381147321,45,3089.427037656982,6,26262,80,3.5312733455978003,Normal,TON_IoT,5
41.06053081963025,1454,401699.8881173027,6,46226,445,140.95976785652783,Ransomware,TON_IoT,6
5.754264097409338,42,1115.7502597051553,17,29414,443,0.7767859267866822,Normal,TON_IoT,5
20.005404036227496,1342,1322325.7755782814,6,60108,445,139.6277874576326,Ransomware,TON_IoT,6
43.14056168332378,6,2067.946083521513,17,49802,80,0.030446714324648072,Normal,TON_IoT,5
3.0675269133345866,2541,1200915.5697389173,6,49328,445,140.05511239885746,Ransomware,TON_IoT,6
15.371478733349836,31,10083.999480594804,17,20857,443,0.15786560148704618,Normal,TON_IoT,5
1.3774019395325365,2589,975456.0565263123,1,48651,80,1893.7242970333223,DDoS,TON_IoT,2
0.15001161577583363,9428,349231.28419941314,6,26272,80,1634.4739303389395,DDoS,TON_IoT,2
1.0983561948371623,8441,330791.2368095645,6,37078,80,579.8657644149135,DDoS,TON_IoT,2
9.298996212692968,593,119101.00008884378,6,65132,445,101.54358893089349,Ransomware,TON_IoT,6
15.76752967540554,44,11104.434487051689,17,33870,443,4.214762490253823,Normal,TON_IoT,5
1.651997845311293,11,2136.916430326312,6,58616,360,414.2842675393232,Reconnaissance,TON_IoT,7
269.42483193436925,490,36021.71186200461,6,11804,6667,14.802093635745663,Botnet,TON_IoT,0
0.34302443385611475,3208,1087850.126788373,17,58246,80,1790.4584975570194,DDoS,TON_IoT,2
1.8282341147640404,1806,113111.61600222779,6,44769,445,45.2831130492606,Ransomware,TON_IoT,6
2.88068937179556,157,11.926889976368525,6,2396,30,925.7679608228544,Reconnaissance,TON_IoT,7
2.3432624889228957,17,384.4314570333405,6,24151,65,470.68038356682234,Reconnaissance,TON_IoT,7
9.7599292189502,157,1564.9394882606118,6,37601,283,897.5908345236923,Reconnaissance,TON_IoT,7
5.408133642131424,1521,158156.44139482026,6,11141,445,127.83045347923705,Ransomware,TON_IoT,6
0.5491166955894229,1334,1678305.3333168644,1,63358,80,1171.936889185749,DDoS,TON_IoT,2
68.85847570994257,1440,510411.9788597491,6,10345,445,49.55284132821136,Ransomware,TON_IoT,6
0.48577956989273785,4934,633467.7321231256,6,5003,80,1047.5596946667254,DDoS,TON_IoT,2
156.8505004217309,69,28670.390954922474,6,19936,8080,32.90174113224928,Botnet,TON_IoT,0
66.13634032806192,231,1400632.7884735074,6,56464,445,123.35930557797266,Ransomware,TON_IoT,6
1.055781921904837,7088,289630.8948583119,1,27178,80,645.7230106886855,DDoS,TON_IoT,2
0.5792555129859294,2413,251590.27782145643,17,50894,80,1995.9366577175447,DDoS,TON_IoT,2
18.480555711065037,18,1667.2346748431187,6,56592,443,1.939079982233428,Normal,TON_IoT,5
190.12747408446887,110,18208.966712394344,6,53240,8080,46.330438175622696,Botnet,TON_IoT,0
5.11354069915858,57,5245.834860159698,6,44702,80,1.1704627302508266,Normal,TON_IoT,5
0.8632352458544188,34,1551.7115766642064,17,32320,372,829.8061625910608,Reconnaissance,TON_IoT,7
6.528180833233663,59,281.3982638864487,6,20962,599,667.6784203407798,Reconnaissance,TON_IoT,7
1.2342870671241353,29,468.31189423753636,17,62768,22,2.1534785359162005,Normal,TON_IoT,5
15.815552782441946,88,5400.82762909753,6,58471,22,4.97836638940578,Normal,TON_IoT,5
43.39525963345939,49,1251.9430001757455,17,37918,443,1.3193460765703795,Normal,TON_IoT,5
6.264370414046448,95,4126.7226492872205,17,31944,80,0.0696274377925274,Normal,TON_IoT,5
139.0340877889128,342,12436.188254209748,6,25715,23,31.638439028338254,Botnet,TON_IoT,0
0.7510561835552886,4183,1413185.9963383647,17,49137,80,1721.0718954913123,DDoS,TON_IoT,2
252.4558259463614,41,17753.097845658554,6,19217,8080,41.6357980287277,Botnet,TON_IoT,0
8.217575725789647,82,5202.164440431423,17,3115,80,1.3834633718684508,Normal,TON_IoT,5
2.1827847108832614,105,2039.5904246341786,17,33948,38,837.6370784444035,Reconnaissance,TON_IoT,7
0.810708968582976,3865,1075136.8728622794,1,63209,80,959.3256050667976,DDoS,TON_IoT,2
2.212968564561649,40,1202.9376171885833,17,48879,22,1.8970024554925524,Normal,TON_IoT,5
0.6643008416017955,6060,463293.1446353143,1,56172,80,1249.090982255833,DDoS,TON_IoT,2
12.900903274245804,45,5390.9664370462115,17,62075,80,0.6690872959808836,Normal,TON_IoT,5
284.9000893550976,346,6559.386623502351,6,61169,8080,17.79351103349907,Botnet,TON_IoT,0
21.495967369425273,44,1475.1865622875011,6,23035,22,1.6115494058412152,Normal,TON_IoT,5
8.914938294913007,77,1012.55715987791,6,56357,224,222.52570472669913,Reconnaissance,TON_IoT,7
5.905216612531463,44,893.7246621779544,17,61043,67,603.2794134634324,Reconnaissance,TON_IoT,7
9.682941538099127,163,3316.6563649236564,6,52105,67,518.3110501739573,Reconnaissance,TON_IoT,7
203.207682694893,133,11640.840039661649,6,60323,6667,9.048760740448936,Botnet,TON_IoT,0
125.01543026794246,234,18235.06221995193,6,52412,6667,28.509183939932672,Botnet,TON_IoT,0
7.536870409986026,60,582.0798901258001,17,11036,1006,512.3515131227931,Reconnaissance,TON_IoT,7
69.96740438252371,167,12898.589415526065,6,34849,23,16.009771922039988,Botnet,TON_IoT,0
0.6415124765602701,4338,414451.5228627115,1,56214,80,713.7158100353156,DDoS,TON_IoT,2
13.75776131895816,2569,2864021.682900433,6,10311,445,122.94981216535193,Ransomware,TON_IoT,6
0.16322246210242622,7147,966425.2281318002,6,52471,80,1091.2112770527924,DDoS,TON_IoT,2
23.92286633139041,58,5013.109598940711,6,58553,22,3.2262153379262695,Normal,TON_IoT,5
25.873796872281208,35,166.75414345312913,17,34547,443,12.002151434573898,Normal,TON_IoT,5
2.711752220301763,59,5488.143652718535,6,6159,443,4.844183976259286,Normal,TON_IoT,5
13.380867228619296,236,4655.93986925834,6,12610,6667,49.63041195532854,Botnet,TON_IoT,0
1.0023746786490564,7430,171362.71259552112,17,37350,80,1921.9563027941917,DDoS,TON_IoT,2
92.66816169949708,20,2728.905027860656,6,3958,8080,43.8501888039444,Botnet,TON_IoT,0
4.4703194878655,95,4437.165921623173,17,18592,443,0.3613507577829923,Normal,TON_IoT,5
6.626902862862869,18,6832.806641201297,6,39941,22,3.412456547669801,Normal,TON_IoT,5
7.387410052551097,2346,610388.4251033398,6,9514,445,133.8723091133843,Ransomware,TON_IoT,6
64.85127223677823,126,14178.433017212823,6,41159,23,7.286245592795098,Botnet,TON_IoT,0
0.4706078239160024,6180,346730.08241468854,6,15223,80,1575.1094631854862,DDoS,TON_IoT,2
25.325778456126525,272,19131.0522354407,6,65043,6667,30.892281423783192,Botnet,TON_IoT,0
8.075664039111967,96,206.24297892165882,6,15075,90,429.03335070670744,Reconnaissance,TON_IoT,7
66.53025347329503,109,11673.685152740862,6,33028,8080,26.450654094568154,Botnet,TON_IoT,0
34.31223089686145,387,4934.623439533955,6,9785,6667,13.340992480432389,Botnet,TON_IoT,0
13.846900303235069,41,3730.188877685707,6,38038,443,0.22455852037654486,Normal,TON_IoT,5
1.3934256152062834,2275,3344552.652132129,6,41952,445,99.86575613451693,Ransomware,TON_IoT,6
14.932015735951929,99,4685.78159411474,6,59887,22,1.1963148016372902,Normal,TON_IoT,5
2.7638492306011013,60,688.4421062343586,6,43077,80,4.304094844956251,Normal,TON_IoT,5
26.496153204280017,2535,545874.3953641969,6,1501,445,30.18390168845794,Ransomware,TON_IoT,6
9.587664902852183,62,8547.85065237418,6,25342,80,0.007151726669855698,Normal,TON_IoT,5
16.184248694253284,91,465.7055013656135,17,11522,22,0.6215258548757809,Normal,TON_IoT,5
42.71247021653878,1819,445315.9833583117,6,17846,445,32.882594281653866,Ransomware,TON_IoT,6
1.4848182541708561,1057,337854.9011948156,1,15122,80,996.8466587962243,DDoS,TON_IoT,2
1.4376240983456339,24,556.6998217223652,17,50377,443,0.276324210564627,Normal,TON_IoT,5
8.004552561172998,824,152921.30756595725,6,45858,445,145.30531546652344,Ransomware,TON_IoT,6
22.05871681451843,1068,197925.24434784957,6,27631,445,119.60696691544526,Ransomware,TON_IoT,6
61.48971133060759,2389,1724483.8571246061,6,40837,445,34.601019183972,Ransomware,TON_IoT,6
4.182370346542098,2319,1647432.5756501164,6,29258,445,94.0278472188385,Ransomware,TON_IoT,6
1.4578325995998231,1546,1827287.6925389266,6,35143,445,30.581923348854914,Ransomware,TON_IoT,6
6.1893738124715565,118,214.82689515625933,17,46161,215,874.2179494136653,Reconnaissance,TON_IoT,7
12.356283920845772,32,4470.561283908484,6,5672,22,0.5706156049541047,Normal,TON_IoT,5
8.443106513903864,127,2064.1565348475647,6,48351,123,626.6740275247231,Reconnaissance,TON_IoT,7
4.403750075268597,39,1434.4417269999703,6,8479,80,2.1154288413492486,Normal,TON_IoT,5
18.70524162408469,214,768367.6323121479,6,45962,445,74.39251673796275,Ransomware,TON_IoT,6
26.413445207547458,65,5502.3339393939095,6,63827,22,3.22911622309373,Normal,TON_IoT,5
234.68869736505107,300,7533.073052223876,6,23554,8080,14.152803961844688,Botnet,TON_IoT,0
3.452911956685973,66,1226.5141726221,6,23812,80,0.6158327965110783,Normal,TON_IoT,5
1.1544427476913788,5975,733534.380143496,1,44747,80,512.9817421039597,DDoS,TON_IoT,2
28.4786819774487,2248,1373309.976164067,6,2163,445,140.5581868599389,Ransomware,TON_IoT,6
196.3857303560532,301,5977.329120892954,6,13807,8080,37.505397856073635,Botnet,TON_IoT,0
203.47523442257247,282,28286.70952501885,6,42944,8080,26.136118723324195,Botnet,TON_IoT,0
197.591970913769,225,24649.569599322855,6,24837,23,19.831460210130338,Botnet,TON_IoT,0
125.10829266907474,390,35941.1955840928,6,44080,6667,17.928521958979854,Botnet,TON_IoT,0
123.83621246310892,106,5867.750644545916,6,43763,6667,18.400222091954962,Botnet,TON_IoT,0
0.20873132118902743,8127,151532.48605420013,17,44997,80,1313.7875138404079,DDoS,TON_IoT,2
64.07991291077694,2146,361832.3293331622,6,12288,445,80.48665830237663,Ransomware,TON_IoT,6
1.4107870909336708,2348,483448.8554484268,1,54560,80,1239.1280542482273,DDoS,TON_IoT,2
5.920025552566392,1356,136660.35726331195,6,29716,445,127.01107003004884,Ransomware,TON_IoT,6
48.05469628261268,1114,297679.1259542491,6,43977,445,109.82154047426545,Ransomware,TON_IoT,6
64.84021737661973,389,1635.098058472181,6,48853,23,43.41052502677984,Botnet,TON_IoT,0
9.897378897824584,62,693.1867735904121,17,8535,51,212.70882757717305,Reconnaissance,TON_IoT,7
5.839937909931021,2063,526000.4595270347,6,28102,445,19.752170099410925,Ransomware,TON_IoT,6
1.8478804378770557,53,1086.696951006965,6,25041,851,793.077014949935,Reconnaissance,TON_IoT,7
2.434207506556037,26,7976.291263947821,17,39395,443,3.183256797038188,Normal,TON_IoT,5
1.0906024604359807,2847,227370.1092520843,17,18258,80,937.5753726655917,DDoS,TON_IoT,2
62.609262920477356,1850,284637.7308962168,6,33096,445,107.67377277120897,Ransomware,TON_IoT,6
133.45852680208532,358,15727.722934120167,6,48190,8080,15.490363176425536,Botnet,TON_IoT,0
18.079640238151867,41,3076.4737984521876,6,52595,80,1.4946344841130081,Normal,TON_IoT,5
1.7358076839338317,189,1800.5067652787309,6,6647,370,189.00078112874502,Reconnaissance,TON_IoT,7
20.426546006920372,48,7478.656047198227,6,22358,443,2.794037499388043,Normal,TON_IoT,5
1.0633054050201118,78,6309.497407835991,6,36994,80,1.345242721290797,Normal,TON_IoT,5
0.56878576631145,3467,832739.9910465364,17,10007,80,995.353872250275,DDoS,TON_IoT,2
111.51647058030554,172,717.6284210225987,6,64517,23,19.471917979668582,Botnet,TON_IoT,0
8.258310556227611,1298,195714.01473780052,6,56048,445,97.67031453789222,Ransomware,TON_IoT,6
30.86954436791128,52,675.9239610643646,17,36099,443,7.791188645788282,Normal,TON_IoT,5
17.027891390469318,41,4620.662355221276,17,17163,22,1.0531259770919288,Normal,TON_IoT,5
4.649211954951126,115,77.24021797882966,17,50887,546,643.0137150594844,Reconnaissance,TON_IoT,7
82.05356591339921,135,65018.54784254745,6,43574,6667,35.169546531118115,Botnet,TON_IoT,0
8.20106218281106,130,331.151644053115,6,52150,828,278.538079481756,Reconnaissance,TON_IoT,7
2.5971832728814874,57,9671.871112611712,17,26022,80,1.742167302260703,Normal,TON_IoT,5
5.006801372986551,19,2192.637500066679,6,19713,22,0.5556540475265055,Normal,TON_IoT,5
263.298218462969,256,9468.60083801762,6,10960,6667,30.105954685125262,Botnet,TON_IoT,0
0.01544651066542701,8287,206858.04639946294,1,5198,80,1711.7094960419824,DDoS,TON_IoT,2
27.134583945989416,105,23171.41449857103,6,65426,6667,12.703372282110843,Botnet,TON_IoT,0
0.6085474532372845,1510,464908.21018348064,17,7074,80,1591.5814132317241,DDoS,TON_IoT,2
216.42831157430993,81,897.1235598730814,6,25895,23,39.5105817439434,Botnet,TON_IoT,0
124.0387302819791,252,11007.553374254432,6,60070,8080,6.287851475397943,Botnet,TON_IoT,0
59.920119424524984,54,1363.9251919167605,17,42925,80,1.546530532353484,Normal,TON_IoT,5
177.09057614660665,156,19629.089268120937,6,27436,23,17.682748621236563,Botnet,TON_IoT,0
153.19344357711273,64,21016.471686629324,6,23146,6667,47.064995329608095,Botnet,TON_IoT,0
290.702591779155,238,6661.105180047121,6,26382,8080,26.95214336125958,Botnet,TON_IoT,0
19.70770939192388,1318,807888.7981729854,6,3627,445,128.8551397483733,Ransomware,TON_IoT,6
1.4525027331139195,4159,314213.7854288085,17,33650,80,943.1235103571629,DDoS,TON_IoT,2
267.5049557544381,281,7634.67739146518,6,6706,8080,32.726747960177036,Botnet,TON_IoT,0
4.312322381159602,1662,1040130.014040255,6,7202,445,77.72504523285178,Ransomware,TON_IoT,6
0.41155819165636087,602,1026327.2940948429,6,11937,445,63.5800948864867,Ransomware,TON_IoT,6
0.9742618328792272,6990,287158.3043928531,6,15233,80,757.5635441277723,DDoS,TON_IoT,2
8.721541007742339,10,695.2584350719472,6,58561,874,317.1006423293668,Reconnaissance,TON_IoT,7
126.76165532856609,443,4783.041312924605,6,40687,6667,30.30255834559175,Botnet,TON_IoT,0
61.79219531687288,75,13074.177069745074,17,27102,80,4.8403154495155984,Normal,TON_IoT,5
1.3842453736790477,25,337.31105118628363,17,21525,443,1.3420183395890353,Normal,TON_IoT,5
17.916047642695208,68,891.2690498396387,6,33290,80,6.110682475907015,Normal,TON_IoT,5
18.81250234759413,798,277129.6918003618,6,57744,445,125.16312355163495,Ransomware,TON_IoT,6
155.07717524880186,275,3211.2893299785515,6,43254,8080,24.45313847940927,Botnet,TON_IoT,0
4.790785381411648,175,3000.51657550338,17,24811,469,312.4060771667939,Reconnaissance,TON_IoT,7
2.13979071321814,509,659774.510240898,6,10818,445,12.669170317695835,Ransomware,TON_IoT,6
0.078135568274808,5330,1001345.5338946811,6,46416,80,716.1723544553527,DDoS,TON_IoT,2
255.8927270209188,194,36455.74859557368,6,51933,6667,12.235677229945294,Botnet,TON_IoT,0
4.103778644744604,1556,235575.58374886765,6,61144,445,36.21089690807783,Ransomware,TON_IoT,6
0.6248500122623569,31,25.330210847849987,17,36049,663,773.5840833606951,Reconnaissance,TON_IoT,7
246.6694524344345,206,37780.80878731162,6,47135,23,31.630039545473984,Botnet,TON_IoT,0
12.436858202988887,86,5510.081256099871,6,26439,80,1.4934129211547087,Normal,TON_IoT,5
0.0894326850145808,2182,2522889.3320418634,6,45586,445,115.98540063592273,Ransomware,TON_IoT,6
6.583074276404594,68,2027.5356278494846,17,10864,443,0.32563535271494315,Normal,TON_IoT,5
36.30903855689601,49,3481.488909657476,6,7930,22,1.299014732277145,Normal,TON_IoT,5
4.992195985123722,92,835.5340121093836,6,57437,443,0.7582091031091579,Normal,TON_IoT,5
17.061381349058486,70,2825.2367683811276,6,64067,80,6.351294519975476,Normal,TON_IoT,5
23.543012595582532,31,1306.0789687622205,17,64931,80,0.40002312799164275,Normal,TON_IoT,5
72.78678264897117,374,79735.24677621113,6,4743,23,13.445860328665118,Botnet,TON_IoT,0
37.01033542192886,474,1422830.3809595178,6,47203,445,56.75492966765626,Ransomware,TON_IoT,6
19.106051692035464,220,874010.4416630939,6,30640,445,143.23596365594173,Ransomware,TON_IoT,6
168.98658137204743,236,30055.48380265435,6,10822,8080,40.893287859563,Botnet,TON_IoT,0
39.73317572176721,130,68632.71497295125,6,57652,6667,22.968456767796877,Botnet,TON_IoT,0
0.3197943144520439,8893,383291.65133466065,6,58869,80,1338.4435060210162,DDoS,TON_IoT,2
0.44401192170013015,5297,703637.058991708,1,9979,80,1616.6235459046613,DDoS,TON_IoT,2
21.049079201698724,852,509578.51113563677,6,5554,445,66.89426937466305,Ransomware,TON_IoT,6
266.58479649715844,498,1137.512038196961,6,56622,23,45.28623127699621,Botnet,TON_IoT,0
2.9382357961590135,66,439.54974116945783,6,25143,421,749.2415382393583,Reconnaissance,TON_IoT,7
155.71660808849145,263,4145.4486243261745,6,38754,8080,25.764223175098948,Botnet,TON_IoT,0
0.8054014718545106,5827,777707.1371619892,6,21817,80,728.0980531366305,DDoS,TON_IoT,2
257.88061819900554,234,4038.10328187279,6,31727,8080,9.735195994069963,Botnet,TON_IoT,0
