flow_duration,packet_count,byte_count,protocol,src_port,dst_port,conn_rate,label,label_encoded,dataset_source
-0.4077853049499972,-0.5161219185170245,-0.3543803692286895,-0.4413246768066931,-1.5247363684910693,-0.42771975306807225,-0.5856320374967207,Normal,5,CICIoT2023
-0.512283112887226,-0.40696480496161697,-0.37522315781684024,-0.4413246768066931,0.8190335870246273,-0.4518620377423248,-0.30875693188654707,Brute Force,1,CICIoT2023
-0.5654515978038794,2.5370188397342255,-0.33950637148338497,-1.369062067613279,1.7067412076591275,-0.42771975306807225,0.37155277102262946,DoS,3,CICIoT2023
-0.5633859471581589,1.9965282065699501,3.0140568954945954,-1.369062067613279,0.31040027977728984,-0.42771975306807225,0.519816444848156,DDoS,2,CICIoT2023
0.014789344257284613,-0.5096050759167017,-0.3788060550808173,1.5996975829677962,-1.2764534769675078,-0.42771975306807225,-0.586168615515943,Normal,5,CICIoT2023
-0.48517064795862264,-0.5332286303428719,-0.37271715534271127,1.5996975829677962,0.9442277317060012,-0.27918332363156895,-0.5827027994895816,Normal,5,CICIoT2023
-0.4955261886530283,-0.5430038942433562,-0.3622711548165298,1.5996975829677962,1.120105478028276,-0.4514528464766595,-0.5831393119838958,Normal,5,CICIoT2023
-0.5631836294796223,-0.5405600782682352,-0.38049355567321436,-1.369062067613279,-1.6377602866386098,-0.4604550543212961,-0.5188331253347339,Spoofing,8,CICIoT2023
-0.5603118681114768,3.378506140500912,-0.0362622892842755,1.5996975829677962,0.18982774010876402,-0.42771975306807225,2.6450693846785214,DDoS,2,CICIoT2023
-0.5691570393260375,2.420530278253455,0.6440736157121278,1.5996975829677962,0.16425485903767123,-0.42771975306807225,2.8376488593630613,DoS,3,CICIoT2023
-0.508130806727818,-0.5409673809307554,-0.3698221846939893,1.5996975829677962,-1.0399813538101137,-0.42771975306807225,-0.5805558206366749,Normal,5,CICIoT2023
-0.4485110482793514,-0.23304656806550117,-0.3636436540058394,-0.4413246768066931,1.61389829806769,-0.4514528464766595,-0.35203422333627366,Brute Force,1,CICIoT2023
-0.5250467135773932,-0.5442258022309168,-0.3789793095393906,-1.369062067613279,-1.6377602866386098,-0.4604550543212961,-0.45599863431175786,Spoofing,8,CICIoT2023
-0.5417349737005935,-0.5299702090427105,-0.37939705492339587,-0.4413246768066931,1.6873818177719748,-0.42771975306807225,-0.5867363204455792,Normal,5,CICIoT2023
-0.279897029287836,-0.531192117030271,-0.3785015151210417,-0.4413246768066931,0.5521102219492452,-0.42771975306807225,-0.5835736226467307,Normal,5,CICIoT2023
-0.3649213713957628,-0.5315994196927912,-0.3700857516962333,-0.4413246768066931,-0.18775738944092524,-0.42771975306807225,-0.5840408490984311,Normal,5,CICIoT2023
-0.41740377214911284,-0.5438184995683966,-0.37766552096745504,-0.4413246768066931,1.5509931187261465,-0.4514528464766595,-0.5852332108211806,Normal,5,CICIoT2023
-0.5676344302269167,2.550052524934871,4.808875190072287,1.5996975829677962,1.5444715205413497,-0.42771975306807225,2.0472009717570656,DDoS,2,CICIoT2023
-0.5699213337358588,2.61603555626314,-0.26933087285713153,-0.4413246768066931,0.7465770906565311,-0.42771975306807225,2.0261907370735366,DDoS,2,CICIoT2023
-0.45428056507908565,-0.5161219185170245,-0.3763836067657931,1.5996975829677962,1.0314733641152114,-0.42771975306807225,-0.5807386284425672,Normal,5,CICIoT2023
-0.5629198213855214,0.8691144367140989,-0.0692766458343599,-0.4413246768066931,1.504468961596809,-0.42771975306807225,2.8260380914086296,DDoS,2,CICIoT2023
-0.33986657874251475,-0.5267117877425491,-0.37689008417727465,-0.4413246768066931,-1.1469971854409517,-0.27918332363156895,-0.5872246076117553,Normal,5,CICIoT2023
-0.46217487818055847,-0.5116415892293026,-0.32228397090060673,-0.4413246768066931,0.8220119546995738,-0.27918332363156895,-0.5843272680531696,Normal,5,CICIoT2023
0.10735006940464396,-0.5132707998793833,-0.37017576739696634,-0.4413246768066931,-0.27099763083900036,-0.4514528464766595,-0.5845474965468861,Normal,5,CICIoT2023
-0.5749885503715382,0.11845562968941196,1.5214674264563441,-0.4413246768066931,0.8015741903094233,-0.42771975306807225,2.220748325470375,DDoS,2,CICIoT2023
-0.5602688384402451,0.5449015173480377,0.1661924037402832,-1.369062067613279,0.32565157631968855,-0.42771975306807225,3.0907112012924047,DoS,3,CICIoT2023
-0.5587388135089094,-0.510419681241742,-0.35262300970260796,1.5996975829677962,-0.6222396118154555,-0.42771975306807225,-0.5832501010329446,Normal,5,CICIoT2023
-0.5750674876139695,2.528465483821302,-0.2577731066307004,-1.369062067613279,-1.3338127302936336,-0.42771975306807225,0.7095498201675661,DDoS,2,CICIoT2023
-0.5596238751333751,0.995378262095354,-0.288483127121326,-0.4413246768066931,-1.2882642453336752,-0.42771975306807225,1.0904425358148675,DDoS,2,CICIoT2023
-0.4683419608629644,-0.5100123785792219,-0.37652929282348585,-0.4413246768066931,1.7247141160424255,-0.42771975306807225,-0.586058704892227,Normal,5,CICIoT2023
-0.5686626035324677,2.9459507129044837,2.752810463329147,1.5996975829677962,0.3237515831477399,-0.42771975306807225,0.8053383111138579,DDoS,2,CICIoT2023
-0.23579858578975793,-0.5385235649556342,-0.3282937628173637,-0.4413246768066931,-0.3106920827826845,-0.27918332363156895,-0.5848177187193128,Normal,5,CICIoT2023
-0.4556956365385467,-0.5291556037176701,-0.3626185935771968,-0.4413246768066931,-0.9986950156953375,-0.27918332363156895,-0.5798294079901127,Normal,5,CICIoT2023
-0.460483917369076,-0.18091182726291846,-0.37618763066055383,-0.4413246768066931,0.49254286845031414,-0.4514528464766595,-0.3424380082571418,Brute Force,1,CICIoT2023
-0.5601158129714198,-0.1764314979751965,-0.3554883013446056,-0.4413246768066931,-1.2065645389398827,-0.4510436552109942,-0.19313488618497482,Brute Force,1,CICIoT2023
-0.5187758231908328,-0.5454477102184773,-0.3702131495763084,-1.369062067613279,-1.6377602866386098,-0.4604550543212961,-0.48646260223718923,Spoofing,8,CICIoT2023
-0.36537485499625966,-0.5226387611173473,-0.361884579732632,1.5996975829677962,-1.0132273959024043,-0.4514528464766595,-0.5855185811470498,Normal,5,CICIoT2023
-0.5294670254584122,-0.5413746835932755,-0.3740712788844311,1.5996975829677962,-0.7163149494103189,-0.4514528464766595,-0.5750487298508997,Normal,5,CICIoT2023
-0.5654491690548817,3.1060206592749133,-0.21764196995667548,-0.4413246768066931,-1.1366756009122578,-0.42771975306807225,1.7741110147682526,DoS,3,CICIoT2023
-0.5677667025520379,2.283269280984155,1.719878179054921,-0.4413246768066931,-0.9520168050655716,-0.42771975306807225,2.0932475117120424,DDoS,2,CICIoT2023
-0.34027696609396485,-0.5108269839042622,-0.3758382109076277,-0.4413246768066931,0.61845592946702,-0.27918332363156895,-0.586533750716535,Normal,5,CICIoT2023
-0.5668168807504546,0.1416718814530621,-0.29466784044709676,-1.369062067613279,-0.2997542842522774,-0.42771975306807225,1.5608639888919913,DDoS,2,CICIoT2023
-0.5233450000900818,-0.5360797489805131,-0.3797543380836718,1.5996975829677962,-0.14010350664178045,-0.4514528464766595,-0.5866920952971005,Normal,5,CICIoT2023
-0.4750282317749919,-0.2782571636052409,-0.36585078645749647,-0.4413246768066931,0.1816115534192563,-0.4514528464766595,-0.3845795609680884,Brute Force,1,CICIoT2023
-0.5101206422704633,-0.5067539572790604,-0.37050139258748543,1.5996975829677962,0.3294515626635859,-0.4514528464766595,-0.5825932996785514,Normal,5,CICIoT2023
-0.5603395396992782,3.0665123010104565,0.2919598103351545,-0.4413246768066931,-0.8242551020437265,-0.42771975306807225,1.384825590253831,DoS,3,CICIoT2023
-0.4496470646841663,-0.5389308676181545,-0.3790427278299605,-0.4413246768066931,-1.0286840971120406,-0.42771975306807225,-0.5873846389358721,Normal,5,CICIoT2023
-0.5682587339032095,3.0779167755610213,0.23180331867738876,1.5996975829677962,-1.1867943397182548,-0.42771975306807225,1.9879253934800067,DDoS,2,CICIoT2023
-0.5626802649787495,2.3077074407353657,0.4761935897277098,-0.4413246768066931,1.5178716161340684,-0.42771975306807225,0.38437465061642584,DDoS,2,CICIoT2023
-0.5044949838057534,-0.5100123785792219,-0.3787477069355198,-0.4413246768066931,1.1580026391336302,-0.42771975306807225,-0.5869902598660189,Normal,5,CICIoT2023
-0.49330715661509345,-0.2399707133283442,-0.36629475286496516,-0.4413246768066931,1.2411401781980864,-0.4518620377423248,-0.4236854482622483,Brute Force,1,CICIoT2023
-0.5743455746891697,3.41964370941545,0.06852861780502686,1.5996975829677962,-0.4953508786293706,-0.42771975306807225,2.6308274018465165,DoS,3,CICIoT2023
-0.4848939039485239,-0.14954952224886478,-0.36796661489654525,-0.4413246768066931,1.2553644514042968,-0.4510436552109942,-0.07540026035328501,Brute Force,1,CICIoT2023
-0.5095724353228135,-0.5389308676181545,-0.3766945288240865,-1.369062067613279,-1.6377602866386098,-0.4604550543212961,-0.40953482598216484,Spoofing,8,CICIoT2023
-0.5599858608236962,1.339956314587424,-0.03903433168284345,1.5996975829677962,-0.3107947851163034,-0.42771975306807225,0.45837516210004275,DDoS,2,CICIoT2023
-0.44828979693520127,-0.20494268435160892,-0.3433519596719675,-0.4413246768066931,1.6087631813867476,-0.4510436552109942,-0.312515442832212,Brute Force,1,CICIoT2023
-0.4362008357362755,-0.5246752744299482,-0.37078649314721274,1.5996975829677962,1.1404405400848074,-0.42771975306807225,-0.5868159207757647,Normal,5,CICIoT2023
-0.27944520172082576,-0.5181584318296254,-0.37477855007018057,1.5996975829677962,-1.3315019277872095,-0.42771975306807225,-0.5822829872648045,Normal,5,CICIoT2023
-0.3348523206636155,-0.5238606691049079,-0.38035942443647486,1.5996975829677962,-1.005935530215466,-0.42771975306807225,-0.5847614608721435,Normal,5,CICIoT2023
-0.4590404819197465,-0.5320067223553114,-0.377329765135389,-0.4413246768066931,-1.3525045550122636,-0.4514528464766595,-0.5767260512105409,Normal,5,CICIoT2023
-0.23819933041793437,-0.5238606691049079,-0.3790794686925455,-0.4413246768066931,0.5578102014650911,-0.27918332363156895,-0.5807681517611823,Normal,5,CICIoT2023
-0.5479324339202524,-0.5405600782682352,-0.38093473961198926,1.5996975829677962,0.43184578928157585,-0.42771975306807225,-0.5861127524766666,Normal,5,CICIoT2023
-0.5224651980015964,-0.5421892889183159,-0.37928476354362195,-1.369062067613279,-1.6377602866386098,-0.4604550543212961,-0.5339548978014823,Spoofing,8,CICIoT2023
-0.5355855135966915,-0.5169365238420649,-0.36491635347843876,-0.4413246768066931,-0.943081702040732,-0.27918332363156895,-0.5849860514096099,Normal,5,CICIoT2023
-0.08342738770252413,-0.5405600782682352,-0.3636840437329066,1.5996975829677962,-1.2781994166390283,-0.27918332363156895,-0.5839717224855522,Normal,5,CICIoT2023
-0.5647562731776973,1.4833268517945266,1.4617113528140406,1.5996975829677962,1.386309926768326,-0.42771975306807225,0.473310749620691,DDoS,2,CICIoT2023
-0.5381235089367921,-0.5373016569680737,-0.3783913053905826,-0.4413246768066931,-1.3498342943381738,-0.4514528464766595,-0.5844304238396231,Normal,5,CICIoT2023
-0.5488289754981377,-0.5385235649556342,-0.3688816812974513,-1.369062067613279,-1.6377602866386098,-0.4604550543212961,-0.5280464439966174,Spoofing,8,CICIoT2023
-0.5355577651866957,-0.5315994196927912,-0.37369245216774877,-0.4413246768066931,1.2998859130280667,-0.42771975306807225,-0.5861631888916605,Normal,5,CICIoT2023
-0.45920879010183036,-0.26929650502979696,-0.33527194203131894,-0.4413246768066931,0.3478352803813594,-0.4514528464766595,-0.23859265601180984,Brute Force,1,CICIoT2023
-0.5636261721558936,2.7793639239337313,0.313487086529775,1.5996975829677962,-0.35731894224564087,-0.42771975306807225,1.9194683151035432,DoS,3,CICIoT2023
-0.5207905759772633,-0.5140854052044236,-0.37695884835999993,1.5996975829677962,-0.521488622535367,-0.42771975306807225,-0.5770334885500927,Normal,5,CICIoT2023
-0.5536696578730207,-0.5112342865667824,-0.3799199064026273,-0.4413246768066931,1.172894477508363,-0.4514528464766595,-0.5748380552500868,Normal,5,CICIoT2023
-0.5419194559450934,-0.5409673809307554,-0.3756267104982848,-1.369062067613279,-1.6377602866386098,-0.4604550543212961,-0.47714974849989644,Spoofing,8,CICIoT2023
-0.5645893318298522,3.4070173268773245,0.025579422822824844,-1.369062067613279,-0.7427094491503624,-0.42771975306807225,2.2881886702531804,DoS,3,CICIoT2023
-0.5586284393014599,2.8323132700613542,0.26073058067539534,1.5996975829677962,1.316420988740701,-0.42771975306807225,0.37652844735350854,DoS,3,CICIoT2023
-0.5718287392156385,0.07039391551203103,4.880248953540135,-1.369062067613279,-0.4694698905574213,-0.42771975306807225,2.8252993637942594,DoS,3,CICIoT2023
-0.3357678623762489,-0.5083831679291412,-0.37233367257753514,1.5996975829677962,0.4284566122721539,-0.4514528464766595,-0.583846259129494,Normal,5,CICIoT2023
-0.31610503781323074,-0.5393381702806747,-0.3727281679822861,1.5996975829677962,0.8643253161505386,-0.27918332363156895,-0.5820578792856004,Normal,5,CICIoT2023
-0.55540510188069,-0.5116415892293026,-0.38104460520915906,-0.4413246768066931,-0.564674953822092,-0.42771975306807225,-0.5857054755467194,Normal,5,CICIoT2023
-0.5531046725411384,-0.5434111969058764,-0.37225491080217243,-1.369062067613279,-1.6377602866386098,-0.4604550543212961,-0.4005041988506315,Spoofing,8,CICIoT2023
-0.5692665808957198,1.9997866278701115,1.0367312433063383,1.5996975829677962,0.9504412228899414,-0.42771975306807225,0.7379887324118155,DDoS,2,CICIoT2023
-0.3323457218846131,-0.5226387611173473,-0.36819401300029375,-0.4413246768066931,-0.8386847799171745,-0.27918332363156895,-0.5867414072349408,Normal,5,CICIoT2023
-0.5206029432956254,-0.5263044850800289,-0.38010119125187214,-0.4413246768066931,0.6532206693969995,-0.42771975306807225,-0.5835699119336282,Normal,5,CICIoT2023
-0.5488094095220004,-0.5120488918918227,-0.37837972222658645,1.5996975829677962,-0.17183852773000402,-0.27918332363156895,-0.5849255936083224,Normal,5,CICIoT2023
-0.36905039010335317,-0.5368943543055535,-0.3777362365219866,1.5996975829677962,0.6702692567777281,-0.42771975306807225,-0.583630606625606,Normal,5,CICIoT2023
-0.5738863567532428,0.13108201222753746,0.08408058595222438,1.5996975829677962,-0.4648482855445732,-0.42771975306807225,2.3410628791924117,DoS,3,CICIoT2023
-0.5604128181021729,3.37321120588815,0.15030122200610058,1.5996975829677962,-0.10349012470666166,-0.42771975306807225,2.4193367809969826,DDoS,2,CICIoT2023
-0.5594137692167573,-0.5389308676181545,-0.3774060201782746,-1.369062067613279,-1.6377602866386098,-0.4604550543212961,-0.4445020305488214,Spoofing,8,CICIoT2023
-0.5559947876228934,0.27608176008472063,0.02852541027670393,-0.4413246768066931,1.4852122740432754,-0.42771975306807225,2.143785929205844,DDoS,2,CICIoT2023
-0.41765666374779037,-0.5254898797549886,-0.37979211344009756,1.5996975829677962,-0.03159849117346909,-0.27918332363156895,-0.5822679960684845,Normal,5,CICIoT2023
-0.5614371824322162,1.2747878885841957,-0.11221798814738364,-0.4413246768066931,-1.1574728234700742,-0.42771975306807225,1.2912950870200883,DoS,3,CICIoT2023
-0.5764732109513344,2.466555479118235,0.6034172894601559,1.5996975829677962,1.1401324330839508,-0.42771975306807225,2.9653935415755295,DoS,3,CICIoT2023
-0.5605399041837491,0.4512219049683969,1.72931093562633,1.5996975829677962,-0.7445580911555016,-0.42771975306807225,1.4105791016544433,DDoS,2,CICIoT2023
-0.5672986130305102,0.7147467276189517,0.26339156194061675,-0.4413246768066931,0.6415639545312605,-0.42771975306807225,0.7257715956008439,DoS,3,CICIoT2023
-0.5753271699984067,2.900332814702224,0.38863416766802034,-0.4413246768066931,-1.439390729253808,-0.42771975306807225,2.402465488928291,DDoS,2,CICIoT2023
-0.5608994646999957,0.14004267080298138,0.6679099954536856,-0.4413246768066931,-1.189259195725107,-0.42771975306807225,2.9457190206817274,DDoS,2,CICIoT2023
-0.5670810609946687,2.6583950331652386,-0.2816536331081856,1.5996975829677962,-0.19679519479938373,-0.42771975306807225,0.4523586865872657,DDoS,2,CICIoT2023
-0.49462167525071243,-0.5222314584548272,-0.35535082712770055,1.5996975829677962,0.9853086651535398,-0.27918332363156895,-0.5853251584972846,Normal,5,CICIoT2023
-0.1679585335601616,-0.5161219185170245,-0.38042837312949546,-0.4413246768066931,-1.3106020028957743,-0.4514528464766595,-0.5871835600140944,Normal,5,CICIoT2023
-0.06062158059307597,-0.5214168531297868,-0.3765359860063875,1.5996975829677962,0.30290300942311404,-0.4514528464766595,-0.5858257570107674,Normal,5,CICIoT2023
-0.5580699952791872,0.1343404335276989,0.8291257760339736,-1.369062067613279,0.5665912509895025,-0.42771975306807225,2.9856635260551982,DDoS,2,CICIoT2023
-0.5516466919293203,-0.5389308676181545,-0.36685368175511796,1.5996975829677962,1.2553644514042968,-0.27918332363156895,-0.5868388188046638,Normal,5,CICIoT2023
-0.5617495912839111,3.160191913390097,0.5490232817284192,-1.369062067613279,1.3785045494132937,-0.42771975306807225,3.0846368526295995,DDoS,2,CICIoT2023
-0.4856005924147389,-0.34505480025854995,-0.3787414040192424,-0.4413246768066931,-1.2080023716105466,-0.4514528464766595,-0.38801559306243577,Brute Force,1,CICIoT2023
-0.5017481503856925,-0.5157146158545043,-0.3686109998600735,-0.4413246768066931,1.6002388876963833,-0.42771975306807225,-0.5864585117974069,Normal,5,CICIoT2023
-0.5685152247450367,0.7123029116438306,-0.28316316225155314,1.5996975829677962,0.7375392852980726,-0.42771975306807225,1.8793111266267262,DDoS,2,CICIoT2023
-0.5753034964004767,1.346880459850267,0.25081813309215584,-0.4413246768066931,-0.6649124314340862,-0.42771975306807225,2.218712167345796,DoS,3,CICIoT2023
-0.5113992344760864,-0.5144927078669438,-0.3743994182672904,1.5996975829677962,-0.9318871476762778,-0.42771975306807225,-0.5822372423627221,Normal,5,CICIoT2023
-0.49022320784368073,-0.5283409983926298,-0.37987099242164385,-0.4413246768066931,0.919579171637478,-0.4514528464766595,-0.587226120431938,Normal,5,CICIoT2023
-0.23579636056542916,-0.5185657344921456,-0.37663792839236176,-0.4413246768066931,-0.9269060844957637,-0.27918332363156895,-0.5859229235487337,Normal,5,CICIoT2023
-0.26323927287945414,-0.5096050759167017,-0.3809680963755709,1.5996975829677962,0.0032175999233198826,-0.4514528464766595,-0.5794865754821326,Normal,5,CICIoT2023
-0.4522575525141509,-0.15036412757390516,-0.3174642685481974,-0.4413246768066931,-1.2348076806850656,-0.4510436552109942,-0.1416749064153812,Brute Force,1,CICIoT2023
-0.537098886311151,-0.5450404075559571,-0.38108955557355817,-1.369062067613279,-1.6377602866386098,-0.4604550543212961,-0.49036672974718837,Spoofing,8,CICIoT2023
-0.557872260425903,2.8196868875232286,0.1807753188493499,-1.369062067613279,-0.4938103436250879,-0.42771975306807225,1.3965655960706007,DDoS,2,CICIoT2023
-0.5444616396426465,-0.5385235649556342,-0.3809559212676488,-1.369062067613279,-1.6377602866386098,-0.4604550543212961,-0.4942250614723053,Spoofing,8,CICIoT2023
-0.5622019473186358,-0.5409673809307554,-0.3781516541880897,-1.369062067613279,-1.6377602866386098,-0.4604550543212961,-0.5202071048427995,Spoofing,8,CICIoT2023
-0.22916863900880177,-0.5299702090427105,-0.3776369005271743,1.5996975829677962,-1.2406103625345304,-0.42771975306807225,-0.5855353383632174,Normal,5,CICIoT2023
-0.5123603565551081,-0.5425965915808361,-0.37818028673559845,-1.369062067613279,-1.6377602866386098,-0.4604550543212961,-0.49312275241565606,Spoofing,8,CICIoT2023
-0.5652745258169821,1.0104484606086004,0.6770354514323746,-0.4413246768066931,-1.5719280907889293,-0.42771975306807225,2.8741627012950866,DDoS,2,CICIoT2023
-0.5640553881294285,-0.5434111969058764,-0.3807221643914463,-1.369062067613279,-1.6377602866386098,-0.4604550543212961,-0.5345746139468694,Spoofing,8,CICIoT2023
-0.5629905969872785,-0.5438184995683966,-0.3756294247334805,-1.369062067613279,-1.6377602866386098,-0.4604550543212961,-0.43020336893817773,Spoofing,8,CICIoT2023
-0.48336533742796534,-0.5063466546165403,-0.37074788320850993,1.5996975829677962,-1.2818967006493067,-0.42771975306807225,-0.5813213436364472,Normal,5,CICIoT2023
-0.41381699611280626,-0.538116262293114,-0.3325482921651717,-0.4413246768066931,0.6162478292942148,-0.42771975306807225,-0.583291423748493,Normal,5,CICIoT2023
-0.3494888612158327,-0.5430038942433562,-0.31752719602226165,1.5996975829677962,1.6601143481961709,-0.4514528464766595,-0.5867622917294849,Normal,5,CICIoT2023
-0.5767594681401648,2.416457251628253,0.4577855020591568,-0.4413246768066931,-0.22360050387390268,-0.42771975306807225,2.854672655361705,DDoS,2,CICIoT2023
-0.5702518172780005,-0.5438184995683966,-0.3655535179580795,-1.369062067613279,-1.6377602866386098,-0.4604550543212961,-0.5118179772374246,Spoofing,8,CICIoT2023
-0.5552135119912948,-0.5434111969058764,-0.3779888346088497,-1.369062067613279,-1.6377602866386098,-0.4604550543212961,-0.44879264135597324,Spoofing,8,CICIoT2023
-0.48299818267076544,-0.540152775605715,-0.35591291470874364,1.5996975829677962,-0.22565455054627961,-0.42771975306807225,-0.5857651860686973,Normal,5,CICIoT2023
-0.5666144273206053,0.10012700987600398,0.08567017895388498,1.5996975829677962,-1.375715282410123,-0.42771975306807225,2.353252331742308,DDoS,2,CICIoT2023
-0.5596257587200807,3.274643961558267,1.0250482644321834,-1.369062067613279,-0.6557719237420089,-0.42771975306807225,2.8971557611875363,DDoS,2,CICIoT2023
-0.2776302906947287,-0.5112342865667824,-0.3660986838974793,-0.4413246768066931,-0.6243963608214512,-0.27918332363156895,-0.5824013730448142,Normal,5,CICIoT2023
-0.21505068527630303,-0.5063466546165403,-0.3389811940170455,-0.4413246768066931,-0.9393844180304536,-0.42771975306807225,-0.583196976072386,Normal,5,CICIoT2023
-0.4796457520123549,-0.5283409983926298,-0.38112387019109223,-0.4413246768066931,-1.4846311072129097,-0.27918332363156895,-0.5801642202657274,Normal,5,CICIoT2023
-0.5341227682787887,-0.21716176422721425,-0.3742407237693412,-0.4413246768066931,1.4744285290132964,-0.4518620377423248,-0.16820204705573402,Brute Force,1,CICIoT2023
-0.41060058212889816,-0.5291556037176701,-0.3762922378712362,-0.4413246768066931,-1.2580697592497343,-0.42771975306807225,-0.5860672174050614,Normal,5,CICIoT2023
-0.5632661274392188,2.351696128287545,1.875502144916414,-1.369062067613279,0.11762799957471491,-0.42771975306807225,2.5682677852044167,DDoS,2,CICIoT2023
-0.5630170938193256,0.32455077692462175,2.2328973190294183,-1.369062067613279,-0.417143051578619,-0.42771975306807225,1.926859499430281,DoS,3,CICIoT2023
-0.5380802166934292,-0.5258971824175087,-0.3744386382864289,1.5996975829677962,-0.5078292121640604,-0.27918332363156895,-0.5856307971338248,Normal,5,CICIoT2023
-0.4387420188720242,-0.1817264325879588,-0.36716011130812626,-0.4413246768066931,0.6159397222933582,-0.4514528464766595,-0.2960610235315965,Brute Force,1,CICIoT2023
-0.559571079911174,-0.27622065029264,-0.37421767483963536,-0.4413246768066931,-0.6428314297060342,-0.4514528464766595,-0.35664879100000924,Brute Force,1,CICIoT2023
-0.050566615485709905,-0.5275263930675894,-0.368060738632111,1.5996975829677962,-1.3245695202679375,-0.42771975306807225,-0.5750795929371448,Normal,5,CICIoT2023
-0.5617176721329034,0.4846207232950515,0.7397935113299747,1.5996975829677962,1.4181990013569779,-0.42771975306807225,2.3298246192515544,DDoS,2,CICIoT2023
-0.39803239390442846,-0.5283409983926298,-0.37783295828669894,-0.4413246768066931,1.481052829531712,-0.42771975306807225,-0.5850536429908996,Normal,5,CICIoT2023
-0.48700706083768536,-0.5140854052044236,-0.3803243281681082,-0.4413246768066931,0.09390376050876137,-0.27918332363156895,-0.582327269751535,Normal,5,CICIoT2023
-0.5525654707082832,-0.5169365238420649,-0.3582914750260405,1.5996975829677962,-0.7516445521752021,-0.42771975306807225,-0.5840524368949782,Normal,5,CICIoT2023
-0.558228633099213,1.1635942617161872,0.7134774263189766,-0.4413246768066931,-1.108791917334741,-0.42771975306807225,2.585514789715742,DDoS,2,CICIoT2023
-0.5762947148668865,1.9602782696056542,-0.01968756665584398,1.5996975829677962,1.440896217086743,-0.42771975306807225,1.96317315202293,DDoS,2,CICIoT2023
-0.3349831793922915,-0.5250825770924684,-0.3617533708555503,-0.4413246768066931,-1.1820186812049784,-0.42771975306807225,-0.5824085743794001,Normal,5,CICIoT2023
-0.4050523667264958,-0.5409673809307554,-0.3691016636785511,-0.4413246768066931,-0.5088048843334395,-0.42771975306807225,-0.5873307365074102,Normal,5,CICIoT2023
-0.4746678408967755,-0.3536081561714737,-0.37306986249090784,-0.4413246768066931,0.7060610200438961,-0.4510436552109942,-0.1308209151265378,Brute Force,1,CICIoT2023
-0.36769391589040235,-0.5340432356679123,-0.3792013821516353,1.5996975829677962,-0.8371442449128919,-0.42771975306807225,-0.5836837099301033,Normal,5,CICIoT2023
-0.37307288337602756,-0.5328213276803517,-0.37003609527567366,-0.4413246768066931,-0.6679421502758421,-0.27918332363156895,-0.5816301415781544,Normal,5,CICIoT2023
-0.5565757897024093,-0.06035023915694593,-0.014025173486252238,-1.369062067613279,-1.0105571352283143,-0.42771975306807225,3.1179299790737174,DDoS,2,CICIoT2023
-0.5288068144453897,-0.1458837982861832,-0.3797789977054366,-0.4413246768066931,1.130683818391017,-0.4510436552109942,-0.3240003530826721,Brute Force,1,CICIoT2023
-0.4273936826603803,-0.507975865266621,-0.3552190966304393,-0.4413246768066931,-0.5666262981608501,-0.27918332363156895,-0.5740770978233888,Normal,5,CICIoT2023
-0.5700451989859614,1.0014878020331566,0.7028624660024774,1.5996975829677962,-1.3073668793867808,-0.42771975306807225,1.609055298804613,DoS,3,CICIoT2023
-0.5670341283118577,2.2266542108938503,0.4330839657171376,1.5996975829677962,0.6257991463207675,-0.42771975306807225,0.3718373388222158,DoS,3,CICIoT2023
-0.5105919904504456,-0.5271190904050693,-0.3609098780401844,-0.4413246768066931,0.33869477268928205,-0.4514528464766595,-0.581340732631922,Normal,5,CICIoT2023
-0.5649748025116665,2.0938735429122723,-0.31005961006502825,-0.4413246768066931,1.0312679594479737,-0.42771975306807225,2.6476955140565157,DoS,3,CICIoT2023
-0.49201673069542967,-0.537708959630594,-0.37984760532413864,-0.4413246768066931,0.7051880502081359,-0.4514528464766595,-0.584218744634011,Normal,5,CICIoT2023
-0.5764000832596412,2.232763750831653,0.9616385225130015,-1.369062067613279,-0.4869806384394346,-0.42771975306807225,0.7201711056501486,DDoS,2,CICIoT2023
-0.5712378079879795,3.2049952062673164,0.21771574814741398,-0.4413246768066931,1.2537212140663951,-0.42771975306807225,1.076547690364608,DDoS,2,CICIoT2023
-0.5628143857294644,2.324406849898693,1.5336770859682574,-1.369062067613279,0.14818194382632174,-0.42771975306807225,2.660399826505009,DDoS,2,CICIoT2023
-0.5626966296227636,-0.5075685626041008,-0.3811426096426019,1.5996975829677962,0.2542221032877808,-0.4514528464766595,-0.5871960579477025,Normal,5,CICIoT2023
-0.5339251000903575,-0.5385235649556342,-0.38008966865830635,-1.369062067613279,-1.6377602866386098,-0.4604550543212961,-0.4563797204359304,Spoofing,8,CICIoT2023
-0.22134760873774567,-0.5299702090427105,-0.3761433168382181,-0.4413246768066931,0.18859531210533786,-0.42771975306807225,-0.5871499795692827,Normal,5,CICIoT2023
-0.5453050196833767,-0.5385235649556342,-0.36605411495882717,1.5996975829677962,0.35702713924024615,-0.42771975306807225,-0.5831679951465399,Normal,5,CICIoT2023
-0.46775001788759063,-0.5140854052044236,-0.37120873360983125,1.5996975829677962,-0.943441160208398,-0.4514528464766595,-0.5782549360085303,Normal,5,CICIoT2023
-0.5641211442945285,0.17466339711719645,1.0442203795453253,-1.369062067613279,1.6020875297015227,-0.42771975306807225,2.8889792643938197,DDoS,2,CICIoT2023
-0.575625402275222,2.3174827046358497,4.809777649309126,1.5996975829677962,-0.8974818659139642,-0.42771975306807225,2.3050591009210715,DoS,3,CICIoT2023
-0.40178764320163596,-0.5181584318296254,-0.3802040843773897,-0.4413246768066931,0.042912051867004065,-0.42771975306807225,-0.5869339429144208,Normal,5,CICIoT2023
-0.565257206022359,1.619773243738786,0.325823777368164,-0.4413246768066931,-1.2020456362606535,-0.42771975306807225,2.7290568500690666,DDoS,2,CICIoT2023
-0.31295033597332367,-0.5373016569680737,-0.37552378825090554,-0.4413246768066931,-0.3039650799306501,-0.42771975306807225,-0.5860544401180453,Normal,5,CICIoT2023
-0.5604050199138791,1.188439724129918,-0.07980379497757774,-1.369062067613279,-0.6287098588334428,-0.42771975306807225,2.762695965158449,DDoS,2,CICIoT2023
-0.03614840315777431,-0.5189730371546657,-0.3800302276378866,-0.4413246768066931,1.7037114888173714,-0.27918332363156895,-0.5856929238461489,Normal,5,CICIoT2023
-0.5764474357030787,1.4902509970573696,0.4541295620132386,1.5996975829677962,-0.4057944437137364,-0.42771975306807225,0.8162085553068258,DoS,3,CICIoT2023
-0.34296408292112196,-0.5295629063801903,-0.35708493537070685,-0.4413246768066931,-0.6100180341148127,-0.4514528464766595,-0.587329559735723,Normal,5,CICIoT2023
-0.4808552117919885,-0.3556446694840746,-0.37230105891879356,-0.4413246768066931,0.8056309324873678,-0.4518620377423248,-0.30160057753947384,Brute Force,1,CICIoT2023
-0.48396486257318994,-0.5291556037176701,-0.360682902171142,1.5996975829677962,-1.5374714578598063,-0.27918332363156895,-0.585156479482728,Normal,5,CICIoT2023
-0.31583980433866343,-0.524267971767428,-0.37391644561281423,1.5996975829677962,-0.5684749401659893,-0.4514528464766595,-0.5845789994567512,Normal,5,CICIoT2023
-0.5320804503732992,-0.5340432356679123,-0.38073179940056057,1.5996975829677962,0.3264218438218299,-0.4514528464766595,-0.5867721663905711,Normal,5,CICIoT2023
-0.5600575031344271,-0.18946518317584218,-0.3779143060468185,-0.4413246768066931,1.1616999231439087,-0.4510436552109942,-0.43268271414378706,Brute Force,1,CICIoT2023
-0.5178752788353196,-0.5438184995683966,-0.36776634217739473,-1.369062067613279,-1.6377602866386098,-0.4604550543212961,-0.5156787674962655,Spoofing,8,CICIoT2023
-0.09799963250636234,-0.5169365238420649,-0.32369123489062723,-0.4413246768066931,-0.6197747558086032,-0.42771975306807225,-0.5861500415828224,Normal,5,CICIoT2023
-0.5567786615021255,2.149674007677537,-0.325301687749006,1.5996975829677962,0.7319420081158454,-0.42771975306807225,3.1074333589334207,DoS,3,CICIoT2023
-0.5426479233681987,-0.5405600782682352,-0.3779801716321273,-1.369062067613279,-1.6377602866386098,-0.4604550543212961,-0.44007328763018266,Spoofing,8,CICIoT2023
-0.5594641527964637,0.24634866572074768,0.12063666613873805,1.5996975829677962,1.012730188229772,-0.42771975306807225,2.344812164682959,DDoS,2,CICIoT2023
-0.5732929287225084,-0.0004767477664798462,0.09761177475107839,-0.4413246768066931,-1.1491539344469477,-0.42771975306807225,2.687096895170527,DDoS,2,CICIoT2023
-0.3961172852166844,-0.5442258022309168,-0.37169306618912845,1.5996975829677962,-0.763763427542226,-0.4514528464766595,-0.5868143646989628,Normal,5,CICIoT2023
-0.20316777458245314,-0.5238606691049079,-0.36453450869200427,-0.4413246768066931,-0.5469074501060316,-0.27918332363156895,-0.5837632458764862,Normal,5,CICIoT2023
-0.536309392285194,-0.5438184995683966,-0.37565897260938497,-1.369062067613279,-1.6377602866386098,-0.4604550543212961,-0.5436944152738804,Spoofing,8,CICIoT2023
-0.45455047516689434,-0.2766279529551602,-0.36430322631327583,-0.4413246768066931,1.1303757113901605,-0.4518620377423248,-0.041669104854438276,Brute Force,1,CICIoT2023
-0.5578673226669091,3.3060062665723207,0.11603079765918732,-1.369062067613279,-0.5789505781951116,-0.42771975306807225,0.4571239304460576,DDoS,2,CICIoT2023
-0.27252803782009655,-0.5071612599415806,-0.3805169819190718,1.5996975829677962,0.7820607469218426,-0.42771975306807225,-0.579563382520068,Normal,5,CICIoT2023
0.04838599880554079,-0.537708959630594,-0.3486881355128949,1.5996975829677962,1.496458179574539,-0.27918332363156895,-0.5840936118185023,Normal,5,CICIoT2023
-0.5691186961640909,2.8217234008358294,0.44641021489381355,1.5996975829677962,-0.890549458394692,-0.42771975306807225,1.5914890280326277,DoS,3,CICIoT2023
-0.5337893326706558,-0.5385235649556342,-0.37574087041043613,-1.369062067613279,-1.6377602866386098,-0.4604550543212961,-0.4177004869050662,Spoofing,8,CICIoT2023
-0.5441649750935442,-0.5397454729431947,-0.3750753433538999,-1.369062067613279,-1.6377602866386098,-0.4604550543212961,-0.4718681184275009,Spoofing,8,CICIoT2023
-0.556885847770989,1.131417351377093,5.69579731920808,-0.4413246768066931,-1.1735457386814236,-0.42771975306807225,2.1512267413753112,DoS,3,CICIoT2023
-0.5707384945186628,3.0143775602078735,1.9845904934130396,-1.369062067613279,1.297267003520786,-0.42771975306807225,1.786181024222395,DDoS,2,CICIoT2023
-0.3541272869756994,-0.5320067223553114,-0.3667229019747844,1.5996975829677962,-0.1934060177899618,-0.27918332363156895,-0.5830608152772998,Normal,5,CICIoT2023
-0.2910178771246597,-0.5226387611173473,-0.3729959926664117,1.5996975829677962,-0.9477546582203895,-0.42771975306807225,-0.5857598249301399,Normal,5,CICIoT2023
-0.5200257656066682,-0.544633104893437,-0.3803515387018173,-1.369062067613279,-1.6377602866386098,-0.4604550543212961,-0.4070676916612693,Spoofing,8,CICIoT2023
-0.5768383407043033,2.9308805143912373,0.8722360736258802,-0.4413246768066931,1.5422634203685446,-0.42771975306807225,1.1790747490187365,DDoS,2,CICIoT2023
-0.5599710928218562,-0.5181584318296254,-0.376604761266546,-0.4413246768066931,1.2543374280681083,-0.4514528464766595,-0.5868480843615644,Normal,5,CICIoT2023
-0.2661171622351282,-0.5425965915808361,-0.36234781383523523,-0.4413246768066931,-1.0002869018664295,-0.42771975306807225,-0.5804111228402797,Normal,5,CICIoT2023
-0.5640994336681224,1.1542263004782232,0.1958638877029625,1.5996975829677962,1.1974916864100766,-0.42771975306807225,1.1388896336983094,DoS,3,CICIoT2023
-0.3164293898626648,-0.5059393519540201,-0.3804208600054414,-0.4413246768066931,1.1265243738794537,-0.4514528464766595,-0.583675743150409,Normal,5,CICIoT2023
-0.3805517375192613,-0.5307848143677509,-0.38109897421581534,-0.4413246768066931,0.3666811586004177,-0.27918332363156895,-0.5860907497783127,Normal,5,CICIoT2023
-0.5754059415264438,3.0840263154988237,-0.057084870290190055,1.5996975829677962,0.4751861740687291,-0.42771975306807225,0.7587315293779222,DDoS,2,CICIoT2023
-0.5620665293780235,0.9016986497157131,1.8113513092673905,-1.369062067613279,-1.4336393985711524,-0.42771975306807225,1.173155103820496,DoS,3,CICIoT2023
-0.5738162131648084,2.1769632860663886,2.220232956361445,-0.4413246768066931,-0.36394324276405643,-0.42771975306807225,1.6905478875129416,DoS,3,CICIoT2023
-0.5086934550340206,-0.5324140250178316,-0.33904562748107575,-0.4413246768066931,1.3275641919383459,-0.42771975306807225,-0.5854080730277441,Normal,5,CICIoT2023
-0.5610237795763813,-0.06483056844466788,0.4030725447261488,1.5996975829677962,1.3106696580580457,-0.42771975306807225,1.9983804871218376,DoS,3,CICIoT2023
-0.3551519694420267,-0.5234533664423877,-0.370111925000195,1.5996975829677962,-0.7957552044644967,-0.27918332363156895,-0.5827317327657822,Normal,5,CICIoT2023
-0.19637345078329013,-0.5348578409929526,-0.3774310728199355,1.5996975829677962,1.2903859471683234,-0.42771975306807225,-0.5781001878550083,Normal,5,CICIoT2023
-0.5618443963580184,2.3235922445736525,0.005163751839909289,1.5996975829677962,-1.1781159925274622,-0.42771975306807225,2.1212935067539327,DoS,3,CICIoT2023
-0.5758805383736108,3.0208944028081963,-0.24133899879841583,-0.4413246768066931,-0.37611346929788975,-0.42771975306807225,2.552990604324112,DDoS,2,CICIoT2023
-0.5262187910825445,-0.5434111969058764,-0.3715220539954595,-1.369062067613279,-1.6377602866386098,-0.4604550543212961,-0.4702245468810237,Spoofing,8,CICIoT2023
-0.5671883334710136,0.8536369355383322,-0.05045531801696154,-0.4413246768066931,1.2444266528738896,-0.42771975306807225,1.2399807305784494,DoS,3,CICIoT2023
-0.5748786762710477,0.9298025334296054,-0.20779129584388958,-0.4413246768066931,1.6697683675563424,-0.42771975306807225,2.7879735831438226,DDoS,2,CICIoT2023
-0.3831586319365974,-0.5112342865667824,-0.35690735911275434,-0.4413246768066931,-0.2663760258261523,-0.42771975306807225,-0.5856494375606875,Normal,5,CICIoT2023
0.020976098909856668,-0.5238606691049079,-0.38014560058800106,1.5996975829677962,0.5423021490886453,-0.27918332363156895,-0.5843072289672119,Normal,5,CICIoT2023
0.0014242930011165642,-0.5083831679291412,-0.3678947617629212,1.5996975829677962,-1.2607400199238243,-0.4514528464766595,-0.5863259813430926,Normal,5,CICIoT2023
-0.1211840863265127,-0.531192117030271,-0.3776067497286652,-0.4413246768066931,1.2420131480338468,-0.4514528464766595,-0.5766160667958098,Normal,5,CICIoT2023
-0.5288056583842439,-0.17928261661283776,-0.34817804835171984,-0.4413246768066931,1.6558522013509889,-0.4514528464766595,-0.4710637608523931,Brute Force,1,CICIoT2023
-0.4683704418207382,-0.5250825770924684,-0.37586201546669196,1.5996975829677962,-0.452575356677121,-0.4514528464766595,-0.5851309892253306,Normal,5,CICIoT2023
-0.5612824371453766,-0.540152775605715,-0.3749579440329751,-1.369062067613279,-1.6377602866386098,-0.4604550543212961,-0.5681858520383989,Spoofing,8,CICIoT2023
-0.5589310649308603,0.7803224562847003,0.5162508056428128,-1.369062067613279,-0.802944367817816,-0.42771975306807225,0.9466404569781319,DDoS,2,CICIoT2023
-0.5631778502324658,1.4466696121677105,1.9540653869021503,-0.4413246768066931,-0.1603358663646932,-0.42771975306807225,2.2570416144222043,DoS,3,CICIoT2023
-0.5642227062805869,3.263239487007702,0.18796928527538576,-1.369062067613279,-0.01901745530516039,-0.42771975306807225,2.4280345041630507,DDoS,2,CICIoT2023
-0.5703763347722033,1.1725549202916312,0.8905176429026372,1.5996975829677962,1.0138599138995792,-0.42771975306807225,1.9795620852338887,DDoS,2,CICIoT2023
-0.5752273253076202,-0.043650829993618655,0.1404651903137481,-0.4413246768066931,-0.21553837068482323,-0.42771975306807225,0.6639738388411394,DDoS,2,CICIoT2023
-0.4092004039787715,-0.5267117877425491,-0.38001820139427256,1.5996975829677962,1.5984415968580536,-0.42771975306807225,-0.5856386978539878,Normal,5,CICIoT2023
-0.5699188393365406,3.125978489738402,-0.21473983307183153,1.5996975829677962,-0.7092284883906185,-0.42771975306807225,1.736760551315761,DoS,3,CICIoT2023
-0.4531792210385266,-0.537708959630594,-0.3553727557453445,1.5996975829677962,-0.3482811368871824,-0.42771975306807225,-0.5850864915304985,Normal,5,CICIoT2023
0.13899407063700062,-0.5201949451422263,-0.37563753792757754,-0.4413246768066931,-0.5423885474268023,-0.4514528464766595,-0.5818480997014404,Normal,5,CICIoT2023
-0.5607434023934724,0.9790861555945468,1.7624007821956917,1.5996975829677962,0.7114528925588856,-0.42771975306807225,0.5651569220172749,DDoS,2,CICIoT2023
-0.4607699801109477,-0.5307848143677509,-0.3789782535222569,-0.4413246768066931,-0.535199384073483,-0.42771975306807225,-0.585857458838669,Normal,5,CICIoT2023
-0.4689960370415197,-0.3149144032320568,-0.3720518491165731,-0.4413246768066931,-0.5533776971240189,-0.4518620377423248,-0.1828036084750555,Brute Force,1,CICIoT2023
-0.4932533922688755,-0.4334394780254285,-0.34042955462693114,-0.4413246768066931,-0.5100886635036751,-0.4518620377423248,-0.10461984641849381,Brute Force,1,CICIoT2023
-0.4859035105023763,-0.3210239431698595,-0.368025082801588,-0.4413246768066931,0.6868556836571718,-0.4518620377423248,-0.3516332485305163,Brute Force,1,CICIoT2023
-0.548618548947142,-0.5328213276803517,-0.3780775877496133,1.5996975829677962,1.1070622816586824,-0.4514528464766595,-0.5871952929759411,Normal,5,CICIoT2023
-0.326862867451985,-0.5430038942433562,-0.34664925199811725,-0.4413246768066931,0.12984957727535765,-0.42771975306807225,-0.5845884058213253,Normal,5,CICIoT2023
-0.48020184773598634,-0.39148730378585017,-0.3096137421526683,-0.4413246768066931,1.2820157069783875,-0.4510436552109942,-0.32220574972525373,Brute Force,1,CICIoT2023
-0.5722773745467271,2.9805714392186986,0.6948458505577898,-0.4413246768066931,0.09878212135565657,-0.42771975306807225,2.7335299111437052,DDoS,2,CICIoT2023
-0.5229299029178931,-0.38822888248568876,-0.3779168410495687,-0.4413246768066931,1.132121651061681,-0.4518620377423248,-0.41681993458755584,Brute Force,1,CICIoT2023
-0.4812373695070392,-0.18702136720072113,-0.37214877133762636,-0.4413246768066931,-0.39942689902936795,-0.4510436552109942,-0.35745227412936653,Brute Force,1,CICIoT2023
-0.5431945107383996,-0.5397454729431947,-0.3811108553448119,-1.369062067613279,-1.6377602866386098,-0.4604550543212961,-0.45220940057162246,Spoofing,8,CICIoT2023
-0.3145964556969442,-0.5425965915808361,-0.37366505220767865,-0.4413246768066931,0.8571875039640288,-0.27918332363156895,-0.5854111503946321,Normal,5,CICIoT2023
-0.486809258223596,-0.5385235649556342,-0.3763959175197504,1.5996975829677962,0.42717283310191834,-0.27918332363156895,-0.5871287974244433,Normal,5,CICIoT2023
-0.5567227214385696,-0.5385235649556342,-0.3779308291606347,-1.369062067613279,-1.6377602866386098,-0.4604550543212961,-0.5382385902376807,Spoofing,8,CICIoT2023
-0.43290750957607543,-0.5434111969058764,-0.3791892958957805,-0.4413246768066931,0.6499855458880059,-0.42771975306807225,-0.5872339362080616,Normal,5,CICIoT2023
-0.16951011624628598,-0.5140854052044236,-0.3639817860941047,-0.4413246768066931,1.1934349442321324,-0.27918332363156895,-0.5869938093859088,Normal,5,CICIoT2023
-0.5636163161679175,0.9782715502695065,0.9968651489970031,1.5996975829677962,-1.036489474467073,-0.42771975306807225,1.9524564182174426,DDoS,2,CICIoT2023
-0.5300050416891422,-0.2815155849054023,-0.3264623525704527,-0.4413246768066931,0.41084316205652177,-0.4518620377423248,-0.3933416996997853,Brute Force,1,CICIoT2023
-0.5767505776747087,0.11316069507664966,1.3559221051951242,-1.369062067613279,1.6813737312552721,-0.42771975306807225,3.005015287421365,DoS,3,CICIoT2023
-0.5567997240640036,3.2970456079968766,2.9724509113193895,1.5996975829677962,-1.3096263307263953,-0.42771975306807225,1.455250216884094,DDoS,2,CICIoT2023
-0.1546627051576905,-0.5063466546165403,-0.3673482951906647,-0.4413246768066931,1.6534900476777554,-0.42771975306807225,-0.5851272867635914,Normal,5,CICIoT2023
-0.560565879503736,1.3546192104381505,0.5484089262462226,1.5996975829677962,1.2590617354145752,-0.42771975306807225,1.7537266515781906,DDoS,2,CICIoT2023
-0.5614888083230628,-0.4961640880535358,-0.3479168746279425,-0.4413246768066931,-1.1664079264949139,-0.4510436552109942,-0.11634583171631913,Brute Force,1,CICIoT2023
-0.5530297251974262,-0.5275263930675894,-0.37693299301646327,1.5996975829677962,-0.5570236299674879,-0.4514528464766595,-0.5863280443921753,Normal,5,CICIoT2023
-0.5718470958475612,1.6710933792163283,0.3554224167697189,-0.4413246768066931,-1.5237606963216903,-0.42771975306807225,0.6836386446236594,DDoS,2,CICIoT2023
-0.5557403327818934,-0.5450404075559571,-0.3595776167236613,-1.369062067613279,-1.6377602866386098,-0.4604550543212961,-0.5610917396747206,Spoofing,8,CICIoT2023
-0.5609943623177461,1.4185657284538182,0.7408535633625316,-0.4413246768066931,0.6018181514207669,-0.42771975306807225,2.933913444324323,DoS,3,CICIoT2023
-0.5569936703589876,1.3574703290757917,-0.00805163935661445,-0.4413246768066931,1.163189106981382,-0.42771975306807225,3.1421282974413676,DoS,3,CICIoT2023
-0.5688871222796879,0.14289378944062262,0.12469730797112585,-0.4413246768066931,1.0498057306661754,-0.42771975306807225,2.888369089770938,DoS,3,CICIoT2023
-0.11801870061531117,-0.5364870516430333,-0.3799947106081947,1.5996975829677962,-0.9380492876934086,-0.4514528464766595,-0.5821998280228504,Normal,5,CICIoT2023
-0.5079618842569305,-0.5181584318296254,-0.3790647698395107,1.5996975829677962,1.7271276208824684,-0.42771975306807225,-0.5864707226351534,Normal,5,CICIoT2023
-0.5458690298889975,-0.5413746835932755,-0.3777693787075342,-1.369062067613279,-1.6377602866386098,-0.4604550543212961,-0.49651555196938746,Spoofing,8,CICIoT2023
-0.5531457650962808,-0.5405600782682352,-0.37948403532870684,-1.369062067613279,-1.6377602866386098,-0.4604550543212961,-0.41776095545926595,Spoofing,8,CICIoT2023
-0.5101874653359372,-0.5425965915808361,-0.37914854616577487,-1.369062067613279,-1.6377602866386098,-0.4604550543212961,-0.4398696378870825,Spoofing,8,CICIoT2023
-0.4582909041166827,-0.49209106142833403,-0.3663727648145995,-0.4413246768066931,1.4968689889090143,-0.4514528464766595,-0.21650329681807082,Brute Force,1,CICIoT2023
-0.5731040809624044,0.11112418176404877,-0.3231930247894081,1.5996975829677962,-0.13953864380687678,-0.42771975306807225,1.3752466295423387,DDoS,2,CICIoT2023
-0.570805757597092,0.8662633180764576,0.3124018640588855,-1.369062067613279,0.9005792399179914,-0.42771975306807225,2.6760083343526118,DDoS,2,CICIoT2023
-0.5760214800580817,1.3301810506869398,0.11458432415378146,-1.369062067613279,-0.7289986876122464,-0.42771975306807225,2.814234264519533,DoS,3,CICIoT2023
-0.5656689826907154,2.8811895895637756,0.01396807859127014,-0.4413246768066931,-0.7140554980707042,-0.42771975306807225,1.4525220261939045,DDoS,2,CICIoT2023
-0.5655087624569844,1.8063178631730272,-0.35956037486202436,-0.4413246768066931,-0.28727595071758755,-0.42771975306807225,1.8201569177247756,DoS,3,CICIoT2023
-0.5758741686090985,2.522355943883499,-0.11133924538603573,-0.4413246768066931,-0.9905301801726392,-0.42771975306807225,1.5809629641650387,DoS,3,CICIoT2023
-0.5146017769756199,-0.5397454729431947,-0.38045846300915426,-1.369062067613279,-1.6377602866386098,-0.4604550543212961,-0.5163340276265032,Spoofing,8,CICIoT2023
-0.284006749564327,-0.5299702090427105,-0.3663954910293932,-0.4413246768066931,-0.43429434129296635,-0.4514528464766595,-0.5838979924904143,Normal,5,CICIoT2023
-0.08296646312272528,-0.5344505383304324,-0.3779873267540104,-0.4413246768066931,-0.7333121856242379,-0.42771975306807225,-0.585687628797761,Normal,5,CICIoT2023
-0.07057744851369413,-0.52874830105515,-0.3784491976914208,1.5996975829677962,-0.10194958970237897,-0.27918332363156895,-0.5840761856195792,Normal,5,CICIoT2023
-0.5631007358176188,1.1941419614052005,-0.3367940378851666,1.5996975829677962,0.03166614633574037,-0.42771975306807225,1.806333626434795,DDoS,2,CICIoT2023
-0.4966245882664033,-0.5405600782682352,-0.37399507120070336,-0.4413246768066931,-0.12254140759295769,-0.4514528464766595,-0.5827255446748786,Normal,5,CICIoT2023
-0.5610365480871851,1.0014878020331566,0.4269694175080268,-0.4413246768066931,-1.4511501464531658,-0.42771975306807225,1.3891055123664906,DDoS,2,CICIoT2023
-0.557372920206777,2.859195245787686,0.9432993130686137,-1.369062067613279,-1.4868905585525245,-0.42771975306807225,2.610663526821398,DDoS,2,CICIoT2023
-0.5354300006995976,-0.52874830105515,-0.3604425538754937,-0.4413246768066931,0.28564901737514786,-0.27918332363156895,-0.5812545316751202,Normal,5,CICIoT2023
-0.5729122897229362,2.003452351832793,-0.09781621881243341,-0.4413246768066931,-1.5061985972728675,-0.42771975306807225,0.6846844682449237,DDoS,2,CICIoT2023
-0.256176765852656,-0.5254898797549886,-0.3749331534086508,1.5996975829677962,1.1524567131182126,-0.42771975306807225,-0.5856300878200287,Normal,5,CICIoT2023
-0.5252869559069351,-0.5315994196927912,-0.37582440156541563,1.5996975829677962,-1.27537510246451,-0.42771975306807225,-0.5873305385238672,Normal,5,CICIoT2023
-0.5176316344904518,-0.5425965915808361,-0.37441628354818474,-1.369062067613279,-1.6377602866386098,-0.4604550543212961,-0.4647144383916481,Spoofing,8,CICIoT2023
-0.17001349836429347,-0.5430038942433562,-0.37223776497183686,-0.4413246768066931,-0.5424398985936117,-0.27918332363156895,-0.5844608266951837,Normal,5,CICIoT2023
0.16060238090691611,-0.5108269839042622,-0.3750432235106096,-0.4413246768066931,0.4274809401027749,-0.27918332363156895,-0.5869531862286709,Normal,5,CICIoT2023
-0.556770701990646,3.1703744799531015,0.5178044819244443,-1.369062067613279,0.07336329378499207,-0.42771975306807225,2.7844509407737053,DDoS,2,CICIoT2023
-0.5737120754975596,0.04473384777325985,0.7101365257170716,1.5996975829677962,-0.5850100158786236,-0.42771975306807225,2.2426660352885244,DoS,3,CICIoT2023
-0.2252141427935431,-0.5417819862557957,-0.3770736665602487,-0.4413246768066931,1.5929470220094453,-0.27918332363156895,-0.5807169883207316,Normal,5,CICIoT2023
-0.5579382603481975,1.732596081256875,0.8628238602432136,-0.4413246768066931,-1.579425361143105,-0.42771975306807225,0.40596495359749596,DDoS,2,CICIoT2023
-0.4579688495174152,-0.5425965915808361,-0.3764180063136298,-0.4413246768066931,1.0902704501120009,-0.42771975306807225,-0.585314284414551,Normal,5,CICIoT2023
-0.11692849823363904,-0.5165292211795447,-0.38039346449430084,-0.4413246768066931,-0.5844451530437199,-0.27918332363156895,-0.5870974820916587,Normal,5,CICIoT2023
-0.5700006340114088,1.8246464829864353,0.08116526977985367,1.5996975829677962,-0.9559708449098973,-0.42771975306807225,1.4021591280095873,DDoS,2,CICIoT2023
-0.5571301722521014,1.3945348713651278,1.0824702222910472,-1.369062067613279,-1.0849649759351685,-0.42771975306807225,2.5473060271430166,DDoS,2,CICIoT2023
-0.5604833050478779,2.974461899280896,-0.24300934248795436,-0.4413246768066931,1.2423726062015126,-0.42771975306807225,1.1275940002219431,DDoS,2,CICIoT2023
-0.567924538077135,2.4518925832675085,0.29261779282446626,1.5996975829677962,1.255159046737059,-0.42771975306807225,0.6403694431399577,DoS,3,CICIoT2023
-0.49332939724616476,-0.35849578812171584,-0.37011096492249396,-0.4413246768066931,-1.4830905722086272,-0.4510436552109942,-0.1633241800658647,Brute Force,1,CICIoT2023
-0.5681202386878333,1.4096050698783744,0.4401713883361304,-1.369062067613279,0.4652753988745104,-0.42771975306807225,2.0535677714957408,DDoS,2,CICIoT2023
-0.4087935109906332,-0.5303775117052307,-0.3777554405567368,1.5996975829677962,-1.0293003111137538,-0.27918332363156895,-0.5744523493700203,Normal,5,CICIoT2023
-0.564309387388242,0.4793257886822892,2.938857542884878,-1.369062067613279,-1.45166365812126,-0.42771975306807225,0.6092722508747564,DoS,3,CICIoT2023
-0.36922202263144177,-0.510419681241742,-0.3801119515067242,1.5996975829677962,-0.03904441036083546,-0.42771975306807225,-0.5873691351141913,Normal,5,CICIoT2023
-0.5566969314786112,0.570561585086809,0.544840783954128,-0.4413246768066931,0.7531500400081372,-0.42771975306807225,2.2408460775062196,DDoS,2,CICIoT2023
-0.37725914748795,-0.5206022478047464,-0.37771716962441093,1.5996975829677962,-0.6254747353244492,-0.42771975306807225,-0.5867088664437525,Normal,5,CICIoT2023
-0.5366257354775084,-0.5083831679291412,-0.3793311309095326,-0.4413246768066931,0.9023765307563212,-0.27918332363156895,-0.5769321472817844,Normal,5,CICIoT2023
-0.5621785675652323,-0.4252934247750249,-0.36206542215606524,-0.4413246768066931,1.3907774782807458,-0.4510436552109942,-0.17478411267064145,Brute Force,1,CICIoT2023
-0.5474782016992045,-0.5389308676181545,-0.3792587568430933,-1.369062067613279,-1.6377602866386098,-0.4604550543212961,-0.410642742120781,Spoofing,8,CICIoT2023
-0.5656079883179832,-0.10556083469668563,3.0866785864955615,-0.4413246768066931,-0.7843038942659953,-0.42771975306807225,2.0866678296315464,DoS,3,CICIoT2023
-0.5614493613459998,3.2689417242829846,0.8330407790866793,1.5996975829677962,-0.7248905942674926,-0.42771975306807225,2.4399269798715664,DDoS,2,CICIoT2023
-0.47903509320778637,-0.5100123785792219,-0.35434060545867163,1.5996975829677962,-0.09404151001372778,-0.4514528464766595,-0.5810511763778943,Normal,5,CICIoT2023
-0.410569405769211,-0.5336359330053921,-0.3810663887202742,1.5996975829677962,-1.541066039536466,-0.42771975306807225,-0.5844571395621437,Normal,5,CICIoT2023
-0.3274863137388196,-0.524267971767428,-0.3675126976064095,1.5996975829677962,-1.0573893993585082,-0.42771975306807225,-0.5810281748288366,Normal,5,CICIoT2023
-0.5759714016622182,1.9651659015558964,-0.32691378074464694,-0.4413246768066931,-0.4287484152775486,-0.42771975306807225,0.3947618439503035,DDoS,2,CICIoT2023
-0.5753999781474364,1.8556014853379688,-0.2891612162494134,-0.4413246768066931,1.1976970910773144,-0.42771975306807225,2.4115384656544516,DoS,3,CICIoT2023
-0.5642442010246425,1.663761931290965,0.6255934963440487,1.5996975829677962,1.4276476160499119,-0.42771975306807225,1.2871417616775578,DoS,3,CICIoT2023
-0.10443670049713376,-0.5368943543055535,-0.3737474260460394,-0.4413246768066931,-0.8188118783619277,-0.27918332363156895,-0.5855261512110888,Normal,5,CICIoT2023
-0.49767760672064315,-0.16461972076211137,-0.28552870743662645,-0.4413246768066931,-0.020455287975824243,-0.4518620377423248,-0.13229176207072862,Brute Force,1,CICIoT2023
-0.5680198212223363,3.032298877358761,0.48330831516522055,-0.4413246768066931,-0.5370480260786222,-0.42771975306807225,1.3867654247920536,DoS,3,CICIoT2023
-0.5581645196457962,1.7932841779723816,-0.32071157676608697,-1.369062067613279,1.7187573806925325,-0.42771975306807225,1.507421311126297,DDoS,2,CICIoT2023
-0.5586200131829986,2.0225955769712414,1.5964251602321815,1.5996975829677962,0.3921513373378917,-0.42771975306807225,2.9841392681771755,DDoS,2,CICIoT2023
-0.5756767483324194,3.132902635001245,0.3965001845333219,-1.369062067613279,1.5530471653985234,-0.42771975306807225,0.4119221964582901,DDoS,2,CICIoT2023
-0.487073571939873,-0.5417819862557957,-0.3805350792535447,1.5996975829677962,-0.2135356751792557,-0.4514528464766595,-0.5861886752716976,Normal,5,CICIoT2023
-0.29834400190727367,-0.5291556037176701,-0.369554535048792,-0.4413246768066931,-1.5011148317587346,-0.27918332363156895,-0.5869812142124523,Normal,5,CICIoT2023
-0.5661465312609026,0.6886793572176604,-0.1356205433218795,-0.4413246768066931,0.9512114903920827,-0.42771975306807225,2.830571488767546,DoS,3,CICIoT2023
-0.2061912185923384,-0.510419681241742,-0.37472104166985587,1.5996975829677962,-0.9506816747285267,-0.42771975306807225,-0.5860355034453546,Normal,5,CICIoT2023
-0.5020338258538692,-0.521824155792307,-0.3723753781247665,-0.4413246768066931,1.373677539733208,-0.42771975306807225,-0.5857885286948794,Normal,5,CICIoT2023
-0.18905393245701244,-0.5344505383304324,-0.3619619772549371,1.5996975829677962,-1.4521258186225448,-0.4514528464766595,-0.5759724571673018,Normal,5,CICIoT2023
-0.47913027150402465,-0.5246752744299482,-0.3734830099921917,-0.4413246768066931,-1.015846305409685,-0.42771975306807225,-0.5859873613659431,Normal,5,CICIoT2023
-0.5131592028016275,-0.5434111969058764,-0.37786769145789584,-1.369062067613279,-1.6377602866386098,-0.4604550543212961,-0.48375010674484553,Spoofing,8,CICIoT2023
-0.5729413075925899,-0.10393162404660491,1.6247500808763307,-1.369062067613279,-0.3256866234910361,-0.42771975306807225,2.4554859580636688,DoS,3,CICIoT2023
-0.5677730449784121,0.9904906301451117,0.023089688558232055,-1.369062067613279,-1.497879708249741,-0.42771975306807225,1.5067296862518118,DDoS,2,CICIoT2023
-0.29161182662537727,-0.5352651436554728,-0.3750429816856159,-0.4413246768066931,0.2868300942117646,-0.42771975306807225,-0.5826684319429407,Normal,5,CICIoT2023
-0.5615969680895057,1.7985791125851438,0.49050746230749803,1.5996975829677962,0.5551399407910012,-0.42771975306807225,1.5154709143170502,DDoS,2,CICIoT2023
-0.5615966981247628,3.4005004842770017,-0.05808371317569202,1.5996975829677962,0.8327443485627433,-0.42771975306807225,0.6466261463402267,DDoS,2,CICIoT2023
-0.5096960122602985,-0.514900010529464,-0.37856877064355426,-0.4413246768066931,-0.20747623749574376,-0.4514528464766595,-0.5872032001780161,Normal,5,CICIoT2023
-0.5687879122094031,-0.07949346429539426,0.08643452596804477,1.5996975829677962,0.32893805099549167,-0.42771975306807225,1.959130312058716,DDoS,2,CICIoT2023
0.34598004731272647,-0.5409673809307554,-0.3753043078085407,1.5996975829677962,0.27989768669249243,-0.4514528464766595,-0.5831643919389649,Normal,5,CICIoT2023
-0.5683490874121115,1.9370620178420042,-0.1541469937850779,1.5996975829677962,-0.04212548036940086,-0.42771975306807225,1.5091615821217568,DDoS,2,CICIoT2023
-0.5586873361713383,1.5668238976111628,0.4696281385976002,-0.4413246768066931,-1.0306354414507988,-0.42771975306807225,2.054004422956758,DDoS,2,CICIoT2023
-0.5365926204410663,-0.5328213276803517,-0.37486007496115914,1.5996975829677962,0.9006819422516102,-0.42771975306807225,-0.5865598465511032,Normal,5,CICIoT2023
-0.4575587237768006,-0.5246752744299482,-0.3687771927277626,1.5996975829677962,0.13940089430191038,-0.4514528464766595,-0.585387781252102,Normal,5,CICIoT2023
-0.576643262245525,2.43274935812906,-0.2815506825965747,-0.4413246768066931,0.06473629776100895,-0.42771975306807225,1.9275280746257153,DDoS,2,CICIoT2023
-0.5637872000094918,1.4466696121677105,1.0421308491661125,-0.4413246768066931,1.3116453302274247,-0.42771975306807225,2.6609345437093297,DDoS,2,CICIoT2023
-0.5173317567499561,-0.5409673809307554,-0.3796130629120185,-1.369062067613279,-1.6377602866386098,-0.4604550543212961,-0.4350676838721512,Spoofing,8,CICIoT2023
-0.5675185049741377,1.6670203525911265,1.514101411716932,-0.4413246768066931,-0.09085773767154354,-0.42771975306807225,1.7127923971204373,DoS,3,CICIoT2023
-0.5601748644236645,-0.5258971824175087,-0.3758139173473852,1.5996975829677962,-0.39459988934928214,-0.4514528464766595,-0.5861894896394955,Normal,5,CICIoT2023
-0.5135883444947285,-0.5413746835932755,-0.35828161034967937,1.5996975829677962,-0.1794898515846081,-0.42771975306807225,-0.5823289002442943,Normal,5,CICIoT2023
-0.5591633873940817,1.807947073823108,0.2933360383156674,-0.4413246768066931,1.07255429756275,-0.42771975306807225,3.1330573200405816,DDoS,2,CICIoT2023
-0.5071757365693249,-0.5067539572790604,-0.372235819958927,-0.4413246768066931,-0.20146815097904125,-0.4514528464766595,-0.587154031654405,Normal,5,CICIoT2023
-0.5616636665455771,2.152525126315178,0.14339452605792802,-1.369062067613279,-0.1592061406948859,-0.42771975306807225,1.3347116662790952,DDoS,2,CICIoT2023
-0.444787373141437,-0.3576811827966755,-0.3760297143790049,-0.4413246768066931,-1.108791917334741,-0.4514528464766595,-0.31866103799119166,Brute Force,1,CICIoT2023
-0.5637121615212495,0.4740308540695269,1.256557601588712,-1.369062067613279,1.2041673380953017,-0.42771975306807225,0.5372463017136971,DDoS,2,CICIoT2023
-0.2545518601620178,-0.5210095504672666,-0.3645559538796926,-0.4413246768066931,1.4546583297916684,-0.4514528464766595,-0.5831819361773608,Normal,5,CICIoT2023
-0.561047152276527,2.0319635382092054,0.6969678418459807,-0.4413246768066931,0.2319356968924911,-0.42771975306807225,0.828171758961638,DDoS,2,CICIoT2023
-0.5729178804565154,3.286863041433872,0.18082326525754278,1.5996975829677962,0.6438747570376845,-0.42771975306807225,1.076710191081896,DDoS,2,CICIoT2023
-0.564272006224436,0.5990727714632214,0.7982439333789921,1.5996975829677962,0.7007718498625255,-0.42771975306807225,1.8739892849043143,DDoS,2,CICIoT2023
-0.4665478716178389,-0.18254103791299917,-0.36737462788607805,-0.4413246768066931,1.1103487563344854,-0.4518620377423248,-0.3666238647353149,Brute Force,1,CICIoT2023
-0.5151095957198304,-0.5206022478047464,-0.37892971930260255,-0.4413246768066931,0.14648735532161078,-0.27918332363156895,-0.5853515721516417,Normal,5,CICIoT2023
-0.4475166283942983,-0.4041136863239757,-0.35151511775206673,-0.4413246768066931,-0.46371855987476585,-0.4514528464766595,-0.2195331177246372,Brute Force,1,CICIoT2023
-0.5460232706721747,-0.3751951972850431,-0.3437598739871235,-0.4413246768066931,0.7622391965334051,-0.4510436552109942,-0.12033654507319187,Brute Force,1,CICIoT2023
-0.4957237543304201,-0.5291556037176701,-0.37285611782245986,-0.4413246768066931,1.0787677887466902,-0.4514528464766595,-0.5836318071743752,Normal,5,CICIoT2023
-0.47983175509412124,-0.5263044850800289,-0.3621006178382768,-0.4413246768066931,0.9263061744895125,-0.4514528464766595,-0.5840331927483925,Normal,5,CICIoT2023
-0.4978426537067722,-0.5230460637798675,-0.36276751495038806,1.5996975829677962,-0.3511568022285101,-0.4514528464766595,-0.572075338563997,Normal,5,CICIoT2023
-0.23536912478940394,-0.510419681241742,-0.37615550923001373,1.5996975829677962,-0.0927577308434922,-0.42771975306807225,-0.5850872265527506,Normal,5,CICIoT2023
-0.4980244502958635,-0.5360797489805131,-0.35724577326014906,-0.4413246768066931,0.5972478975747282,-0.27918332363156895,-0.5833035192349739,Normal,5,CICIoT2023
-0.5702204532228059,0.717597846256593,-0.11477515785012718,-1.369062067613279,-0.3283055329983167,-0.42771975306807225,1.5779745174795825,DoS,3,CICIoT2023
-0.32998521786467044,-0.5373016569680737,-0.3608435262529357,-0.4413246768066931,1.0007140151963667,-0.42771975306807225,-0.5871650967921376,Normal,5,CICIoT2023
-0.5418796770314808,-0.5364870516430333,-0.35571246291038633,-0.4413246768066931,1.7159844176848236,-0.4514528464766595,-0.5812624137034711,Normal,5,CICIoT2023
-0.5163136239397552,-0.5405600782682352,-0.3786484865440833,-1.369062067613279,-1.6377602866386098,-0.4604550543212961,-0.47226757791401547,Spoofing,8,CICIoT2023
-0.48616622113068286,-0.5393381702806747,-0.37964586962186897,1.5996975829677962,-1.0358219092985503,-0.4514528464766595,-0.5803309719037636,Normal,5,CICIoT2023
-0.5476264412081793,-0.5393381702806747,-0.3797511498698279,-1.369062067613279,-1.6377602866386098,-0.4604550543212961,-0.5660149748575419,Spoofing,8,CICIoT2023
-0.5593603868760814,-0.5348578409929526,-0.37050582078492095,1.5996975829677962,0.9044819285955076,-0.4514528464766595,-0.5806194934312353,Normal,5,CICIoT2023
-0.35810286580677336,-0.5434111969058764,-0.3704805478023741,-0.4413246768066931,-0.15905208719445763,-0.27918332363156895,-0.5855685791121906,Normal,5,CICIoT2023
-0.5755646403791517,2.166373416840864,1.1819841461714065,-1.369062067613279,0.2783058005214003,-0.42771975306807225,2.3402641392232812,DoS,3,CICIoT2023
-0.5688258798349853,2.058438211273017,0.5594958387520604,-1.369062067613279,-0.43372947845806264,-0.42771975306807225,1.416805905885717,DDoS,2,CICIoT2023
-0.5500181988459284,-0.5438184995683966,-0.3770102549784061,-1.369062067613279,-1.6377602866386098,-0.4604550543212961,-0.48946307106646897,Spoofing,8,CICIoT2023
-0.5676919705623147,1.992047877282228,0.31475613527148494,1.5996975829677962,-0.8543468857940486,-0.42771975306807225,1.7680963033714439,DoS,3,CICIoT2023
-0.509997363947627,-0.5385235649556342,-0.37942032037432066,-1.369062067613279,-1.6377602866386098,-0.4604550543212961,-0.42290099633512357,Spoofing,8,CICIoT2023
-0.5383010337325096,-0.5140854052044236,-0.3791682656444463,-0.4413246768066931,0.27281122567279203,-0.42771975306807225,-0.5835496052238661,Normal,5,CICIoT2023
0.21296370560769964,-0.5226387611173473,-0.3776542716355555,-0.4413246768066931,-0.07011186628053653,-0.4514528464766595,-0.5839959462330193,Normal,5,CICIoT2023
-0.5732468997567731,2.7471870135946372,0.298174073422185,1.5996975829677962,-0.4999724836422187,-0.42771975306807225,0.5207659189713252,DoS,3,CICIoT2023
-0.5282723177302228,-0.5454477102184773,-0.37727965281633763,-1.369062067613279,-1.6377602866386098,-0.4604550543212961,-0.4505823252305036,Spoofing,8,CICIoT2023
-0.45638306915196897,-0.478242770902648,-0.35613987373594863,-0.4413246768066931,0.8421416120888677,-0.4518620377423248,-0.19404442063287786,Brute Force,1,CICIoT2023
-0.5569387641871983,1.5342396846095487,-0.17759529454914177,-0.4413246768066931,-0.2746949148492788,-0.42771975306807225,1.1295446562957836,DDoS,2,CICIoT2023
-0.023916943328246426,-0.5340432356679123,-0.36645160886647105,1.5996975829677962,-0.4329078597891119,-0.4514528464766595,-0.5872259907617895,Normal,5,CICIoT2023
-0.5763563618185856,2.764701028083005,-0.26321774589387714,-1.369062067613279,0.788428291606211,-0.42771975306807225,2.2932367117625523,DoS,3,CICIoT2023
-0.37041827098974084,-0.5120488918918227,-0.35948853348925586,-0.4413246768066931,1.198005198078171,-0.4514528464766595,-0.5824105699724677,Normal,5,CICIoT2023
-0.5265724266756217,-0.31817282453221823,-0.37846578214804916,-0.4413246768066931,-0.10369552937389935,-0.4514528464766595,-0.07292417053637489,Brute Force,1,CICIoT2023
-0.5326203114319668,-0.5425965915808361,-0.3690546506981313,-1.369062067613279,-1.6377602866386098,-0.4604550543212961,-0.43770863339795124,Spoofing,8,CICIoT2023
-0.5743300463247885,2.2030306564676803,0.19018268754041578,-0.4413246768066931,0.25848425013296294,-0.42771975306807225,2.8592722338580736,DDoS,2,CICIoT2023
-0.5705780513461458,1.730152265281754,0.17163023651906367,1.5996975829677962,-0.6876609983306607,-0.42771975306807225,0.9432620419627195,DoS,3,CICIoT2023
-0.5721934405907495,1.5493098831227952,-0.018517072488494976,1.5996975829677962,0.03993368419205752,-0.42771975306807225,0.8214486562818424,DoS,3,CICIoT2023
-0.529242931681863,-0.5434111969058764,-0.3351433307597743,-0.4413246768066931,-0.8601495676435135,-0.4514528464766595,-0.5814214145507138,Normal,5,CICIoT2023
-0.5215166784260342,-0.15810287816178853,-0.3759727840465707,-0.4413246768066931,1.2834535396490512,-0.4510436552109942,-0.37341267023902674,Brute Force,1,CICIoT2023
-0.569540211545031,3.4567082517047862,0.03326095966449902,-0.4413246768066931,0.7166393604066373,-0.42771975306807225,2.626151201352145,DDoS,2,CICIoT2023
-0.5655747335873236,-0.5434111969058764,-0.3726596218203855,-1.369062067613279,-1.6377602866386098,-0.4604550543212961,-0.5425228392490803,Spoofing,8,CICIoT2023
-0.5447147238117299,-0.5438184995683966,-0.3618857407615304,-0.4413246768066931,0.20076553863917118,-0.27918332363156895,-0.5813174961487629,Normal,5,CICIoT2023
-0.5662517823317054,-0.5434111969058764,-0.37476783136325714,-1.369062067613279,-1.6377602866386098,-0.4604550543212961,-0.517424490917873,Spoofing,8,CICIoT2023
-0.48381938923113615,-0.5267117877425491,-0.37767903916927204,1.5996975829677962,0.37797841529849086,-0.42771975306807225,-0.5852397369612391,Normal,5,CICIoT2023
0.3170240841754596,-0.5214168531297868,-0.36746937399964574,-0.4413246768066931,1.2637346915942327,-0.27918332363156895,-0.585125924188442,Normal,5,CICIoT2023
-0.47077998444841496,-0.24608025326614685,-0.3641012177701453,-0.4413246768066931,1.1990322214143594,-0.4514528464766595,-0.08941035943033251,Brute Force,1,CICIoT2023
-0.48314492587135616,-0.5189730371546657,-0.379692456404997,-0.4413246768066931,0.6668800797683061,-0.42771975306807225,-0.576847363200284,Normal,5,CICIoT2023
-0.5596464295558319,-0.5100123785792219,-0.37383552737620923,1.5996975829677962,-0.8387361310839839,-0.4514528464766595,-0.5843504870968911,Normal,5,CICIoT2023
-0.47561084555214295,-0.34546210292107016,-0.3716019925720916,-0.4413246768066931,0.10910370588435066,-0.4510436552109942,-0.4358780368193658,Brute Force,1,CICIoT2023
-0.4741486856129182,-0.4501388871887558,-0.35003387535616753,-0.4413246768066931,0.6659044075989271,-0.4514528464766595,-0.07643218579441009,Brute Force,1,CICIoT2023
-0.5597968472491208,2.104870714800317,0.5550538519029886,-0.4413246768066931,-0.8394036962525064,-0.42771975306807225,1.7276457260030722,DDoS,2,CICIoT2023
-0.5634434435377306,2.361471392188029,0.5176952425429574,-0.4413246768066931,0.6666746751010685,-0.42771975306807225,2.2116212843315495,DDoS,2,CICIoT2023
-0.5740501627873311,0.4495926943183162,1.7440377460341414,-0.4413246768066931,-1.0742839332388086,-0.42771975306807225,2.753408340913385,DDoS,2,CICIoT2023
-0.41991801300812465,-0.5120488918918227,-0.37749634538026766,-0.4413246768066931,1.696625027797671,-0.4514528464766595,-0.5842496582837443,Normal,5,CICIoT2023
-0.5303032890292256,-0.5128634972168631,-0.37798754804475565,1.5996975829677962,-0.5136832451803347,-0.4514528464766595,-0.58588201560507,Normal,5,CICIoT2023
-0.5616588420778432,0.0027816735336815735,1.3735800559862608,1.5996975829677962,0.9546006674015047,-0.42771975306807225,2.2428393797867896,DoS,3,CICIoT2023
-0.572380108982463,1.824239180323915,1.9000542483106995,-1.369062067613279,-0.5138886498475724,-0.42771975306807225,1.0908216774274302,DoS,3,CICIoT2023
-0.5770112826918332,1.0768387945993894,1.3559205116112614,-0.4413246768066931,-1.5679226997777944,-0.42771975306807225,0.7780071222436474,DoS,3,CICIoT2023
-0.5673704284630583,0.2316857698700213,-0.11690223034042455,1.5996975829677962,0.37720814779634954,-0.42771975306807225,2.9404207848482677,DoS,3,CICIoT2023
-0.5543588392025102,-0.5258971824175087,-0.3708986778467397,-0.4413246768066931,-0.9824680469835597,-0.4514528464766595,-0.5784591663114955,Normal,5,CICIoT2023
-0.567165139687296,3.260795671032581,1.1993603605116814,-1.369062067613279,-0.1653682807120167,-0.42771975306807225,2.4894358751134162,DDoS,2,CICIoT2023
-0.41048418812651627,-0.5324140250178316,-0.2969380928456635,1.5996975829677962,0.9643573890952951,-0.42771975306807225,-0.582807420671276,Normal,5,CICIoT2023
-0.5670046499058764,0.5318678321473921,0.09423964559402982,-1.369062067613279,-1.2374779413591557,-0.42771975306807225,2.2351537438935116,DDoS,2,CICIoT2023
-0.5671596389301381,1.2601249927334692,0.3991112428651621,-1.369062067613279,0.6430017872019244,-0.42771975306807225,0.44848764847788347,DDoS,2,CICIoT2023
-0.5375713914446432,-0.5421892889183159,-0.3734120235407458,-1.369062067613279,-1.6377602866386098,-0.4604550543212961,-0.5415515944882766,Spoofing,8,CICIoT2023
-0.5576659492582746,-0.5120488918918227,-0.3782088785208902,-0.4413246768066931,1.6821439987574136,-0.42771975306807225,-0.581858215027878,Normal,5,CICIoT2023
-0.040353012448845656,-0.5413746835932755,-0.37756722677855414,1.5996975829677962,-0.04654168071501126,-0.42771975306807225,-0.5838870256148833,Normal,5,CICIoT2023
-0.5157500503176019,-0.540152775605715,-0.37200068425934485,-0.4413246768066931,-0.4143700885709101,-0.42771975306807225,-0.5864119876363412,Normal,5,CICIoT2023
-0.5627557136790323,1.459295994705836,1.6057923314503537,1.5996975829677962,0.7460122278216273,-0.42771975306807225,0.5364076092783738,DoS,3,CICIoT2023
-0.5766215347962839,-0.06116484448198629,0.25556539163891207,-0.4413246768066931,0.6192261969691614,-0.42771975306807225,1.009742893230825,DDoS,2,CICIoT2023
-0.47327295865582764,-0.5246752744299482,-0.3767622864709666,1.5996975829677962,-0.2674030491623407,-0.4514528464766595,-0.5836243686467281,Normal,5,CICIoT2023
-0.3701467208647077,-0.5421892889183159,-0.36879069302669293,1.5996975829677962,-1.5312066155090567,-0.27918332363156895,-0.5838008052861687,Normal,5,CICIoT2023
-0.5643938505633814,2.8795603789136948,1.105546090079302,1.5996975829677962,1.2633752334265669,-0.42771975306807225,1.1424948647266846,DoS,3,CICIoT2023
0.13818849378180104,-0.5234533664423877,-0.36880378298073163,-0.4413246768066931,0.2605896479721493,-0.4514528464766595,-0.5852805108813012,Normal,5,CICIoT2023
-0.5207154884045361,-0.544633104893437,-0.38071432078808465,-1.369062067613279,-1.6377602866386098,-0.4604550543212961,-0.5158143902219718,Spoofing,8,CICIoT2023
-0.5591295499061483,0.6597608681787278,0.0991697325951893,-0.4413246768066931,1.4875744277165088,-0.42771975306807225,3.120758368814365,DoS,3,CICIoT2023
0.03007788452571763,-0.5430038942433562,-0.37875267701293497,-0.4413246768066931,1.5768227556312864,-0.4514528464766595,-0.5867597945080737,Normal,5,CICIoT2023
-0.37123900606955756,-0.5087904705916613,-0.3766106766555784,-0.4413246768066931,1.387028843103658,-0.4514528464766595,-0.5848149735832314,Normal,5,CICIoT2023
-0.5316442787611231,-0.31858012719473844,-0.3800319050468826,-0.4413246768066931,0.9951167380141397,-0.4510436552109942,-0.19006653765208123,Brute Force,1,CICIoT2023
-0.4954046898623511,-0.5108269839042622,-0.3555690499112224,-0.4413246768066931,-0.47095907439489454,-0.27918332363156895,-0.5767765882238306,Normal,5,CICIoT2023
-0.23784241535448603,-0.5303775117052307,-0.37856111662910713,-0.4413246768066931,0.07341464495180149,-0.27918332363156895,-0.5826899612574639,Normal,5,CICIoT2023
-0.5164446060097896,-0.5385235649556342,-0.37152890420819723,-1.369062067613279,-1.6377602866386098,-0.4604550543212961,-0.41521548995603785,Spoofing,8,CICIoT2023
-0.5230913640326761,-0.4517680978388365,-0.3789140070217988,-0.4413246768066931,0.5833317313693746,-0.4514528464766595,-0.15152904840871909,Brute Force,1,CICIoT2023
-0.4433963486926584,-0.4656163883645225,-0.3691251424989542,-0.4413246768066931,-1.3000750136998425,-0.4510436552109942,-0.4123836441926502,Brute Force,1,CICIoT2023
-0.5667912689575848,0.8145358799363952,0.8903779270330975,1.5996975829677962,-1.5723902512902141,-0.42771975306807225,0.7359254809335725,DoS,3,CICIoT2023
-0.2822936960016812,-0.5344505383304324,-0.3792068537852627,-0.4413246768066931,1.5103229946130832,-0.42771975306807225,-0.5857807283522122,Normal,5,CICIoT2023
-0.5532091689687931,-0.5254898797549886,-0.3809987994597878,-0.4413246768066931,-0.2960056490751895,-0.42771975306807225,-0.5809738548147677,Normal,5,CICIoT2023
-0.5650894677786827,3.2754585668833074,2.134011738223432,1.5996975829677962,-1.0523056338443753,-0.42771975306807225,1.2695874795973887,DoS,3,CICIoT2023
-0.576797310194871,2.567973842085759,-0.04010607681091651,-0.4413246768066931,1.247405020548836,-0.42771975306807225,1.9730416467371654,DDoS,2,CICIoT2023
-0.5672512401231502,1.709379829493225,3.9380414328989986,-0.4413246768066931,-0.9966923201897699,-0.42771975306807225,0.539414800787172,DDoS,2,CICIoT2023
-0.4873412038203071,-0.34342558960846925,-0.35514571125889266,-0.4413246768066931,-1.4380042477499535,-0.4510436552109942,-0.08881831355626214,Brute Force,1,CICIoT2023
-0.509504827586355,-0.52874830105515,-0.37910038349584113,-0.4413246768066931,-0.010595863948414976,-0.4514528464766595,-0.584336179293905,Normal,5,CICIoT2023
-0.5718378962757509,3.495402004644203,4.120847761910359,-0.4413246768066931,0.5496967171092022,-0.42771975306807225,3.0782181852137094,DDoS,2,CICIoT2023
-0.44336380422832616,-0.5307848143677509,-0.3806021945406874,1.5996975829677962,1.2982940268569747,-0.42771975306807225,-0.5851294023210715,Normal,5,CICIoT2023
-0.5722533528266379,0.8516004222257313,-0.041683082930659525,-1.369062067613279,0.9113629849479703,-0.42771975306807225,1.3607717888034367,DDoS,2,CICIoT2023
-0.19515415784020118,-0.5116415892293026,-0.3802983935896819,-0.4413246768066931,-0.6396990085306594,-0.27918332363156895,-0.58128080932681,Normal,5,CICIoT2023
-0.4786771763328738,-0.507975865266621,-0.37931554319829136,1.5996975829677962,-0.9106277646171765,-0.27918332363156895,-0.57827196172047,Normal,5,CICIoT2023
-0.38616863185250766,-0.5389308676181545,-0.3759349985805715,-0.4413246768066931,0.7620851430329769,-0.27918332363156895,-0.5820438413636554,Normal,5,CICIoT2023
-0.5605625763508363,0.8638195021013366,0.034523168298000666,-1.369062067613279,-1.1088946196683598,-0.42771975306807225,0.684035693198961,DDoS,2,CICIoT2023
-0.5573555507847361,3.1129448045377566,0.23590098170502358,1.5996975829677962,-0.42705382677283765,-0.42771975306807225,2.9864694343346367,DoS,3,CICIoT2023
-0.5704569130159222,1.6877927883796555,-0.16785181553036044,1.5996975829677962,-0.4208916867557069,-0.42771975306807225,1.2845393846628157,DDoS,2,CICIoT2023
-0.44493835031597345,-0.33813065499570694,-0.37983718144207695,-0.4413246768066931,-0.8293388675578595,-0.4518620377423248,-0.2534628718819138,Brute Force,1,CICIoT2023
-0.2480433777036888,-0.5303775117052307,-0.38029410426554,-0.4413246768066931,-0.644269262376698,-0.4514528464766595,-0.5854901259222615,Normal,5,CICIoT2023
-0.18266463830586066,-0.5348578409929526,-0.37084572364989626,-0.4413246768066931,1.5339958825122273,-0.4514528464766595,-0.5751345495132367,Normal,5,CICIoT2023
-0.5449868484432911,-0.5442258022309168,-0.37905856454300385,-1.369062067613279,-1.6377602866386098,-0.4604550543212961,-0.4546022577090524,Spoofing,8,CICIoT2023
-0.33539627431899044,-0.5124561945543429,-0.37568069084594774,1.5996975829677962,0.13893873380062557,-0.4514528464766595,-0.5873152635414045,Normal,5,CICIoT2023
-0.4475916444363609,-0.36827105202220006,-0.369533551537451,-0.4413246768066931,-0.2560544412974582,-0.4514528464766595,-0.16071720486757393,Brute Force,1,CICIoT2023
-0.5416895435573866,-0.5413746835932755,-0.37355352240906886,-0.4413246768066931,1.472785291675395,-0.42771975306807225,-0.5860178365390258,Normal,5,CICIoT2023
-0.45659383801891995,-0.28884703283076546,-0.32199949391418603,-0.4413246768066931,0.22166546353060645,-0.4518620377423248,-0.19574063401037048,Brute Force,1,CICIoT2023
-0.35228599902588154,-0.5324140250178316,-0.365942503599749,1.5996975829677962,0.037571530518824045,-0.42771975306807225,-0.5817305625580275,Normal,5,CICIoT2023
-0.5481656735701569,-0.5450404075559571,-0.3737937881350171,-1.369062067613279,-1.6377602866386098,-0.4604550543212961,-0.5439556786246764,Spoofing,8,CICIoT2023
-0.5594793248354993,3.1475655308519714,2.767825352080408,-0.4413246768066931,1.0693191740537562,-0.42771975306807225,0.6530082529987493,DDoS,2,CICIoT2023
-0.4652931855642351,-0.5238606691049079,-0.3750751288880948,-0.4413246768066931,-0.5786424711942552,-0.4518620377423248,-0.2667218979173387,Brute Force,1,CICIoT2023
-0.4099727490144097,-0.5144927078669438,-0.3718843935558831,1.5996975829677962,-1.2504184353951302,-0.4514528464766595,-0.5843519637996208,Normal,5,CICIoT2023
-0.5595728870581529,1.8592672093006504,3.82040060579021,-1.369062067613279,1.4352475887377065,-0.42771975306807225,1.0082556897263224,DDoS,2,CICIoT2023
-0.5361959098220217,-0.35686657747163514,-0.35713069404551134,-0.4413246768066931,0.646596368878584,-0.4518620377423248,-0.04976739739504124,Brute Force,1,CICIoT2023
-0.5685945473773117,1.0039316180082776,-0.022436737523268437,-1.369062067613279,0.04373367053595484,-0.42771975306807225,0.42277031359786904,DDoS,2,CICIoT2023
-0.5643116707165123,3.4412307505290194,0.3116920837156896,1.5996975829677962,0.8394200002479684,-0.42771975306807225,1.2068489817690804,DDoS,2,CICIoT2023
-0.5728521507687234,0.31151709172397607,2.0193373572509277,-0.4413246768066931,0.8886144180513958,-0.42771975306807225,1.7481000179260868,DoS,3,CICIoT2023
-0.5577095992874916,1.071136557324107,-0.20707495332768008,-1.369062067613279,-0.5848559623781954,-0.42771975306807225,2.5929211322379353,DDoS,2,CICIoT2023
-0.5617690381326376,2.6233670041885033,-0.34132664967849624,1.5996975829677962,-0.9885788358338811,-0.42771975306807225,2.045034965290205,DDoS,2,CICIoT2023
-0.5735910376013237,2.1329745985142097,-0.3334076203936706,-0.4413246768066931,0.4765213044057741,-0.42771975306807225,3.092190806248837,DDoS,2,CICIoT2023
-0.5457931015963585,-0.34383289227098945,-0.3742220572678274,-0.4413246768066931,0.4261971609325393,-0.4514528464766595,-0.29691276745428635,Brute Force,1,CICIoT2023
-0.5520123112235233,-0.5140854052044236,-0.37522508153628875,-0.4413246768066931,1.018584221246046,-0.4514528464766595,-0.5873172054232519,Normal,5,CICIoT2023
-0.37741418891983075,-0.5421892889183159,-0.36457317040847553,-0.4413246768066931,-0.30108941458932237,-0.4514528464766595,-0.5872721211415055,Normal,5,CICIoT2023
-0.48816763914680644,-0.3906726984608098,-0.36316731587388407,-0.4413246768066931,-1.28338588448678,-0.4510436552109942,-0.4646406354586019,Brute Force,1,CICIoT2023
-0.5386653739940904,-0.5397454729431947,-0.380001951172789,-1.369062067613279,-1.6377602866386098,-0.4604550543212961,-0.41604794126999295,Spoofing,8,CICIoT2023
-0.5691315024073694,1.7631437809458883,-0.3029780550935091,-0.4413246768066931,1.03070309661307,-0.42771975306807225,0.8097617508533288,DDoS,2,CICIoT2023
-0.5723531938334931,0.05002878238602216,-0.08008570358305098,-0.4413246768066931,-0.2965191607432837,-0.42771975306807225,2.9675919805357456,DDoS,2,CICIoT2023
-0.5417758585445566,-0.5332286303428719,-0.38059978663314953,-0.4413246768066931,-0.10898469955526995,-0.42771975306807225,-0.5870990974871739,Normal,5,CICIoT2023
-0.5127380069597255,-0.5144927078669438,-0.36931076325979373,1.5996975829677962,1.102902837147119,-0.42771975306807225,-0.5852373137481394,Normal,5,CICIoT2023
-0.5699808626457464,2.1236066372762457,-0.16765866764195247,1.5996975829677962,-1.4263988840510238,-0.42771975306807225,2.616048443394278,DDoS,2,CICIoT2023
-0.2602459039731116,-0.5328213276803517,-0.3794028824464977,1.5996975829677962,-1.3322208441225416,-0.27918332363156895,-0.5854569976825656,Normal,5,CICIoT2023
-0.562707177929542,2.756147672170081,1.5559738952654734,1.5996975829677962,-0.7415797234805551,-0.42771975306807225,1.299793994935039,DDoS,2,CICIoT2023
-0.2186792723146334,-0.5271190904050693,-0.36997848323049304,-0.4413246768066931,1.6669440533818243,-0.27918332363156895,-0.5858829743692003,Normal,5,CICIoT2023
-0.5233415370114772,-0.1837629459005597,-0.37568333242306057,-0.4413246768066931,-0.8546549927949052,-0.4510436552109942,-0.3808821730037729,Brute Force,1,CICIoT2023
-0.4774755673492827,-0.34668401090863066,-0.3780660343246778,-0.4413246768066931,-0.6765177951330159,-0.4510436552109942,-0.30752533370874324,Brute Force,1,CICIoT2023
-0.5737322187054581,2.622959701525983,0.4758233338571053,1.5996975829677962,-0.22164915953514458,-0.42771975306807225,0.44856555408156557,DoS,3,CICIoT2023
-0.5561757596910613,2.2759378330587916,0.2815910437094985,-1.369062067613279,-1.0524596873448036,-0.42771975306807225,0.6801996839983732,DDoS,2,CICIoT2023
-0.5237544931123411,-0.5320067223553114,-0.3694193155242629,-0.4413246768066931,-1.0681731443884872,-0.42771975306807225,-0.5836160167944253,Normal,5,CICIoT2023
-0.5075052967304782,-0.5450404075559571,-0.37889814439919317,-1.369062067613279,-1.6377602866386098,-0.4604550543212961,-0.49331871688361273,Spoofing,8,CICIoT2023
-0.5639905701772677,3.180964349178626,0.5462709172738452,1.5996975829677962,-0.827336172052292,-0.42771975306807225,2.978941812143745,DoS,3,CICIoT2023
-0.31528571962004726,-0.5442258022309168,-0.3796572241414785,-0.4413246768066931,-0.21784917319124728,-0.4514528464766595,-0.5873649827943821,Normal,5,CICIoT2023
-0.4588991566056085,-0.27907176893028124,-0.3674974622687235,-0.4413246768066931,1.567066033937496,-0.4514528464766595,-0.18792079142108575,Brute Force,1,CICIoT2023
-0.5216549503289836,-0.5430038942433562,-0.3801111408891438,-1.369062067613279,-1.6377602866386098,-0.4604550543212961,-0.4225767635479282,Spoofing,8,CICIoT2023
-0.5499432382270237,-0.3593103934467562,-0.3739802762532115,-0.4413246768066931,0.5601210039715152,-0.4518620377423248,-0.041765541261552915,Brute Force,1,CICIoT2023
-0.5741795738695303,-0.05994293649442575,0.8710976449135613,-0.4413246768066931,-0.6293774240019653,-0.42771975306807225,2.047006051012506,DoS,3,CICIoT2023
-0.5626474533475448,0.7070079770310684,0.15840430916771814,-0.4413246768066931,1.6273009526049496,-0.42771975306807225,0.9868071175839711,DDoS,2,CICIoT2023
-0.5624405554750216,2.2462047386948187,0.7110122313270777,-0.4413246768066931,1.4312421977265715,-0.42771975306807225,0.9655440993182987,DDoS,2,CICIoT2023
-0.5554016869633497,-0.23304656806550117,-0.37617790019054054,-0.4413246768066931,1.368953232386741,-0.4510436552109942,-0.47255901919602217,Brute Force,1,CICIoT2023
-0.524894781584599,-0.5450404075559571,-0.3804996110851313,-1.369062067613279,-1.6377602866386098,-0.4604550543212961,-0.46838893345864113,Spoofing,8,CICIoT2023
-0.450642005829224,-0.514900010529464,-0.37433756036202537,-0.4413246768066931,-0.29641645840966485,-0.42771975306807225,-0.586303987486504,Normal,5,CICIoT2023
-0.5570385085439941,-0.5201949451422263,-0.3647789521165785,-0.4413246768066931,-0.7638147787090354,-0.27918332363156895,-0.5861101576136136,Normal,5,CICIoT2023
-0.33185270166333447,-0.5128634972168631,-0.37563325362635797,-0.4413246768066931,-0.8221497042045403,-0.42771975306807225,-0.5842001603095951,Normal,5,CICIoT2023
-0.5366874776462465,-0.5417819862557957,-0.3779324009955008,-1.369062067613279,-1.6377602866386098,-0.4604550543212961,-0.426921675623033,Spoofing,8,CICIoT2023
-0.5468076845058664,-0.2517824905414293,-0.3270283546302744,-0.4413246768066931,-0.5165075593548529,-0.4510436552109942,-0.42647807987676045,Brute Force,1,CICIoT2023
-0.29704058839882785,-0.5299702090427105,-0.3670138291506493,-0.4413246768066931,-1.015846305409685,-0.42771975306807225,-0.5787797544280825,Normal,5,CICIoT2023
-0.5603374845692564,2.9960489403944655,0.5895715481262623,-1.369062067613279,1.384101826595521,-0.42771975306807225,2.477930130981202,DDoS,2,CICIoT2023
-0.5449618540516634,-0.5165292211795447,-0.3693418204230718,1.5996975829677962,1.240472613029564,-0.27918332363156895,-0.5852355686874683,Normal,5,CICIoT2023
-0.5576249780584389,-0.36501263072203866,-0.37285861424919275,-0.4413246768066931,-1.218118551472003,-0.4518620377423248,-0.23270300905230257,Brute Force,1,CICIoT2023
-0.5520101850953617,-0.5397454729431947,-0.380951054421769,-1.369062067613279,-1.6377602866386098,-0.4604550543212961,-0.42832294590513414,Spoofing,8,CICIoT2023
-0.5121312333451367,-0.5450404075559571,-0.3797125100916862,-1.369062067613279,-1.6377602866386098,-0.4604550543212961,-0.41773212403958926,Spoofing,8,CICIoT2023
-0.5634401224882063,2.6759090476536063,1.2907426637807025,-1.369062067613279,0.7306582289456098,-0.42771975306807225,0.3503639766001433,DDoS,2,CICIoT2023
-0.562023830706069,3.5169890457577724,0.5218337684495336,1.5996975829677962,-0.7476905123308765,-0.42771975306807225,0.6093616181277528,DDoS,2,CICIoT2023
-0.20487436421851632,-0.5393381702806747,-0.34669003605417303,-0.4413246768066931,1.6554927431833228,-0.42771975306807225,-0.5844051614199489,Normal,5,CICIoT2023
-0.2083112945587942,-0.5059393519540201,-0.37595281623252885,-0.4413246768066931,-0.4905752201160942,-0.4514528464766595,-0.586395406630309,Normal,5,CICIoT2023
-0.5691739985315244,-0.5409673809307554,-0.3809403190335847,-1.369062067613279,-1.6377602866386098,-0.4604550543212961,-0.5388143190210587,Spoofing,8,CICIoT2023
-0.5073555529747313,-0.5413746835932755,-0.3780727741625577,-1.369062067613279,-1.6377602866386098,-0.4604550543212961,-0.4212169934432786,Spoofing,8,CICIoT2023
-0.4363539307495479,-0.29902959939376994,-0.36778967693882897,-0.4413246768066931,-0.540180447253997,-0.4510436552109942,-0.27026609070367613,Brute Force,1,CICIoT2023
-0.5225282033697142,-0.23874880534078366,-0.35703671906940126,-0.4413246768066931,-1.200402398922752,-0.4514528464766595,-0.16796612110614292,Brute Force,1,CICIoT2023
-0.5693432336105082,2.1394914411145325,-0.22070946281453357,-0.4413246768066931,1.5839605678177962,-0.42771975306807225,2.4698785590327255,DDoS,2,CICIoT2023
-0.5586382028405718,1.5248717233715845,5.351608921840364,-1.369062067613279,-1.2345509248510185,-0.42771975306807225,2.545483044089527,DoS,3,CICIoT2023
-0.47730788074759645,-0.34668401090863066,-0.37408079992991533,-0.4413246768066931,0.6259531998211958,-0.4518620377423248,-0.20432456802193127,Brute Force,1,CICIoT2023
-0.5168722484716867,-0.5425965915808361,-0.3807984608585626,-1.369062067613279,-1.6377602866386098,-0.4604550543212961,-0.4060495824557213,Spoofing,8,CICIoT2023
-0.5387815341362439,-0.5340432356679123,-0.37730586436200236,-0.4413246768066931,0.14489546915051868,-0.42771975306807225,-0.5870888221505052,Normal,5,CICIoT2023
-0.5758237705588651,2.540277261034387,0.601069011233644,-1.369062067613279,1.2768292391306357,-0.42771975306807225,1.0078164520975643,DDoS,2,CICIoT2023
-0.3476800289425777,-0.5336359330053921,-0.3517617150200985,1.5996975829677962,-0.09096044000516239,-0.4514528464766595,-0.5830416884572851,Normal,5,CICIoT2023
-0.5309249589589956,-0.22408590949005727,-0.3583018215807725,-0.4413246768066931,-0.6800096744760566,-0.4514528464766595,-0.03557270355446107,Brute Force,1,CICIoT2023
-0.5655493820933549,1.472736982569002,2.0841772365229128,-1.369062067613279,-0.5198453851974655,-0.42771975306807225,2.90383847305328,DDoS,2,CICIoT2023
0.6402099242317615,-0.5397454729431947,-0.36797250833850853,1.5996975829677962,0.025760762152656696,-0.4514528464766595,-0.5767737681420071,Normal,5,CICIoT2023
-0.5658665853913094,1.4462623095051903,0.054246119848352675,-0.4413246768066931,-0.2568247087995995,-0.42771975306807225,2.5066043068692627,DoS,3,CICIoT2023
-0.5622351047444258,2.1415279544271333,1.179850735634673,1.5996975829677962,-0.8690846706683532,-0.42771975306807225,1.5100663710171252,DDoS,2,CICIoT2023
0.015742054085668044,-0.5091977732541815,-0.36414545856752356,1.5996975829677962,0.4932617847856461,-0.4514528464766595,-0.5743576420152764,Normal,5,CICIoT2023
-0.46239218339413435,-0.5226387611173473,-0.3743091484489087,-0.4413246768066931,0.8946225045680983,-0.27918332363156895,-0.5867636811788111,Normal,5,CICIoT2023
-0.5631620780596743,-0.028173328817851912,-0.23696808094444552,1.5996975829677962,0.06612277926486339,-0.42771975306807225,2.9975511666758576,DoS,3,CICIoT2023
-0.5586425074744773,0.24634866572074768,-0.3593696292704405,-1.369062067613279,-0.03159849117346909,-0.42771975306807225,2.0843587054740578,DDoS,2,CICIoT2023
-0.5673889770715301,3.403351602914643,-0.2904168266157564,-1.369062067613279,1.2654292800989437,-0.42771975306807225,2.996019969991812,DoS,3,CICIoT2023
-0.563358759063869,0.34654512070071136,-0.14246674355035474,-0.4413246768066931,-1.5651497367700855,-0.42771975306807225,1.8278880165679467,DDoS,2,CICIoT2023
-0.5680487419649893,-0.5454477102184773,-0.3807920998165083,-1.369062067613279,-1.6377602866386098,-0.4604550543212961,-0.502551259310295,Spoofing,8,CICIoT2023
-0.5735985851882079,0.12293595897713393,-0.10412315595016403,1.5996975829677962,1.0047194062075018,-0.42771975306807225,1.9041450505148085,DDoS,2,CICIoT2023
-0.5644864912748412,1.647469824790158,-0.22452288515579702,-1.369062067613279,1.0589462383582529,-0.42771975306807225,1.8701422846292886,DDoS,2,CICIoT2023
-0.570260566633847,-0.540152775605715,-0.3806831618453063,-1.369062067613279,-1.6377602866386098,-0.4604550543212961,-0.5396263379852756,Spoofing,8,CICIoT2023
-0.5585137119036926,3.4249386440282126,1.8648296286297994,-1.369062067613279,0.005631104763362776,-0.42771975306807225,2.0786532374557845,DDoS,2,CICIoT2023
-0.40575531574438234,-0.5258971824175087,-0.36582134114253845,-0.4413246768066931,-0.7713634002300206,-0.27918332363156895,-0.5871127345908368,Normal,5,CICIoT2023
-0.4256394913451969,-0.5397454729431947,-0.3619279121245446,1.5996975829677962,0.890822518224201,-0.42771975306807225,-0.5866117257095148,Normal,5,CICIoT2023
-0.5627325834172179,0.04066082114805808,4.44115349039557,1.5996975829677962,1.555666074905804,-0.42771975306807225,1.4590261746856723,DoS,3,CICIoT2023
-0.5643157701955975,0.9383558893425291,0.33179142928925404,1.5996975829677962,-1.028221936610756,-0.42771975306807225,3.1511177193748394,DDoS,2,CICIoT2023
-0.5768039971428024,0.7082298850186289,-0.18344287606649423,1.5996975829677962,0.9830492138139252,-0.42771975306807225,0.4123520958844286,DoS,3,CICIoT2023
0.295147403847744,-0.5360797489805131,-0.38102390326359964,-0.4413246768066931,-1.5243769103234033,-0.4514528464766595,-0.5868944898863167,Normal,5,CICIoT2023
-0.44012456347255763,-0.5234533664423877,-0.3808994262161529,1.5996975829677962,-0.3091515477784018,-0.4514528464766595,-0.5866391851355799,Normal,5,CICIoT2023
-0.4326200075973039,-0.5291556037176701,-0.37850718061154875,-0.4413246768066931,1.6936466601227245,-0.4514528464766595,-0.5866038378139472,Normal,5,CICIoT2023
-0.4396337564106113,-0.5112342865667824,-0.37781583181780604,1.5996975829677962,0.44401601581540917,-0.27918332363156895,-0.5865030813411205,Normal,5,CICIoT2023
-0.5573212413006353,1.122049390139129,0.283277352843658,-0.4413246768066931,-1.0828595780959822,-0.42771975306807225,1.0462406144326937,DDoS,2,CICIoT2023
-0.13633386840142991,-0.52874830105515,-0.3710334950948654,1.5996975829677962,-0.9450330463794901,-0.4514528464766595,-0.5849854749014306,Normal,5,CICIoT2023
-0.5765822353582964,2.5325385104465035,1.5402781200292404,-0.4413246768066931,-0.4525240055103116,-0.42771975306807225,1.1474122588366633,DDoS,2,CICIoT2023
-0.45649984330167565,-0.4240715167874644,-0.35743173311426435,-0.4413246768066931,1.136743256074529,-0.4518620377423248,-0.2865012911266298,Brute Force,1,CICIoT2023
-0.5252029659456784,-0.5108269839042622,-0.3663786952668598,-0.4413246768066931,-0.7989903279734903,-0.4514528464766595,-0.5872293093856246,Normal,5,CICIoT2023
-0.5686455003007875,0.10053431253852416,2.9613600684304697,-1.369062067613279,-1.1181378296940558,-0.42771975306807225,1.1115617581942592,DDoS,2,CICIoT2023
-0.5729349922616657,1.6002227159378175,0.4088217030775807,-0.4413246768066931,-0.08972801200173623,-0.42771975306807225,0.5504464138032334,DoS,3,CICIoT2023
-0.3821375899513374,-0.5132707998793833,-0.3242613799768284,-0.4413246768066931,1.139054058580953,-0.27918332363156895,-0.5753723817129138,Normal,5,CICIoT2023
-0.5759992860921863,0.7008984370932657,1.2808342167374551,1.5996975829677962,-0.5643154956544261,-0.42771975306807225,2.8898526811361807,DDoS,2,CICIoT2023
-0.5393905351178909,-0.5409673809307554,-0.38118016007669475,-1.369062067613279,-1.6377602866386098,-0.4604550543212961,-0.4090048782522039,Spoofing,8,CICIoT2023
-0.45587279098136824,-0.37600980261008343,-0.3796316525434032,-0.4413246768066931,0.8342335324002166,-0.4514528464766595,-0.4341377344910502,Brute Force,1,CICIoT2023
-0.535127066414561,-0.5128634972168631,-0.37808852804357235,-0.4413246768066931,0.29581654840341365,-0.4514528464766595,-0.5830245558301267,Normal,5,CICIoT2023
-0.47029900370721434,-0.5161219185170245,-0.37802920849525345,-0.4413246768066931,1.4192773758599757,-0.4518620377423248,-0.23356880280086648,Brute Force,1,CICIoT2023
-0.5754081325755827,0.40764052007873797,0.8508941637848649,-1.369062067613279,-1.5297687828383928,-0.42771975306807225,1.505872253039829,DDoS,2,CICIoT2023
-0.420384297355228,-0.510419681241742,-0.37171509989132184,1.5996975829677962,-0.7020906762041087,-0.42771975306807225,-0.5870376188161543,Normal,5,CICIoT2023
-0.5568716648651237,2.268606385133429,0.05359379441038972,1.5996975829677962,-0.19602492729724239,-0.42771975306807225,1.0167711535970487,DDoS,2,CICIoT2023
-0.5506910098587923,-0.478242770902648,-0.3604214362170761,-0.4413246768066931,-0.5950748445732705,-0.4510436552109942,-0.21811299901049946,Brute Force,1,CICIoT2023
-0.574658080895269,1.6002227159378175,2.42851094369193,-1.369062067613279,0.46291324520127697,-0.42771975306807225,1.139638912806591,DDoS,2,CICIoT2023
-0.4716953256524894,-0.5140854052044236,-0.36092171971904347,-0.4413246768066931,0.3762324756269705,-0.27918332363156895,-0.5796473712040647,Normal,5,CICIoT2023
-0.5595279210037765,1.7582561489956463,1.108123287180789,1.5996975829677962,1.5512498745601937,-0.42771975306807225,0.39718848240536175,DDoS,2,CICIoT2023
-0.5170889167314361,-0.5136781025419034,-0.3668516809964589,1.5996975829677962,0.619791059804065,-0.4514528464766595,-0.5856805910815838,Normal,5,CICIoT2023
-0.4065458879888268,-0.5234533664423877,-0.3592123310184076,-0.4413246768066931,1.308769664886097,-0.27918332363156895,-0.5791424543825848,Normal,5,CICIoT2023
-0.3390158567573029,-0.5283409983926298,-0.3724917577173908,-0.4413246768066931,-0.7637120763754166,-0.4514528464766595,-0.5842732765013465,Normal,5,CICIoT2023
-0.5500927911770885,-0.5332286303428719,-0.3688934574511294,1.5996975829677962,-1.1293837352253195,-0.27918332363156895,-0.5873844595839816,Normal,5,CICIoT2023
-0.2852294659098028,-0.5096050759167017,-0.3580796006641663,1.5996975829677962,-0.10852253905398514,-0.42771975306807225,-0.5854530036497549,Normal,5,CICIoT2023
-0.4702421519941896,-0.5185657344921456,-0.3668513050577306,-0.4413246768066931,0.35497309256786924,-0.27918332363156895,-0.576956213487991,Normal,5,CICIoT2023
-0.5696553398186562,1.3004479563229667,-0.16754100962650256,-0.4413246768066931,0.023860768980708037,-0.42771975306807225,1.9072553345017331,DDoS,2,CICIoT2023
-0.38391118736572055,-0.5112342865667824,-0.38038409183713134,-0.4413246768066931,-0.07796859480237829,-0.4514528464766595,-0.5857824716598024,Normal,5,CICIoT2023
-0.24173105255129176,-0.510419681241742,-0.3680598648537181,-0.4413246768066931,-0.07956048097347042,-0.42771975306807225,-0.5842833588646432,Normal,5,CICIoT2023
-0.5205933720975567,-0.5425965915808361,-0.3772750625811367,-1.369062067613279,-1.6377602866386098,-0.4604550543212961,-0.48627427739753976,Spoofing,8,CICIoT2023
-0.5742195558027481,2.6192939775633013,-0.2910180376303461,-0.4413246768066931,1.040767925307717,-0.42771975306807225,1.1609727416578768,DDoS,2,CICIoT2023
-0.576888874272887,0.7493674539331668,2.242576477594647,-0.4413246768066931,-0.6104801946160976,-0.42771975306807225,0.6071393961072887,DoS,3,CICIoT2023
-0.4816517575715848,-0.5177511291671052,-0.3502131636687721,-0.4413246768066931,1.3523154543404878,-0.4514528464766595,-0.5871905612253192,Normal,5,CICIoT2023
-0.5563658678197722,-0.5185657344921456,-0.3724447105005903,-0.4413246768066931,0.4306133612781497,-0.42771975306807225,-0.5863290913436763,Normal,5,CICIoT2023
-0.34514021399081846,-0.5344505383304324,-0.38091668513534827,1.5996975829677962,-0.15900073602764822,-0.4514528464766595,-0.5840994248908972,Normal,5,CICIoT2023
-0.4824631885856065,-0.5067539572790604,-0.363045538271926,-0.4413246768066931,1.308153450884384,-0.27918332363156895,-0.5782655393931447,Normal,5,CICIoT2023
-0.38300316330257517,-0.5368943543055535,-0.37920404767461763,1.5996975829677962,-0.33739468952358465,-0.4514528464766595,-0.5856044806104316,Normal,5,CICIoT2023
-0.4415810772042831,-0.5263044850800289,-0.37149571181863905,1.5996975829677962,0.4691267363852172,-0.42771975306807225,-0.5871070696391203,Normal,5,CICIoT2023
-0.5435436496766757,-0.5405600782682352,-0.3732050063062061,1.5996975829677962,1.3735234862327796,-0.42771975306807225,-0.5811601276763144,Normal,5,CICIoT2023
-0.5600685612844492,-0.5189730371546657,-0.35945001418353784,-0.4413246768066931,0.7880688334385451,-0.27918332363156895,-0.5773013621077805,Normal,5,CICIoT2023
-0.5766008412439377,3.0290404560586,0.5293188320258779,-0.4413246768066931,0.004963539594840274,-0.42771975306807225,2.2141549359437582,DDoS,2,CICIoT2023
-0.21337877501728023,-0.5438184995683966,-0.3627001694663589,1.5996975829677962,-1.3267262692739332,-0.42771975306807225,-0.5826494761381545,Normal,5,CICIoT2023
-0.49122712996362977,-0.5413746835932755,-0.3700698359793204,-0.4413246768066931,-1.198348352250375,-0.42771975306807225,-0.5868708597753068,Normal,5,CICIoT2023
-0.5770054681829255,2.9015547226897844,1.777636850317037,-0.4413246768066931,1.110297405167676,-0.42771975306807225,1.3533524295834638,DDoS,2,CICIoT2023
-0.5578194782933803,3.226989550043406,1.196766764815206,1.5996975829677962,1.45096104578139,-0.42771975306807225,1.5055735653387732,DoS,3,CICIoT2023
-0.5131235904765478,-0.5283409983926298,-0.36340745067339897,-0.4413246768066931,-0.6835529049859068,-0.42771975306807225,-0.5860702384744029,Normal,5,CICIoT2023
-0.5605544607118259,1.5252790260341047,-0.18058052915154282,-1.369062067613279,-1.1948564729073343,-0.42771975306807225,1.2745482441283817,DoS,3,CICIoT2023
-0.5758777153901828,1.7297449626192338,0.8551197376166396,-0.4413246768066931,-0.027747153662762345,-0.42771975306807225,1.96798702655303,DDoS,2,CICIoT2023
-0.5138929424230286,-0.5161219185170245,-0.37617940859228366,-0.4413246768066931,-0.0823847951479887,-0.4514528464766595,-0.5835394501031399,Normal,5,CICIoT2023
-0.5241283655412299,-0.5397454729431947,-0.3702828309406406,-1.369062067613279,-1.6377602866386098,-0.4604550543212961,-0.4316042809450579,Spoofing,8,CICIoT2023
-0.45802999606575784,-0.5201949451422263,-0.35103588054177426,-0.4413246768066931,0.04111476102867425,-0.4518620377423248,-0.09694891812192151,Brute Force,1,CICIoT2023
-0.5202155678629854,-0.5417819862557957,-0.38088310329950736,-0.4413246768066931,0.09544429551304406,-0.4514528464766595,-0.5862590803353627,Normal,5,CICIoT2023
-0.2081614592675988,-0.5112342865667824,-0.3770087299010185,1.5996975829677962,-0.3978350128582758,-0.27918332363156895,-0.5844650152189189,Normal,5,CICIoT2023
-0.5115903625015789,-0.5430038942433562,-0.37289269133332825,-1.369062067613279,-1.6377602866386098,-0.4604550543212961,-0.4396092697773963,Spoofing,8,CICIoT2023
-0.5739349037765386,0.23290767785758182,2.8039044073830865,-0.4413246768066931,-0.5796694945304436,-0.42771975306807225,1.283152705835442,DoS,3,CICIoT2023
-0.41579107033185553,-0.5348578409929526,-0.3782971707119002,-0.4413246768066931,-0.790568736616745,-0.27918332363156895,-0.5860232168855849,Normal,5,CICIoT2023
-0.21916832378086104,-0.5291556037176701,-0.3811093831090825,-0.4413246768066931,0.49644555712783034,-0.42771975306807225,-0.5831212160656498,Normal,5,CICIoT2023
-0.5060483559993518,-0.5206022478047464,-0.3629425053090864,1.5996975829677962,1.102286623145406,-0.27918332363156895,-0.580091521488217,Normal,5,CICIoT2023
-0.574251052761587,1.4772173118567238,0.6337973284661009,1.5996975829677962,0.7648067548738763,-0.42771975306807225,2.108415227511415,DDoS,2,CICIoT2023
-0.5635781477241607,2.4596313338553917,-0.2994556559319453,-1.369062067613279,1.6750061865709036,-0.42771975306807225,1.6878437247742148,DDoS,2,CICIoT2023
-0.16198845631345332,-0.5267117877425491,-0.3788063704123795,-0.4413246768066931,-1.3316046301208284,-0.27918332363156895,-0.5844402676402848,Normal,5,CICIoT2023
-0.5730396240720406,2.143157165077214,0.5808380574567168,-1.369062067613279,-0.7242230290989701,-0.42771975306807225,1.6926945533532152,DDoS,2,CICIoT2023
-0.5603191193353391,2.3643225108256702,0.9880714134785883,1.5996975829677962,-1.1331837215692169,-0.42771975306807225,2.710066938384352,DoS,3,CICIoT2023
-0.32726890223257066,-0.5197876424797061,-0.37624773259168565,-0.4413246768066931,1.0897569384439068,-0.4514528464766595,-0.5838750785320185,Normal,5,CICIoT2023
-0.4854731921454617,-0.5124561945543429,-0.38036342500609843,-0.4413246768066931,0.4268647261010618,-0.27918332363156895,-0.5836830137626893,Normal,5,CICIoT2023
-0.571325697121246,1.6865708803920951,0.7235950073881541,-0.4413246768066931,0.37890273630106047,-0.42771975306807225,0.7224182971236334,DoS,3,CICIoT2023
-0.5080307148790313,-0.5389308676181545,-0.3802913702540626,-1.369062067613279,-1.6377602866386098,-0.4604550543212961,-0.5591927694755247,Spoofing,8,CICIoT2023
-0.5716399913715309,2.820094190185749,-0.15970740729482572,-1.369062067613279,-1.2978155623602279,-0.42771975306807225,0.4438640706300575,DDoS,2,CICIoT2023
-0.5744574655958921,1.7529612143828839,-0.28845882726129735,-1.369062067613279,-0.8331388539017568,-0.42771975306807225,1.6837100002137741,DDoS,2,CICIoT2023
-0.4357598850063737,-0.5083831679291412,-0.3712987441877868,-0.4413246768066931,0.32524076698521315,-0.42771975306807225,-0.585442680549007,Normal,5,CICIoT2023
-0.5598017538797333,3.0995038166745905,1.7331270390208677,-0.4413246768066931,-1.1163405388557261,-0.42771975306807225,1.6387630923465661,DDoS,2,CICIoT2023
-0.5716187553938227,1.5818940961244095,2.553346898265976,-1.369062067613279,0.17478184823360302,-0.42771975306807225,2.449879513221569,DDoS,2,CICIoT2023
-0.4838557686390493,-0.5083831679291412,-0.3749343495950259,1.5996975829677962,0.8566226411291251,-0.4514528464766595,-0.5872151209106379,Normal,5,CICIoT2023
-0.5145804866710437,-0.5165292211795447,-0.35956157421062107,1.5996975829677962,1.373061325731495,-0.4514528464766595,-0.5781800275239866,Normal,5,CICIoT2023
-0.16919827143888264,-0.535672446317993,-0.36232933559521635,-0.4413246768066931,-1.0903054972833486,-0.4514528464766595,-0.5871636937682319,Normal,5,CICIoT2023
-0.2900042604351858,-0.5181584318296254,-0.3782892041210933,-0.4413246768066931,-1.5741361909617346,-0.42771975306807225,-0.5858171923698778,Normal,5,CICIoT2023
-0.46341712764370757,-0.5315994196927912,-0.3676284674313144,1.5996975829677962,0.15542245834645044,-0.4514528464766595,-0.5872903192750365,Normal,5,CICIoT2023
0.5338999199102177,-0.5120488918918227,-0.37827790698249497,1.5996975829677962,0.6681638589385417,-0.42771975306807225,-0.5855610793796859,Normal,5,CICIoT2023
-0.21916214872824952,-0.5132707998793833,-0.36651336360760994,-0.4413246768066931,-0.7287419317781993,-0.42771975306807225,-0.5847590575093394,Normal,5,CICIoT2023
-0.14388492153186005,-0.5352651436554728,-0.3690226714160017,1.5996975829677962,-1.4409312642580905,-0.27918332363156895,-0.5851099457079941,Normal,5,CICIoT2023
-0.5072513377843183,-0.5385235649556342,-0.36247460139327736,-1.369062067613279,-1.6377602866386098,-0.4604550543212961,-0.44131090779554305,Spoofing,8,CICIoT2023
-0.5717881674703285,-0.06075754181946611,2.013394814664506,-0.4413246768066931,-1.1618890238156845,-0.42771975306807225,2.7777743994726936,DDoS,2,CICIoT2023
-0.5713990930660336,0.8878503591900271,0.10281786134051958,-1.369062067613279,1.6445035934861063,-0.42771975306807225,1.4853144821556818,DoS,3,CICIoT2023
-0.5720799284208801,1.1640015643787074,2.197523669856842,-1.369062067613279,-0.9588465102512249,-0.42771975306807225,3.140572384005606,DoS,3,CICIoT2023
-0.556983806272482,1.2621615060460702,-0.0694825836547301,-1.369062067613279,1.5668606292702583,-0.42771975306807225,0.8766789828231549,DDoS,2,CICIoT2023
-0.3910621795310658,-0.5222314584548272,-0.37840101989556146,1.5996975829677962,-0.4137025234023876,-0.42771975306807225,-0.5795993916689673,Normal,5,CICIoT2023
-0.5579548609171207,2.536204234409185,0.4802639054400887,-0.4413246768066931,-0.8737576268480106,-0.42771975306807225,1.3048305045835658,DDoS,2,CICIoT2023
-0.5620920379890184,3.246947380506895,0.02638350738767672,1.5996975829677962,-0.1938681782912466,-0.42771975306807225,0.8124347557733564,DDoS,2,CICIoT2023
-0.5605276971645708,0.3909411109154107,1.0206133920963236,-1.369062067613279,-0.32881904466641093,-0.42771975306807225,1.2681456072749113,DoS,3,CICIoT2023
-0.5765877770428335,0.6414322483653199,-0.31193885352905515,-0.4413246768066931,1.5416985575336408,-0.42771975306807225,0.6840830905620324,DDoS,2,CICIoT2023
-0.5230349231060097,-0.5442258022309168,-0.37807241129391433,-0.4413246768066931,0.5978127604096318,-0.4514528464766595,-0.5802105861010735,Normal,5,CICIoT2023
-0.5602047107932304,-0.5120488918918227,-0.37982641824429575,1.5996975829677962,0.9688762917745244,-0.4514528464766595,-0.5873719120890039,Normal,5,CICIoT2023
-0.21853929143602538,-0.5417819862557957,-0.3787427590384135,-0.4413246768066931,-1.4745149273514533,-0.4514528464766595,-0.579522719389544,Normal,5,CICIoT2023
-0.5569602149185657,2.0299270248966046,0.4981088828630931,-1.369062067613279,1.1803403966957293,-0.42771975306807225,2.2948314439154873,DDoS,2,CICIoT2023
-0.5734952457715408,3.2481692884944553,0.28685104771270276,1.5996975829677962,-1.3146073939069094,-0.42771975306807225,2.4304869046691606,DDoS,2,CICIoT2023
-0.3430874533697023,-0.5226387611173473,-0.37979352068124433,1.5996975829677962,1.422204392368113,-0.4514528464766595,-0.5856491392877802,Normal,5,CICIoT2023
-0.5104134997681488,-0.41266704223689943,-0.31568483917462276,-0.4413246768066931,1.277958964800443,-0.4518620377423248,-0.3713236918485827,Brute Force,1,CICIoT2023
-0.5566000201676613,2.8196868875232286,-0.31152808377033964,-0.4413246768066931,-0.29410565590324084,-0.42771975306807225,1.4536299142859057,DDoS,2,CICIoT2023
0.0630456717831646,-0.5197876424797061,-0.37352584289076446,1.5996975829677962,0.4968050152954963,-0.4514528464766595,-0.5837946331219158,Normal,5,CICIoT2023
-0.42527304118703296,-0.5328213276803517,-0.37659135489908646,-0.4413246768066931,0.8633496439811595,-0.4514528464766595,-0.5836637615976973,Normal,5,CICIoT2023
-0.4361398730288216,-0.5279336957301096,-0.35393781200013824,-0.4413246768066931,1.3229939380923073,-0.4514528464766595,-0.5812311817931088,Normal,5,CICIoT2023
-0.5478586188990185,-0.5442258022309168,-0.3721662376552253,1.5996975829677962,0.6084938031059919,-0.27918332363156895,-0.585775920190356,Normal,5,CICIoT2023
-0.5289365182016654,-0.5324140250178316,-0.362800218745435,1.5996975829677962,-1.2206347586456647,-0.42771975306807225,-0.585344086675684,Normal,5,CICIoT2023
0.16520365740731457,-0.5275263930675894,-0.37210304304207054,1.5996975829677962,0.31065703561133695,-0.42771975306807225,-0.5846254286004633,Normal,5,CICIoT2023
-0.2609962066289093,-0.5332286303428719,-0.37867626290405504,1.5996975829677962,0.632885607340468,-0.27918332363156895,-0.5850270897963414,Normal,5,CICIoT2023
-0.46226081210423287,-0.5157146158545043,-0.3753539906271271,-0.4413246768066931,-1.206102378438598,-0.27918332363156895,-0.5871448513230011,Normal,5,CICIoT2023
-0.5358654472684249,-0.5413746835932755,-0.3811334950603802,-1.369062067613279,-1.6377602866386098,-0.4604550543212961,-0.4657438943989657,Spoofing,8,CICIoT2023
-0.5046060851574987,-0.5291556037176701,-0.3787027880003322,1.5996975829677962,0.06663629093295761,-0.27918332363156895,-0.5860992462332271,Normal,5,CICIoT2023
-0.5751342563783831,1.8649694465759328,-0.3529585556007007,-0.4413246768066931,-0.21825998252572265,-0.42771975306807225,0.6969863928309546,DDoS,2,CICIoT2023
-0.5705437652937844,1.5765991615116473,0.5618414785333201,1.5996975829677962,1.5784146418023786,-0.42771975306807225,2.3607961257757295,DDoS,2,CICIoT2023
-0.5324635917858308,-0.15402985153658674,-0.3343098089092069,-0.4413246768066931,0.1052523683736439,-0.4510436552109942,-0.24302675725824607,Brute Force,1,CICIoT2023
-0.5169085694425862,-0.510419681241742,-0.35409010507905886,1.5996975829677962,-1.5054796809375357,-0.42771975306807225,-0.5791390876334288,Normal,5,CICIoT2023
-0.5371438217369061,-0.5430038942433562,-0.3480368143958277,1.5996975829677962,1.3261777104344914,-0.4514528464766595,-0.5794454435967034,Normal,5,CICIoT2023
-0.5567170030300773,-0.49412757474093494,-0.36630062823238524,-0.4413246768066931,0.8843522712062136,-0.4514528464766595,-0.0845235573843585,Brute Force,1,CICIoT2023
-0.5697182171266055,-0.540152775605715,-0.36717007002628294,-1.369062067613279,-1.6377602866386098,-0.4604550543212961,-0.49358700145770407,Spoofing,8,CICIoT2023
-0.5418741317655525,-0.5450404075559571,-0.3705151198209385,-1.369062067613279,-1.6377602866386098,-0.4604550543212961,-0.47523885921578585,Spoofing,8,CICIoT2023
-0.48762325357921127,-0.5136781025419034,-0.36295059291241455,-0.4413246768066931,1.3924720667854569,-0.4514528464766595,-0.5814582846695584,Normal,5,CICIoT2023
-0.18356350126936677,-0.5153073131919842,-0.36393993874401703,-0.4413246768066931,-0.5537885064584943,-0.4514528464766595,-0.5858721518961669,Normal,5,CICIoT2023
-0.5655531059397781,0.3546911739511149,1.1298807150474588,-0.4413246768066931,0.44175656447579453,-0.42771975306807225,0.40660513725896025,DoS,3,CICIoT2023
-0.5550754927387207,-0.46765290167712337,-0.3683305881708647,-0.4413246768066931,-1.4194151253649423,-0.4518620377423248,-0.3262839730447429,Brute Force,1,CICIoT2023
-0.5636541175524805,0.9660524703939012,-0.1106735529532935,-1.369062067613279,0.4737996925648747,-0.42771975306807225,2.4561972671153356,DDoS,2,CICIoT2023
-0.566859018288973,2.18022170736655,-0.2372264010017472,-0.4413246768066931,0.7232123097582435,-0.42771975306807225,3.0428044874630493,DDoS,2,CICIoT2023
-0.4448976757176928,-0.5324140250178316,-0.37728108638446384,1.5996975829677962,0.5466669982674462,-0.42771975306807225,-0.582818237142821,Normal,5,CICIoT2023
-0.5717130074555858,2.7394482630067536,0.25107343061988546,1.5996975829677962,-0.1797466074186552,-0.42771975306807225,3.0994858430942673,DoS,3,CICIoT2023
-0.5041727186529835,-0.5352651436554728,-0.37581624958486826,1.5996975829677962,-1.302796625540742,-0.27918332363156895,-0.5868027650638539,Normal,5,CICIoT2023
-0.286840002792325,-0.5434111969058764,-0.37377191536343557,1.5996975829677962,-1.2006078035899896,-0.27918332363156895,-0.5842294579191524,Normal,5,CICIoT2023
-0.5698283529458313,0.48502802595757166,0.4310644366995278,-0.4413246768066931,1.2115619061158587,-0.42771975306807225,0.8521819195404432,DDoS,2,CICIoT2023
-0.5747467536142049,1.6022592292504183,1.4849910742669326,1.5996975829677962,-0.7773201355799138,-0.42771975306807225,1.4576181378587052,DDoS,2,CICIoT2023
-0.42701452544531043,-0.5250825770924684,-0.3716029719951358,1.5996975829677962,-0.3678459314415726,-0.42771975306807225,-0.5870801847309605,Normal,5,CICIoT2023
-0.2449999703789268,-0.5206022478047464,-0.3687265843988356,-0.4413246768066931,-0.9443654812109676,-0.4514528464766595,-0.5867476390896474,Normal,5,CICIoT2023
-0.562140381979706,1.2312065036945368,-0.22127346262566586,-1.369062067613279,1.6797304939173705,-0.42771975306807225,1.1561601037958924,DDoS,2,CICIoT2023
-0.4082278374965292,-0.5153073131919842,-0.3769265999214246,-0.4413246768066931,-0.5118859543420049,-0.27918332363156895,-0.5833026178104812,Normal,5,CICIoT2023
-0.5678533930028894,2.9850517685064206,1.0256996707754191,1.5996975829677962,-1.56653621827394,-0.42771975306807225,0.6110946540136583,DDoS,2,CICIoT2023
-0.401910002135526,-0.5405600782682352,-0.36704388852575115,-0.4413246768066931,-0.2737705938467092,-0.27918332363156895,-0.5811659869456755,Normal,5,CICIoT2023
-0.5668659115289058,1.7391129238571978,-0.1503275725719015,1.5996975829677962,-0.0022769749252884064,-0.42771975306807225,2.3525882255082187,DDoS,2,CICIoT2023
-0.5581011309360429,0.775027521671938,-0.2150648787752787,-0.4413246768066931,-1.147613399442665,-0.42771975306807225,2.0148433227371845,DDoS,2,CICIoT2023
-0.5178119565620904,-0.5238606691049079,-0.37388199894658014,-0.4413246768066931,-0.17209528356405115,-0.42771975306807225,-0.5854605846403818,Normal,5,CICIoT2023
-0.49347184842971015,-0.5230460637798675,-0.3669668819698153,-0.4413246768066931,1.4755069035162942,-0.42771975306807225,-0.5855994723325688,Normal,5,CICIoT2023
-0.4131821517496002,-0.5226387611173473,-0.3660496273307733,1.5996975829677962,-0.5521966202874021,-0.27918332363156895,-0.5871551772420669,Normal,5,CICIoT2023
-0.08827669053012023,-0.5091977732541815,-0.37355473801680306,-0.4413246768066931,0.7495041071646682,-0.27918332363156895,-0.5806356709512935,Normal,5,CICIoT2023
-0.4532867610624965,-0.4912764561032937,-0.37244219499198705,-0.4413246768066931,-0.7772174332462949,-0.4510436552109942,-0.48802822228502435,Brute Force,1,CICIoT2023
-0.392363009733884,-0.5291556037176701,-0.3739285589706703,1.5996975829677962,0.8923630532284837,-0.42771975306807225,-0.5846887770748956,Normal,5,CICIoT2023
-0.5332052843920205,-0.5430038942433562,-0.3785017311933274,-1.369062067613279,-1.6377602866386098,-0.4604550543212961,-0.49623744879343473,Spoofing,8,CICIoT2023
-0.5465197992797834,-0.5214168531297868,-0.3745099518641536,1.5996975829677962,1.2436050342049387,-0.27918332363156895,-0.5866128389148552,Normal,5,CICIoT2023
-0.5663890520676542,2.8534930085124035,0.15821716686532775,1.5996975829677962,0.7166393604066373,-0.42771975306807225,1.6618999912132248,DoS,3,CICIoT2023
-0.5603428682075481,2.38631685460176,-0.30048171962701475,1.5996975829677962,0.5357291997370391,-0.42771975306807225,0.6821473018204316,DoS,3,CICIoT2023
-0.5760739298253837,2.4681846897683157,-0.02765363413385372,-0.4413246768066931,1.055711114849259,-0.42771975306807225,0.46258409327328703,DDoS,2,CICIoT2023
-0.5675651767167846,2.778956621271211,0.5631052905353878,1.5996975829677962,0.5048671484845757,-0.42771975306807225,1.237907554483371,DDoS,2,CICIoT2023
-0.5747790125683102,-0.013510432967125525,-0.24528629254888434,-0.4413246768066931,0.9459223202107122,-0.42771975306807225,2.793625254794187,DDoS,2,CICIoT2023
-0.38667988275582443,-0.531192117030271,-0.37115152435841053,1.5996975829677962,1.2325645333409128,-0.27918332363156895,-0.5836891703625458,Normal,5,CICIoT2023
-0.5050525504799956,-0.41429625288698013,-0.37647683600960113,-0.4413246768066931,0.7939228664548194,-0.4510436552109942,-0.4140639398274121,Brute Force,1,CICIoT2023
-0.5691272091702357,-0.5450404075559571,-0.38113126117069324,-1.369062067613279,-1.6377602866386098,-0.4604550543212961,-0.4867035655530394,Spoofing,8,CICIoT2023
-0.44688523366050176,-0.524267971767428,-0.3774611792054048,-0.4413246768066931,-0.1561250706863205,-0.4514528464766595,-0.3448474981149907,Brute Force,1,CICIoT2023
-0.5102521981139633,-0.5210095504672666,-0.3732802201441175,1.5996975829677962,1.5107338039475586,-0.4514528464766595,-0.5823237338941745,Normal,5,CICIoT2023
-0.56580100833104,1.9350255045294034,0.18680922001651998,1.5996975829677962,1.1010541951419799,-0.42771975306807225,1.3232170636018479,DoS,3,CICIoT2023
-0.5585480609786186,-0.42284960879990385,-0.34967280634874964,-0.4413246768066931,1.4925554908970229,-0.4518620377423248,-0.08114226194736927,Brute Force,1,CICIoT2023
-0.34119534149255576,-0.5144927078669438,-0.3673132683123119,-0.4413246768066931,-1.2867237103293925,-0.27918332363156895,-0.5860361292465255,Normal,5,CICIoT2023
-0.515231638124858,-0.5417819862557957,-0.36558423681166535,1.5996975829677962,-0.9885788358338811,-0.4514528464766595,-0.5837425510899769,Normal,5,CICIoT2023
-0.5737629609955495,2.367580932125832,0.9382170158077433,-0.4413246768066931,-0.5119373055088143,-0.42771975306807225,3.150760832366112,DoS,3,CICIoT2023
-0.5675399345229093,2.0425534074347302,-0.18495740254948703,-1.369062067613279,0.5957073625704455,-0.42771975306807225,0.9384917449567189,DDoS,2,CICIoT2023
-0.566722526596413,-0.5393381702806747,-0.3795588043278136,-1.369062067613279,-1.6377602866386098,-0.4604550543212961,-0.40228163711203546,Spoofing,8,CICIoT2023
-0.17623923006829914,-0.5320067223553114,-0.380934024534979,-0.4413246768066931,-0.833652365569851,-0.27918332363156895,-0.581063410961687,Normal,5,CICIoT2023
-0.5583774287269444,2.992383216431784,0.4833819196372752,1.5996975829677962,-0.5999018542533564,-0.42771975306807225,1.4416881465030145,DoS,3,CICIoT2023
-0.1878006498184096,-0.5165292211795447,-0.34004422430622144,1.5996975829677962,-0.647915195220167,-0.4514528464766595,-0.5767893020635111,Normal,5,CICIoT2023
-0.32362528755320424,-0.5128634972168631,-0.38002591878347486,1.5996975829677962,0.24554375609698825,-0.42771975306807225,-0.5859119456819017,Normal,5,CICIoT2023
-0.3071367366636664,-0.5153073131919842,-0.3531103406904907,-0.4413246768066931,1.547295834715868,-0.4514528464766595,-0.5814268991890069,Normal,5,CICIoT2023
-0.524590334901436,-0.5438184995683966,-0.3791617471606248,-1.369062067613279,-1.6377602866386098,-0.4604550543212961,-0.5277823863840648,Spoofing,8,CICIoT2023
-0.5727385578533342,1.4841414571195668,-0.3070830723381434,-0.4413246768066931,1.160159388139626,-0.42771975306807225,1.4113882023502828,DoS,3,CICIoT2023
-0.5601342282776077,0.09401746993820133,1.7129671179063897,-1.369062067613279,0.3030057117567329,-0.42771975306807225,1.8765967824905216,DDoS,2,CICIoT2023
-0.3382144122117717,-0.5128634972168631,-0.37570778198817995,-0.4413246768066931,1.3199642192505512,-0.42771975306807225,-0.5863843053890808,Normal,5,CICIoT2023
-0.5555457748488514,-0.5393381702806747,-0.38112092482508336,-1.369062067613279,-1.6377602866386098,-0.4604550543212961,-0.5180480801906822,Spoofing,8,CICIoT2023
-0.42666264619113464,-0.52874830105515,-0.3692801111659534,-0.4413246768066931,-0.6198261069754126,-0.4514528464766595,-0.587204554602087,Normal,5,CICIoT2023
-0.5353444079078388,-0.5417819862557957,-0.3764938551968529,-1.369062067613279,-1.6377602866386098,-0.4604550543212961,-0.5658601032423793,Spoofing,8,CICIoT2023
-0.5698851514768477,0.338806370112828,-0.27162234099094024,-1.369062067613279,0.7782094094111358,-0.42771975306807225,1.9967827520252794,DDoS,2,CICIoT2023
-0.50020055546556,-0.5246752744299482,-0.36833278394789293,-0.4413246768066931,-1.4604447076456715,-0.4514528464766595,-0.5847662708822654,Normal,5,CICIoT2023
-0.5612192771657248,0.9228783881667624,0.2358545945548713,1.5996975829677962,0.3040327350929214,-0.42771975306807225,2.9100124789610433,DDoS,2,CICIoT2023
-0.2951417357045913,-0.5120488918918227,-0.3727880559010967,-0.4413246768066931,-1.2229455611520887,-0.4514528464766595,-0.5851365979924635,Normal,5,CICIoT2023
-0.5670168561247246,1.2829339418345993,1.1828698248976897,-0.4413246768066931,-1.225872577660226,-0.42771975306807225,2.7797960670475907,DoS,3,CICIoT2023
-0.5560271926648309,2.205067169780281,-0.28189268120687255,-1.369062067613279,-0.45688885468911256,-0.42771975306807225,1.5238071576143342,DDoS,2,CICIoT2023
-0.11733669811952331,-0.5320067223553114,-0.3784460613807305,1.5996975829677962,0.7245987912620979,-0.4514528464766595,-0.5809376027549228,Normal,5,CICIoT2023
-0.5541818668386055,-0.5397454729431947,-0.37833602952821,-1.369062067613279,-1.6377602866386098,-0.4604550543212961,-0.42698364025227253,Spoofing,8,CICIoT2023
-0.3398933931610273,-0.5263044850800289,-0.3788315057817752,1.5996975829677962,-0.1964870877985272,-0.4514528464766595,-0.5850334064905767,Normal,5,CICIoT2023
-0.5722331308314527,2.537426142396746,-0.274198151127131,-1.369062067613279,1.3874910036049428,-0.42771975306807225,2.658561078973718,DDoS,2,CICIoT2023
-0.5621200438155697,-0.5091977732541815,-0.37267405055515573,-0.4413246768066931,-0.10102526869980934,-0.4514528464766595,-0.28256172462585,Brute Force,1,CICIoT2023
-0.5716587474233412,3.1821862571661867,4.130471384209087,-1.369062067613279,-0.3550081397392168,-0.42771975306807225,0.6222901313041899,DDoS,2,CICIoT2023
-0.29273182236280365,-0.5128634972168631,-0.37894405233448303,-0.4413246768066931,-0.5310399395619197,-0.42771975306807225,-0.5872454496494,Normal,5,CICIoT2023
-0.5605542487470847,-0.29251275679344707,-0.3676301946180685,-0.4413246768066931,-1.4046259893238284,-0.4510436552109942,-0.279362573400177,Brute Force,1,CICIoT2023
-0.5709108027138315,1.9427642551172866,2.0807913037857033,-0.4413246768066931,-1.3989773609747918,-0.42771975306807225,1.8568182071926753,DDoS,2,CICIoT2023
-0.42558090384395225,-0.5405600782682352,-0.37339391844057745,-0.4413246768066931,1.1951808839036526,-0.4514528464766595,-0.5858914242099993,Normal,5,CICIoT2023
-0.3605723182566064,-0.5120488918918227,-0.34548656768059705,-0.4413246768066931,-1.4083746245009163,-0.27918332363156895,-0.5862008827793657,Normal,5,CICIoT2023
-0.5568263446487098,0.5990727714632214,0.5860207854702754,1.5996975829677962,0.7839607400937912,-0.42771975306807225,1.13515896848028,DoS,3,CICIoT2023
-0.5684943553488371,0.43533710113011004,1.5140590538341216,-1.369062067613279,-0.07463076895976578,-0.42771975306807225,1.60929079500515,DDoS,2,CICIoT2023
-0.5616475100978884,1.6254754810140684,0.41938164354283886,-1.369062067613279,0.4106891085560935,-0.42771975306807225,1.2405067293727887,DDoS,2,CICIoT2023
-0.5697280727385475,-0.5393381702806747,-0.36875482863851017,-1.369062067613279,-1.6377602866386098,-0.4604550543212961,-0.5121491724498147,Spoofing,8,CICIoT2023
-0.564999969098457,0.7766567323220187,-0.3528084755575751,1.5996975829677962,-1.0452705239914843,-0.42771975306807225,3.0181467789100975,DoS,3,CICIoT2023
-0.5427196789924491,-0.5189730371546657,-0.37089156156475706,-0.4413246768066931,-0.8085929961668525,-0.42771975306807225,-0.5873726145323366,Normal,5,CICIoT2023
-0.49985263040801253,-0.5189730371546657,-0.36845175931087826,-0.4413246768066931,-0.24347340542914947,-0.42771975306807225,-0.5672229039572216,Normal,5,CICIoT2023
-0.49114083513929085,-0.5157146158545043,-0.37285443198247015,1.5996975829677962,0.43472145462290357,-0.42771975306807225,-0.5872112535785208,Normal,5,CICIoT2023
-0.5743029382022161,3.0530713131472904,0.3926957062445415,-0.4413246768066931,1.041127383475383,-0.42771975306807225,1.114499199769891,DoS,3,CICIoT2023
-0.5397986243171194,-0.5165292211795447,-0.3732706685562559,-0.4413246768066931,-0.7067636323837662,-0.27918332363156895,-0.585687433789851,Normal,5,CICIoT2023
-0.5607596110002313,2.0596601192605775,0.16971182609231805,-1.369062067613279,1.426825997380961,-0.42771975306807225,1.5649990308734891,DDoS,2,CICIoT2023
-0.5605568007685348,0.2353514938327029,0.08671305868962795,-1.369062067613279,1.028649049940693,-0.42771975306807225,2.5913283385279455,DoS,3,CICIoT2023
-0.5523391951322779,-0.5454477102184773,-0.38047791048475643,-1.369062067613279,-1.6377602866386098,-0.4604550543212961,-0.4419811435964907,Spoofing,8,CICIoT2023
-0.5059446382569323,-0.5206022478047464,-0.3789292364101617,-0.4413246768066931,-1.4342556125728656,-0.27918332363156895,-0.5852143120747647,Normal,5,CICIoT2023
-0.5087665090164716,-0.5385235649556342,-0.37674971875678015,-1.369062067613279,-1.6377602866386098,-0.4604550543212961,-0.4214024185978891,Spoofing,8,CICIoT2023
-0.5036700221685514,-0.5153073131919842,-0.3716242735271096,1.5996975829677962,-0.47265366289960553,-0.4514528464766595,-0.5855797961533792,Normal,5,CICIoT2023
-0.5666491475076156,-0.5421892889183159,-0.37258153295100854,-1.369062067613279,-1.6377602866386098,-0.4604550543212961,-0.5274890106904896,Spoofing,8,CICIoT2023
0.1586745089631524,-0.5303775117052307,-0.37244908665415943,1.5996975829677962,1.5547931050700439,-0.27918332363156895,-0.5789527718209307,Normal,5,CICIoT2023
0.1579616823516747,-0.5344505383304324,-0.35719205317133423,1.5996975829677962,-1.2576589499152588,-0.27918332363156895,-0.5830602487417433,Normal,5,CICIoT2023
-0.571264286992875,0.025183319972291333,-0.07409448103117847,-1.369062067613279,0.31127324961305003,-0.42771975306807225,2.661958668411915,DoS,3,CICIoT2023
-0.5312987003060293,-0.5417819862557957,-0.3770296151354786,1.5996975829677962,-0.8173226945244545,-0.42771975306807225,-0.5827681726139802,Normal,5,CICIoT2023
-0.5615825662053352,-0.5397454729431947,-0.37329504852461864,1.5996975829677962,0.7585419125231266,-0.4514528464766595,-0.5842031395341857,Normal,5,CICIoT2023
-0.5563109056928421,2.025853998271403,0.2068220161368944,-0.4413246768066931,1.0159653117387655,-0.42771975306807225,2.7412717538659233,DoS,3,CICIoT2023
-0.5690015648044154,-0.09089793884595924,-0.35107023682051375,1.5996975829677962,1.1214919595321302,-0.42771975306807225,3.1253765345671227,DoS,3,CICIoT2023
-0.571163319055407,3.367508968612867,1.6500255681876674,1.5996975829677962,-0.5168156663557095,-0.42771975306807225,2.724017162843226,DDoS,2,CICIoT2023
-0.5673281833937296,2.338255140424379,2.6697204875477194,1.5996975829677962,1.5735876321222928,-0.42771975306807225,0.6850977517718775,DoS,3,CICIoT2023
-0.575573075933325,3.4774806874933155,-0.08849231731821258,-0.4413246768066931,-1.3030020302079797,-0.42771975306807225,2.8193234511953533,DDoS,2,CICIoT2023
-0.5431299591975375,-0.5087904705916613,-0.3781906542439016,1.5996975829677962,1.3439965653173613,-0.42771975306807225,-0.5826191437941369,Normal,5,CICIoT2023
-0.5614554109579329,-0.5132707998793833,-0.3761842745839376,1.5996975829677962,-1.402520591484642,-0.4514528464766595,-0.5853937564051871,Normal,5,CICIoT2023
-0.43839877456391946,-0.5283409983926298,-0.36741487320502897,-0.4413246768066931,0.5952965532359701,-0.42771975306807225,-0.5817855702862289,Normal,5,CICIoT2023
-0.45381692426508025,-0.1817264325879588,-0.38110720274366167,-0.4413246768066931,1.6884088411081632,-0.4514528464766595,-0.40791948309103704,Brute Force,1,CICIoT2023
-0.5721294392421893,0.623510931214432,0.9591014056215642,-0.4413246768066931,0.07510923345651245,-0.42771975306807225,1.5013537700688515,DDoS,2,CICIoT2023
-0.5700866495176784,0.9122885189412377,0.03578979101276859,-1.369062067613279,1.4023314908128661,-0.42771975306807225,1.17709815611069,DDoS,2,CICIoT2023
-0.5676231510326505,3.4937727939941223,2.263264941882419,-1.369062067613279,-0.9785140071392341,-0.42771975306807225,0.4981751998648063,DDoS,2,CICIoT2023
-0.5497431201311729,-0.32550427245758146,-0.36086439887318794,-0.4413246768066931,1.4181990013569779,-0.4510436552109942,-0.4203451767858105,Brute Force,1,CICIoT2023
-0.2675142250715394,-0.5120488918918227,-0.3719796122968868,-0.4413246768066931,0.3210813224736499,-0.42771975306807225,-0.5846866808952581,Normal,5,CICIoT2023
-0.5618115147678029,0.7424433086703238,0.5590412459452877,1.5996975829677962,1.2076592174383425,-0.42771975306807225,1.8095730530713372,DDoS,2,CICIoT2023
-0.575947241511029,3.0192651921581155,0.2909366026988607,-0.4413246768066931,0.36375414209228063,-0.42771975306807225,2.9654854876317582,DDoS,2,CICIoT2023
-0.5744000568982301,0.995378262095354,-0.033993812592250816,-0.4413246768066931,0.43328362195223974,-0.42771975306807225,0.7252210293737628,DDoS,2,CICIoT2023
-0.00581590364123807,-0.540152775605715,-0.37921796407732467,-0.4413246768066931,1.206375438268107,-0.27918332363156895,-0.581816670587624,Normal,5,CICIoT2023
-0.5197819114231834,-0.5397454729431947,-0.3768795019794683,-1.369062067613279,-1.6377602866386098,-0.4604550543212961,-0.4278492523797316,Spoofing,8,CICIoT2023
-0.48956711433684147,-0.5051247466289797,-0.3746519724973536,-0.4413246768066931,0.8131795540083531,-0.4518620377423248,-0.37559578299504703,Brute Force,1,CICIoT2023
-0.5596727722616425,2.974869201943416,0.3945524686510715,1.5996975829677962,-0.029955253835567547,-0.42771975306807225,0.7255925779312529,DDoS,2,CICIoT2023
-0.5624555307203474,3.2306552740060877,-0.08816041711740494,1.5996975829677962,1.3252533894319218,-0.42771975306807225,0.7596288272533407,DoS,3,CICIoT2023
-0.4514242490562983,-0.3837485531979668,-0.35740467587083713,-0.4413246768066931,0.27902471685673225,-0.4518620377423248,-0.0666888483175139,Brute Force,1,CICIoT2023
-0.5678475844635299,0.9974147754079548,1.5612250204088074,-0.4413246768066931,-0.01619314113064211,-0.42771975306807225,1.238498931888153,DoS,3,CICIoT2023
-0.35698937572705636,-0.5340432356679123,-0.3779190179009767,1.5996975829677962,1.4407421635863147,-0.42771975306807225,-0.5868886306880384,Normal,5,CICIoT2023
-0.56887925917596,2.6636899677780006,3.4460859802273798,1.5996975829677962,0.8623739718117805,-0.42771975306807225,0.6667614021593576,DDoS,2,CICIoT2023
-0.5615228325863099,3.339405084898975,1.7706544496138708,1.5996975829677962,-0.6295314775023936,-0.42771975306807225,1.5789259655409027,DDoS,2,CICIoT2023
-0.5672508455737935,2.389167973239401,0.6475859923207601,-1.369062067613279,-1.2647454109349594,-0.42771975306807225,3.1583251191983046,DDoS,2,CICIoT2023
-0.575446007956874,3.004602296307389,3.63907661920454,1.5996975829677962,0.3111705472794312,-0.42771975306807225,0.5339083531339361,DoS,3,CICIoT2023
-0.458459051030403,-0.38863618514820897,-0.3352618585902375,-0.4413246768066931,-0.3002677959203716,-0.4518620377423248,-0.24085510071495017,Brute Force,1,CICIoT2023
-0.5305710438672372,-0.16095399679942976,-0.32841967019542123,-0.4413246768066931,1.331826338783528,-0.4518620377423248,-0.3939478090181227,Brute Force,1,CICIoT2023
-0.5749813509927449,1.0857994531748334,1.5414091200610427,-0.4413246768066931,1.6882034364409257,-0.42771975306807225,1.6544981122385667,DDoS,2,CICIoT2023
-0.23777840625150384,-0.5320067223553114,-0.36999120271443026,1.5996975829677962,0.8683307071616736,-0.27918332363156895,-0.5773717538883197,Normal,5,CICIoT2023
-0.5199927346145874,-0.24567295060362668,-0.2948897375115426,-0.4413246768066931,-0.14549537915676988,-0.4510436552109942,-0.11065529762925264,Brute Force,1,CICIoT2023
-0.523828350536282,-0.5434111969058764,-0.37978441576676186,-1.369062067613279,-1.6377602866386098,-0.4604550543212961,-0.5590354049221916,Spoofing,8,CICIoT2023
-0.47392991378000476,-0.5385235649556342,-0.36954389554827555,-0.4413246768066931,-1.39379089312704,-0.42771975306807225,-0.5868618777380855,Normal,5,CICIoT2023
-0.47195950598396036,-0.3124705872569358,-0.3683826123020094,-0.4413246768066931,1.5331742638432766,-0.4518620377423248,-0.45756871653323045,Brute Force,1,CICIoT2023
-0.5292858240355256,-0.5434111969058764,-0.37835100437220726,-1.369062067613279,-1.6377602866386098,-0.4604550543212961,-0.4719978172389721,Spoofing,8,CICIoT2023
-0.5741343471590589,2.0344073541843266,1.9267806023182914,-0.4413246768066931,-0.9219250213152497,-0.42771975306807225,2.23973262619294,DDoS,2,CICIoT2023
-0.5699913679526368,3.2787169881834686,2.280028632452806,-1.369062067613279,-0.3845864118214446,-0.42771975306807225,2.4883404217355127,DDoS,2,CICIoT2023
-0.5524265193295528,-0.5210095504672666,-0.371015137679107,1.5996975829677962,-0.8888548698899811,-0.42771975306807225,-0.5844604459050579,Normal,5,CICIoT2023
-0.5427132590462889,-0.5340432356679123,-0.36591070332848286,1.5996975829677962,-0.34540547154585466,-0.42771975306807225,-0.5866624077224615,Normal,5,CICIoT2023
-0.5505824062170285,-0.5352651436554728,-0.3756566577437684,-0.4413246768066931,0.9823302974785932,-0.27918332363156895,-0.5872377812392089,Normal,5,CICIoT2023
-0.5360743501448497,-0.540152775605715,-0.35351746811707874,-1.369062067613279,-1.6377602866386098,-0.4604550543212961,-0.47729736378088516,Spoofing,8,CICIoT2023
-0.4921660439870739,-0.5075685626041008,-0.3776704408961519,1.5996975829677962,-0.6635259499302317,-0.4514528464766595,-0.5862948117308451,Normal,5,CICIoT2023
-0.1765140012449381,-0.5153073131919842,-0.3664044530633648,-0.4413246768066931,-1.241277927703053,-0.4514528464766595,-0.5830403998321868,Normal,5,CICIoT2023
-0.4922431749887018,-0.5210095504672666,-0.3796486730186147,-0.4413246768066931,0.04861203138285005,-0.42771975306807225,-0.5837995041757473,Normal,5,CICIoT2023
-0.5753943667618964,0.24675596838326785,0.09902735294503257,-0.4413246768066931,-1.5817875148163385,-0.42771975306807225,2.044491642106108,DDoS,2,CICIoT2023
-0.5220166110634619,-0.2961784807561287,-0.34821418426254575,-0.4413246768066931,1.7009385258096625,-0.4510436552109942,-0.10241852457859903,Brute Force,1,CICIoT2023
-0.5507596486103313,-0.5295629063801903,-0.37366685810960343,1.5996975829677962,-1.0930784602910575,-0.42771975306807225,-0.587353651901426,Normal,5,CICIoT2023
-0.443081928181979,-0.5063466546165403,-0.37859608299632,-0.4413246768066931,-1.3725315100679387,-0.4514528464766595,-0.5867006438470802,Normal,5,CICIoT2023
-0.5720666818595043,2.1464155863773753,-0.3058391132239702,-0.4413246768066931,1.4876771300501277,-0.42771975306807225,0.39148156204291024,DoS,3,CICIoT2023
-0.5576210874086899,0.49602519784561644,0.39767750387755557,-1.369062067613279,0.20020067580426754,-0.42771975306807225,1.0630620411079146,DDoS,2,CICIoT2023
-0.08492433363237654,-0.5385235649556342,-0.36862219062428647,-0.4413246768066931,-0.18185200525784156,-0.4514528464766595,-0.5848755153090074,Normal,5,CICIoT2023
-0.5578214365696539,2.2869350049468364,0.20748879609110904,1.5996975829677962,-0.687455593663423,-0.42771975306807225,1.1724064382941268,DDoS,2,CICIoT2023
-0.4889550470017043,-0.524267971767428,-0.3720980674524048,-0.4413246768066931,0.7830364190912216,-0.4514528464766595,-0.5863021151039566,Normal,5,CICIoT2023
-0.11559993345416962,-0.531192117030271,-0.37997439889691603,-0.4413246768066931,0.4656348570421764,-0.42771975306807225,-0.5838588541371762,Normal,5,CICIoT2023
-0.572325717477814,3.472593055543073,-0.12946833086314544,-0.4413246768066931,1.09658664362956,-0.42771975306807225,1.6697948839365229,DDoS,2,CICIoT2023
-0.5755286382597059,3.105206053949873,-0.25310231452798276,-0.4413246768066931,1.1716620495049368,-0.42771975306807225,0.644699040862344,DDoS,2,CICIoT2023
-0.5092140191215582,-0.29129084880588657,-0.37890997116509695,-0.4413246768066931,-0.5177913385250885,-0.4510436552109942,-0.2815628485238632,Brute Force,1,CICIoT2023
-0.28248509336566197,-0.5230460637798675,-0.3725785295124232,1.5996975829677962,0.6382774798554574,-0.42771975306807225,-0.5867501810859883,Normal,5,CICIoT2023
-0.5744000215613502,1.9012193835402285,0.4808160937748752,-0.4413246768066931,0.8124606376730211,-0.42771975306807225,2.270707575093208,DDoS,2,CICIoT2023
-0.5637807212697482,0.39379222955305193,-0.31618350466327927,-0.4413246768066931,1.6100983117237926,-0.42771975306807225,2.8566863696144207,DDoS,2,CICIoT2023
-0.3843005388413083,-0.514900010529464,-0.37513484759790844,-0.4413246768066931,0.9439709758719541,-0.27918332363156895,-0.5830117838423212,Normal,5,CICIoT2023
-0.5628210060427055,2.8042093863474618,0.9024481166788652,1.5996975829677962,-1.014665228573068,-0.42771975306807225,0.7210648592752356,DoS,3,CICIoT2023
-0.10057013658160023,-0.5438184995683966,-0.37993108134085674,-0.4413246768066931,0.7873499171032131,-0.42771975306807225,-0.5810541556103707,Normal,5,CICIoT2023
-0.5059817845226048,-0.30595374465661296,-0.36911805869212994,-0.4413246768066931,-0.33682982668868094,-0.4518620377423248,-0.22480126186430519,Brute Force,1,CICIoT2023
-0.5410751964120863,-0.5315994196927912,-0.3503471270737037,-0.4413246768066931,1.625914471101095,-0.42771975306807225,-0.5864001770880627,Normal,5,CICIoT2023
-0.5638780544205871,1.5175402754462215,-0.2836119339543362,-0.4413246768066931,0.0743389659543711,-0.42771975306807225,2.9164209679441364,DDoS,2,CICIoT2023
-0.35035351317000285,-0.5128634972168631,-0.37647575883202444,1.5996975829677962,1.1815728246991555,-0.27918332363156895,-0.587319254992037,Normal,5,CICIoT2023
-0.5152734042178727,-0.4929056667533744,-0.36803521875725714,-0.4413246768066931,0.3037246280920648,-0.4518620377423248,-0.38346099273495937,Brute Force,1,CICIoT2023
-0.5632847000407016,1.5541975150730374,-0.1511582420958566,1.5996975829677962,-0.2486085221100918,-0.42771975306807225,1.9807477330364012,DDoS,2,CICIoT2023
-0.5578009589389666,2.595263120474611,-0.3518653719646044,-0.4413246768066931,-0.37714049263407823,-0.42771975306807225,0.5663123774188205,DDoS,2,CICIoT2023
-0.4498003812283704,-0.5071612599415806,-0.37821861318364197,1.5996975829677962,-0.07119024078353443,-0.27918332363156895,-0.5814801399363477,Normal,5,CICIoT2023
-0.574165550708575,1.7558123330205253,3.2763629244280357,-0.4413246768066931,-0.5038238211529255,-0.42771975306807225,0.6320247281648469,DoS,3,CICIoT2023
-0.49579028307292117,-0.5434111969058764,-0.3786808133033988,-0.4413246768066931,-0.9658302689373065,-0.42771975306807225,-0.5858550542772711,Normal,5,CICIoT2023
-0.5077679312292551,-0.540152775605715,-0.3782311617796643,-1.369062067613279,-1.6377602866386098,-0.4604550543212961,-0.44900844044958316,Spoofing,8,CICIoT2023
-0.06138296305409254,-0.5303775117052307,-0.3624136093976413,-0.4413246768066931,-0.02733634432828696,-0.42771975306807225,-0.5868447086144247,Normal,5,CICIoT2023
-0.3355267200861267,-0.5320067223553114,-0.3716852396499388,1.5996975829677962,0.6413585498640227,-0.27918332363156895,-0.5860567032992873,Normal,5,CICIoT2023
-0.42307200893349284,-0.5267117877425491,-0.37086507735300206,1.5996975829677962,1.3945261134578337,-0.4514528464766595,-0.5857451709457787,Normal,5,CICIoT2023
-0.5636002327819449,0.5901121128877774,0.12974443214532622,-1.369062067613279,0.2980759997430283,-0.42771975306807225,3.152768057771889,DDoS,2,CICIoT2023
-0.5670289643747897,2.414420738315652,1.7762490420184156,1.5996975829677962,-0.7022447297045369,-0.42771975306807225,1.4482224214932191,DDoS,2,CICIoT2023
-0.0929653906011521,-0.5136781025419034,-0.3753941425650308,1.5996975829677962,-1.0325354346227473,-0.4514528464766595,-0.5783854458918153,Normal,5,CICIoT2023
-0.5737722678912542,0.7355191634074808,-0.252450436616832,1.5996975829677962,1.1776701360216393,-0.42771975306807225,2.807626774206078,DoS,3,CICIoT2023
-0.5720436861702242,1.3668382903137557,0.10229301298939307,-0.4413246768066931,0.3535866110640148,-0.42771975306807225,2.099978823724463,DDoS,2,CICIoT2023
-0.5584461708616679,1.052807937510699,3.143800297509606,-0.4413246768066931,-1.0978541188043338,-0.42771975306807225,1.4945774378921202,DDoS,2,CICIoT2023
-0.5609658551666318,1.6625400233034047,0.916904177664167,-1.369062067613279,1.598133489857197,-0.42771975306807225,2.1285018938475853,DDoS,2,CICIoT2023
-0.5678555753273972,3.1654868480028595,-0.3514037545781983,-1.369062067613279,-0.33985954553043696,-0.42771975306807225,2.3702833045527325,DDoS,2,CICIoT2023
-0.5676996732229364,3.0282258507335595,-0.07026259965222878,-1.369062067613279,1.5504282558912428,-0.42771975306807225,2.0056002025477095,DDoS,2,CICIoT2023
-0.5128355237140648,-0.5425965915808361,-0.3748389641715704,-0.4413246768066931,1.51417433212379,-0.42771975306807225,-0.5854112428526069,Normal,5,CICIoT2023
-0.49966160093073925,-0.5393381702806747,-0.38084273833943216,-0.4413246768066931,0.8742360913447573,-0.42771975306807225,-0.5849160654695402,Normal,5,CICIoT2023
-0.5616029181967584,-0.5393381702806747,-0.3761014174128078,-1.369062067613279,-1.6377602866386098,-0.4604550543212961,-0.4830315324505699,Spoofing,8,CICIoT2023
-0.506852421128148,-0.2196055802023353,-0.36318557127846707,-0.4413246768066931,0.16897916638413818,-0.4510436552109942,-0.11819077433057462,Brute Force,1,CICIoT2023
-0.43581264757767757,-0.5087904705916613,-0.37133184315099194,-0.4413246768066931,0.9950653868473303,-0.27918332363156895,-0.5871066414549054,Normal,5,CICIoT2023
-0.5109566200827879,-0.5210095504672666,-0.3543030862713166,1.5996975829677962,-0.7838417337647104,-0.27918332363156895,-0.584923908879849,Normal,5,CICIoT2023
-0.5573314602761663,1.4825122464694862,0.49424900218147816,-1.369062067613279,0.9872600094922979,-0.42771975306807225,1.4075045235460661,DDoS,2,CICIoT2023
-0.5749365267588586,2.4580021232053113,-0.14098434658130446,-1.369062067613279,0.9516736508933675,-0.42771975306807225,0.49319090620536477,DDoS,2,CICIoT2023
-0.42907256418115586,-0.5344505383304324,-0.3526849177592915,-0.4413246768066931,-1.5230931311531677,-0.27918332363156895,-0.5869244073303999,Normal,5,CICIoT2023
-0.4609507191930996,-0.5206022478047464,-0.3691933512219344,1.5996975829677962,1.3956044879608316,-0.42771975306807225,-0.582719310278427,Normal,5,CICIoT2023
-0.5679703389678756,-0.005364379716721976,-0.1500697277773703,-0.4413246768066931,0.7713283530586731,-0.42771975306807225,1.0407683123390257,DoS,3,CICIoT2023
-0.5619095666800734,0.25368011364611087,3.5730596079445602,-1.369062067613279,-0.6372341525238071,-0.42771975306807225,2.8608925598603516,DoS,3,CICIoT2023
-0.5456628315943941,-0.5438184995683966,-0.380893169239164,1.5996975829677962,0.040755302861008286,-0.4514528464766595,-0.5845677992654688,Normal,5,CICIoT2023
0.6075403400739039,-0.5210095504672666,-0.3785661840349233,-0.4413246768066931,0.8590874971359774,-0.27918332363156895,-0.5872670298817567,Normal,5,CICIoT2023
-0.5138983475767915,-0.5271190904050693,-0.37619401222441046,-0.4413246768066931,-0.8917818863981182,-0.4514528464766595,-0.5858761993256157,Normal,5,CICIoT2023
-0.5768756568906068,0.637359221740118,0.21202179751313008,-0.4413246768066931,1.4220503388676846,-0.42771975306807225,2.1791184931402796,DoS,3,CICIoT2023
-0.27570633552090507,-0.5250825770924684,-0.3806650456484836,-0.4413246768066931,1.3326479574524788,-0.27918332363156895,-0.5788261049644053,Normal,5,CICIoT2023
-0.3557390200213727,-0.5360797489805131,-0.3630009789739101,-0.4413246768066931,0.32231375047707606,-0.27918332363156895,-0.5868635778433742,Normal,5,CICIoT2023
-0.5660663244896025,0.08709332467535831,0.361715792431595,-0.4413246768066931,-1.5317714783439604,-0.42771975306807225,2.903911080788652,DoS,3,CICIoT2023
-0.5436299792959859,-0.5434111969058764,-0.36212457596432013,1.5996975829677962,-1.325493841270507,-0.27918332363156895,-0.581292284758686,Normal,5,CICIoT2023
-0.5591169420582166,0.02070299068456938,2.724582609286171,-0.4413246768066931,0.5494913124419646,-0.42771975306807225,1.946558528867809,DoS,3,CICIoT2023
-0.46267541281228275,-0.5320067223553114,-0.3718139192169698,1.5996975829677962,-1.2875453289983432,-0.4514528464766595,-0.575318285383326,Normal,5,CICIoT2023
-0.5533559575365462,-0.5091977732541815,-0.37791462164870543,1.5996975829677962,0.5497994194428211,-0.4514528464766595,-0.5773283751246079,Normal,5,CICIoT2023
-0.33050943158505214,-0.5360797489805131,-0.3766065476564769,1.5996975829677962,0.14576843898627886,-0.42771975306807225,-0.5851180790364823,Normal,5,CICIoT2023
-0.5665142524508092,1.5444222511725532,0.8406760812879174,-0.4413246768066931,-1.4076557081655843,-0.42771975306807225,2.5038363556437715,DoS,3,CICIoT2023
-0.5611917400209374,-0.5421892889183159,-0.3806779275822455,-1.369062067613279,-1.6377602866386098,-0.4604550543212961,-0.4592550265803008,Spoofing,8,CICIoT2023
-0.5638107002288419,-0.5405600782682352,-0.3803386406887953,-1.369062067613279,-1.6377602866386098,-0.4604550543212961,-0.46608726102465087,Spoofing,8,CICIoT2023
-0.5444708750175011,-0.5303775117052307,-0.37319848806018735,-0.4413246768066931,-1.4816013883711538,-0.27918332363156895,-0.5862651363518774,Normal,5,CICIoT2023
-0.5763648109441611,0.8524150275507716,0.7022365567472385,-1.369062067613279,-0.10934415772293592,-0.42771975306807225,1.6301219543221612,DoS,3,CICIoT2023
-0.26607614831635934,-0.5153073131919842,-0.37314135445834273,1.5996975829677962,1.3855396592661848,-0.27918332363156895,-0.5862934317993153,Normal,5,CICIoT2023
-0.4883290912688473,-0.52874830105515,-0.345184763933281,1.5996975829677962,0.043220158867860604,-0.27918332363156895,-0.5862831680877154,Normal,5,CICIoT2023
-0.515153777325514,-0.5421892889183159,-0.380914908826605,-1.369062067613279,-1.6377602866386098,-0.4604550543212961,-0.5659850398187051,Spoofing,8,CICIoT2023
-0.3599581432476232,-0.5201949451422263,-0.3763654840460397,1.5996975829677962,0.17709265074002706,-0.42771975306807225,-0.583602526904724,Normal,5,CICIoT2023
-0.5060317971342045,-0.5279336957301096,-0.3654583480953322,1.5996975829677962,-1.3066479630514487,-0.27918332363156895,-0.5798707123143416,Normal,5,CICIoT2023
-0.37209518903691974,-0.5201949451422263,-0.37744386546668846,-0.4413246768066931,-1.111975689676925,-0.27918332363156895,-0.5829060134743587,Normal,5,CICIoT2023
-0.26138591713312487,-0.5389308676181545,-0.3716708598595468,-0.4413246768066931,-0.683450202652288,-0.42771975306807225,-0.5771061659125591,Normal,5,CICIoT2023
-0.41022467206359686,-0.5116415892293026,-0.3763203471193986,-0.4413246768066931,0.6637476585929313,-0.27918332363156895,-0.5803551631179457,Normal,5,CICIoT2023
-0.5666403318104636,2.6030018710624945,1.4257895288668818,1.5996975829677962,1.4505502364469145,-0.42771975306807225,0.5062167352138894,DDoS,2,CICIoT2023
-0.5653510455406597,0.3074440650987743,0.08254445396282994,-0.4413246768066931,-1.0631920812079731,-0.42771975306807225,1.961550448371398,DDoS,2,CICIoT2023
-0.559241995652195,-0.544633104893437,-0.37733653977584275,-1.369062067613279,-1.6377602866386098,-0.4604550543212961,-0.47959295942317093,Spoofing,8,CICIoT2023
-0.5371362786589597,-0.5417819862557957,-0.3801931788473946,-1.369062067613279,-1.6377602866386098,-0.4604550543212961,-0.40844614674178387,Spoofing,8,CICIoT2023
-0.48584011616439104,-0.507975865266621,-0.3791265233754831,1.5996975829677962,-0.5664722446604218,-0.42771975306807225,-0.5872919950847504,Normal,5,CICIoT2023
-0.4802603501338177,-0.538116262293114,-0.37241602606024454,1.5996975829677962,-1.4388258664189042,-0.42771975306807225,-0.5832409147704424,Normal,5,CICIoT2023
-0.47849381284616854,-0.537708959630594,-0.378942263462062,1.5996975829677962,-1.3769477104135492,-0.4514528464766595,-0.582080887144139,Normal,5,CICIoT2023
-0.5726858911872589,1.706936013518104,-0.3362611249273221,-1.369062067613279,-0.2203140291980996,-0.42771975306807225,2.5328724351506233,DDoS,2,CICIoT2023
-0.47531946263213837,-0.5442258022309168,-0.3494745246937115,-0.4413246768066931,-0.2064492141595553,-0.4514528464766595,-0.5872248441821851,Normal,5,CICIoT2023
-0.5590661771347926,1.185995908154797,-0.13840585851865803,-1.369062067613279,1.0765083374070756,-0.42771975306807225,1.5567771340593404,DDoS,2,CICIoT2023
-0.5730440505258606,3.104798751287353,-0.21191064403861895,-0.4413246768066931,0.932930475007928,-0.42771975306807225,1.737226235781091,DDoS,2,CICIoT2023
-0.575299007575681,0.06265516492414766,-0.2155833405466292,-1.369062067613279,-0.8232794298743475,-0.42771975306807225,2.417237306327299,DDoS,2,CICIoT2023
-0.5702519315324118,3.0359646013214427,0.49875401616905224,1.5996975829677962,-0.16357098987368687,-0.42771975306807225,2.3262034236299716,DDoS,2,CICIoT2023
-0.33493547688355874,-0.5185657344921456,-0.3807425386254224,1.5996975829677962,-1.277429149136887,-0.27918332363156895,-0.5872258546432427,Normal,5,CICIoT2023
-0.5485686220660487,-0.1731730766750351,-0.37083791934079774,-0.4413246768066931,-0.7564715618552879,-0.4518620377423248,-0.08796086366506353,Brute Force,1,CICIoT2023
-0.5643260460692224,1.9321743858917622,0.029496535216084186,-1.369062067613279,-0.09157665400687547,-0.42771975306807225,2.2265263972483944,DoS,3,CICIoT2023
-0.5155189335569902,-0.5328213276803517,-0.372705304760361,1.5996975829677962,-1.4087854338353916,-0.27918332363156895,-0.5837915157554997,Normal,5,CICIoT2023
-0.5315313505275675,-0.5385235649556342,-0.380865477020209,-1.369062067613279,-1.6377602866386098,-0.4604550543212961,-0.4252938837129146,Spoofing,8,CICIoT2023
-0.5658005850309754,1.071136557324107,0.12995949095905848,-1.369062067613279,-0.13219542695312927,-0.42771975306807225,2.8143747475599348,DDoS,2,CICIoT2023
-0.5214997291061683,-0.5385235649556342,-0.3812621763969645,-1.369062067613279,-1.6377602866386098,-0.4604550543212961,-0.5005454920704557,Spoofing,8,CICIoT2023
-0.5560952540670111,2.750852737557319,-0.13334151416410334,-1.369062067613279,0.0855848714856348,-0.42771975306807225,2.441412079518637,DoS,3,CICIoT2023
-0.5617880439563226,2.0319635382092054,0.83517827431832,-0.4413246768066931,-1.3915314417874254,-0.42771975306807225,2.947268849650582,DDoS,2,CICIoT2023
-0.5596402517776327,-0.5352651436554728,-0.3760869277214177,1.5996975829677962,1.4627718141475574,-0.27918332363156895,-0.5851834313084221,Normal,5,CICIoT2023
-0.5144532383880845,-0.5303775117052307,-0.3805379643176562,1.5996975829677962,0.8148227913462546,-0.42771975306807225,-0.5851151720453701,Normal,5,CICIoT2023
-0.5711407409997022,2.818872282198188,0.422680228960178,1.5996975829677962,-1.4431907155977053,-0.42771975306807225,1.930105483239843,DDoS,2,CICIoT2023
-0.5734268439759723,2.0425534074347302,0.07986188737913825,-1.369062067613279,-0.3023218425927485,-0.42771975306807225,1.7786409372042,DDoS,2,CICIoT2023
-0.41641462533421253,-0.5063466546165403,-0.3428829034251079,1.5996975829677962,-0.2625246883154455,-0.42771975306807225,-0.5873669057167924,Normal,5,CICIoT2023
-0.46835414909235823,-0.5087904705916613,-0.3795761230696348,1.5996975829677962,-1.0154354960752094,-0.42771975306807225,-0.5870271309056042,Normal,5,CICIoT2023
-0.5619662743750092,-0.5425965915808361,-0.36929062107930055,-1.369062067613279,-1.6377602866386098,-0.4604550543212961,-0.4518840429761067,Spoofing,8,CICIoT2023
-0.5431984506839471,-0.395560330411052,-0.32612404871207434,-0.4413246768066931,-0.49021576194842825,-0.4514528464766595,-0.04587267162615144,Brute Force,1,CICIoT2023
-0.5641558401658228,2.6526927958899558,0.20209959319544854,1.5996975829677962,1.458612369635994,-0.42771975306807225,2.179517526452947,DDoS,2,CICIoT2023
-0.5429311903719918,-0.5067539572790604,-0.3526730023703197,-0.4413246768066931,0.2922733178935634,-0.27918332363156895,-0.5854960752107415,Normal,5,CICIoT2023
-0.5518778378778999,-0.5230460637798675,-0.37557721460521704,-0.4413246768066931,-0.8439225989317357,-0.42771975306807225,-0.5870108495885793,Normal,5,CICIoT2023
-0.4968866211891373,-0.5153073131919842,-0.37618647312741194,-0.4413246768066931,-0.256157143631077,-0.42771975306807225,-0.581737254501105,Normal,5,CICIoT2023
-0.5170183588076532,-0.14506919296114285,-0.3767774440522123,-0.4413246768066931,0.05462011789955257,-0.4518620377423248,-0.4440489772058749,Brute Force,1,CICIoT2023
-0.3532086332359302,-0.5430038942433562,-0.3803694165954218,1.5996975829677962,0.6816178646426106,-0.42771975306807225,-0.5841852136873275,Normal,5,CICIoT2023
-0.5578275685582865,2.3191119152859305,-0.17052646281394315,-1.369062067613279,-1.1197810670319575,-0.42771975306807225,2.7887429801987413,DDoS,2,CICIoT2023
-0.08714301283457047,-0.5197876424797061,-0.3785185844423548,1.5996975829677962,1.2465834018798854,-0.4514528464766595,-0.5823662630583796,Normal,5,CICIoT2023
-0.5610803305134399,-0.053833396556623093,-0.15742148331246172,-0.4413246768066931,0.9508006810576074,-0.42771975306807225,0.3799604910754044,DDoS,2,CICIoT2023
-0.5750991457898106,1.1277516274144115,-0.15113644308243743,-1.369062067613279,1.6540035593458495,-0.42771975306807225,0.6754890243115956,DoS,3,CICIoT2023
-0.5488304893528835,-0.5397454729431947,-0.36095584312999573,-1.369062067613279,-1.6377602866386098,-0.4604550543212961,-0.41966337379271634,Spoofing,8,CICIoT2023
-0.42719369204529994,-0.535672446317993,-0.37930808487872836,-0.4413246768066931,-0.8777116666923362,-0.4514528464766595,-0.578674349024399,Normal,5,CICIoT2023
-0.551960716856706,-0.5421892889183159,-0.3800483277520115,1.5996975829677962,-0.008747221943275738,-0.42771975306807225,-0.5768182479054345,Normal,5,CICIoT2023
-0.3273643415803659,-0.5438184995683966,-0.3745912292647822,1.5996975829677962,-1.5473308818872156,-0.4514528464766595,-0.5818299593739419,Normal,5,CICIoT2023
-0.4838943904340635,-0.17398768200007544,-0.3409063679250755,-0.4413246768066931,1.0034869782040756,-0.4518620377423248,-0.105977300728039,Brute Force,1,CICIoT2023
-0.5367750504362191,-0.5454477102184773,-0.3759293200020179,-1.369062067613279,-1.6377602866386098,-0.4604550543212961,-0.533646991528596,Spoofing,8,CICIoT2023
-0.5650429671131668,2.651878190564916,-0.24164514650869284,-0.4413246768066931,1.6902574831133026,-0.42771975306807225,1.6224090227493806,DDoS,2,CICIoT2023
-0.5740172571849556,0.5848171782750151,2.9451432369612434,-0.4413246768066931,0.7969525852965753,-0.42771975306807225,2.792334406908106,DDoS,2,CICIoT2023
-0.5584614403707847,1.840123984162202,0.8562619901601608,1.5996975829677962,0.5259211268764393,-0.42771975306807225,1.3959869860296525,DoS,3,CICIoT2023
-0.5592386457878227,-0.5250825770924684,-0.37479065357924174,-0.4413246768066931,0.23727621824067113,-0.42771975306807225,-0.5867560943284432,Normal,5,CICIoT2023
-0.491062152601236,-0.35483006415903423,-0.3710910290868265,-0.4413246768066931,-1.4911527053977065,-0.4510436552109942,-0.24706481096991192,Brute Force,1,CICIoT2023
-0.5599876306504102,2.474294229706118,2.034149104004802,1.5996975829677962,1.0597678570272036,-0.42771975306807225,2.3994111775308182,DDoS,2,CICIoT2023
-0.4823462928954308,-0.531192117030271,-0.35162038938933016,-0.4413246768066931,1.2122294712843813,-0.42771975306807225,-0.5860095607918612,Normal,5,CICIoT2023
-0.5752477676937343,1.427119084366742,0.6901767161061364,-0.4413246768066931,-0.026771481493383303,-0.42771975306807225,1.8855322168590944,DDoS,2,CICIoT2023
-0.4685779938891321,-0.5258971824175087,-0.374796901147098,-0.4413246768066931,-1.5662794624398928,-0.42771975306807225,-0.5854554503500622,Normal,5,CICIoT2023
-0.4297166874180483,-0.5344505383304324,-0.378208771463838,-0.4413246768066931,-0.9010764475906238,-0.27918332363156895,-0.5845291329922764,Normal,5,CICIoT2023
-0.566309119970509,0.19625043823076585,-0.15868936920558427,1.5996975829677962,-0.8028416654841971,-0.42771975306807225,2.882956202367381,DoS,3,CICIoT2023
-0.33122504937099895,-0.5303775117052307,-0.3698643262715299,-0.4413246768066931,-0.22596265754713615,-0.4514528464766595,-0.5812798556468488,Normal,5,CICIoT2023
-0.5596411266577775,1.3753916462266795,-0.010880305894949286,-1.369062067613279,-0.7738796074036823,-0.42771975306807225,2.0276193673911145,DDoS,2,CICIoT2023
-0.3007118212740562,-0.5397454729431947,-0.3810547142536674,-0.4413246768066931,-1.3457775521602293,-0.4514528464766595,-0.577916386945547,Normal,5,CICIoT2023
0.16969708307800424,-0.514900010529464,-0.3744820698437718,-0.4413246768066931,-0.04320385487239875,-0.4514528464766595,-0.5865465633775029,Normal,5,CICIoT2023
-0.16285210086898758,-0.5267117877425491,-0.37816924162525123,-0.4413246768066931,1.4859311903786072,-0.42771975306807225,-0.5863124634637619,Normal,5,CICIoT2023
-0.22087140865841257,-0.5385235649556342,-0.37920861656154353,-0.4413246768066931,-0.6633205452629941,-0.27918332363156895,-0.5833353040065473,Normal,5,CICIoT2023
-0.5698973041134103,3.079953288873622,2.2934489687954995,-1.369062067613279,1.3936017924552642,-0.42771975306807225,0.46116361985458293,DoS,3,CICIoT2023
-0.27629224166681154,-0.5320067223553114,-0.3489721176091247,1.5996975829677962,-0.5149156731837609,-0.27918332363156895,-0.5839843899547896,Normal,5,CICIoT2023
-0.5658594575386691,2.29508105819724,0.7716537384032994,-1.369062067613279,-0.5348399259058171,-0.42771975306807225,2.4119434920851894,DDoS,2,CICIoT2023
-0.5663165032065122,1.335475985299702,1.5934695869743758,1.5996975829677962,0.06447954192696184,-0.42771975306807225,2.175241787775452,DDoS,2,CICIoT2023
-0.5617050862098115,0.8320498944247628,4.734954261715924,1.5996975829677962,-0.4613564062015324,-0.42771975306807225,2.738732254759985,DoS,3,CICIoT2023
-0.506579898099547,-0.3193947325197788,-0.3389715807888806,-0.4413246768066931,-0.4883157687764796,-0.4518620377423248,-0.12031580662760284,Brute Force,1,CICIoT2023
-0.5647426856562472,2.5781564086487636,-0.29237177708438916,-1.369062067613279,-0.6194152976409372,-0.42771975306807225,1.2759987675732976,DoS,3,CICIoT2023
-0.4829247073824063,-0.5230460637798675,-0.37728762863218535,1.5996975829677962,-0.23972477025206157,-0.4514528464766595,-0.585797562006747,Normal,5,CICIoT2023
-0.1512161673586146,-0.537708959630594,-0.37970170041926204,-0.4413246768066931,-0.5379723470811919,-0.42771975306807225,-0.5824415095841453,Normal,5,CICIoT2023
-0.2245294374437173,-0.5421892889183159,-0.33259096994773474,-0.4413246768066931,-0.5275994113856884,-0.4514528464766595,-0.5858884335747435,Normal,5,CICIoT2023
-0.5646651570501632,0.40723321741621776,1.0688214725040768,-0.4413246768066931,-0.002790486593382639,-0.42771975306807225,1.736849730146672,DDoS,2,CICIoT2023
-0.5207181178902036,-0.5320067223553114,-0.35024949561451485,1.5996975829677962,0.9187062018017178,-0.42771975306807225,-0.5818371097202526,Normal,5,CICIoT2023
-0.5651834286240316,-0.08519570157067675,0.15941032872992036,1.5996975829677962,0.2910922410569467,-0.42771975306807225,2.8094121357258617,DDoS,2,CICIoT2023
-0.5621122224752346,1.0157433952213628,-0.32355718538471073,-1.369062067613279,-0.25559228079617335,-0.42771975306807225,1.8670897800731714,DDoS,2,CICIoT2023
0.17237003025320172,-0.531192117030271,-0.3804489444860525,1.5996975829677962,0.19830068263231887,-0.27918332363156895,-0.5872354579877476,Normal,5,CICIoT2023
-0.5750305848552033,1.1077937969509228,0.06148303454341772,1.5996975829677962,-0.38607559565891786,-0.42771975306807225,0.8882629780549027,DoS,3,CICIoT2023
-0.36037435813409374,-0.5434111969058764,-0.37830971635579436,1.5996975829677962,1.433501649066186,-0.42771975306807225,-0.5862702597935747,Normal,5,CICIoT2023
-0.3173197605867626,-0.537708959630594,-0.34888219167378903,-0.4413246768066931,-0.8053065214910494,-0.27918332363156895,-0.5802609304245465,Normal,5,CICIoT2023
-0.5695130552085287,0.8230892358493189,2.8355931434984973,-1.369062067613279,-0.22015997569767132,-0.42771975306807225,0.9682678788906848,DoS,3,CICIoT2023
-0.5675650739499789,0.20195267550604834,3.4267244548955538,1.5996975829677962,-0.7086122743889054,-0.42771975306807225,2.951445253833592,DDoS,2,CICIoT2023
-0.5661316276450059,1.7537758197079243,0.6193948136573134,1.5996975829677962,-1.05009753367157,-0.42771975306807225,2.1016515215442735,DoS,3,CICIoT2023
-0.5768134060681255,1.6356580475770728,-0.22956187726044028,1.5996975829677962,-1.4445258459347503,-0.42771975306807225,1.4294125327026401,DDoS,2,CICIoT2023
-0.44590693258532144,-0.5246752744299482,-0.3776291670558274,-0.4413246768066931,-0.15838452202593514,-0.4514528464766595,-0.5854419984798409,Normal,5,CICIoT2023
-0.5606716396934631,-0.5442258022309168,-0.3788255147335755,-1.369062067613279,-1.6377602866386098,-0.4604550543212961,-0.41823024437621803,Spoofing,8,CICIoT2023
-0.568360345639829,0.9550552985058564,0.4506906864545857,-0.4413246768066931,-0.8442307059325922,-0.42771975306807225,2.059764976723222,DoS,3,CICIoT2023
-0.5563099271773004,1.4344505322921053,-0.34864674899322323,-1.369062067613279,0.3307353418338215,-0.42771975306807225,1.1569847387518837,DoS,3,CICIoT2023
-0.38911258626910283,-0.5393381702806747,-0.3601435711650309,1.5996975829677962,1.055711114849259,-0.4514528464766595,-0.5865579981093493,Normal,5,CICIoT2023
-0.5586118778989393,2.0641404485482995,1.390575585816325,-1.369062067613279,1.725741139378614,-0.42771975306807225,1.0054563827443228,DDoS,2,CICIoT2023
-0.16721870466377073,-0.5438184995683966,-0.378602987364243,-0.4413246768066931,-0.0038688610963805276,-0.27918332363156895,-0.5864669735449507,Normal,5,CICIoT2023
-0.5125572277297004,-0.5177511291671052,-0.3461215261843454,-0.4413246768066931,0.49577799195930783,-0.42771975306807225,-0.5628821388241458,Normal,5,CICIoT2023
-0.5598710838366455,-0.3100267712818147,-0.37956464535072637,-0.4413246768066931,1.3532911265098668,-0.4514528464766595,-0.09120773458501698,Brute Force,1,CICIoT2023
-0.5068842774529003,-0.5140854052044236,-0.35274305077854406,-0.4413246768066931,0.4931590824520272,-0.4514528464766595,-0.5776961909241914,Normal,5,CICIoT2023
-0.4525898723130254,-0.37845361858520454,-0.3335815718822608,-0.4413246768066931,0.9572195769087852,-0.4510436552109942,-0.20907536378562064,Brute Force,1,CICIoT2023
-0.5730542840873296,1.3664309876512355,0.5331403910995205,-0.4413246768066931,1.4430529660927387,-0.42771975306807225,1.810343413685681,DDoS,2,CICIoT2023
0.2589011557615106,-0.5181584318296254,-0.37354571376559126,1.5996975829677962,0.8867144248794472,-0.4514528464766595,-0.5859010782548139,Normal,5,CICIoT2023
-0.5660326432396688,3.171596387940662,-0.35026879234920216,1.5996975829677962,-1.1657403613263913,-0.42771975306807225,2.3560662070075855,DDoS,2,CICIoT2023
-0.5503783949990292,-0.540152775605715,-0.3752495693700182,-1.369062067613279,-1.6377602866386098,-0.4604550543212961,-0.40745131992332034,Spoofing,8,CICIoT2023
-0.5719662365741964,0.10420003650120575,0.6613205152120143,1.5996975829677962,-1.2964804320231829,-0.42771975306807225,2.253269072175753,DoS,3,CICIoT2023
-0.5625951838461722,-0.5434111969058764,-0.37617502160889554,-1.369062067613279,-1.6377602866386098,-0.4604550543212961,-0.47413204890897026,Spoofing,8,CICIoT2023
-0.5688841859934168,0.13189661755257784,0.5409760519007475,-0.4413246768066931,-0.8351929005741338,-0.42771975306807225,0.826881654932289,DoS,3,CICIoT2023
-0.5636103585972325,0.29644689321072953,0.9784131383931665,-0.4413246768066931,0.18761963993595882,-0.42771975306807225,2.9540456929261234,DoS,3,CICIoT2023
-0.5409046126795206,-0.5454477102184773,-0.3707520853735855,-1.369062067613279,-1.6377602866386098,-0.4604550543212961,-0.42118725969681886,Spoofing,8,CICIoT2023
-0.4152634352904161,-0.535672446317993,-0.3754059629223253,-0.4413246768066931,0.6305234536672345,-0.42771975306807225,-0.5861575117822821,Normal,5,CICIoT2023
-0.571761146847277,3.12027625246312,0.16883204458217502,-1.369062067613279,1.5361526315182232,-0.42771975306807225,2.4572952493223825,DDoS,2,CICIoT2023
-0.4956161420791889,-0.5128634972168631,-0.38084325624928655,1.5996975829677962,0.7529446353408995,-0.4514528464766595,-0.5841581946997675,Normal,5,CICIoT2023
-0.49514948096312905,-0.5030882333163789,-0.31833532667043185,-0.4413246768066931,1.1721242100062217,-0.4518620377423248,-0.24978965122645153,Brute Force,1,CICIoT2023
-0.5026259083144191,-0.3918946064483704,-0.37836971546841464,-0.4413246768066931,0.43626198962718626,-0.4518620377423248,-0.4020614438883792,Brute Force,1,CICIoT2023
-0.5437851911809432,-0.5295629063801903,-0.3807618893381212,1.5996975829677962,1.3817396729222875,-0.27918332363156895,-0.5833489711143576,Normal,5,CICIoT2023
-0.5645930585945665,2.712566287280422,-0.11503170578386947,1.5996975829677962,0.531107594724191,-0.42771975306807225,2.184055138617638,DoS,3,CICIoT2023
-0.4638484110234737,-0.44769507121363467,-0.344180608203566,-0.4413246768066931,-1.2415860347039094,-0.4510436552109942,-0.11490255091399185,Brute Force,1,CICIoT2023
-0.3126842492319258,-0.5275263930675894,-0.3663362563542351,-0.4413246768066931,0.3753595057912103,-0.4514528464766595,-0.5833156829418299,Normal,5,CICIoT2023
-0.5659727882927862,1.656837786028122,-0.2812477136612442,-0.4413246768066931,-0.2114816285068788,-0.42771975306807225,2.0654008209602646,DDoS,2,CICIoT2023
-0.5304719112046806,-0.20942301363933088,-0.36835225887836726,-0.4413246768066931,0.26700854382332717,-0.4518620377423248,-0.12132436390089804,Brute Force,1,CICIoT2023
-0.4183161714745623,-0.517343826504585,-0.3801311403295493,-0.4413246768066931,-0.8697522358368756,-0.27918332363156895,-0.5866379271401504,Normal,5,CICIoT2023
-0.5582299935361433,2.3920190918770423,-0.11894690674417084,1.5996975829677962,-1.0928730556238198,-0.42771975306807225,1.5001193074353563,DoS,3,CICIoT2023
-0.44422516681054164,-0.510419681241742,-0.37526328803887804,1.5996975829677962,1.0870353266030073,-0.27918332363156895,-0.5871718337688919,Normal,5,CICIoT2023
-0.47021894176851864,-0.4998298120162174,-0.36286002330382955,-0.4413246768066931,-0.494067099459135,-0.4518620377423248,-0.33109611342817025,Brute Force,1,CICIoT2023
-0.46805121726025334,-0.3344649310330254,-0.37342429032765434,-0.4413246768066931,0.01261486344944434,-0.4510436552109942,-0.3086698166416075,Brute Force,1,CICIoT2023
-0.46216764470111266,-0.3707148679973212,-0.3721342830701458,-0.4413246768066931,0.37422978012140296,-0.4514528464766595,-0.47413098533876935,Brute Force,1,CICIoT2023
-0.5595276470682679,3.3239275837232083,1.7748014459904864,-0.4413246768066931,1.0780488724113582,-0.42771975306807225,2.8102734592479863,DDoS,2,CICIoT2023
-0.5727438405403852,-0.5434111969058764,-0.37673594738879695,-1.369062067613279,-1.6377602866386098,-0.4604550543212961,-0.5293132146371997,Spoofing,8,CICIoT2023
-0.5158716730142576,-0.5413746835932755,-0.37820914019328,-1.369062067613279,-1.6377602866386098,-0.4604550543212961,-0.4792873516558156,Spoofing,8,CICIoT2023
-0.45438882656395724,-0.5275263930675894,-0.37643903151804736,-0.4413246768066931,0.9586574095794491,-0.27918332363156895,-0.5815701965408274,Normal,5,CICIoT2023
-0.5606660282665373,-0.5397454729431947,-0.3799291588124578,-1.369062067613279,-1.6377602866386098,-0.4604550543212961,-0.520757311711385,Spoofing,8,CICIoT2023
-0.42341773298621344,-0.5340432356679123,-0.3693409907324132,1.5996975829677962,1.1095271376655347,-0.27918332363156895,-0.5856181606774645,Normal,5,CICIoT2023
-0.5706102445505824,3.499882333931925,-0.3552962338890651,-1.369062067613279,-0.986627491495123,-0.42771975306807225,1.493543726988254,DDoS,2,CICIoT2023
-0.1589265594590221,-0.5442258022309168,-0.3521777034224302,-0.4413246768066931,-0.9039521129319515,-0.42771975306807225,-0.5870371084708667,Normal,5,CICIoT2023
-0.5070293863594549,-0.535672446317993,-0.37848014472822217,1.5996975829677962,-0.7285365271109616,-0.4514528464766595,-0.5854145828890808,Normal,5,CICIoT2023
-0.5431826225315313,-0.5417819862557957,-0.3742707638283022,1.5996975829677962,-0.48749415010752883,-0.4514528464766595,-0.5871316878332583,Normal,5,CICIoT2023
-0.5595919913146179,1.1627796563911468,0.6289918293903397,1.5996975829677962,0.213603330341527,-0.42771975306807225,1.2993062365043178,DoS,3,CICIoT2023
-0.5430985362826495,-0.531192117030271,-0.3598972925426566,-0.4413246768066931,0.07218221694837533,-0.27918332363156895,-0.5873847068468545,Normal,5,CICIoT2023
-0.5682485797136891,0.5400138853977956,0.8312718099725535,-0.4413246768066931,-0.9759464487987629,-0.42771975306807225,0.8506732447842493,DoS,3,CICIoT2023
-0.09775318204509426,-0.5087904705916613,-0.35076302190088915,-0.4413246768066931,0.17401158073146167,-0.42771975306807225,-0.5842590358836599,Normal,5,CICIoT2023
-0.14327467492004653,-0.5405600782682352,-0.32429701316872345,-0.4413246768066931,-0.618542327805177,-0.4514528464766595,-0.568904168226515,Normal,5,CICIoT2023
-0.5684327263435125,0.8251257491619198,0.03612355837408965,-1.369062067613279,-1.3457262009934199,-0.42771975306807225,0.35429564929090873,DDoS,2,CICIoT2023
-0.5675545422531506,1.1896616321174787,0.3229604040789554,-0.4413246768066931,1.453990764623146,-0.42771975306807225,2.0330456475063725,DoS,3,CICIoT2023
-0.3677456275795569,-0.5295629063801903,-0.3775042963066173,-0.4413246768066931,0.2583815477993441,-0.42771975306807225,-0.5843486397036184,Normal,5,CICIoT2023
-0.566068779539119,0.5489745439732395,0.009694270925737002,-0.4413246768066931,1.6238090732619086,-0.42771975306807225,2.6195747501892086,DDoS,2,CICIoT2023
-0.5722983217712105,-0.5409673809307554,-0.37893294181104537,-1.369062067613279,-1.6377602866386098,-0.4604550543212961,-0.5201868948665096,Spoofing,8,CICIoT2023
-0.5615044182967502,2.166373416840864,0.049380147535389024,1.5996975829677962,0.9968113265188506,-0.42771975306807225,0.7392835351474767,DDoS,2,CICIoT2023
-0.44526111369369087,-0.5360797489805131,-0.3735380321336037,1.5996975829677962,1.2639400962614704,-0.42771975306807225,-0.5855100472823982,Normal,5,CICIoT2023
-0.24353098342275073,-0.5307848143677509,-0.363332835587923,1.5996975829677962,1.3874396524381334,-0.27918332363156895,-0.585445330254608,Normal,5,CICIoT2023
-0.5526872944981602,-0.5454477102184773,-0.38089221869369505,-1.369062067613279,-1.6377602866386098,-0.4604550543212961,-0.4524865672793941,Spoofing,8,CICIoT2023
-0.4992340139894738,-0.5332286303428719,-0.3456143115235555,1.5996975829677962,1.4965095307413483,-0.4514528464766595,-0.586825218592478,Normal,5,CICIoT2023
-0.56891630110175,-0.540152775605715,-0.38087268510159616,-1.369062067613279,-1.6377602866386098,-0.4604550543212961,-0.5316421612061345,Spoofing,8,CICIoT2023
-0.5672434765559945,0.7448871246454449,1.3340819602325473,-0.4413246768066931,-0.8762224828548629,-0.42771975306807225,3.0449909591159376,DDoS,2,CICIoT2023
-0.4581500311605974,-0.2342684760530617,-0.3730851139372183,-0.4413246768066931,0.2390221579121915,-0.4510436552109942,-0.46924161771005973,Brute Force,1,CICIoT2023
-0.5767549574868289,1.1200128768265283,1.4374557064774067,1.5996975829677962,-0.15042509117047453,-0.42771975306807225,0.5041946310400863,DoS,3,CICIoT2023
-0.49489622946149114,-0.163805115437071,-0.33857883691148555,-0.4413246768066931,0.005887860597409892,-0.4510436552109942,-0.26756364751138295,Brute Force,1,CICIoT2023
-0.4072369977065085,-0.5271190904050693,-0.36512745258178975,1.5996975829677962,1.349901949500445,-0.27918332363156895,-0.5811752801647067,Normal,5,CICIoT2023
-0.5728701161241131,0.09849779922592328,2.564762185850054,-0.4413246768066931,-0.34874329738846715,-0.42771975306807225,1.7892561820478547,DoS,3,CICIoT2023
-0.557676327385745,1.158299327103425,0.17998723288706708,1.5996975829677962,0.9056630054321243,-0.42771975306807225,2.236318730621959,DDoS,2,CICIoT2023
-0.5709406243396173,0.18199484504255964,0.6163435739710559,1.5996975829677962,-1.4368231709133368,-0.42771975306807225,2.446724895307075,DDoS,2,CICIoT2023
-0.5661880706032879,1.9928624826072685,1.6216765511193025,-1.369062067613279,1.5206959303085867,-0.42771975306807225,1.777957189675681,DDoS,2,CICIoT2023
-0.5479561331505896,-0.5442258022309168,-0.38026190176163155,-1.369062067613279,-1.6377602866386098,-0.4604550543212961,-0.4114489943398644,Spoofing,8,CICIoT2023
-0.4474438996126338,-0.3189874298572586,-0.3612653009259929,-0.4413246768066931,0.19306286361775768,-0.4518620377423248,-0.25539995252817416,Brute Force,1,CICIoT2023
-0.5615321437266491,2.8424958366243587,2.261369722131111,-1.369062067613279,0.02647967848798862,-0.42771975306807225,0.9864672087656559,DoS,3,CICIoT2023
-0.5586388176754143,2.427861726178818,-0.27135107491813354,-0.4413246768066931,0.516677916850743,-0.42771975306807225,1.2036750873068363,DDoS,2,CICIoT2023
-0.5687498643276285,3.1198689498005994,0.0394065610089287,-0.4413246768066931,-1.13025670506108,-0.42771975306807225,1.0928701097479323,DDoS,2,CICIoT2023
-0.5680195703955957,1.0202237245090848,0.6956111432864356,1.5996975829677962,-0.19330331545634294,-0.42771975306807225,2.7580904852291064,DoS,3,CICIoT2023
-0.44207570086406067,-0.5177511291671052,-0.3789929370228045,1.5996975829677962,0.8685361118289113,-0.27918332363156895,-0.5862684263579635,Normal,5,CICIoT2023
-0.25389841257247836,-0.5144927078669438,-0.37693272969229613,-0.4413246768066931,0.327397515991209,-0.27918332363156895,-0.5874078794596427,Normal,5,CICIoT2023
0.022111910930637645,-0.5397454729431947,-0.376328982237545,1.5996975829677962,-0.34114332470067255,-0.27918332363156895,-0.5833869118667181,Normal,5,CICIoT2023
-0.41145685072076676,-0.5328213276803517,-0.35216468385895,-0.4413246768066931,1.005232917875596,-0.27918332363156895,-0.5849488664019464,Normal,5,CICIoT2023
-0.5379259540768749,-0.5275263930675894,-0.3635298912394584,1.5996975829677962,-0.24937878961223314,-0.42771975306807225,-0.5864472959235341,Normal,5,CICIoT2023
-0.5158215044994681,-0.5071612599415806,-0.37035610983125317,-0.4413246768066931,1.356320845351623,-0.4514528464766595,-0.5857741512090773,Normal,5,CICIoT2023
-0.49510033714273793,-0.5389308676181545,-0.3603680876619364,1.5996975829677962,-1.4883797423899976,-0.42771975306807225,-0.5871552930736754,Normal,5,CICIoT2023
-0.5503089687503756,-0.5364870516430333,-0.37852071910542645,-0.4413246768066931,-0.15982235469659897,-0.4514528464766595,-0.5821498094296037,Normal,5,CICIoT2023
-0.47748282419023114,-0.24770946391622756,-0.36054547127645215,-0.4413246768066931,-0.4785590470826892,-0.4510436552109942,-0.0555555851785666,Brute Force,1,CICIoT2023
-0.5760041440324423,3.3748404165382304,0.5504250125434578,-1.369062067613279,-0.10236039903685434,-0.42771975306807225,2.1961823003998076,DDoS,2,CICIoT2023
-0.46088775844796065,-0.514900010529464,-0.3681057932133463,1.5996975829677962,1.2753400552931624,-0.27918332363156895,-0.5834446021703167,Normal,5,CICIoT2023
-0.5662483551169392,1.0312208963971294,-0.20926363706404144,-1.369062067613279,1.2995264548604009,-0.42771975306807225,1.6869861499803671,DoS,3,CICIoT2023
-0.48209652588837304,-0.5177511291671052,-0.37365124289986595,1.5996975829677962,1.711773622006451,-0.27918332363156895,-0.5840546388088018,Normal,5,CICIoT2023
-0.49461465700925167,-0.37641710527260364,-0.38033452586042743,-0.4413246768066931,0.2206897913612274,-0.4514528464766595,-0.13578359236922724,Brute Force,1,CICIoT2023
-0.5741496011026609,1.2352795303197384,-0.33740592542996484,1.5996975829677962,0.6603071304167,-0.42771975306807225,1.6830546199863352,DoS,3,CICIoT2023
-0.4374897452467476,-0.5434111969058764,-0.3742801971256348,1.5996975829677962,0.04568501487471292,-0.27918332363156895,-0.5845073809553403,Normal,5,CICIoT2023
-0.5627576610088202,0.7204489648942343,0.15315392772821024,-0.4413246768066931,1.4278016695503402,-0.42771975306807225,1.2477836831723537,DDoS,2,CICIoT2023
-0.5086280054473197,-0.5409673809307554,-0.3769014686541883,-1.369062067613279,-1.6377602866386098,-0.4604550543212961,-0.5183483586569082,Spoofing,8,CICIoT2023
-0.5469376505024874,-0.23386117339054152,-0.3305368870967685,-0.4413246768066931,0.927949411827414,-0.4510436552109942,-0.29939785544686925,Brute Force,1,CICIoT2023
-0.574657626577072,0.16448083055419202,0.6442783577459226,1.5996975829677962,-0.6955177268525025,-0.42771975306807225,1.513055954652252,DDoS,2,CICIoT2023
-0.5655105652243664,0.5167976336341455,-0.15969333115054649,1.5996975829677962,1.4100341658342797,-0.42771975306807225,1.344923778629232,DDoS,2,CICIoT2023
-0.5328935906271072,-0.5108269839042622,-0.3788118694771305,1.5996975829677962,0.09914157952332255,-0.42771975306807225,-0.580668971900248,Normal,5,CICIoT2023
-0.4558258231549013,-0.38659967183560806,-0.3356056305980641,-0.4413246768066931,1.3625856877023725,-0.4514528464766595,-0.11630846642007076,Brute Force,1,CICIoT2023
-0.4653880041772843,-0.5197876424797061,-0.37816252823075236,1.5996975829677962,1.4187638641918816,-0.27918332363156895,-0.5867739172166638,Normal,5,CICIoT2023
-0.4489871208241009,-0.3246896671325411,-0.35739803212369464,-0.4413246768066931,-1.2399941485328174,-0.4510436552109942,-0.33161119053519256,Brute Force,1,CICIoT2023
-0.5639329522834414,0.15837129061638935,0.8212414392042888,-1.369062067613279,0.18212506508735055,-0.42771975306807225,1.3874799665905975,DDoS,2,CICIoT2023
-0.5624896051125324,1.6393237715397544,0.4720810939740451,-0.4413246768066931,-0.8035092306527196,-0.42771975306807225,1.0289247574062892,DDoS,2,CICIoT2023
-0.5726386290849983,2.4127915276655716,-0.16061801929039138,1.5996975829677962,0.23558162973596014,-0.42771975306807225,2.345131360555818,DDoS,2,CICIoT2023
-0.5585154969729524,-0.538116262293114,-0.378153373742293,1.5996975829677962,-1.0119949678989781,-0.4514528464766595,-0.5790017785275375,Normal,5,CICIoT2023
-0.5081071402498044,-0.5181584318296254,-0.3771232275150072,-0.4413246768066931,1.5373850595216494,-0.42771975306807225,-0.5839535756243613,Normal,5,CICIoT2023
-0.4188423047294218,-0.5271190904050693,-0.36677728154511186,1.5996975829677962,1.1705323238351295,-0.4514528464766595,-0.5833050786242017,Normal,5,CICIoT2023
-0.49209793583810735,-0.5364870516430333,-0.3701406497842746,-0.4413246768066931,-0.4096971323912526,-0.4514528464766595,-0.5806424742347718,Normal,5,CICIoT2023
-0.5714434970909904,2.1464155863773753,-0.17760419473523376,-1.369062067613279,-0.5423885474268023,-0.42771975306807225,1.0986253334884832,DoS,3,CICIoT2023
-0.3735301134234078,-0.540152775605715,-0.3698394201776933,1.5996975829677962,-1.2540130170717898,-0.27918332363156895,-0.5871203104279266,Normal,5,CICIoT2023
-0.31587743226903753,-0.5246752744299482,-0.36386811468540575,-0.4413246768066931,-0.09845771035933817,-0.4514528464766595,-0.5795277566764723,Normal,5,CICIoT2023
-0.49594154916009886,-0.3295772990827832,-0.367629044828805,-0.4413246768066931,1.1758728451833096,-0.4510436552109942,-0.2763189000171169,Brute Force,1,CICIoT2023
-0.5142482322397025,-0.5450404075559571,-0.38014639224926644,-1.369062067613279,-1.6377602866386098,-0.4604550543212961,-0.41682955899490487,Spoofing,8,CICIoT2023
-0.44713673107922614,-0.36338342007195795,-0.3810501876723699,-0.4413246768066931,0.2510383309455966,-0.4510436552109942,-0.1964989461088784,Brute Force,1,CICIoT2023
-0.5057647840580215,-0.36379072273447816,-0.3806224950770495,-0.4413246768066931,0.06632818393210108,-0.4510436552109942,-0.42105757851000863,Brute Force,1,CICIoT2023
-0.5201871403901889,-0.5153073131919842,-0.3749887676491992,1.5996975829677962,-1.5384984811959947,-0.4514528464766595,-0.5864873289769612,Normal,5,CICIoT2023
-0.21569266800371975,-0.5169365238420649,-0.3718605375499213,1.5996975829677962,1.081797507588446,-0.42771975306807225,-0.5842511216830182,Normal,5,CICIoT2023
-0.5768354890802635,0.5514183599483606,0.20996967413991874,-0.4413246768066931,0.1498251811642233,-0.42771975306807225,1.1876810758021914,DoS,3,CICIoT2023
-0.5763309973090031,2.251092370645061,0.7978072764850979,-1.369062067613279,0.8708982655021448,-0.42771975306807225,1.2219120231726173,DoS,3,CICIoT2023
-0.544006683499382,-0.5201949451422263,-0.3739925724365435,1.5996975829677962,0.4669699873792214,-0.42771975306807225,-0.5869163694909819,Normal,5,CICIoT2023
-0.5510408809834585,-0.5438184995683966,-0.3735088247734598,-1.369062067613279,-1.6377602866386098,-0.4604550543212961,-0.5613027855298769,Spoofing,8,CICIoT2023
-0.5057678841937177,-0.5161219185170245,-0.381065162825291,-0.4413246768066931,-0.693874489514601,-0.4514528464766595,-0.5838615847323239,Normal,5,CICIoT2023
-0.4986955960412541,-0.5320067223553114,-0.37390680614508925,-0.4413246768066931,0.4791915650798641,-0.27918332363156895,-0.5794267964572644,Normal,5,CICIoT2023
-0.5682637967635709,0.3420647914129894,-0.09968414153358347,-1.369062067613279,-0.4422537721484269,-0.42771975306807225,2.2868270924239105,DDoS,2,CICIoT2023
-0.5736872348945906,2.4983250867948086,1.4196857656575468,-0.4413246768066931,0.7140204508993567,-0.42771975306807225,2.298562013059765,DDoS,2,CICIoT2023
-0.5649779858840063,0.042697334460658966,1.2568984801895748,1.5996975829677962,-0.013060719955267292,-0.42771975306807225,1.9929279760086398,DDoS,2,CICIoT2023
-0.5447848938565722,-0.531192117030271,-0.3803687676587429,-0.4413246768066931,-0.9250060913238151,-0.27918332363156895,-0.5867167259811077,Normal,5,CICIoT2023
-0.5236351017544508,-0.5385235649556342,-0.37868877941609563,-1.369062067613279,-1.6377602866386098,-0.4604550543212961,-0.4553649206056004,Spoofing,8,CICIoT2023
-0.5255027111266395,-0.5315994196927912,-0.381110049717105,-0.4413246768066931,-0.8329848004013285,-0.42771975306807225,-0.5837347191040747,Normal,5,CICIoT2023
-0.328528223450194,-0.5393381702806747,-0.3649348531122257,-0.4413246768066931,-0.3248136536552759,-0.42771975306807225,-0.581836771530358,Normal,5,CICIoT2023
-0.5574076714697527,-0.544633104893437,-0.37709239201005257,-1.369062067613279,-1.6377602866386098,-0.4604550543212961,-0.4182493405987391,Spoofing,8,CICIoT2023
-0.49868975077782546,-0.3825266452104063,-0.37341046925226334,-0.4413246768066931,-0.47671040507754997,-0.4514528464766595,-0.3814788913365444,Brute Force,1,CICIoT2023
-0.5563192669394713,-0.5450404075559571,-0.38000879227143514,-1.369062067613279,-1.6377602866386098,-0.4604550543212961,-0.42980119489757856,Spoofing,8,CICIoT2023
-0.53984608789593,-0.5397454729431947,-0.37565718956567,-1.369062067613279,-1.6377602866386098,-0.4604550543212961,-0.5201091281545408,Spoofing,8,CICIoT2023
-0.5614987528690126,2.0315562355466854,0.7223909557700667,-1.369062067613279,-1.3788477035854978,-0.42771975306807225,2.3507424644079262,DoS,3,CICIoT2023
-0.5759303769922685,1.3965713846777288,0.3088752847401665,1.5996975829677962,-0.6473503323852634,-0.42771975306807225,2.896036159417975,DDoS,2,CICIoT2023
-0.2018982208808667,-0.5238606691049079,-0.3759814743237837,-0.4413246768066931,-0.21178973550773533,-0.4514528464766595,-0.5870271056399343,Normal,5,CICIoT2023
-0.5567628047018587,2.0572163032854567,3.9885440323354233,-0.4413246768066931,0.3897891836646582,-0.42771975306807225,1.2358592668953459,DDoS,2,CICIoT2023
-0.4221002739411344,-0.5344505383304324,-0.35331435712397413,-0.4413246768066931,-1.0198516964208197,-0.42771975306807225,-0.5868389615695596,Normal,5,CICIoT2023
-0.5006693023968668,-0.5153073131919842,-0.3722152422256347,-0.4413246768066931,0.4730294250627333,-0.27918332363156895,-0.582111515639479,Normal,5,CICIoT2023
-0.5599671773241467,1.316740062823774,-0.026725033514476422,-0.4413246768066931,1.348926277331066,-0.42771975306807225,1.659796866919132,DoS,3,CICIoT2023
-0.5714409248945205,2.2107694070555635,-0.26539211831853826,-0.4413246768066931,1.105213639653543,-0.42771975306807225,1.1754999323326911,DDoS,2,CICIoT2023
-0.41994743675387697,-0.5059393519540201,-0.37547357071027876,-0.4413246768066931,1.6579062480233657,-0.27918332363156895,-0.5766446928226969,Normal,5,CICIoT2023
-0.06928963912874216,-0.5352651436554728,-0.37777515993721017,1.5996975829677962,0.6235910461479623,-0.27918332363156895,-0.5817190446008447,Normal,5,CICIoT2023
-0.5748445390858428,-0.0069935903668026855,1.0081950662474166,-1.369062067613279,0.14813059265951234,-0.42771975306807225,1.8936469895523487,DoS,3,CICIoT2023
0.20605038839885226,-0.5393381702806747,-0.3796272423130137,-0.4413246768066931,1.3377830741334211,-0.27918332363156895,-0.5863211960525362,Normal,5,CICIoT2023
-0.5162826595642185,-0.5417819862557957,-0.3808752612584237,-1.369062067613279,-1.6377602866386098,-0.4604550543212961,-0.4087589377868893,Spoofing,8,CICIoT2023
-0.5681069805346987,1.1159398502013265,0.49648809174842784,-1.369062067613279,-0.026001213991241955,-0.42771975306807225,1.682102778643902,DDoS,2,CICIoT2023
-0.5641085707152258,1.0132995792462418,0.8230186401253232,-1.369062067613279,-0.9015386080919086,-0.42771975306807225,2.655419412807547,DDoS,2,CICIoT2023
-0.5579488965838827,2.2356148694692943,0.6393590538959362,-1.369062067613279,-0.7880011782762738,-0.42771975306807225,0.4826659541782103,DDoS,2,CICIoT2023
-0.5294394975083292,-0.5397454729431947,-0.380608032374192,-1.369062067613279,-1.6377602866386098,-0.4604550543212961,-0.43154756075083356,Spoofing,8,CICIoT2023
-0.15586115192074348,-0.5442258022309168,-0.3616339716945186,1.5996975829677962,-0.00987694761308305,-0.4514528464766595,-0.5859760388996601,Normal,5,CICIoT2023
-0.5653900082824761,1.3872034234397645,4.029729287489125,1.5996975829677962,-0.31089748744992224,-0.42771975306807225,2.9523407759326785,DoS,3,CICIoT2023
-0.560474871892833,0.8817408192522244,-0.12921839905276672,1.5996975829677962,0.6334504701753716,-0.42771975306807225,0.35140714914812415,DDoS,2,CICIoT2023
-0.21538384535610997,-0.5096050759167017,-0.38026037600740853,-0.4413246768066931,-0.2779300383582725,-0.27918332363156895,-0.5852134935689725,Normal,5,CICIoT2023
-0.5137074604122307,-0.5442258022309168,-0.3808097493108417,-1.369062067613279,-1.6377602866386098,-0.4604550543212961,-0.5437841333115795,Spoofing,8,CICIoT2023
-0.5763986500296633,0.15144714535354634,1.9081983102004663,1.5996975829677962,-0.5390507215841898,-0.42771975306807225,0.6162750942355515,DoS,3,CICIoT2023
-0.56104961919252,-0.12388945451009362,-0.30311304776190134,-0.4413246768066931,0.9155224294595335,-0.42771975306807225,2.8286402117437643,DoS,3,CICIoT2023
-0.5392107017314308,-0.5421892889183159,-0.37832443541493677,-1.369062067613279,-1.6377602866386098,-0.4604550543212961,-0.4767033953961369,Spoofing,8,CICIoT2023
-0.556112873020053,-0.5397454729431947,-0.37785346145288,-1.369062067613279,-1.6377602866386098,-0.4604550543212961,-0.5111125045266287,Spoofing,8,CICIoT2023
-0.5567632968740774,1.8963317515899865,-0.23722099170941952,-0.4413246768066931,-1.5720307931225481,-0.42771975306807225,0.8023821187692011,DoS,3,CICIoT2023
-0.5079839198102889,-0.5389308676181545,-0.376764324192502,-1.369062067613279,-1.6377602866386098,-0.4604550543212961,-0.5097567673029242,Spoofing,8,CICIoT2023
-0.5566714352411752,0.6654631054540103,0.7259214423924546,1.5996975829677962,-1.3533261736812146,-0.42771975306807225,1.4010880338720098,DoS,3,CICIoT2023
-0.5629120840180989,2.126865058576407,2.312494332773128,-1.369062067613279,-0.8731414128462975,-0.42771975306807225,1.187377141276369,DoS,3,CICIoT2023
-0.5603985846458878,2.852678403187363,-0.1804694294049814,1.5996975829677962,1.5311202171708997,-0.42771975306807225,2.5183199441056456,DDoS,2,CICIoT2023
-0.5714635977055876,1.172147617629111,-0.2846394800279365,-0.4413246768066931,-1.3913260371201877,-0.42771975306807225,0.46081018062129125,DoS,3,CICIoT2023
-0.33740458482036323,-0.5181584318296254,-0.3769480448439671,-0.4413246768066931,1.2389834291920907,-0.42771975306807225,-0.5839165398202647,Normal,5,CICIoT2023
-0.5478578587704279,-0.5397454729431947,-0.3810764436611566,-1.369062067613279,-1.6377602866386098,-0.4604550543212961,-0.5359631440897807,Spoofing,8,CICIoT2023
-0.5608888134243449,-0.5409673809307554,-0.37766661424840337,-1.369062067613279,-1.6377602866386098,-0.4604550543212961,-0.5323418780040922,Spoofing,8,CICIoT2023
-0.14361037108763872,-0.5230460637798675,-0.3802478736097905,-0.4413246768066931,-0.8781224760268116,-0.4514528464766595,-0.5778583434066282,Normal,5,CICIoT2023
-0.5622403634857047,-0.5413746835932755,-0.3688070645993787,-1.369062067613279,-1.6377602866386098,-0.4604550543212961,-0.5017858434371487,Spoofing,8,CICIoT2023
-0.31200308248089714,-0.537708959630594,-0.37332878834789085,1.5996975829677962,1.1344838047349144,-0.42771975306807225,-0.5838012756286626,Normal,5,CICIoT2023
-0.324335517877007,-0.5336359330053921,-0.37680928653686335,-0.4413246768066931,1.3349587599589028,-0.42771975306807225,-0.5867343978825342,Normal,5,CICIoT2023
-0.5610058073322296,1.578635674824248,-0.1483535252744779,1.5996975829677962,0.23660865307214862,-0.42771975306807225,2.3363072249419026,DoS,3,CICIoT2023
-0.506442997157052,-0.5332286303428719,-0.37456944203592724,1.5996975829677962,0.697793482187579,-0.42771975306807225,-0.5866147500880692,Normal,5,CICIoT2023
-0.5250660043325703,-0.5421892889183159,-0.37760856652779456,-1.369062067613279,-1.6377602866386098,-0.4604550543212961,-0.5367583785471309,Spoofing,8,CICIoT2023
-0.5133428293302019,-0.5450404075559571,-0.3781896179791413,-1.369062067613279,-1.6377602866386098,-0.4604550543212961,-0.5183640194420114,Spoofing,8,CICIoT2023
-0.568124225392567,2.863675575075408,-0.21897566690480466,-1.369062067613279,-0.7722363700657808,-0.42771975306807225,1.8336618626611605,DDoS,2,CICIoT2023
-0.4537140248009124,-0.5368943543055535,-0.36862201590480487,-0.4413246768066931,1.4636447839833175,-0.27918332363156895,-0.586705663217659,Normal,5,CICIoT2023
0.35956493495405595,-0.5091977732541815,-0.3717112764767693,1.5996975829677962,0.47595644157087047,-0.4514528464766595,-0.5870529193695485,Normal,5,CICIoT2023
-0.5564682597672086,0.44755618100571537,0.10786688698505457,-1.369062067613279,0.038290446854155974,-0.42771975306807225,0.575578275218077,DDoS,2,CICIoT2023
-0.539722545878172,-0.32509696979506125,-0.36460875124095626,-0.4413246768066931,-0.7720309653985431,-0.4514528464766595,-0.46477084331563284,Brute Force,1,CICIoT2023
-0.5736020061475725,2.973239991293336,0.9037410649246227,-0.4413246768066931,-1.542041711705845,-0.42771975306807225,0.5348198219902357,DDoS,2,CICIoT2023
-0.3142411789425116,-0.5352651436554728,-0.374261766663478,1.5996975829677962,0.5676696254925004,-0.4514528464766595,-0.5865096005412899,Normal,5,CICIoT2023
-0.562919639374828,1.6169221251011447,-0.1488396878972934,-0.4413246768066931,1.091965038616712,-0.42771975306807225,1.543557384913061,DDoS,2,CICIoT2023
-0.5676155178573667,1.0906870851250754,0.4320967557540632,-1.369062067613279,0.8084038954950766,-0.42771975306807225,2.285445294193666,DDoS,2,CICIoT2023
-0.5588257788408636,1.1391561019649765,-0.14074839833929245,1.5996975829677962,1.1918430580610402,-0.42771975306807225,0.902306459569532,DoS,3,CICIoT2023
-0.3146109649618971,-0.5332286303428719,-0.37530431345571974,-0.4413246768066931,0.6062857029331867,-0.4514528464766595,-0.5870284725623239,Normal,5,CICIoT2023
-0.5705026311020177,2.4380442927418224,0.9643264310334388,-0.4413246768066931,-0.6237801468197381,-0.42771975306807225,0.8662172414411721,DoS,3,CICIoT2023
-0.5679320944005737,1.7378910158696375,2.1165524273300726,-0.4413246768066931,-1.2457454792154727,-0.42771975306807225,0.99035570835572,DDoS,2,CICIoT2023
-0.5274526785850644,-0.44932428186371537,-0.32841892220836943,-0.4413246768066931,-1.06791638855444,-0.4514528464766595,-0.4307348014844381,Brute Force,1,CICIoT2023
-0.3435521726405078,-0.535672446317993,-0.36503877848028565,-0.4413246768066931,-0.2794192221957458,-0.42771975306807225,-0.5863169688460228,Normal,5,CICIoT2023
-0.5633153110048165,2.849827284549722,-0.12287528154637879,1.5996975829677962,1.5718930436175818,-0.42771975306807225,1.6405108264204216,DDoS,2,CICIoT2023
-0.4768911717176739,-0.41755467418714154,-0.33666030406090314,-0.4413246768066931,-0.8499306854484382,-0.4518620377423248,-0.20870513372268978,Brute Force,1,CICIoT2023
-0.4530310339053603,-0.5197876424797061,-0.37695199666755047,1.5996975829677962,0.3037246280920648,-0.27918332363156895,-0.5857094082074192,Normal,5,CICIoT2023
-0.4467562489946103,-0.4684675070021637,-0.33084500683656837,-0.4413246768066931,0.7202852932501064,-0.4514528464766595,-0.08646916820024633,Brute Force,1,CICIoT2023
-0.5594477397804329,0.4499999969808364,0.08392449984982038,-0.4413246768066931,0.42963768910877065,-0.42771975306807225,0.4581993775003386,DoS,3,CICIoT2023
-0.1290660846757386,-0.5083831679291412,-0.3716383076098973,-0.4413246768066931,-0.3915701705075262,-0.27918332363156895,-0.5868598146951278,Normal,5,CICIoT2023
-0.396417348879464,-0.5132707998793833,-0.3747104363186093,1.5996975829677962,1.1780809453561147,-0.27918332363156895,-0.5825774762206322,Normal,5,CICIoT2023
-0.5753175211412076,1.0996477437005194,0.23615579116231095,-0.4413246768066931,-0.36964322227990243,-0.42771975306807225,2.03611198926514,DoS,3,CICIoT2023
-0.21364317410044537,-0.5348578409929526,-0.3598220303485598,-0.4413246768066931,0.6066965122676621,-0.4514528464766595,-0.5842651816130993,Normal,5,CICIoT2023
-0.558885631061245,2.4889571255568446,-0.2774090410324522,-0.4413246768066931,1.6281739224407097,-0.42771975306807225,0.9490485685143766,DDoS,2,CICIoT2023
-0.3287205378887208,-0.5234533664423877,-0.3734671953302238,-0.4413246768066931,1.1968241212415542,-0.42771975306807225,-0.5869048343757722,Normal,5,CICIoT2023
-0.5652956294694097,3.1035768432997926,0.8880026776124635,-1.369062067613279,0.021344561807046296,-0.42771975306807225,2.836318048037459,DDoS,2,CICIoT2023
-0.38821448893186794,-0.5153073131919842,-0.36138811626881046,-0.4413246768066931,1.447212410604302,-0.4514528464766595,-0.575199523012129,Normal,5,CICIoT2023
-0.5224361709220706,-0.5385235649556342,-0.3738895278094318,-1.369062067613279,-1.6377602866386098,-0.4604550543212961,-0.5205267219728003,Spoofing,8,CICIoT2023
-0.5325918922839372,-0.22245669883997657,-0.34796662185384203,-0.4413246768066931,0.30757596560277156,-0.4518620377423248,-0.15553896914424697,Brute Force,1,CICIoT2023
-0.47933262377554564,-0.3112486792693752,-0.3529378933050695,-0.4413246768066931,-1.0159490077433035,-0.4514528464766595,-0.2063976434812406,Brute Force,1,CICIoT2023
-0.5646940729892527,1.6951242363050187,1.68034925115212,1.5996975829677962,-0.7073798463854792,-0.42771975306807225,1.1161205397495726,DoS,3,CICIoT2023
-0.46022645413334157,-0.5083831679291412,-0.3783917727289243,-0.4413246768066931,1.1705323238351295,-0.42771975306807225,-0.5815896405126396,Normal,5,CICIoT2023
-0.5696317208265327,2.1582273635904605,0.01763903090590571,-0.4413246768066931,1.4252854623766784,-0.42771975306807225,2.5213889595103494,DoS,3,CICIoT2023
-0.44827523106548733,-0.5067539572790604,-0.38064419720756465,1.5996975829677962,0.31235162411604794,-0.27918332363156895,-0.5767583509408575,Normal,5,CICIoT2023
-0.3667216783569038,-0.5091977732541815,-0.3494012024144243,1.5996975829677962,-1.3522991503450261,-0.42771975306807225,-0.5836910159384273,Normal,5,CICIoT2023
-0.4364034129266072,-0.5336359330053921,-0.37343296962051814,1.5996975829677962,-0.6584421844160989,-0.27918332363156895,-0.5809622175977863,Normal,5,CICIoT2023
-0.5764231980718925,1.438116256254787,0.018034207829432856,-0.4413246768066931,0.7947958362905795,-0.42771975306807225,1.312425423224294,DDoS,2,CICIoT2023
-0.5594938725586163,1.596556991975136,1.0811055320672287,1.5996975829677962,1.2026781542578284,-0.42771975306807225,3.026661559957037,DoS,3,CICIoT2023
-0.5639159037734242,0.08261299538763635,1.1362617038549563,1.5996975829677962,0.23239785739377591,-0.42771975306807225,1.98412375491591,DoS,3,CICIoT2023
-0.5619764234288971,3.1255711870758818,0.7260114347720633,-0.4413246768066931,0.8590874971359774,-0.42771975306807225,1.3942403433875694,DDoS,2,CICIoT2023
-0.29300102408927214,-0.5409673809307554,-0.37976954054716056,-0.4413246768066931,-1.0111219980632178,-0.42771975306807225,-0.5856154086026637,Normal,5,CICIoT2023
-0.5347713507034292,-0.2668526890546759,-0.36529057521802744,-0.4413246768066931,-0.8752981618522934,-0.4510436552109942,-0.05106158711085043,Brute Force,1,CICIoT2023
-0.5760173185469735,3.0213017054707167,2.095790975505528,1.5996975829677962,0.5608912714736566,-0.42771975306807225,3.135883879980721,DDoS,2,CICIoT2023
-0.5726138796234047,0.018259174709448316,-0.07268385206402968,1.5996975829677962,-0.04361466420687413,-0.42771975306807225,1.2070820017452082,DDoS,2,CICIoT2023
-0.5219661368605795,-0.524267971767428,-0.37169927876480857,-0.4413246768066931,1.2862778538235695,-0.27918332363156895,-0.5805377103896974,Normal,5,CICIoT2023
-0.5591694447441635,2.3626933001755894,0.7094568116807606,1.5996975829677962,-0.14364673715163065,-0.42771975306807225,0.9444299249665435,DoS,3,CICIoT2023
-0.5704278450381944,0.6161794832890688,2.0299177195681546,1.5996975829677962,0.49952662713639573,-0.42771975306807225,1.0402755745941283,DoS,3,CICIoT2023
-0.43686182342701013,-0.538116262293114,-0.3805993539948378,-0.4413246768066931,1.336447943796376,-0.4514528464766595,-0.5852646003106836,Normal,5,CICIoT2023
-0.14451500938207248,-0.5425965915808361,-0.3801098642905681,-0.4413246768066931,0.6086478566064202,-0.42771975306807225,-0.5847242187592367,Normal,5,CICIoT2023
-0.5633199753847532,1.312259733536052,-0.18801314141845443,1.5996975829677962,0.3563595740717237,-0.42771975306807225,0.6672407453968743,DoS,3,CICIoT2023
-0.564872960665312,1.1823301841921154,0.6484905583239762,1.5996975829677962,-1.3988233074743635,-0.42771975306807225,3.1172463561004013,DoS,3,CICIoT2023
-0.3296162636311721,-0.5352651436554728,-0.35333879914667965,1.5996975829677962,0.21478440717814373,-0.42771975306807225,-0.5872087644715126,Normal,5,CICIoT2023
-0.5599898000758627,-0.333650325707985,-0.3014872263866687,-0.4413246768066931,1.177516082521211,-0.4510436552109942,-0.3268505080232147,Brute Force,1,CICIoT2023
-0.5122621172461267,-0.5096050759167017,-0.3684235571347247,-0.4413246768066931,1.7204519691972435,-0.42771975306807225,-0.5859819603765255,Normal,5,CICIoT2023
-0.5645585722543024,3.141863293576689,-0.33748272798035467,-1.369062067613279,-0.8314956165638553,-0.42771975306807225,1.9517295197448592,DDoS,2,CICIoT2023
-0.4597225574553678,-0.23915610800330384,-0.3508567829037079,-0.4413246768066931,-1.2563751707450235,-0.4514528464766595,-0.17981323468806723,Brute Force,1,CICIoT2023
-0.5669771790054062,2.308929348722926,1.7088407427426855,-1.369062067613279,-0.6013396869240202,-0.42771975306807225,2.718426105887838,DDoS,2,CICIoT2023
-0.5707263238119739,1.7497027930827225,0.12288789367880515,-0.4413246768066931,1.2486887997190717,-0.42771975306807225,2.158551348168502,DDoS,2,CICIoT2023
-0.3127375684453352,-0.538116262293114,-0.3753157165894995,-0.4413246768066931,1.1004893323070761,-0.42771975306807225,-0.5859672074885898,Normal,5,CICIoT2023
0.21343615721174908,-0.5112342865667824,-0.3732151318142171,1.5996975829677962,-0.559334432473912,-0.4514528464766595,-0.5846518633361992,Normal,5,CICIoT2023
-0.525927507398891,-0.21308873760201247,-0.3801859481485708,-0.4413246768066931,-0.5794127386963964,-0.4518620377423248,-0.24522266904868714,Brute Force,1,CICIoT2023
-0.5640720722436087,2.8746727469634528,1.1078668808731016,1.5996975829677962,0.11588205990319453,-0.42771975306807225,1.11624746227905,DDoS,2,CICIoT2023
-0.5640178211176944,-0.5434111969058764,-0.37584654367362386,-1.369062067613279,-1.6377602866386098,-0.4604550543212961,-0.4725445602299363,Spoofing,8,CICIoT2023
-0.2787028684083246,-0.5059393519540201,-0.3779310182069786,1.5996975829677962,1.3485154679965905,-0.4514528464766595,-0.5869174808964579,Normal,5,CICIoT2023
-0.43160021718254044,-0.507975865266621,-0.3563178341673792,-0.4413246768066931,-0.2137410798464934,-0.42771975306807225,-0.5660136724668395,Normal,5,CICIoT2023
-0.26837366188647377,-0.5075685626041008,-0.3722026369429073,1.5996975829677962,1.11974601986061,-0.4514528464766595,-0.5873079092425153,Normal,5,CICIoT2023
-0.5653511802634853,1.895517146264946,0.35254624580922594,-1.369062067613279,0.739901438971306,-0.42771975306807225,0.609040238352432,DoS,3,CICIoT2023
-0.4791471285498459,-0.5201949451422263,-0.3775911711975938,1.5996975829677962,-0.7118473978978991,-0.4514528464766595,-0.575866308478936,Normal,5,CICIoT2023
-0.5602867787580682,-0.5450404075559571,-0.3789629670241993,-1.369062067613279,-1.6377602866386098,-0.4604550543212961,-0.40232881741190446,Spoofing,8,CICIoT2023
-0.5653537685703509,1.5366835005846697,-0.14659591779617065,1.5996975829677962,-1.382288231761729,-0.42771975306807225,2.8906596647314573,DDoS,2,CICIoT2023
-0.5452509337860755,-0.5067539572790604,-0.3694443203995282,-0.4413246768066931,-1.443036662097277,-0.4518620377423248,-0.2767237940492803,Brute Force,1,CICIoT2023
-0.2147220934338641,-0.5096050759167017,-0.37950651729412954,1.5996975829677962,-1.5256093383268294,-0.27918332363156895,-0.5858587924937002,Normal,5,CICIoT2023
-0.5151648797964254,-0.5425965915808361,-0.3810261284138982,-1.369062067613279,-1.6377602866386098,-0.4604550543212961,-0.4667663396119609,Spoofing,8,CICIoT2023
-0.5735718134693722,3.270163632270545,0.31926676716971963,-0.4413246768066931,0.17313861089570146,-0.42771975306807225,0.8320887482845918,DoS,3,CICIoT2023
-0.56140239490532,2.1814436153541106,2.4143338786909183,-0.4413246768066931,0.2853922615411007,-0.42771975306807225,2.2860292054041755,DoS,3,CICIoT2023
-0.5668725096081523,-0.5434111969058764,-0.3801449979413321,-1.369062067613279,-1.6377602866386098,-0.4604550543212961,-0.44235639138965227,Spoofing,8,CICIoT2023
-0.5715052610737871,1.9533541243428112,2.065725060803299,-1.369062067613279,-1.1818132765377407,-0.42771975306807225,0.5970370605858794,DoS,3,CICIoT2023
-0.5687772905598854,-0.062794055132067,1.8379430407413442,-1.369062067613279,-0.2960570002419989,-0.42771975306807225,1.8351335191666245,DDoS,2,CICIoT2023
-0.23415006428371885,-0.5214168531297868,-0.3697780989874592,-0.4413246768066931,1.2969075453531203,-0.27918332363156895,-0.5827991383377507,Normal,5,CICIoT2023
-0.50232016359716,-0.5250825770924684,-0.35309914983961616,-0.4413246768066931,-1.4016476216488818,-0.27918332363156895,-0.5858617635759618,Normal,5,CICIoT2023
-0.46081738785794457,-0.25137518787890917,-0.3688405437958689,-0.4413246768066931,0.3148678312897097,-0.4510436552109942,-0.19712006872358795,Brute Force,1,CICIoT2023
-0.5709520755199293,0.9733839183192643,-0.3452919187592403,-1.369062067613279,-0.6560800307428654,-0.42771975306807225,1.4743926968949137,DDoS,2,CICIoT2023
-0.5590685412106975,0.4394101277553118,-0.33264416594182405,-0.4413246768066931,1.2486887997190717,-0.42771975306807225,1.0918290337472156,DoS,3,CICIoT2023
-0.5569154859621721,1.207175646605846,0.7923676226916168,-0.4413246768066931,1.7129033476762583,-0.42771975306807225,0.7635072108700699,DDoS,2,CICIoT2023
-0.15232083431243454,-0.5214168531297868,-0.37826448606443014,1.5996975829677962,0.9634844192595349,-0.4514528464766595,-0.5869337340748054,Normal,5,CICIoT2023
0.34757809459149785,-0.5132707998793833,-0.3769862049605474,-0.4413246768066931,1.0359922667944406,-0.4514528464766595,-0.5826588132225923,Normal,5,CICIoT2023
-0.5590234989023112,3.215177772830321,1.669339941699511,1.5996975829677962,-0.14611159315848296,-0.42771975306807225,1.518320121084569,DoS,3,CICIoT2023
-0.5640681062641014,1.6205878490638264,0.31139231554592955,-1.369062067613279,-1.4880202842223318,-0.42771975306807225,2.000579044310839,DDoS,2,CICIoT2023
-0.3553842241432424,-0.52874830105515,-0.35538690064798983,-0.4413246768066931,-0.05049572055933685,-0.27918332363156895,-0.5856262763991125,Normal,5,CICIoT2023
-0.5683493498254216,0.09116635130056008,0.2956413468539792,1.5996975829677962,-1.0554894061865596,-0.42771975306807225,3.006121383449159,DDoS,2,CICIoT2023
-0.47621129583098665,-0.5169365238420649,-0.3800763238746791,1.5996975829677962,-0.3977836616914664,-0.27918332363156895,-0.5811250827448625,Normal,5,CICIoT2023
-0.5762716280512128,2.7756981999710497,-0.17165789233818374,-0.4413246768066931,0.8271984225473256,-0.42771975306807225,2.0541770105392794,DDoS,2,CICIoT2023
-0.31338361060079006,-0.537708959630594,-0.374219710767007,-0.4413246768066931,-0.35947569125163664,-0.4514528464766595,-0.5852547484209732,Normal,5,CICIoT2023
-0.5756086178456296,1.4996189582953336,1.5149350210920651,-1.369062067613279,-0.9580248915822742,-0.42771975306807225,1.739987432467482,DoS,3,CICIoT2023
-0.5362902575939339,-0.5299702090427105,-0.37979179138427416,1.5996975829677962,0.1094118128852072,-0.4514528464766595,-0.5815678987186952,Normal,5,CICIoT2023
-0.5707949926702145,-0.04405813265613883,0.21679352167749166,-0.4413246768066931,0.5826128150340426,-0.42771975306807225,0.7339046737681258,DDoS,2,CICIoT2023
-0.5165839656956694,-0.5059393519540201,-0.37875757858987863,-0.4413246768066931,0.6064397564336149,-0.42771975306807225,-0.5859996361865424,Normal,5,CICIoT2023
0.20407034932734938,-0.5144927078669438,-0.37503443686970295,1.5996975829677962,0.025093196984134192,-0.42771975306807225,-0.5873944103629956,Normal,5,CICIoT2023
-0.17545060633747994,-0.5417819862557957,-0.3504517257686431,-0.4413246768066931,-0.4866725314385781,-0.27918332363156895,-0.5797370858474965,Normal,5,CICIoT2023
-0.5766996452885074,0.8446762769628883,0.17421125425260506,-0.4413246768066931,1.5823173304798948,-0.42771975306807225,1.5205026772100365,DDoS,2,CICIoT2023
-0.5612963713361168,1.1187909688389677,0.4241229885118907,-1.369062067613279,-1.4521771697893542,-0.42771975306807225,1.7403979581224818,DDoS,2,CICIoT2023
-0.28388931872110806,-0.5124561945543429,-0.3757018711074502,-0.4413246768066931,-0.002533730759335523,-0.27918332363156895,-0.5868144794701589,Normal,5,CICIoT2023
-0.5664173082629137,3.140234082926608,0.9820657364091241,-1.369062067613279,1.2162862134623256,-0.42771975306807225,2.8722439061118656,DoS,3,CICIoT2023
-0.507678102128988,-0.5409673809307554,-0.38008378781743607,-1.369062067613279,-1.6377602866386098,-0.4604550543212961,-0.4193083167944159,Spoofing,8,CICIoT2023
-0.5648700720816862,3.3222983730731275,1.3000252785808837,-1.369062067613279,-1.1474593459422366,-0.42771975306807225,1.6967589117854804,DoS,3,CICIoT2023
-0.5533397262976963,-0.5067539572790604,-0.3796424717122197,-0.4413246768066931,-0.19222494095334505,-0.4514528464766595,-0.5870824827992688,Normal,5,CICIoT2023
-0.5600534393035282,3.063661182372815,0.2212210395244208,-1.369062067613279,0.17709265074002706,-0.42771975306807225,0.4889630043135629,DDoS,2,CICIoT2023
-0.5625303918230083,-0.514900010529464,-0.3687198033418802,-0.4413246768066931,-1.2476968235542307,-0.4514528464766595,-0.5835567733003482,Normal,5,CICIoT2023
-0.5387737037888117,-0.5157146158545043,-0.36758797728281445,1.5996975829677962,-1.4871473143865714,-0.4514528464766595,-0.5768487588293547,Normal,5,CICIoT2023
-0.529861949159826,-0.2652234784045952,-0.37894468393721176,-0.4413246768066931,-0.7050176927122458,-0.4518620377423248,-0.4490960667665009,Brute Force,1,CICIoT2023
-0.5418713097267851,-0.5165292211795447,-0.37689328879269557,1.5996975829677962,1.3524695078409161,-0.4514528464766595,-0.5862841186261537,Normal,5,CICIoT2023
-0.5744574418018841,0.04188272913561861,0.12599111006288258,-1.369062067613279,0.214938460678572,-0.42771975306807225,2.153499020198989,DDoS,2,CICIoT2023
-0.5580399593960752,0.06306246758666784,2.200323212540813,-0.4413246768066931,-0.5254426623796926,-0.42771975306807225,3.1405826838534088,DDoS,2,CICIoT2023
-0.5603886604906335,0.44185394373043285,-0.0030364662407717604,-1.369062067613279,1.7213249390330037,-0.42771975306807225,0.5724587869772617,DoS,3,CICIoT2023
-0.5624206876944489,3.421272920065531,2.0856026272862636,-1.369062067613279,0.10812803371497161,-0.42771975306807225,2.233229049505524,DDoS,2,CICIoT2023
-0.1852872216802492,-0.5063466546165403,-0.3781142866427108,1.5996975829677962,-0.3918782775083827,-0.42771975306807225,-0.586290539032541,Normal,5,CICIoT2023
0.2878029202382958,-0.5067539572790604,-0.3796654708553815,-0.4413246768066931,0.30598407943167943,-0.27918332363156895,-0.5873011559549074,Normal,5,CICIoT2023
-0.56817065261472,0.5489745439732395,-0.06885929538870816,1.5996975829677962,0.2611031596402435,-0.42771975306807225,1.079479176332321,DDoS,2,CICIoT2023
-0.5589764402679321,-0.5271190904050693,-0.35430108117156667,-0.4413246768066931,-0.6456557438805525,-0.42771975306807225,-0.5821127428948485,Normal,5,CICIoT2023
-0.28402213465405807,-0.5124561945543429,-0.36335337241616766,-0.4413246768066931,0.21396278850919295,-0.4514528464766595,-0.5830539511661982,Normal,5,CICIoT2023
-0.5104143362128959,-0.510419681241742,-0.37397521361610786,-0.4413246768066931,-1.2073348064420242,-0.42771975306807225,-0.585161558540324,Normal,5,CICIoT2023
-0.22984780975249378,-0.5328213276803517,-0.3795590067263558,1.5996975829677962,-1.193007830902195,-0.42771975306807225,-0.5862251534362684,Normal,5,CICIoT2023
-0.48284625395770203,-0.5279336957301096,-0.3457535187391924,-0.4413246768066931,-1.4102232665060555,-0.4514528464766595,-0.5851473514818575,Normal,5,CICIoT2023
-0.05603910442142117,-0.510419681241742,-0.36666506599142423,1.5996975829677962,1.0362490226284877,-0.4514528464766595,-0.5870487103304148,Normal,5,CICIoT2023
-0.5575909954373961,1.6425821928399158,0.13348352686958154,-0.4413246768066931,1.701349335144138,-0.42771975306807225,2.301198002456017,DDoS,2,CICIoT2023
-0.5761885271022832,1.8433824054623633,1.659812087546614,-1.369062067613279,-1.3101911935612989,-0.42771975306807225,2.2549613532657085,DoS,3,CICIoT2023
-0.5222561883063066,-0.5450404075559571,-0.3742913514224114,-1.369062067613279,-1.6377602866386098,-0.4604550543212961,-0.5227617561956462,Spoofing,8,CICIoT2023
-0.2908369581524354,-0.5144927078669438,-0.3780304403386748,1.5996975829677962,-0.2104546051706903,-0.27918332363156895,-0.5854439814753245,Normal,5,CICIoT2023
-0.507579347124313,-0.5258971824175087,-0.3785455965340838,1.5996975829677962,-1.1614268633143998,-0.42771975306807225,-0.5846384346414545,Normal,5,CICIoT2023
-0.21515913095546568,-0.5112342865667824,-0.3759839439834618,-0.4413246768066931,0.8975495210762354,-0.42771975306807225,-0.5814934080176143,Normal,5,CICIoT2023
-0.5749402655740539,-0.10596813735920581,-0.017786174909199575,1.5996975829677962,-0.8748360013510085,-0.42771975306807225,1.8510119531256375,DDoS,2,CICIoT2023
-0.5759137247037532,0.17099767315451486,-0.3139436148591048,-1.369062067613279,1.280372469640486,-0.42771975306807225,2.4435888374092003,DoS,3,CICIoT2023
-0.21549121473795843,-0.5059393519540201,-0.38082019274692636,1.5996975829677962,-0.55594525546449,-0.4514528464766595,-0.5852578675483397,Normal,5,CICIoT2023
-0.5486766629432704,-0.294549270106048,-0.3110322835692292,-0.4413246768066931,0.2558139894588729,-0.4518620377423248,-0.11793129499446463,Brute Force,1,CICIoT2023
-0.4555350877966674,-0.5161219185170245,-0.3789587907257205,-0.4413246768066931,0.9367818125186348,-0.27918332363156895,-0.584415916439566,Normal,5,CICIoT2023
-0.563716666006914,0.35102544998843327,0.2600820543163909,-1.369062067613279,-0.5995423960856904,-0.42771975306807225,2.9891275676030284,DDoS,2,CICIoT2023
-0.5737992513369289,1.764365688933449,0.3559173556568563,-0.4413246768066931,0.6503963552224813,-0.42771975306807225,1.6137117650782151,DoS,3,CICIoT2023
-0.536220221061792,-0.5450404075559571,-0.3807767120233774,-1.369062067613279,-1.6377602866386098,-0.4604550543212961,-0.44791606380014076,Spoofing,8,CICIoT2023
-0.5755678873463436,1.658874299340723,1.59399025196298,1.5996975829677962,1.6056307602113729,-0.42771975306807225,2.064949171715015,DoS,3,CICIoT2023
-0.5352136499255399,-0.5397454729431947,-0.369719251982126,-1.369062067613279,-1.6377602866386098,-0.4604550543212961,-0.40808131986971796,Spoofing,8,CICIoT2023
-0.4679010700788259,-0.5201949451422263,-0.37854235246238777,1.5996975829677962,-0.48379686609725037,-0.4514528464766595,-0.5761440410280735,Normal,5,CICIoT2023
-0.5252046352056177,-0.5417819862557957,-0.3802452636454837,-1.369062067613279,-1.6377602866386098,-0.4604550543212961,-0.5282124682496425,Spoofing,8,CICIoT2023
-0.4641687751713686,-0.5067539572790604,-0.3404563746841325,-0.4413246768066931,0.851282119780945,-0.42771975306807225,-0.5782481062023367,Normal,5,CICIoT2023
-0.5474038156023793,-0.5454477102184773,-0.38014292047018045,-1.369062067613279,-1.6377602866386098,-0.4604550543212961,-0.4324029778187579,Spoofing,8,CICIoT2023
-0.56095254788711,2.920697947828233,-0.3065987692696358,-1.369062067613279,-0.4344483947933946,-0.42771975306807225,0.9088007443958971,DDoS,2,CICIoT2023
-0.54147372191976,-0.5450404075559571,-0.3770858476008698,-1.369062067613279,-1.6377602866386098,-0.4604550543212961,-0.4530915775204975,Spoofing,8,CICIoT2023
-0.5743826066212857,2.380207314663957,0.8277413949089496,1.5996975829677962,0.03520937684559058,-0.42771975306807225,1.1392518595260663,DDoS,2,CICIoT2023
-0.5616243119399665,3.361399428675065,-0.15412582130789973,-0.4413246768066931,0.4186998905783635,-0.42771975306807225,1.1660444065142723,DDoS,2,CICIoT2023
-0.5637771164074357,1.6609108126533239,0.003675280512406158,1.5996975829677962,1.3814829170882403,-0.42771975306807225,1.088170558654276,DDoS,2,CICIoT2023
-0.5593538152903978,2.1952919058797966,-0.06942328983649568,-0.4413246768066931,-0.4179133190807603,-0.42771975306807225,2.062257258757077,DoS,3,CICIoT2023
0.18708112693791729,-0.5165292211795447,-0.364114872289682,1.5996975829677962,1.366282971712651,-0.4514528464766595,-0.5855336186759643,Normal,5,CICIoT2023
0.14085216583239038,-0.535672446317993,-0.3755192033119602,1.5996975829677962,-1.3234397945981302,-0.42771975306807225,-0.5828659902476943,Normal,5,CICIoT2023
-0.343492876611252,-0.5421892889183159,-0.372429908575538,-0.4413246768066931,-1.3028993278743608,-0.27918332363156895,-0.5860684164636466,Normal,5,CICIoT2023
-0.02455741929945772,-0.5189730371546657,-0.37619734380504205,-0.4413246768066931,0.6653395447640235,-0.27918332363156895,-0.5809142841167492,Normal,5,CICIoT2023
-0.5686072311317096,-0.5393381702806747,-0.3808968683618696,-1.369062067613279,-1.6377602866386098,-0.4604550543212961,-0.4494159699663921,Spoofing,8,CICIoT2023
-0.41622824054172436,-0.5307848143677509,-0.3758648775805973,-0.4413246768066931,0.1688251128837099,-0.4514528464766595,-0.5750821688431846,Normal,5,CICIoT2023
-0.5469132680815689,-0.48761073214061207,-0.35346497054568105,-0.4413246768066931,1.2321537240064375,-0.4518620377423248,-0.450872350427991,Brute Force,1,CICIoT2023
-0.5588521127293861,-0.5059393519540201,-0.3685492890096592,-0.4413246768066931,-1.041470537647587,-0.4514528464766595,-0.5838034438234757,Normal,5,CICIoT2023
-0.3398732443510859,-0.5340432356679123,-0.37389943175856816,-0.4413246768066931,-0.9744059137944803,-0.42771975306807225,-0.5861513765004075,Normal,5,CICIoT2023
-0.572053523176287,0.08994444331299954,-0.202527315389109,-0.4413246768066931,0.8163119751837279,-0.42771975306807225,0.36937345092150753,DoS,3,CICIoT2023
-0.5738032877016959,1.9798287974066229,-0.08326700984474701,1.5996975829677962,-0.07057402678182134,-0.42771975306807225,3.1380320699856954,DoS,3,CICIoT2023
-0.565996606836059,3.412719564152607,2.640299075855479,1.5996975829677962,-1.4342556125728656,-0.42771975306807225,1.3765515134400417,DDoS,2,CICIoT2023
-0.5586269954585099,2.0572163032854567,0.9360735618820615,1.5996975829677962,-0.011109375616509208,-0.42771975306807225,0.9993587892099769,DDoS,2,CICIoT2023
-0.5696367411699925,0.9913052354701521,0.5927152000417437,-1.369062067613279,1.4892690162212197,-0.42771975306807225,0.8883952719908118,DoS,3,CICIoT2023
-0.45206722793982096,-0.5373016569680737,-0.3798834579096119,1.5996975829677962,0.976835722629985,-0.27918332363156895,-0.5863216744629111,Normal,5,CICIoT2023
-0.5468652096384401,-0.39637493573609234,-0.36763558914240235,-0.4413246768066931,-1.487917581888713,-0.4510436552109942,-0.11349756045013995,Brute Force,1,CICIoT2023
-0.43820940107409806,-0.49372027207841473,-0.3810354801573514,-0.4413246768066931,0.583639838370231,-0.4514528464766595,-0.32158808469378697,Brute Force,1,CICIoT2023
-0.5747895071933045,0.9892687221575512,0.050418990132869476,-0.4413246768066931,-0.8337550679034699,-0.42771975306807225,2.962896754413544,DoS,3,CICIoT2023
-0.2171100088851303,-0.5307848143677509,-0.3800454031856155,-0.4413246768066931,0.11136315722396528,-0.42771975306807225,-0.5867352101806304,Normal,5,CICIoT2023
-0.5647725212029704,3.2212873127681236,-0.21295251185772926,1.5996975829677962,-1.3357127234655823,-0.42771975306807225,1.827557287464188,DoS,3,CICIoT2023
-0.5149129558472888,-0.5360797489805131,-0.37300675701468156,-0.4413246768066931,-1.0283246389443745,-0.27918332363156895,-0.5852328878081484,Normal,5,CICIoT2023
-0.5010999099480844,-0.5165292211795447,-0.3799953073929104,1.5996975829677962,0.4533105770079148,-0.4514528464766595,-0.5827809654252166,Normal,5,CICIoT2023
-0.3231495758262317,-0.5348578409929526,-0.36687016676327666,1.5996975829677962,-0.8199929551985444,-0.4514528464766595,-0.5832745330225306,Normal,5,CICIoT2023
-0.572472130704976,3.3947982470017193,-0.3143781807925172,-1.369062067613279,1.0269031102691726,-0.42771975306807225,2.5750258194793525,DDoS,2,CICIoT2023
-0.5201249095307232,-0.5385235649556342,-0.3803871300506106,-1.369062067613279,-1.6377602866386098,-0.4604550543212961,-0.5269472363904637,Spoofing,8,CICIoT2023
-0.5560423690654573,0.32984571153738407,-0.10226779668689588,1.5996975829677962,-1.261561638592775,-0.42771975306807225,1.6893768470004273,DoS,3,CICIoT2023
-0.5580347687176702,3.2831973174711906,-0.34425413348577516,-1.369062067613279,-0.6151017996289456,-0.42771975306807225,1.3773274368699795,DoS,3,CICIoT2023
-0.5641438654066493,2.9133664999028697,-0.28893333699200435,1.5996975829677962,-0.14831969333128817,-0.42771975306807225,1.7420763641532375,DDoS,2,CICIoT2023
-0.5325775944443594,-0.5067539572790604,-0.3731465160456832,1.5996975829677962,-1.147613399442665,-0.4514528464766595,-0.587297858779693,Normal,5,CICIoT2023
-0.5307708187711931,-0.5307848143677509,-0.37670741538822416,-0.4413246768066931,0.2884219803828567,-0.4514528464766595,-0.5859276078348468,Normal,5,CICIoT2023
-0.4882384876630753,-0.4696894149897243,-0.3784071716468346,-0.4413246768066931,0.9156251317931524,-0.4510436552109942,-0.17845665587040296,Brute Force,1,CICIoT2023
-0.07990955390487933,-0.5100123785792219,-0.3431273877806853,1.5996975829677962,-0.2885083787210137,-0.42771975306807225,-0.5846664262010883,Normal,5,CICIoT2023
-0.5178126548418726,-0.544633104893437,-0.3677451111657224,-1.369062067613279,-1.6377602866386098,-0.4604550543212961,-0.4508130525936197,Spoofing,8,CICIoT2023
-0.5726483438558082,2.2771597410463524,1.3334414227733236,-0.4413246768066931,-1.259969752421683,-0.42771975306807225,2.343864133978016,DDoS,2,CICIoT2023
-0.572499119394823,1.924842937966399,0.6027030415186616,1.5996975829677962,0.5069211951569527,-0.42771975306807225,3.1441307101384606,DDoS,2,CICIoT2023
-0.5610513497801559,2.6510635852398754,0.6854976847325348,-1.369062067613279,1.5477066440503433,-0.42771975306807225,2.1505461753303106,DoS,3,CICIoT2023
-0.5589037519423206,0.7444798219829247,2.5382302568010684,-1.369062067613279,1.2702562897790295,-0.42771975306807225,0.5715626955067168,DDoS,2,CICIoT2023
-0.5638462144058015,-0.5430038942433562,-0.3804932019643837,-1.369062067613279,-1.6377602866386098,-0.4604550543212961,-0.5110999899507178,Spoofing,8,CICIoT2023
-0.49386953148019164,-0.14629110094870337,-0.37991780016459004,-0.4413246768066931,-0.20064653231009047,-0.4514528464766595,-0.43460835523520036,Brute Force,1,CICIoT2023
-0.558001235496253,-0.12307484918505326,0.3216914224094101,1.5996975829677962,1.214745678458043,-0.42771975306807225,2.092845571315327,DDoS,2,CICIoT2023
-0.21843772153502974,-0.5275263930675894,-0.3643617511511053,-0.4413246768066931,-0.6779556278036797,-0.4514528464766595,-0.5858941233403295,Normal,5,CICIoT2023
-0.5642183409963463,0.19299201693060444,0.5221578928425024,-1.369062067613279,-0.6148963949617079,-0.42771975306807225,1.6661335816382017,DDoS,2,CICIoT2023
-0.43985253578694583,-0.5136781025419034,-0.380377406805626,-0.4413246768066931,-0.5529668877895435,-0.4518620377423248,-0.44768125555477883,Brute Force,1,CICIoT2023
-0.44146589920538465,-0.538116262293114,-0.3806145423382146,-0.4413246768066931,-0.7663823370495065,-0.42771975306807225,-0.5866018472550497,Normal,5,CICIoT2023
-0.5703420435224322,0.7905050228477047,2.06908414207772,-0.4413246768066931,-0.6679935014426516,-0.42771975306807225,1.835058482225774,DDoS,2,CICIoT2023
-0.5559661364663971,2.138676835789492,0.13013704696312275,1.5996975829677962,1.5914064870051625,-0.42771975306807225,1.8049962361272358,DDoS,2,CICIoT2023
-0.5609395392946315,3.2648686976577825,3.389374895125037,-0.4413246768066931,1.5902254101685458,-0.42771975306807225,1.6128911221065145,DoS,3,CICIoT2023
-0.5492615870563008,-0.5067539572790604,-0.3749000885095498,1.5996975829677962,1.3426614349803163,-0.4514528464766595,-0.5845287886461115,Normal,5,CICIoT2023
-0.5671493429127248,0.7872466015475433,-0.16865197186515024,-1.369062067613279,-0.611507217952286,-0.42771975306807225,1.2616673580880444,DoS,3,CICIoT2023
-0.4883227964483877,-0.1780607086252772,-0.33963401686284045,-0.4413246768066931,-0.4958643902974648,-0.4518620377423248,-0.26320848429615795,Brute Force,1,CICIoT2023
0.2237723547548282,-0.5185657344921456,-0.3774077942743857,1.5996975829677962,-1.3657018048822855,-0.27918332363156895,-0.5839325765649741,Normal,5,CICIoT2023
-0.5431146439447888,-0.5368943543055535,-0.3662097852548054,-0.4413246768066931,1.2416023386993713,-0.4514528464766595,-0.5841932373828783,Normal,5,CICIoT2023
-0.5175011072458257,-0.43629059666306974,-0.33875349308336267,-0.4413246768066931,-0.9707086297842017,-0.4514528464766595,-0.2596818050965233,Brute Force,1,CICIoT2023
0.005607888440371144,-0.5263044850800289,-0.3607435272985364,1.5996975829677962,1.713108752343496,-0.42771975306807225,-0.5865454742518682,Normal,5,CICIoT2023
-0.5754949824990174,-0.5385235649556342,-0.3782744261083384,-1.369062067613279,-1.6377602866386098,-0.4604550543212961,-0.5045399881410451,Spoofing,8,CICIoT2023
-0.5675776743298454,0.16814655451687363,6.02450825161963,-1.369062067613279,-0.7065582277165284,-0.42771975306807225,2.491830239897539,DDoS,2,CICIoT2023
0.09574989329274654,-0.5413746835932755,-0.3719444816849355,1.5996975829677962,1.0920677409503308,-0.4514528464766595,-0.585643649038447,Normal,5,CICIoT2023
-0.5429739145266322,-0.5397454729431947,-0.37901437110658714,-1.369062067613279,-1.6377602866386098,-0.4604550543212961,-0.43645870766834544,Spoofing,8,CICIoT2023
-0.5713724503081669,0.6406176430402795,4.284602977580521,-0.4413246768066931,1.6328982297871766,-0.42771975306807225,0.910318288489806,DDoS,2,CICIoT2023
-0.5646450376056995,2.3468084963373026,0.2343535311438158,-0.4413246768066931,-0.09301448667753931,-0.42771975306807225,1.2893361008378805,DDoS,2,CICIoT2023
-0.28715960717232564,-0.510419681241742,-0.37533876811944594,1.5996975829677962,-1.2814858913148313,-0.42771975306807225,-0.5872218082604986,Normal,5,CICIoT2023
-0.5655882647949405,2.7980998464096594,0.9145086739578442,1.5996975829677962,-0.8943494447385893,-0.42771975306807225,2.7658177234768897,DDoS,2,CICIoT2023
-0.5365272724233705,-0.5120488918918227,-0.3776063585438483,-0.4413246768066931,-0.38443235832101635,-0.42771975306807225,-0.5829745678842827,Normal,5,CICIoT2023
-0.43948315481787614,-0.514900010529464,-0.35467690074224745,-0.4413246768066931,0.8694090816646715,-0.27918332363156895,-0.5856212232653459,Normal,5,CICIoT2023
-0.4412849673898384,-0.5230460637798675,-0.35175863294129384,-0.4413246768066931,0.7110420832244102,-0.4518620377423248,-0.137849382855858,Brute Force,1,CICIoT2023
-0.40170008752733716,-0.5389308676181545,-0.3219813017006656,1.5996975829677962,1.5856551563225072,-0.4514528464766595,-0.5860407147179659,Normal,5,CICIoT2023
-0.5641467690077142,-0.09252714949603995,-0.3427979189033533,-0.4413246768066931,1.059357047692728,-0.42771975306807225,1.1433974296846483,DoS,3,CICIoT2023
-0.43870234479138753,-0.5263044850800289,-0.355167675910846,-0.4413246768066931,-1.3964098026343206,-0.27918332363156895,-0.5870922337120896,Normal,5,CICIoT2023
-0.5633308043490491,0.6903085678677411,-0.17507070143924303,-0.4413246768066931,1.6990898838045234,-0.42771975306807225,1.728714113971295,DoS,3,CICIoT2023
-0.5382185179159104,-0.5348578409929526,-0.3518279061383055,-0.4413246768066931,1.4824393110355665,-0.42771975306807225,-0.5870663857417103,Normal,5,CICIoT2023
-0.4976439154181273,-0.33813065499570694,-0.3220163576764306,-0.4413246768066931,1.5256256423222914,-0.4514528464766595,-0.4303429770944556,Brute Force,1,CICIoT2023
-0.5671528675414612,3.3019332399471186,3.802344672126552,-0.4413246768066931,1.6043469810411373,-0.42771975306807225,0.8289080462212709,DDoS,2,CICIoT2023
-0.482454753217187,-0.5238606691049079,-0.377129687653626,1.5996975829677962,-1.1933159379030516,-0.27918332363156895,-0.5833229149160107,Normal,5,CICIoT2023
-0.3140778499168768,-0.5421892889183159,-0.3811611016212357,-0.4413246768066931,0.38973783249784877,-0.27918332363156895,-0.5744914150489714,Normal,5,CICIoT2023
-0.019498663102818094,-0.5238606691049079,-0.36966447602148333,1.5996975829677962,1.0000978011946537,-0.4514528464766595,-0.585983462507642,Normal,5,CICIoT2023
-0.5717123855165183,2.38631685460176,0.3606910850448703,-1.369062067613279,0.7754877975702363,-0.42771975306807225,1.353086154232313,DDoS,2,CICIoT2023
-0.5253526291784355,-0.5136781025419034,-0.37514232086238897,-0.4413246768066931,1.4928122467310698,-0.27918332363156895,-0.5869984410962342,Normal,5,CICIoT2023
-0.5419757432316242,-0.5425965915808361,-0.3788222863734216,-1.369062067613279,-1.6377602866386098,-0.4604550543212961,-0.43678964296612627,Spoofing,8,CICIoT2023
-0.5626998296006905,3.1870738891164287,-0.25082685625759676,-1.369062067613279,0.6718097917820108,-0.42771975306807225,1.49410512907108,DDoS,2,CICIoT2023
-0.38058851274593414,-0.5275263930675894,-0.3768971544782962,-0.4413246768066931,-0.09244962384263566,-0.42771975306807225,-0.5850395346460869,Normal,5,CICIoT2023
-0.5585274895709288,2.651878190564916,-0.21073709474909377,-1.369062067613279,1.634284711291031,-0.42771975306807225,1.4700501785418663,DDoS,2,CICIoT2023
-0.5662053239576664,3.0469617732094876,0.1506279759797843,-0.4413246768066931,-1.089997390282492,-0.42771975306807225,3.077198747949437,DoS,3,CICIoT2023
0.11760755201422234,-0.5246752744299482,-0.3753523724152356,1.5996975829677962,-1.0440894471548676,-0.4514528464766595,-0.5857720510011155,Normal,5,CICIoT2023
-0.4909349194828348,-0.5091977732541815,-0.3619558892463799,-0.4413246768066931,-1.58255778231848,-0.4514528464766595,-0.5748077117100668,Normal,5,CICIoT2023
-0.31883309154197154,-0.5234533664423877,-0.37392299396328743,-0.4413246768066931,0.3006435580834994,-0.27918332363156895,-0.5849166320256363,Normal,5,CICIoT2023
-0.5703983645622984,2.66124615180288,0.18515514428539898,1.5996975829677962,0.7792877839141337,-0.42771975306807225,1.157266042649713,DoS,3,CICIoT2023
-0.5713673986296481,3.068141511660537,7.5881567036555495,1.5996975829677962,1.5325580498415636,-0.42771975306807225,1.275233671926445,DoS,3,CICIoT2023
-0.5631362541829833,1.2719367699465545,-0.29030441134043933,1.5996975829677962,-0.0823847951479887,-0.42771975306807225,2.51193165038983,DDoS,2,CICIoT2023
-0.5144437659879089,-0.5389308676181545,-0.37426068371466403,-1.369062067613279,-1.6377602866386098,-0.4604550543212961,-0.545397338732958,Spoofing,8,CICIoT2023
-0.5219973394399064,-0.5421892889183159,-0.3782444817136751,-1.369062067613279,-1.6377602866386098,-0.4604550543212961,-0.4554589724442491,Spoofing,8,CICIoT2023
-0.5591754540942382,0.1107168791015286,0.20276358938825326,-1.369062067613279,1.0988460949691747,-0.42771975306807225,2.432860601347263,DDoS,2,CICIoT2023
-0.5381476564967194,-0.5438184995683966,-0.3810844868098502,-1.369062067613279,-1.6377602866386098,-0.4604550543212961,-0.5067602195258487,Spoofing,8,CICIoT2023
-0.45374025873399254,-0.5340432356679123,-0.3736698918665314,1.5996975829677962,0.8216524965319079,-0.27918332363156895,-0.5867959364822355,Normal,5,CICIoT2023
-0.43565149006257714,-0.5185657344921456,-0.3703041804775204,-0.4413246768066931,-0.5281642742205921,-0.42771975306807225,-0.5867953555807622,Normal,5,CICIoT2023
-0.46516759400104574,-0.5091977732541815,-0.3547824112354238,-0.4413246768066931,1.0309085012803076,-0.27918332363156895,-0.5786801938025639,Normal,5,CICIoT2023
-0.45664128952062577,-0.5397454729431947,-0.3656465056887247,-0.4413246768066931,1.5837038119837492,-0.27918332363156895,-0.5867673626352393,Normal,5,CICIoT2023
-0.5560439688285451,3.286863041433872,0.40189611986090984,-1.369062067613279,-1.4510987952863563,-0.42771975306807225,2.696726380199124,DDoS,2,CICIoT2023
-0.46126804568582436,-0.4900545481157331,-0.3381347180498174,-0.4413246768066931,1.4764825756856734,-0.4518620377423248,-0.2745888709443714,Brute Force,1,CICIoT2023
-0.5048068585123858,-0.5067539572790604,-0.38077932042891144,1.5996975829677962,-0.46880232538889877,-0.27918332363156895,-0.5811967982092112,Normal,5,CICIoT2023
-0.3909880714914256,-0.5108269839042622,-0.37450581231279345,-0.4413246768066931,-0.19777086696876278,-0.4514528464766595,-0.5857631616771308,Normal,5,CICIoT2023
-0.5690489186408539,2.871414325663291,-0.0082040563846725,-0.4413246768066931,0.22608166387621684,-0.42771975306807225,1.8586461843897961,DDoS,2,CICIoT2023
-0.5058797731834169,-0.40696480496161697,-0.3242370638832625,-0.4413246768066931,0.36041631624966813,-0.4510436552109942,-0.39344501154778955,Brute Force,1,CICIoT2023
-0.5165139783704354,-0.5210095504672666,-0.3783467325526245,1.5996975829677962,0.05646875990469181,-0.27918332363156895,-0.5852463202796212,Normal,5,CICIoT2023
-0.5669354986901425,2.2132132230306847,2.982392830262844,1.5996975829677962,0.1518278766697908,-0.42771975306807225,3.0896306074166224,DDoS,2,CICIoT2023
-0.5612830544641532,-0.5230460637798675,-0.3736506409803567,1.5996975829677962,-0.010287756947558437,-0.27918332363156895,-0.5873768739053344,Normal,5,CICIoT2023
-0.5230799050390118,-0.5091977732541815,-0.3779959413858147,1.5996975829677962,0.6998475288599559,-0.27918332363156895,-0.5868782334413384,Normal,5,CICIoT2023
-0.49970852572695584,-0.3951530277485318,-0.38062332571294727,-0.4413246768066931,-0.9514005910638585,-0.4518620377423248,-0.42628764794891144,Brute Force,1,CICIoT2023
-0.4726978532745544,-0.25422630651655037,-0.37028433473132705,-0.4413246768066931,1.2850454258201434,-0.4514528464766595,-0.11474989404826659,Brute Force,1,CICIoT2023
-0.5219263114683926,-0.5385235649556342,-0.37569149138604147,1.5996975829677962,-0.21661674518782112,-0.4514528464766595,-0.5860035942605841,Normal,5,CICIoT2023
-0.551966718787712,-0.485166916165491,-0.3610579772207015,-0.4413246768066931,-1.4619338914831448,-0.4510436552109942,-0.18501825984355405,Brute Force,1,CICIoT2023
-0.5714679533535265,0.2756744574222005,0.018781441178472188,1.5996975829677962,-1.4035989659876398,-0.42771975306807225,1.408574052436773,DDoS,2,CICIoT2023
-0.5713772528751159,-0.5425965915808361,-0.37860460396420076,-1.369062067613279,-1.6377602866386098,-0.4604550543212961,-0.471889609286343,Spoofing,8,CICIoT2023
-0.5574787560133051,2.262904147858146,0.7173642130178091,1.5996975829677962,0.777387790742185,-0.42771975306807225,2.1735865647566452,DDoS,2,CICIoT2023
-0.5612640121550106,0.5233144762344684,1.8125156344225126,1.5996975829677962,-1.2320347176773567,-0.42771975306807225,0.9540780653410735,DDoS,2,CICIoT2023
-0.5635917921247422,0.7192270569066737,1.0178584899649008,-0.4413246768066931,-0.48867522694414556,-0.42771975306807225,2.731748454685488,DDoS,2,CICIoT2023
-0.5756796968789002,-0.12144563853497255,0.9229474644237012,-0.4413246768066931,-1.4085800291681538,-0.42771975306807225,1.7447847424280767,DoS,3,CICIoT2023
-0.48333793501615785,-0.5360797489805131,-0.3680082668884718,1.5996975829677962,1.0292139127755966,-0.27918332363156895,-0.5798950506892552,Normal,5,CICIoT2023
-0.28970193534910754,-0.5246752744299482,-0.37852926027095257,1.5996975829677962,-1.4277853655548782,-0.4514528464766595,-0.5866997379976217,Normal,5,CICIoT2023
-0.27462635560078424,-0.5153073131919842,-0.374563032460039,1.5996975829677962,-1.1213729532030496,-0.4514528464766595,-0.5849686510208058,Normal,5,CICIoT2023
-0.5675879914387079,1.7407421345072787,0.2460279609865319,-1.369062067613279,1.410188219334708,-0.42771975306807225,0.8012769096763134,DoS,3,CICIoT2023
-0.4927289139322912,-0.5385235649556342,-0.38056097070469885,-0.4413246768066931,1.3830748032593325,-0.42771975306807225,-0.5868186548095251,Normal,5,CICIoT2023
-0.5748376626237144,1.004746223333318,-0.2434275143975127,1.5996975829677962,1.5260364516567668,-0.42771975306807225,0.90300515406408,DoS,3,CICIoT2023
-0.5310371548215885,-0.39026539579828967,-0.34246578615060286,-0.4413246768066931,1.6251442035989536,-0.4510436552109942,-0.3936201839718756,Brute Force,1,CICIoT2023
-0.4599197878253644,-0.5189730371546657,-0.3785964308677975,1.5996975829677962,-0.8536279694587167,-0.4514528464766595,-0.5869740957046128,Normal,5,CICIoT2023
-0.5600463544585585,1.4719223772439616,-0.16371751773596271,1.5996975829677962,-0.7230933034291628,-0.42771975306807225,2.5781521338154993,DoS,3,CICIoT2023
-0.5743459659406007,1.0633978067362235,-0.15617430851007336,-0.4413246768066931,1.699552044305808,-0.42771975306807225,1.0908183813400385,DDoS,2,CICIoT2023
-0.537219724724188,-0.5409673809307554,-0.3780411552233926,-1.369062067613279,-1.6377602866386098,-0.4604550543212961,-0.4497120559673249,Spoofing,8,CICIoT2023
-0.4751810133240837,-0.5425965915808361,-0.37830626443845444,1.5996975829677962,1.2681508919398432,-0.4514528464766595,-0.5868470729154764,Normal,5,CICIoT2023
-0.5589535518952389,0.07976187674999512,-0.16481016170282048,-0.4413246768066931,-0.059328121250557656,-0.42771975306807225,1.6225761558522083,DoS,3,CICIoT2023
-0.5746367727614224,-0.5417819862557957,-0.3756359023082196,-1.369062067613279,-1.6377602866386098,-0.4604550543212961,-0.553857269739007,Spoofing,8,CICIoT2023
-0.4780103745488149,-0.4199984901622626,-0.3084993672015915,-0.4413246768066931,-0.20983839116897723,-0.4510436552109942,-0.199425028388299,Brute Force,1,CICIoT2023
-0.5695177408033937,2.3712466560885135,0.2039670677516563,1.5996975829677962,1.3309020177809583,-0.42771975306807225,1.7758781491283788,DoS,3,CICIoT2023
-0.5743593607547087,1.1497459711905011,1.2165684517946156,1.5996975829677962,1.1152271171813806,-0.42771975306807225,0.7635486905073607,DDoS,2,CICIoT2023
-0.5653937407279227,2.9659085433679726,1.6482007792549185,1.5996975829677962,1.4653393724880286,-0.42771975306807225,2.510355891679248,DDoS,2,CICIoT2023
-0.5729464116136561,-0.5393381702806747,-0.3803935281316672,-1.369062067613279,-1.6377602866386098,-0.4604550543212961,-0.5008280360282235,Spoofing,8,CICIoT2023
-0.5592093725533261,-0.021656486217529074,0.020538321718966076,-0.4413246768066931,1.5097581317781796,-0.42771975306807225,1.355239020868308,DDoS,2,CICIoT2023
-0.38054538127069665,-0.517343826504585,-0.37821839396142937,1.5996975829677962,-0.2333572255676931,-0.27918332363156895,-0.5869160264056777,Normal,5,CICIoT2023
-0.5538232807136972,-0.5043101413039394,-0.3781771112760384,-0.4413246768066931,0.1409927804730025,-0.4518620377423248,-0.3129504483719308,Brute Force,1,CICIoT2023
-0.5657710943891925,0.36568834583915966,-0.02809030292592635,-1.369062067613279,0.6403315265278343,-0.42771975306807225,2.194034941561738,DoS,3,CICIoT2023
-0.5768509373449966,1.9199553060161567,0.4030382477624137,-0.4413246768066931,0.4971644734631623,-0.42771975306807225,2.938894209798565,DoS,3,CICIoT2023
-0.5523390646384856,-0.5393381702806747,-0.3602097463153004,1.5996975829677962,-0.7374716301358013,-0.42771975306807225,-0.5871026068372415,Normal,5,CICIoT2023
-0.5743672753443427,0.07691075811235387,0.422857870363838,1.5996975829677962,-0.8428442244287379,-0.42771975306807225,2.1861517733432887,DoS,3,CICIoT2023
-0.549614008155795,-0.5246752744299482,-0.37423593567665153,-0.4413246768066931,-0.9730707834574353,-0.42771975306807225,-0.5779399117755137,Normal,5,CICIoT2023
-0.5677402962448443,0.32617998757470246,0.23460475032064654,-1.369062067613279,1.449625915444345,-0.42771975306807225,0.6449862485809815,DoS,3,CICIoT2023
-0.43461239181168293,-0.5340432356679123,-0.35964563990200493,1.5996975829677962,-0.034217400680749674,-0.27918332363156895,-0.5826029205001129,Normal,5,CICIoT2023
-0.5594845172054175,0.2027672808310887,0.5495935185307604,-0.4413246768066931,1.3675153997160772,-0.42771975306807225,1.3355321799822348,DoS,3,CICIoT2023
-0.4463383994255063,-0.3906726984608098,-0.3758451862037992,-0.4413246768066931,-1.5267904151634464,-0.4514528464766595,-0.06380935558501599,Brute Force,1,CICIoT2023
-0.38884514080986493,-0.5140854052044236,-0.38007840011372457,1.5996975829677962,1.269845480444554,-0.4514528464766595,-0.5867293292251063,Normal,5,CICIoT2023
-0.4590223197579902,-0.2733695316549987,-0.36862368888936514,-0.4413246768066931,0.8747496030128515,-0.4514528464766595,-0.3437863867551108,Brute Force,1,CICIoT2023
-0.5599532215123915,0.6662777107790506,-0.3516128589904205,1.5996975829677962,1.0757894210717436,-0.42771975306807225,1.5566494916680702,DDoS,2,CICIoT2023
-0.5480895858790644,-0.5442258022309168,-0.3791881363250589,-1.369062067613279,-1.6377602866386098,-0.4604550543212961,-0.5391935633542405,Spoofing,8,CICIoT2023
-0.5591452004666272,0.22068859798197651,-0.19503919973166448,-0.4413246768066931,-1.1017054563150406,-0.42771975306807225,1.977902611730274,DoS,3,CICIoT2023
-0.5754431936145189,2.906849657302547,0.0691451978839818,1.5996975829677962,-1.1836105673760706,-0.42771975306807225,1.3025907026591796,DDoS,2,CICIoT2023
-0.5765929680887362,3.229026063356007,0.74853730524708,-0.4413246768066931,0.779698593248609,-0.42771975306807225,3.1251700997619842,DoS,3,CICIoT2023
-0.525023679854931,-0.5425965915808361,-0.3812604751571996,-1.369062067613279,-1.6377602866386098,-0.4604550543212961,-0.4327963758798794,Spoofing,8,CICIoT2023
-0.5766138021224946,1.8409385894872423,0.35964112085621613,-0.4413246768066931,0.17945480441326053,-0.42771975306807225,2.68285829419911,DDoS,2,CICIoT2023
-0.43863225060930344,-0.5368943543055535,-0.37988881189644125,-0.4413246768066931,0.628161299994001,-0.4514528464766595,-0.5838439529564583,Normal,5,CICIoT2023
-0.5595822578143275,0.24309024442058627,0.6243253089090605,-1.369062067613279,-0.9206412421450141,-0.42771975306807225,0.8121481581873835,DoS,3,CICIoT2023
-0.5671997963838552,-0.5413746835932755,-0.37920082394142196,-1.369062067613279,-1.6377602866386098,-0.4604550543212961,-0.5302864092436788,Spoofing,8,CICIoT2023
-0.5734160831353501,2.482847585619042,0.6657302670863023,1.5996975829677962,1.0006113128627478,-0.42771975306807225,0.597848321948828,DoS,3,CICIoT2023
-0.5582026791366387,3.0803605915361425,0.05042170914569999,-1.369062067613279,1.213410548120998,-0.42771975306807225,1.4475768645633087,DoS,3,CICIoT2023
-0.5588337376212771,1.1208274821515687,1.4522259543384117,-0.4413246768066931,1.434580023569184,-0.42771975306807225,0.9554357689557688,DDoS,2,CICIoT2023
-0.518575106597027,-0.5405600782682352,-0.38015342532106633,-1.369062067613279,-1.6377602866386098,-0.4604550543212961,-0.47128914656551213,Spoofing,8,CICIoT2023
-0.49496550718387844,-0.5067539572790604,-0.37913188255691743,1.5996975829677962,-0.2621138789809701,-0.42771975306807225,-0.5796230117669513,Normal,5,CICIoT2023
-0.5764646615865688,0.10420003650120575,1.7201411086241152,1.5996975829677962,-1.2182726049724313,-0.42771975306807225,2.7503482091949847,DDoS,2,CICIoT2023
-0.49785358736012236,-0.5059393519540201,-0.370074270496635,-0.4413246768066931,-1.04655430316172,-0.42771975306807225,-0.5843739758953169,Normal,5,CICIoT2023
-0.333298729124332,-0.5100123785792219,-0.3728946162727855,1.5996975829677962,-0.551323650451642,-0.27918332363156895,-0.5871671296326837,Normal,5,CICIoT2023
-0.536774719949046,-0.5067539572790604,-0.3709609149811371,1.5996975829677962,0.5130833351740834,-0.42771975306807225,-0.5853204540702412,Normal,5,CICIoT2023
-0.39164680851187,-0.5096050759167017,-0.3684855063243367,1.5996975829677962,0.3815216458083411,-0.42771975306807225,-0.5821526854660494,Normal,5,CICIoT2023
-0.563360240857182,3.0734364462732993,0.30358002446441384,-1.369062067613279,-0.12603328693599847,-0.42771975306807225,1.4010299935249904,DoS,3,CICIoT2023
-0.306328037571287,-0.5238606691049079,-0.349999507714338,1.5996975829677962,0.4846861399284724,-0.42771975306807225,-0.5851243549134155,Normal,5,CICIoT2023
-0.5634945389175349,2.18062901002907,0.09419547154315036,-1.369062067613279,-0.8541928322936203,-0.42771975306807225,1.1831428279601748,DDoS,2,CICIoT2023
-0.4096084286391139,-0.5100123785792219,-0.36410601000682574,1.5996975829677962,1.5901740590017364,-0.27918332363156895,-0.5872444019236837,Normal,5,CICIoT2023
-0.5541005007516989,-0.5136781025419034,-0.3670905517716038,-0.4413246768066931,-0.3914674681739073,-0.27918332363156895,-0.5843538323438152,Normal,5,CICIoT2023
-0.4019508605802821,-0.5364870516430333,-0.37924343389014586,-0.4413246768066931,0.08219569447621286,-0.42771975306807225,-0.5861592274648391,Normal,5,CICIoT2023
-0.4660690582080104,-0.5214168531297868,-0.36941858875161865,-0.4413246768066931,0.3215948341417441,-0.27918332363156895,-0.5871368784363569,Normal,5,CICIoT2023
-0.5748390250591855,1.8812615530767398,0.635961206884593,-1.369062067613279,0.013179726284347996,-0.42771975306807225,2.2741457663809377,DDoS,2,CICIoT2023
-0.5602825772037067,0.47158703809440583,0.364074299771305,-1.369062067613279,-1.5476903400548816,-0.42771975306807225,1.4247680258037134,DoS,3,CICIoT2023
-0.5651380057882686,0.5538621759234816,0.14098219084930416,-0.4413246768066931,0.7649608083743046,-0.42771975306807225,1.3298891498744474,DDoS,2,CICIoT2023
-0.5620644272549213,0.16936846250443416,0.5366043920844348,-0.4413246768066931,-1.2949912481857098,-0.42771975306807225,1.8147005033332984,DDoS,2,CICIoT2023
-0.4575892794039645,-0.5116415892293026,-0.36794764451780826,1.5996975829677962,-1.3480883546666533,-0.42771975306807225,-0.5868374106718557,Normal,5,CICIoT2023
-0.5538417012787803,-0.5385235649556342,-0.3800888625610206,-1.369062067613279,-1.6377602866386098,-0.4604550543212961,-0.4916839693712503,Spoofing,8,CICIoT2023
0.20709732387548874,-0.5083831679291412,-0.3238776434217517,-0.4413246768066931,-0.5266237392163093,2.845810372254314,-0.5476172224012026,Botnet,0,IoT23
-0.402203796757732,-0.4301810567252671,-0.35177515133615644,-0.4413246768066931,1.4891149627207914,2.845810372254314,-0.5084603972684374,Botnet,0,IoT23
-0.333149744821084,-0.5181584318296254,-0.36964976959428936,-0.4413246768066931,1.596798359520152,-0.42771975306807225,-0.5873631667887518,Normal,5,IoT23
-0.42999076616648324,-0.5332286303428719,-0.3750990199288024,-0.4413246768066931,-0.2818840782025981,-0.27918332363156895,-0.5862520641189292,Normal,5,IoT23
3.5126533378306317,-0.4998298120162174,-0.35862461542248586,-0.4413246768066931,-1.1628133448182543,2.845810372254314,-0.5153142019963367,Botnet,0,IoT23
0.05508033030973636,-0.4700967176522444,-0.2318106004992645,-0.4413246768066931,-0.3406811641993877,-0.27918332363156895,-0.5715504508912332,Malware,4,IoT23
1.8703450454565165,-0.42855184607518637,-0.3708617962740886,-0.4413246768066931,0.7538689563434692,2.2676231138692478,-0.5109004353179318,Botnet,0,IoT23
1.0116787412765156,-0.49860790402865685,-0.36137164706828556,-0.4413246768066931,1.2995264548604009,-0.27918332363156895,-0.5646463266983086,Malware,4,IoT23
1.4720637413498956,-0.39026539579828967,-0.37852760101941674,-0.4413246768066931,0.3700189844430303,-0.27918332363156895,-0.5816047331065226,Malware,4,IoT23
-0.49509383081912456,-0.5299702090427105,-0.38104381350767935,-0.4413246768066931,0.6452612385415389,-0.42771975306807225,-0.5867012667273235,Normal,5,IoT23
1.5685393885122019,-0.5299702090427105,-0.3405782221724242,-0.4413246768066931,-0.1967438436325743,2.2676231138692478,-0.5024586089213571,Botnet,0,IoT23
2.4939830973011152,-0.4933129694158946,-0.35268751684161553,-0.4413246768066931,-0.5407966612557101,2.2676231138692478,-0.49870628496221064,Botnet,0,IoT23
-0.4443143127373876,-0.5279336957301096,-0.37737812381599833,-0.4413246768066931,-0.3877188329968194,-0.4514528464766595,-0.5822989647967302,Normal,5,IoT23
1.9659375269017878,-0.3707148679973212,-0.35423612602929333,-0.4413246768066931,0.9597871352492564,-0.27918332363156895,-0.568996136780367,Malware,4,IoT23
-0.5300937830157081,-0.514900010529464,-0.3796396607836011,-0.4413246768066931,-1.284002098488493,-0.18343256746588912,-0.13188354291683999,Reconnaissance,7,IoT23
-0.4399640770322352,-0.5100123785792219,-0.37971820835169445,-0.4413246768066931,1.0726056487295594,-0.4514528464766595,-0.574310978257238,Normal,5,IoT23
-0.49972432768419056,-0.5132707998793833,-0.3810816184703488,1.5996975829677962,0.3568730857398179,-0.4514528464766595,-0.5871403078712473,Normal,5,IoT23
0.741984099174522,-0.3792682239102449,-0.3695077022588953,-0.4413246768066931,-1.5574984129154814,-0.4510436552109942,-0.5121660398101582,Botnet,0,IoT23
-0.13596104483611507,-0.37641710527260364,-0.334647171087663,-0.4413246768066931,-1.171286287341809,-0.27918332363156895,-0.5814202611656009,Malware,4,IoT23
-0.5042586510861082,-0.5344505383304324,-0.34218562252969825,1.5996975829677962,0.517396833186075,-0.27918332363156895,-0.5869065527305092,Normal,5,IoT23
2.2231323895117683,-0.47946467889020855,-0.3252146073523943,-0.4413246768066931,-1.038338116472212,2.845810372254314,-0.5200190616722323,Botnet,0,IoT23
-0.11227971960747601,-0.441585531275832,-0.336264576979003,-0.4413246768066931,-0.6323557916769118,2.2676231138692478,-0.5592018690148913,Botnet,0,IoT23
-0.48532373799576384,-0.5083831679291412,-0.35435878070900956,1.5996975829677962,-1.5220661078169793,-0.27918332363156895,-0.5797451618469603,Normal,5,IoT23
-0.35723635336086723,-0.5108269839042622,-0.37605874506733056,-0.4413246768066931,-1.4908959495636593,-0.42771975306807225,-0.5873422761983688,Normal,5,IoT23
-0.4069177235449977,-0.5324140250178316,-0.3636184455610809,-0.4413246768066931,1.5669119804370677,-0.4514528464766595,-0.5872504895756466,Normal,5,IoT23
-0.541558164234703,-0.5018663253288183,-0.37971419072836765,1.5996975829677962,-0.645347636879696,-0.4461333600230107,0.10747463284632802,Reconnaissance,7,IoT23
3.6536456819869207,-0.42814454341266617,-0.36120873439814144,-0.4413246768066931,0.3807513783061997,-0.4510436552109942,-0.5779066165516379,Botnet,0,IoT23
0.5164810482637611,-0.4468804658885943,-0.3453506259807788,-0.4413246768066931,-0.7534931941803413,2.845810372254314,-0.5264372505412749,Botnet,0,IoT23
1.3215995427929015,-0.34546210292107016,-0.34183974681499435,-0.4413246768066931,-1.0808568825904146,-0.27918332363156895,-0.5788576946973034,Malware,4,IoT23
2.602985436618214,-0.3572738801341553,-0.37796275732285184,-0.4413246768066931,1.2010862680867365,2.845810372254314,-0.5682582729547797,Botnet,0,IoT23
-0.5364217355697737,-0.5185657344921456,-0.38096528949093833,1.5996975829677962,0.8898981972216314,-0.3557020903109797,0.9796552697046514,Reconnaissance,7,IoT23
-0.5260488175321706,-0.3495351295462719,-0.2907944374801344,-0.4413246768066931,-0.14785753283000336,-0.27918332363156895,-0.563515519826188,Malware,4,IoT23
1.5254441825422052,-0.4037063836614555,-0.29705268727272577,-0.4413246768066931,1.5522768978963821,2.2676231138692478,-0.5710557610229493,Botnet,0,IoT23
1.08046571337983,-0.4684675070021637,-0.3211606417745166,-0.4413246768066931,-0.5280615718869732,2.2676231138692478,-0.5750406207345431,Botnet,0,IoT23
-0.4825530462469086,-0.5222314584548272,-0.37850430661283385,-0.4413246768066931,-0.6996258201972564,-0.3908925391581954,0.3168523139508398,Reconnaissance,7,IoT23
0.6318329740677896,-0.5373016569680737,-0.25414185016778623,-0.4413246768066931,-0.4599185735308685,-0.4510436552109942,-0.5241190962360872,Botnet,0,IoT23
-0.3880520957557146,-0.4513607951763163,-0.31238907628627766,-0.4413246768066931,1.0388679321357683,-0.27918332363156895,-0.5828477002324598,Malware,4,IoT23
0.1694034597535212,-0.39759684372365284,-0.2731659495208251,-0.4413246768066931,1.3163696375738916,-0.27918332363156895,-0.5683764398313839,Malware,4,IoT23
3.090149813442036,-0.42488612211250476,-0.3756258143272106,-0.4413246768066931,0.25771398263082157,2.845810372254314,-0.5143926536948922,Botnet,0,IoT23
-0.5456610557406346,-0.5030882333163789,-0.38018457834948377,-0.4413246768066931,-0.6031883289291594,-0.3884373915642036,-0.025526021138118235,Reconnaissance,7,IoT23
-0.45882932657106545,-0.5303775117052307,-0.37254672394474836,-0.4413246768066931,0.10253075653274447,-0.4514528464766595,-0.5853019117397558,Normal,5,IoT23
-0.29735819479846537,-0.5197876424797061,-0.37427265906134644,1.5996975829677962,-0.5645722514884731,-0.4514528464766595,-0.5746815570485984,Normal,5,IoT23
-0.29892097262934786,-0.37600980261008343,-0.2943648688666425,-0.4413246768066931,-0.5779235548589232,-0.27918332363156895,-0.5718619443999813,Malware,4,IoT23
-0.1543501946577891,-0.5116415892293026,-0.37047999361739986,-0.4413246768066931,0.8762901380171342,-0.27918332363156895,-0.5830027872259087,Malware,4,IoT23
-0.3196784361548687,-0.5364870516430333,-0.37694787880223296,-0.4413246768066931,0.10781992671411507,-0.27918332363156895,-0.5857831088919769,Normal,5,IoT23
-0.5355385445713546,-0.5307848143677509,-0.370680067835055,1.5996975829677962,-0.1371251389668339,-0.42771975306807225,-0.5858633089608306,Normal,5,IoT23
2.1148467596672407,-0.3894507904732493,-0.3186017365303433,-0.4413246768066931,-1.5786550936409638,2.845810372254314,-0.5685794897390558,Botnet,0,IoT23
-0.45968764929779254,-0.5336359330053921,-0.37491747175658224,1.5996975829677962,-0.3060704777698364,-0.42771975306807225,-0.5823907370971713,Normal,5,IoT23
0.5363671734970793,-0.4187765821747021,-0.31415861493749875,-0.4413246768066931,0.9250737464860863,-0.27918332363156895,-0.5785189154954862,Malware,4,IoT23
1.0756911581352815,-0.5189730371546657,-0.3616176288716053,-0.4413246768066931,-1.3103965982285366,2.845810372254314,-0.5421499740964287,Botnet,0,IoT23
3.0080724470153384,-0.39026539579828967,-0.35185407284147263,-0.4413246768066931,-1.2857480381600135,2.2676231138692478,-0.5314877070986408,Botnet,0,IoT23
0.058128610181076075,-0.5315994196927912,-0.30955426688610094,-0.4413246768066931,1.3458452073225005,2.2676231138692478,-0.527722328409385,Botnet,0,IoT23
-0.5362614361045533,-0.5328213276803517,-0.3792090217372212,1.5996975829677962,-0.0020202190912412903,-0.27918332363156895,-0.5797624428282051,Normal,5,IoT23
0.009329215031783267,-0.5267117877425491,-0.37107379897807896,1.5996975829677962,-0.1243386984312875,-0.42771975306807225,-0.5833038258021404,Normal,5,IoT23
0.42044423881017057,-0.3808974345603256,-0.37853432917000723,-0.4413246768066931,-0.5814667853687734,2.2676231138692478,-0.5324366975895836,Botnet,0,IoT23
-0.1560569578952365,-0.507975865266621,-0.3803829886639953,1.5996975829677962,1.636595513797455,-0.4514528464766595,-0.5865283287557885,Normal,5,IoT23
1.732421180115671,-0.4961640880535358,-0.36979301464736203,-0.4413246768066931,-0.015576927128929031,2.845810372254314,-0.5138493397638134,Botnet,0,IoT23
-0.36862823940621825,-0.5368943543055535,-0.3704409199175719,1.5996975829677962,-0.022714739315438867,-0.42771975306807225,-0.5860975075098614,Normal,5,IoT23
-0.22630702203581615,-0.524267971767428,-0.3585295597975918,1.5996975829677962,-0.8087984008340902,-0.27918332363156895,-0.5868344543456747,Normal,5,IoT23
-0.39563689135819113,-0.531192117030271,-0.3792857435608477,-0.4413246768066931,-0.7414770211469363,-0.27918332363156895,-0.5836066057651352,Normal,5,IoT23
3.1343978557570042,-0.5018663253288183,-0.3716656419107026,-0.4413246768066931,-1.288983161669007,2.2676231138692478,-0.499833526345956,Botnet,0,IoT23
-0.3812419986449442,-0.48068658687776905,-0.37737304225300206,-0.4413246768066931,0.4716429435588789,-0.27918332363156895,-0.5788335532639463,Malware,4,IoT23
-0.47478233355128757,-0.514900010529464,-0.3767151391289836,1.5996975829677962,1.4885500998858878,-0.31191862488479283,0.15235233684270577,Reconnaissance,7,IoT23
0.6665214569476182,-0.3430182869459491,-0.3609455955985733,-0.4413246768066931,-0.7147230632392267,-0.4510436552109942,-0.5675227745757601,Botnet,0,IoT23
1.5866035049154004,-0.45747033511411894,-0.3634035416457614,-0.4413246768066931,-1.4694311618373206,2.845810372254314,-0.5527367891798384,Botnet,0,IoT23
2.3438591447998305,-0.5315994196927912,-0.361542410376462,-0.4413246768066931,0.15675758868349543,2.845810372254314,-0.5246698346698542,Botnet,0,IoT23
-0.07202557357305958,-0.3715294733223615,-0.3714328554563294,-0.4413246768066931,-1.3540450900165464,2.2676231138692478,-0.5048958666387293,Botnet,0,IoT23
-0.5010642732229487,-0.5100123785792219,-0.3718007924433483,1.5996975829677962,0.3855783879862855,-0.27918332363156895,-0.5843077403810567,Normal,5,IoT23
-0.4759667994303258,-0.5279336957301096,-0.3782990445728352,-0.4413246768066931,1.2599347052503354,-0.42771975306807225,-0.5868952007984286,Normal,5,IoT23
-0.31384769598851553,-0.45380461115143733,-0.35401797318625244,-0.4413246768066931,-0.012495857120363637,2.2676231138692478,-0.570566722318139,Botnet,0,IoT23
-0.5112090591335633,-0.37967552657276504,-0.36478012356422523,-0.4413246768066931,0.44966464416444574,-0.27918332363156895,-0.5784058277451779,Malware,4,IoT23
1.355831962187555,-0.38456315852300715,-0.332389777076117,-0.4413246768066931,-0.8726279011782033,2.845810372254314,-0.5018592596518817,Botnet,0,IoT23
2.460668882490488,-0.3894507904732493,-0.3663273185826535,-0.4413246768066931,-0.3379595523584883,2.2676231138692478,-0.5312146107220224,Botnet,0,IoT23
2.625130170715412,-0.34831322155871136,-0.30607207369247,-0.4413246768066931,0.9247142883184204,2.845810372254314,-0.5149952368205983,Botnet,0,IoT23
0.7343041260878704,-0.4880180348031323,-0.3655223965537505,-0.4413246768066931,0.5656669299869329,-0.4510436552109942,-0.5675062784839342,Botnet,0,IoT23
-0.5289688285118591,-0.5197876424797061,-0.3731587466486584,1.5996975829677962,0.02694183898927343,-0.27918332363156895,-0.5873107847745922,Normal,5,IoT23
0.7795018008746195,-0.46928211232720407,-0.3432462574086182,-0.4413246768066931,-0.7206284474223105,2.845810372254314,-0.49932513759323804,Botnet,0,IoT23
-0.13041696416540283,-0.3878215798231686,-0.3475982001980927,-0.4413246768066931,0.8282767970503234,2.2676231138692478,-0.5459180162555611,Botnet,0,IoT23
0.48388549202604975,-0.4582849404391593,-0.3308394495633567,-0.4413246768066931,-0.3931107055118089,-0.27918332363156895,-0.5712075529855211,Malware,4,IoT23
-0.45447086251597385,-0.510419681241742,-0.37646335785047436,-0.4413246768066931,1.7053033749884636,-0.27918332363156895,-0.5854992229417191,Normal,5,IoT23
-0.5223278539469195,-0.5185657344921456,-0.36237718802112423,-0.4413246768066931,-1.3092668725587293,-0.27918332363156895,-0.567962967751772,Malware,4,IoT23
1.9134515583730425,-0.47946467889020855,-0.3601514659118267,-0.4413246768066931,-0.000993195755052825,2.2676231138692478,-0.5746758338460284,Botnet,0,IoT23
-0.212985449438864,-0.37030756533480097,-0.36934562663200826,-0.4413246768066931,0.596015469571302,2.845810372254314,-0.4940339353603255,Botnet,0,IoT23
2.746476546104405,-0.36664184137211936,-0.36480176139552484,-0.4413246768066931,-0.03190659817432563,2.2676231138692478,-0.5321856657335552,Botnet,0,IoT23
-0.515047405306499,-0.5002371146787375,-0.3791522064842441,-0.4413246768066931,1.1284243670514025,-0.06681305675127912,0.699505811898065,Reconnaissance,7,IoT23
-0.5358289088603184,-0.5226387611173473,-0.35894010146715966,1.5996975829677962,1.3751667235706813,-0.42771975306807225,-0.5792206265404022,Normal,5,IoT23
-0.483386816201573,-0.5315994196927912,-0.36930034615778634,1.5996975829677962,0.08881999499462846,-0.42771975306807225,-0.5804742909046544,Normal,5,IoT23
-0.27131435717457575,-0.5108269839042622,-0.3653374387700038,-0.4413246768066931,-0.8555279626306653,-0.4514528464766595,-0.5803138338463375,Normal,5,IoT23
-0.5228473923315138,-0.5320067223553114,-0.3703095764693643,-0.4413246768066931,0.36662980743360835,-0.27918332363156895,-0.5782993139062463,Normal,5,IoT23
-0.5227465267215314,-0.5230460637798675,-0.37861177404636687,-0.4413246768066931,-0.8608684839788454,-0.12123549508476379,-0.02306836525136065,Reconnaissance,7,IoT23
-0.24294359630988238,-0.5206022478047464,-0.3593251152556564,1.5996975829677962,0.00013652991475448685,-0.4514528464766595,-0.5864006598964419,Normal,5,IoT23
1.535663655247417,-0.4533973084889172,-0.36092424608297285,-0.4413246768066931,0.9131089246194907,-0.4510436552109942,-0.5751936091331061,Botnet,0,IoT23
1.480010249539862,-0.5254898797549886,-0.3735890096959521,-0.4413246768066931,1.3179101725781743,2.2676231138692478,-0.4970085693062234,Botnet,0,IoT23
-0.40300087460507855,-0.48557421882801116,-0.3525176156408956,-0.4413246768066931,1.4826960668696136,2.2676231138692478,-0.5414453868913435,Botnet,0,IoT23
-0.503204274077543,-0.5258971824175087,-0.37320918501523603,-0.4413246768066931,-1.1822240858722162,-0.42771975306807225,-0.5845979912023623,Normal,5,IoT23
-0.21930540046909766,-0.36175420942187725,-0.34644061310034086,-0.4413246768066931,1.4215881783664,-0.27918332363156895,-0.5718421552771613,Malware,4,IoT23
1.5709024309450972,-0.4945348774034551,-0.37981530778915074,-0.4413246768066931,-0.6940285430150291,2.2676231138692478,-0.49560453373140617,Botnet,0,IoT23
1.1460464190672026,-0.4456585579010338,-0.3598740301609765,-0.4413246768066931,-1.111102719841165,-0.4510436552109942,-0.5081797911507183,Botnet,0,IoT23
0.3321617429285719,-0.485166916165491,-0.32206020831141674,-0.4413246768066931,0.08568757381925364,-0.27918332363156895,-0.5851362743883488,Malware,4,IoT23
0.09456165549308762,-0.485166916165491,-0.37720423575792505,-0.4413246768066931,-0.01999312747453943,2.2676231138692478,-0.515310013667749,Botnet,0,IoT23
1.1607838886003707,-0.5267117877425491,-0.2427020790620958,-0.4413246768066931,-1.2337293061820678,2.845810372254314,-0.5118903269123427,Botnet,0,IoT23
3.586659357148927,-0.39637493573609234,-0.26002874387674846,-0.4413246768066931,0.954395262734267,-0.4510436552109942,-0.5680165625430385,Botnet,0,IoT23
0.000437684797611941,-0.4562484271265584,-0.37642533569470527,-0.4413246768066931,0.28739495704666823,-0.4510436552109942,-0.5046348493806123,Botnet,0,IoT23
-0.5215026462729854,-0.5360797489805131,-0.369122099636298,-0.4413246768066931,-0.2542571504591284,-0.27918332363156895,-0.5862828883566349,Normal,5,IoT23
-0.4395281898387448,-0.48598152149053137,-0.3810363718424808,1.5996975829677962,0.595399255569589,-0.12901012913240445,0.13620313960015565,Reconnaissance,7,IoT23
-0.5453239593608002,-0.5157146158545043,-0.37778210868669343,1.5996975829677962,1.3020426620340626,-0.4514528464766595,-0.5793897204935917,Normal,5,IoT23
-0.2971674769441382,-0.5091977732541815,-0.3743510604951095,-0.4413246768066931,1.3287452687749626,-0.42771975306807225,-0.5830385950291066,Normal,5,IoT23
-0.4413951574018206,-0.5063466546165403,-0.36979969487211806,1.5996975829677962,1.1638566721499044,-0.27918332363156895,-0.5851343444415315,Normal,5,IoT23
-0.5710147622104536,-0.5169365238420649,-0.3813476385109139,-0.4413246768066931,0.1895709842747169,-0.20225536568649286,1.2197267639630558,Reconnaissance,7,IoT23
0.7188348594129959,-0.4489169792011952,-0.3798566197582161,-0.4413246768066931,0.9702627732783788,2.2676231138692478,-0.5498286794522496,Botnet,0,IoT23
-0.5075518092746764,-0.46643099368956287,-0.2874314938197606,-0.4413246768066931,-0.13234948045355754,-0.27918332363156895,-0.5724648401901702,Malware,4,IoT23
-0.524279776486361,-0.4880180348031323,-0.38064664166337014,1.5996975829677962,1.0984352856346993,-0.34629069120067785,0.5461422971542871,Reconnaissance,7,IoT23
-0.46873421068207033,-0.4106305289242985,-0.36063090504499506,-0.4413246768066931,-1.119370257697482,-0.27918332363156895,-0.5651003183606021,Malware,4,IoT23
0.7597004395153287,-0.35483006415903423,-0.36398093959459493,-0.4413246768066931,1.3102588487235702,2.2676231138692478,-0.5091303992495462,Botnet,0,IoT23
-0.46013885991227765,-0.5222314584548272,-0.3759923889473889,1.5996975829677962,-0.46310234587305277,-0.1903888189821992,0.07286239030609044,Reconnaissance,7,IoT23
0.396936543528095,-0.35645927480911493,-0.3706034517007964,-0.4413246768066931,-1.052048878010328,-0.27918332363156895,-0.5644309805441337,Malware,4,IoT23
-0.4343036885953007,-0.5250825770924684,-0.3731676170136759,1.5996975829677962,1.5664498199357828,-0.42771975306807225,-0.5874104687045365,Normal,5,IoT23
-0.2165110866401993,-0.36134690675935704,-0.3083571796025963,-0.4413246768066931,1.5857065074893166,-0.27918332363156895,-0.5804261590645328,Malware,4,IoT23
1.635166556599288,-0.4322175700378679,-0.32373765291166623,-0.4413246768066931,1.3237642055944485,-0.27918332363156895,-0.5681890265738115,Malware,4,IoT23
3.349196239753364,-0.4106305289242985,-0.3637364202767896,-0.4413246768066931,0.9668735962689569,2.845810372254314,-0.5711852899745018,Botnet,0,IoT23
0.10820326449289018,-0.5373016569680737,-0.36869810874707254,1.5996975829677962,-0.7111284815625671,-0.27918332363156895,-0.5849593404886303,Normal,5,IoT23
-0.31891419233792206,-0.4497315845262356,-0.26857846242755645,-0.4413246768066931,-0.018914752971541545,-0.27918332363156895,-0.5733307892595688,Malware,4,IoT23
0.47541530836141566,-0.38985809313576947,-0.3776260102411495,-0.4413246768066931,0.38260002031133894,-0.27918332363156895,-0.5742301748729985,Malware,4,IoT23
3.4559388334446406,-0.44280743926339255,-0.3406428327963256,-0.4413246768066931,-0.6976231246916889,2.2676231138692478,-0.5760267740157242,Botnet,0,IoT23
0.9927937572189791,-0.4489169792011952,-0.37269486097427595,-0.4413246768066931,0.6069019169348998,2.2676231138692478,-0.5536708202232491,Botnet,0,IoT23
0.5576678818461601,-0.35686657747163514,-0.36367859484406273,-0.4413246768066931,0.9071521892695976,2.845810372254314,-0.4946546198453434,Botnet,0,IoT23
-0.3780559812732097,-0.5275263930675894,-0.36955575161900805,-0.4413246768066931,1.192921432564038,-0.27918332363156895,-0.5864902226749867,Normal,5,IoT23
3.287932633698219,-0.3890434878107291,-0.343144271034537,-0.4413246768066931,-0.3691297106118082,2.845810372254314,-0.5138824006342632,Botnet,0,IoT23
1.8278895906738382,-0.5132707998793833,-0.3799941272544434,-0.4413246768066931,1.0001491523614632,-0.4510436552109942,-0.4995433272509823,Botnet,0,IoT23
0.8778963015127544,-0.45421191381395754,-0.3069826085529239,-0.4413246768066931,0.4559808376820048,-0.4510436552109942,-0.5005213255133313,Botnet,0,IoT23
0.4398697522310081,-0.3646053280595185,-0.3333141384455953,-0.4413246768066931,0.1891088237734321,2.845810372254314,-0.5165030308829897,Botnet,0,IoT23
3.3335011015663167,-0.4982006013661367,-0.37849099396142183,-0.4413246768066931,1.5112986667824624,-0.4510436552109942,-0.5444921168753237,Botnet,0,IoT23
-0.5458843868705382,-0.5132707998793833,-0.3769610547714527,1.5996975829677962,0.7959255619603868,-0.42771975306807225,-0.5852012758565213,Normal,5,IoT23
-0.4769010268633008,-0.5116415892293026,-0.3794981478784604,1.5996975829677962,1.3180642260786026,-0.3831179051105547,-0.15039922322580268,Reconnaissance,7,IoT23
-0.4937590684886454,-0.5413746835932755,-0.361330891880372,1.5996975829677962,-0.4846184847662011,-0.42771975306807225,-0.5826343513292274,Normal,5,IoT23
0.18968339853540056,-0.4603214537517602,-0.29215754829637985,-0.4413246768066931,0.7262420285999994,2.2676231138692478,-0.5551443260778202,Botnet,0,IoT23
1.0787505657397047,-0.4908691534407735,-0.30396139685339624,-0.4413246768066931,-0.6480692487205953,2.2676231138692478,-0.5445349724030719,Botnet,0,IoT23
-0.3011244721844213,-0.5385235649556342,-0.3783456867202333,1.5996975829677962,1.3780937400788185,-0.4514528464766595,-0.5840789339042597,Normal,5,IoT23
-0.5712796164653078,-0.4440293472509531,-0.17821389527827516,-0.4413246768066931,1.690308834280112,-0.27918332363156895,-0.5701472601142167,Malware,4,IoT23
-0.5369925880115957,-0.5116415892293026,-0.36286556902635814,1.5996975829677962,1.2654806312657532,-0.27918332363156895,-0.5826143062543998,Normal,5,IoT23
2.3652161221775416,-0.3527935508464333,-0.25494019015909597,-0.4413246768066931,-1.3208208850908496,2.845810372254314,-0.5109754475248915,Botnet,0,IoT23
-0.15004652212265063,-0.5201949451422263,-0.37436649640926795,-0.4413246768066931,0.9132116269531095,-0.27918332363156895,-0.5865241518792524,Normal,5,IoT23
1.821397635123559,-0.44443664991347326,-0.36308360814201857,-0.4413246768066931,-1.3843936296009156,-0.27918332363156895,-0.5604461459457662,Malware,4,IoT23
-0.555268669125046,-0.3609396040968369,-0.311155969396987,-0.4413246768066931,-0.4284916594435015,-0.27918332363156895,-0.5764789874654681,Malware,4,IoT23
0.5309434364694353,-0.4114451342493389,-0.37724338104074795,-0.4413246768066931,0.35148121322482845,2.2676231138692478,-0.5123347636191751,Botnet,0,IoT23
-0.5626049617774628,-0.5413746835932755,-0.3657102787271443,-0.4413246768066931,0.293557097063799,-0.4514528464766595,-0.5863909252372212,Normal,5,IoT23
-0.5275692948995699,-0.4798719815527287,-0.37913636163429343,-0.4413246768066931,-0.32666229566041516,-0.4187175452234357,0.0916394632766342,Reconnaissance,7,IoT23
-0.20375552690077625,-0.39474572508601163,-0.34845109009462377,-0.4413246768066931,-0.9724032182889127,2.845810372254314,-0.5145234172719523,Botnet,0,IoT23
1.8417712015761802,-0.41633276619958104,-0.37850914316988127,-0.4413246768066931,-0.9826221004839879,2.2676231138692478,-0.5571159202603911,Botnet,0,IoT23
0.9275672597415753,-0.4672455990146032,-0.3356398365217791,-0.4413246768066931,-0.5689884518340835,-0.27918332363156895,-0.5686944652821845,Malware,4,IoT23
-0.3892564992431945,-0.5230460637798675,-0.381065619577704,-0.4413246768066931,1.1910214393920895,-0.27918332363156895,-0.5861951371245872,Normal,5,IoT23
-0.12441634522447906,-0.514900010529464,-0.34563630591653277,-0.4413246768066931,-0.7169825145788414,-0.27918332363156895,-0.5837271731445215,Malware,4,IoT23
0.19304062123257446,-0.540152775605715,-0.37385527632612015,-0.4413246768066931,0.9756546457933682,-0.27918332363156895,-0.584312380309375,Normal,5,IoT23
-0.23497155025288438,-0.4090013182742178,-0.37948913288959696,-0.4413246768066931,0.5067157904897149,-0.27918332363156895,-0.5842200082262289,Malware,4,IoT23
-0.45859375328099666,-0.5409673809307554,-0.35250667259530677,1.5996975829677962,-0.582750564539009,-0.4514528464766595,-0.5829269245220001,Normal,5,IoT23
3.1997062085422767,-0.4106305289242985,-0.3540419784269555,-0.4413246768066931,-1.364931537380144,-0.4510436552109942,-0.5750606271326749,Botnet,0,IoT23
-0.46670558946412866,-0.4749843496024866,-0.379491709055357,1.5996975829677962,0.5711615048355412,-0.4158532063637786,0.45705459747562505,Reconnaissance,7,IoT23
-0.49281387831540474,-0.538116262293114,-0.38107114446218743,1.5996975829677962,-0.05285787423257032,-0.4522712290079901,0.23935118439940814,Reconnaissance,7,IoT23
-0.37898970100816287,-0.510419681241742,-0.3705766950370356,-0.4413246768066931,1.5247526724865312,-0.42771975306807225,-0.5847595318911366,Normal,5,IoT23
-0.5306328995825377,-0.5091977732541815,-0.37902607301808117,-0.4413246768066931,-1.2162699094668639,-0.2722270721152589,-0.2236885017119834,Reconnaissance,7,IoT23
3.2043792842180063,-0.44484395257599346,-0.27471940982347015,-0.4413246768066931,-0.6204423209771257,2.2676231138692478,-0.541109837294158,Botnet,0,IoT23
-0.48434840788040845,-0.47254053362736553,-0.3768207525558686,1.5996975829677962,1.721478992533432,-0.18506933252855032,1.223609076745229,Reconnaissance,7,IoT23
2.397209041667757,-0.5177511291671052,-0.31814139540476355,-0.4413246768066931,1.6672521603826806,2.845810372254314,-0.5399795814426933,Botnet,0,IoT23
-0.52097696136468,-0.5324140250178316,-0.3660709047912249,1.5996975829677962,-1.2215077284814249,-0.4514528464766595,-0.5770270380359456,Normal,5,IoT23
-0.2884647018051205,-0.5364870516430333,-0.38031026293061954,-0.4413246768066931,0.8866117225458283,2.2676231138692478,-0.5123101510330929,Botnet,0,IoT23
0.47597648441902907,-0.44280743926339255,-0.35114862934634605,-0.4413246768066931,-0.2603165881426403,2.845810372254314,-0.49749166937179173,Botnet,0,IoT23
1.8806013309320357,-0.521824155792307,-0.3492375600666618,-0.4413246768066931,1.7085384984974572,2.845810372254314,-0.5101788426108931,Botnet,0,IoT23
1.6587487662096503,-0.4924983640908542,-0.3613962166681043,-0.4413246768066931,-0.49786708580303235,2.2676231138692478,-0.5035741584035422,Botnet,0,IoT23
-0.2923667242778786,-0.5315994196927912,-0.3750775312319525,1.5996975829677962,1.6191361170822511,-0.4514528464766595,-0.5857887703041254,Normal,5,IoT23
-0.25894339596317856,-0.49534948272849544,-0.37055534050368366,-0.4413246768066931,1.6151820772379255,-0.27918332363156895,-0.5853410727569918,Malware,4,IoT23
1.4693564460535429,-0.4982006013661367,-0.32400762539926636,-0.4413246768066931,-0.31254072478782374,-0.27918332363156895,-0.5677021999953222,Malware,4,IoT23
0.9827835748322297,-0.4301810567252671,-0.15886003114740302,-0.4413246768066931,1.4320638163955222,-0.27918332363156895,-0.5608585513830175,Malware,4,IoT23
2.75358442180465,-0.35686657747163514,-0.23953633919871045,-0.4413246768066931,0.5543183221220503,2.845810372254314,-0.5278003670118774,Botnet,0,IoT23
2.250136444504143,-0.39148730378585017,-0.33857609408903594,-0.4413246768066931,-1.400466544812265,-0.4510436552109942,-0.496111690742992,Botnet,0,IoT23
-0.2165061888584061,-0.521824155792307,-0.3591884447939804,-0.4413246768066931,0.44016467830470246,-0.42771975306807225,-0.5865845666184364,Normal,5,IoT23
1.9402715984485284,-0.4672455990146032,-0.377749606148059,-0.4413246768066931,-1.22905635000241,-0.4510436552109942,-0.4963749967589303,Botnet,0,IoT23
0.25615297802407044,-0.44606586056355396,-0.30808375563666335,-0.4413246768066931,1.28268327214691,-0.27918332363156895,-0.5816117225710784,Malware,4,IoT23
-0.30714022329428997,-0.3495351295462719,-0.253627484386617,-0.4413246768066931,-0.5080859679981076,-0.27918332363156895,-0.5843138824447597,Malware,4,IoT23
1.3902947431926655,-0.4892399427906928,-0.3518156383860259,-0.4413246768066931,-0.5461371826038902,-0.27918332363156895,-0.5724301910734164,Malware,4,IoT23
2.3717582365873153,-0.3825266452104063,-0.37006677093325424,-0.4413246768066931,-0.13070624311565598,2.845810372254314,-0.530164907583148,Botnet,0,IoT23
-0.5057990615783421,-0.5055320492914999,-0.38058413385502765,-0.4413246768066931,1.2607563239192863,-0.20348293948348875,0.3718884894290284,Reconnaissance,7,IoT23
3.1214568898244317,-0.4656163883645225,-0.322780441738859,-0.4413246768066931,0.8772144590197039,2.845810372254314,-0.5245765919092628,Botnet,0,IoT23
-0.2747369208146687,-0.5189730371546657,-0.37607434473047097,-0.4413246768066931,-1.579528063476724,-0.4514528464766595,-0.5835474521155966,Normal,5,IoT23
-0.3035970971994103,-0.537708959630594,-0.38020243939521187,1.5996975829677962,-0.19987626480794912,-0.27918332363156895,-0.5863391994401704,Normal,5,IoT23
-0.3127912251381638,-0.5442258022309168,-0.3796884753839717,1.5996975829677962,-1.2362455133557295,-0.42771975306807225,-0.5775890664069088,Normal,5,IoT23
-0.5568812063148664,-0.538116262293114,-0.3745586135400835,-0.4413246768066931,-0.15309535184456452,-0.42771975306807225,-0.586255065252151,Normal,5,IoT23
-0.024342414075530592,-0.5258971824175087,-0.36938814067954023,-0.4413246768066931,-0.5307831837278726,-0.42771975306807225,-0.5792096619051202,Normal,5,IoT23
-0.5439037057721046,-0.5157146158545043,-0.3769676073626463,-0.4413246768066931,1.5620336195901725,-0.27754655856890775,0.5024724709311372,Reconnaissance,7,IoT23
0.418668738292798,-0.5340432356679123,-0.35286464354317026,-0.4413246768066931,-1.4258853723829295,-0.27918332363156895,-0.5826656040870413,Malware,4,IoT23
-0.46357461042335174,-0.5344505383304324,-0.378771180058946,1.5996975829677962,-0.4976103299689852,-0.2992336956491686,1.027776588634033,Reconnaissance,7,IoT23
3.0863922410785123,-0.4371052019881101,-0.33509919507413516,-0.4413246768066931,0.27661121201668937,-0.4510436552109942,-0.5305100171391856,Botnet,0,IoT23
-0.25286149702208643,-0.42447881944998456,-0.3780295613166551,-0.4413246768066931,-1.2375806436927745,2.2676231138692478,-0.5624514804593088,Botnet,0,IoT23
-0.20895198462201517,-0.5360797489805131,-0.3765723955188895,-0.4413246768066931,-0.3286649911659827,2.845810372254314,-0.5407173271245764,Botnet,0,IoT23
1.1874800151683633,-0.4293664514002267,-0.3369281708526735,-0.4413246768066931,-1.3487045686683663,2.845810372254314,-0.5113717721857701,Botnet,0,IoT23
2.439274481630757,-0.4998298120162174,-0.3339681599471314,-0.4413246768066931,-1.1853051558807817,-0.4510436552109942,-0.5246372880095189,Botnet,0,IoT23
-0.350340925122127,-0.38008282923528525,-0.3176206078732552,-0.4413246768066931,-0.19689789713300257,-0.27918332363156895,-0.5792824426297005,Malware,4,IoT23
-0.5188691104726428,-0.5303775117052307,-0.3770697932790164,-0.4413246768066931,0.8009579763077103,-0.42771975306807225,-0.5854802385472612,Normal,5,IoT23
-0.3058943896394907,-0.44932428186371537,-0.2547434570435385,-0.4413246768066931,-0.7579093945259517,-0.27918332363156895,-0.5717346518855349,Malware,4,IoT23
-0.3902005899198419,-0.5140854052044236,-0.3779135416647214,1.5996975829677962,-0.45118887517326656,-0.4514528464766595,-0.5864249127468559,Normal,5,IoT23
0.4006382666267076,-0.5157146158545043,-0.3798046357008594,-0.4413246768066931,0.9404790965289133,2.845810372254314,-0.5527605143884086,Botnet,0,IoT23
1.885697657463523,-0.43262487270038813,-0.36233760148424426,-0.4413246768066931,-0.2815246200349321,2.845810372254314,-0.49958091263840876,Botnet,0,IoT23
-0.00647851923461903,-0.5360797489805131,-0.37041605536990807,1.5996975829677962,-1.5213985426484569,-0.4514528464766595,-0.5847828380389742,Normal,5,IoT23
1.306661741101098,-0.4289591487377065,-0.3811890095085695,-0.4413246768066931,-1.2615102874259656,-0.4510436552109942,-0.5592296353825938,Botnet,0,IoT23
-0.4625247803769034,-0.517343826504585,-0.3663023737134608,-0.4413246768066931,-1.2656183807707195,-0.27918332363156895,-0.5869933993856581,Normal,5,IoT23
0.22299656742194648,-0.4053355943115362,-0.3763847201721394,-0.4413246768066931,0.29853816024431307,-0.27918332363156895,-0.5817240629204582,Malware,4,IoT23
3.6095046778947393,-0.4582849404391593,-0.35262577131978295,-0.4413246768066931,1.400996360475821,2.845810372254314,-0.5190006569503186,Botnet,0,IoT23
2.9803107819144654,-0.40859401561169767,-0.37315534771435777,-0.4413246768066931,-1.2614075850923467,2.2676231138692478,-0.4995736723610689,Botnet,0,IoT23
2.0240691165803573,-0.37641710527260364,-0.3391848256207428,-0.4413246768066931,1.112351451840053,2.845810372254314,-0.5112075510786857,Botnet,0,IoT23
-0.5025460509528606,-0.5136781025419034,-0.38024572668829704,1.5996975829677962,0.23578703440319784,-0.42771975306807225,-0.5832646230566763,Normal,5,IoT23
3.4656862230684555,-0.3556446694840746,-0.34394728483529446,-0.4413246768066931,1.6869196572706902,-0.4510436552109942,-0.562308537697144,Botnet,0,IoT23
-0.548557501736401,-0.5267117877425491,-0.38042601559873707,-0.4413246768066931,-1.4568501259690119,-0.08604504623754813,0.7927905917660357,Reconnaissance,7,IoT23
1.8501338602155881,-0.43425408335046883,-0.07166393930091614,-0.4413246768066931,0.3815216458083411,-0.27918332363156895,-0.5845357594995485,Malware,4,IoT23
1.444705128160394,-0.3874142771606484,-0.34239047383181737,-0.4413246768066931,1.5269607726593364,2.845810372254314,-0.5144956860612856,Botnet,0,IoT23
0.5169345657195011,-0.4199984901622626,-0.31176081910775744,-0.4413246768066931,-1.2389671251966288,2.845810372254314,-0.5431574866404314,Botnet,0,IoT23
-0.518650008006784,-0.507975865266621,-0.3707759748459124,1.5996975829677962,-1.0351029929632185,-0.27918332363156895,-0.5630142348536699,Normal,5,IoT23
1.660232542160607,-0.3906726984608098,-0.35997696703974597,-0.4413246768066931,0.06124441841796817,2.845810372254314,-0.5472937891147094,Botnet,0,IoT23
-0.2433534539569656,-0.5315994196927912,-0.355425684295289,-0.4413246768066931,1.4195341316940229,-0.27918332363156895,-0.5758169685452725,Malware,4,IoT23
2.8099919881711393,-0.38171203988536595,-0.3452667396120534,-0.4413246768066931,1.0882677546064334,-0.4510436552109942,-0.5206173942950956,Botnet,0,IoT23
0.11760124554266851,-0.5246752744299482,-0.3472763053814652,-0.4413246768066931,0.8540037316218445,2.2676231138692478,-0.5143303172527666,Botnet,0,IoT23
0.87031665539469,-0.4456585579010338,-0.29369255019371027,-0.4413246768066931,1.4456205244332099,-0.27918332363156895,-0.5633999111240403,Malware,4,IoT23
-0.5172250753056693,-0.5352651436554728,-0.3789250396166207,-0.4413246768066931,0.5186806123563106,-0.27918332363156895,-0.5863428871161547,Normal,5,IoT23
2.8687412821794838,-0.3646053280595185,-0.3684164085375947,-0.4413246768066931,-0.5733019498460751,-0.4510436552109942,-0.5220513208110809,Botnet,0,IoT23
-0.3828126524911835,-0.4912764561032937,-0.370684671601568,-0.4413246768066931,0.7641391897053538,-0.27918332363156895,-0.5754770652003983,Malware,4,IoT23
-0.4941766298447087,-0.5373016569680737,-0.3810757391420562,1.5996975829677962,0.3650379212625162,-0.4514528464766595,-0.5843768179170278,Normal,5,IoT23
0.18958165090743362,-0.5315994196927912,-0.36623526936818784,-0.4413246768066931,-0.6377990153587108,-0.27918332363156895,-0.5816114358078229,Malware,4,IoT23
-0.448659240435971,-0.47905737622768835,-0.3750228407623111,-0.4413246768066931,-1.3579477786940626,-0.3184656851354376,0.18899051261597077,Reconnaissance,7,IoT23
-0.31705695808768836,-0.5438184995683966,-0.3779952100830712,1.5996975829677962,-0.8820251647043278,-0.4514528464766595,-0.585214040831708,Normal,5,IoT23
1.4399322773704855,-0.3646053280595185,-0.3607222411059183,-0.4413246768066931,-0.8194280923636408,-0.4510436552109942,-0.5149461303701169,Botnet,0,IoT23
2.2616080163197902,-0.485166916165491,-0.36065240747241634,-0.4413246768066931,-0.6067829106058191,2.845810372254314,-0.5103058095759843,Botnet,0,IoT23
0.8797867690313558,-0.4419928339383522,-0.36847807730686943,-0.4413246768066931,-0.37975940214135884,-0.4510436552109942,-0.576223265256046,Botnet,0,IoT23
2.214625848469583,-0.37315868397244223,-0.37313383882753415,-0.4413246768066931,0.9661546799336249,-0.4510436552109942,-0.5373557358592657,Botnet,0,IoT23
0.5851795432342648,-0.5157146158545043,-0.3783002094417202,-0.4413246768066931,0.901503560920561,-0.4510436552109942,-0.5200228537450934,Botnet,0,IoT23
2.992484902234643,-0.5291556037176701,-0.37148444666481234,-0.4413246768066931,0.16666836387771414,2.2676231138692478,-0.5351799953804189,Botnet,0,IoT23
1.822892188854227,-0.39637493573609234,-0.3796651885288457,-0.4413246768066931,-0.6738988856257353,2.845810372254314,-0.5623330120909186,Botnet,0,IoT23
-0.4862313393557269,-0.5405600782682352,-0.37796568085663895,1.5996975829677962,-1.0954919651311004,-0.4514528464766595,-0.5874003390227982,Normal,5,IoT23
-0.4807673469243741,-0.47416974427744624,-0.37895383010324146,-0.4413246768066931,1.2499725788893072,-0.15274322254099176,0.5436861872151615,Reconnaissance,7,IoT23
0.10988098340410747,-0.4305883593877872,-0.3787986183946171,-0.4413246768066931,1.0765083374070756,-0.27918332363156895,-0.5716207110282696,Malware,4,IoT23
-0.381802664888485,-0.5421892889183159,-0.3663672618821969,1.5996975829677962,-0.5904532395604225,-0.42771975306807225,-0.5844022305630242,Normal,5,IoT23
0.8094973330372746,-0.5246752744299482,-0.36832264719136804,-0.4413246768066931,0.3579001090760064,2.845810372254314,-0.5738350710061535,Botnet,0,IoT23
-0.5679362676450054,-0.4705040203147646,-0.3812164167892208,1.5996975829677962,0.43364308011990566,-0.18220499366889323,0.2951566035801792,Reconnaissance,7,IoT23
0.6299811407737037,-0.4517680978388365,-0.3624271444835948,-0.4413246768066931,1.5603390310854615,2.2676231138692478,-0.5433856070023979,Botnet,0,IoT23
1.5647834796015552,-0.37438059196000273,-0.34771223818503627,-0.4413246768066931,1.2489969067199282,-0.4510436552109942,-0.5180924735846715,Botnet,0,IoT23
-0.0908325258605172,-0.347498616233671,-0.3366191892584265,-0.4413246768066931,-0.8874170372193172,-0.27918332363156895,-0.5753832202476072,Malware,4,IoT23
-0.5020585539491601,-0.5434111969058764,-0.37696729248681765,-0.4413246768066931,1.264607661429993,-0.4514528464766595,-0.5834705187449696,Normal,5,IoT23
1.2773278543178619,-0.5022736279913385,-0.38029976760088535,-0.4413246768066931,1.1212865548648927,-0.4510436552109942,-0.5049782101458272,Botnet,0,IoT23
-0.4855483753768908,-0.5238606691049079,-0.3365298371301826,-0.4413246768066931,1.5945902593473469,-0.4514528464766595,-0.5815306613144577,Normal,5,IoT23
-0.18124743305041682,-0.5344505383304324,-0.36697451525028935,-0.4413246768066931,-0.36630539643728993,-0.27918332363156895,-0.5829142470804077,Normal,5,IoT23
-0.03292602527850191,-0.4122597395743792,-0.2822216352867601,-0.4413246768066931,-1.5750091607974948,-0.27918332363156895,-0.5734439294334822,Malware,4,IoT23
-0.4637316244954217,-0.5324140250178316,-0.3801240444815833,1.5996975829677962,1.1241108690394108,-0.2697719245212671,0.1582614503427444,Reconnaissance,7,IoT23
1.9378267123771757,-0.49534948272849544,-0.3654729029243062,-0.4413246768066931,0.06324711392353567,2.845810372254314,-0.5603949726187805,Botnet,0,IoT23
-0.47782777852797964,-0.5100123785792219,-0.37253241222239286,1.5996975829677962,-0.9581789450827025,-0.27918332363156895,-0.5863056800087595,Normal,5,IoT23
1.3838831270892955,-0.3458694055835903,-0.36597842767851035,-0.4413246768066931,-0.8186064736946901,-0.4510436552109942,-0.5330196771461755,Botnet,0,IoT23
0.9939398737865784,-0.5075685626041008,-0.36779651892228693,-0.4413246768066931,1.1756674405160719,2.845810372254314,-0.5487381944371232,Botnet,0,IoT23
0.545904597344978,-0.37845361858520454,-0.3771263738492473,-0.4413246768066931,0.6501395993884341,-0.4510436552109942,-0.5589376297674602,Botnet,0,IoT23
-0.42282521888806246,-0.5368943543055535,-0.3787638262297856,-0.4413246768066931,-1.327804643776931,-0.42771975306807225,-0.5797231807420241,Normal,5,IoT23
1.2744730985493173,-0.40981592359925817,-0.3391725863941056,-0.4413246768066931,0.24482483976165634,-0.4510436552109942,-0.5109834980573889,Botnet,0,IoT23
-0.42191295562049463,-0.4004479623612941,-0.36820319561203824,-0.4413246768066931,0.7666553968790155,-0.27918332363156895,-0.5695625702580266,Malware,4,IoT23
0.5335184895292335,-0.4998298120162174,-0.33170569379115405,-0.4413246768066931,-0.6537692282364413,-0.4510436552109942,-0.4972924700515711,Botnet,0,IoT23
0.2755174339235115,-0.35197894552139297,-0.3667097641797578,-0.4413246768066931,-1.4837581373771496,2.2676231138692478,-0.509218139793203,Botnet,0,IoT23
1.1047294188699044,-0.5291556037176701,-0.3655842228038534,-0.4413246768066931,0.5970938440742999,-0.4510436552109942,-0.5593659776198663,Botnet,0,IoT23
0.15865307502709386,-0.503495535978899,-0.37984666090097025,-0.4413246768066931,-0.7512850940075362,-0.27918332363156895,-0.5713604041067906,Malware,4,IoT23
-0.20582037332695838,-0.42447881944998456,-0.13985436197570647,-0.4413246768066931,1.29336431484327,-0.27918332363156895,-0.5848655014238386,Malware,4,IoT23
-0.5222316656370607,-0.46806020433964357,-0.37576148720273134,-0.4413246768066931,0.7112474878916478,-0.27918332363156895,-0.5840392371295674,Malware,4,IoT23
-0.48111558196863596,-0.5315994196927912,-0.3492401406107468,-0.4413246768066931,-1.1743673573503743,-0.27918332363156895,-0.5869883763236561,Normal,5,IoT23
0.3299309266327177,-0.42814454341266617,-0.34688526092898553,-0.4413246768066931,-0.8969170030790605,2.2676231138692478,-0.5128779395592465,Botnet,0,IoT23
-0.5656406232740996,-0.37478789462252293,-0.3574697951007239,-0.4413246768066931,-1.4142286575171905,-0.27918332363156895,-0.5636746435845374,Malware,4,IoT23
2.426086273491043,-0.4314029647128276,-0.37769597253936804,-0.4413246768066931,-0.6039072452644914,2.845810372254314,-0.5750319274304585,Botnet,0,IoT23
-0.5202313317417974,-0.5413746835932755,-0.374412063816104,1.5996975829677962,0.7715851088927201,-0.27918332363156895,-0.5864760592086468,Normal,5,IoT23
-0.30627354059098505,-0.5222314584548272,-0.3742424076623198,-0.4413246768066931,-0.8723197941773467,-0.4514528464766595,-0.5833966751189323,Normal,5,IoT23
1.462298101990275,-0.41796197684966174,-0.36050813515288604,-0.4413246768066931,-0.21214919367540128,2.2676231138692478,-0.5363541184133128,Botnet,0,IoT23
3.3931863338675723,-0.4090013182742178,-0.3528679716334116,-0.4413246768066931,1.2134618992878075,2.2676231138692478,-0.5464890323235547,Botnet,0,IoT23
-0.17954870310314522,-0.3861923691730879,-0.37637586403664014,-0.4413246768066931,1.6113820908940282,-0.27918332363156895,-0.5840617092365801,Malware,4,IoT23
0.21110160527362676,-0.46765290167712337,-0.3810634447209161,-0.4413246768066931,-1.202096987427463,-0.27918332363156895,-0.5720113513196242,Malware,4,IoT23
0.03797916002184793,-0.354422761496514,-0.33985299268208047,-0.4413246768066931,-1.162916047151873,-0.27918332363156895,-0.5768777700700052,Malware,4,IoT23
3.0269979204394555,-0.5043101413039394,-0.28215268021287165,-0.4413246768066931,0.6645179260950727,2.2676231138692478,-0.5769434260962444,Botnet,0,IoT23
0.2179025040099097,-0.4501388871887558,-0.2801049435896899,-0.4413246768066931,0.16055757502739276,-0.27918332363156895,-0.5819355312878806,Malware,4,IoT23
-0.4242397216841272,-0.5197876424797061,-0.3694115645772442,-0.4413246768066931,-0.44718348416213155,-0.27918332363156895,-0.5807321684219374,Normal,5,IoT23
0.49778701271072096,-0.4798719815527287,-0.3229574571306949,-0.4413246768066931,-1.215807748965579,-0.27918332363156895,-0.5704701327153795,Malware,4,IoT23
-0.4815793024314397,-0.5385235649556342,-0.37348942351067715,-0.4413246768066931,-0.9088304737788467,-0.4514528464766595,-0.5837767433207006,Normal,5,IoT23
-0.47445182393908686,-0.5283409983926298,-0.327501870333363,1.5996975829677962,-0.017579622634496538,-0.4514528464766595,-0.586147752824171,Normal,5,IoT23
-0.1203266954134152,-0.41266704223689943,-0.22494921190002212,-0.4413246768066931,0.19034125177685826,-0.27918332363156895,-0.563062590652441,Malware,4,IoT23
-0.5136867125518052,-0.5128634972168631,-0.3752915579769689,1.5996975829677962,1.0419490021443336,-0.4514528464766595,-0.5816986625530084,Normal,5,IoT23
0.3686881817916188,-0.43629059666306974,-0.3714420777027629,-0.4413246768066931,1.5528417607312857,-0.4510436552109942,-0.5210035345903379,Botnet,0,IoT23
-0.008870707941358537,-0.5124561945543429,-0.3683054286500584,1.5996975829677962,-0.5043886839878291,-0.27918332363156895,-0.5868009600847793,Normal,5,IoT23
-0.4107977283878209,-0.5385235649556342,-0.3706534861222242,1.5996975829677962,1.18295930620301,-0.27918332363156895,-0.5873975732272035,Normal,5,IoT23
0.04754914677641563,-0.5250825770924684,-0.36036666992923283,-0.4413246768066931,-0.5432615172625624,-0.27918332363156895,-0.5864266913612636,Normal,5,IoT23
3.5611207006253123,-0.4603214537517602,-0.3389090520002459,-0.4413246768066931,0.1964006894603702,-0.4510436552109942,-0.5605488629821561,Botnet,0,IoT23
-0.017862106272505965,-0.44240013660087235,-0.3645268469109276,-0.4413246768066931,0.5970938440742999,2.2676231138692478,-0.5292459545077023,Botnet,0,IoT23
-0.5120095893864121,-0.5181584318296254,-0.376767394958064,1.5996975829677962,0.20246012714388215,-0.42771975306807225,-0.5849608716830748,Normal,5,IoT23
-0.4428965049585845,-0.4892399427906928,-0.3782410203480809,1.5996975829677962,1.504109503429143,-0.2988245043835033,-0.06167446629404397,Reconnaissance,7,IoT23
0.010545718167605786,-0.5315994196927912,-0.375307965109486,-0.4413246768066931,0.4085323595500977,-0.27918332363156895,-0.5818984013174274,Normal,5,IoT23
-0.14078306379447475,-0.5181584318296254,-0.3798560167820986,-0.4413246768066931,1.2580860632451962,-0.4510436552109942,-0.5765127528877331,Botnet,0,IoT23
-0.007185083943010769,-0.4566557297890786,-0.34058537225132096,-0.4413246768066931,0.2988462672451696,-0.27918332363156895,-0.5713510452790693,Malware,4,IoT23
-0.5705930579902061,-0.5397454729431947,-0.3804996743477268,-0.4413246768066931,0.8411145887526793,-0.37575246232857934,0.5022516178809897,Reconnaissance,7,IoT23
-0.3078381580764192,-0.48435231084045066,-0.36648990848145624,-0.4413246768066931,1.3669505368811734,-0.27918332363156895,-0.5733486457846713,Malware,4,IoT23
2.223842151045951,-0.4220350034748635,-0.34051768842579605,-0.4413246768066931,-0.2522031037867514,2.2676231138692478,-0.5634807226982982,Botnet,0,IoT23
0.2829319239591731,-0.4904618507782533,-0.36698016829489055,-0.4413246768066931,1.6434765701499179,-0.4510436552109942,-0.5714680720154677,Botnet,0,IoT23
0.209347482215922,-0.38008282923528525,-0.36368585556780225,-0.4413246768066931,-0.5177399873582791,-0.27918332363156895,-0.5792373521334484,Malware,4,IoT23
2.9800421510609234,-0.3971895410611327,-0.37551823554177005,-0.4413246768066931,1.149837803610932,2.845810372254314,-0.5024019977485106,Botnet,0,IoT23
2.3783312222871382,-0.3511643401963526,-0.34461759433369155,-0.4413246768066931,1.5037500452614772,-0.4510436552109942,-0.5164484948206658,Botnet,0,IoT23
1.1715605623527776,-0.5210095504672666,-0.3343854388972851,-0.4413246768066931,-0.6656826989362276,2.2676231138692478,-0.5168559741488902,Botnet,0,IoT23
-0.04472525548482455,-0.45706303245159874,-0.3712489052784732,-0.4413246768066931,-1.2677751297767152,-0.4510436552109942,-0.5657038389712866,Botnet,0,IoT23
0.5492681985627751,-0.5279336957301096,-0.37810462377825216,-0.4413246768066931,0.7110934343912195,-0.42771975306807225,-0.5816193686763439,Normal,5,IoT23
3.6636305759255934,-0.44321474192591276,-0.3697294432205343,-0.4413246768066931,-0.45108617283964775,2.2676231138692478,-0.5481501355058213,Botnet,0,IoT23
-0.5199400677409078,-0.5417819862557957,-0.37618033685375096,-0.4413246768066931,-1.3201019687555176,-0.4514528464766595,-0.5872792490938501,Normal,5,IoT23
3.33780044799868,-0.4077794102866573,-0.342903526695803,-0.4413246768066931,-0.7882065829435114,2.845810372254314,-0.5008997188589795,Botnet,0,IoT23
-0.43651856320494986,-0.49372027207841473,-0.3633369647865534,-0.4413246768066931,-0.36399459393086586,-0.43058409192772934,0.12984858724857132,Reconnaissance,7,IoT23
2.629586357804885,-0.36501263072203866,-0.3799416241570273,-0.4413246768066931,-0.15571426135184513,-0.4510436552109942,-0.537181242162609,Botnet,0,IoT23
0.6839369140067775,-0.45380461115143733,-0.291998293648793,-0.4413246768066931,1.0163247699064315,2.845810372254314,-0.5568610462034497,Botnet,0,IoT23
-0.08706365807461604,-0.5193803398171859,-0.3590502805203442,-0.4413246768066931,0.6021776095884328,-0.4514528464766595,-0.5872839157295847,Normal,5,IoT23
1.6719088224460028,-0.42081309548730295,-0.2987809616717822,-0.4413246768066931,1.3189371959143628,-0.4510436552109942,-0.5208385497024229,Botnet,0,IoT23
2.1263030982026767,-0.37641710527260364,-0.3684279962499537,-0.4413246768066931,-1.4760041111889266,2.845810372254314,-0.5191214158465849,Botnet,0,IoT23
0.8711216202195478,-0.4603214537517602,-0.3001884400967321,-0.4413246768066931,0.5758344610151988,-0.27918332363156895,-0.5594989318586172,Malware,4,IoT23
1.4285841734898495,-0.4130743448994196,-0.3139921149169248,-0.4413246768066931,1.5595687635833202,2.845810372254314,-0.5682129254459678,Botnet,0,IoT23
-0.04207593102439124,-0.5059393519540201,-0.3650877710178907,1.5996975829677962,-1.5160066701334673,-0.4514528464766595,-0.5865739794738019,Normal,5,IoT23
-0.4638546262945717,-0.5063466546165403,-0.37440482270279424,-0.4413246768066931,0.9575276839096418,-0.42771975306807225,-0.5847926609508801,Normal,5,IoT23
1.049194286715985,-0.5364870516430333,-0.3391772522163868,-0.4413246768066931,-1.4555663467987763,-0.4510436552109942,-0.5241535997838068,Botnet,0,IoT23
0.5604092415340585,-0.5295629063801903,-0.3506920871465096,-0.4413246768066931,1.2709752061143613,-0.4510436552109942,-0.539754745688209,Botnet,0,IoT23
-0.4698442017430469,-0.517343826504585,-0.3340674099375336,-0.4413246768066931,-0.7180608890818393,-0.27918332363156895,-0.5722677733230337,Malware,4,IoT23
-0.44002477082559577,-0.5116415892293026,-0.3779470709875731,1.5996975829677962,1.1880944228839523,-0.16624653430794661,0.9787369776003549,Reconnaissance,7,IoT23
2.7306187964191877,-0.3560519721465948,-0.37325728694247146,-0.4413246768066931,0.8891792808862995,-0.4510436552109942,-0.5254276902633113,Botnet,0,IoT23
-0.10527465736294284,-0.5100123785792219,-0.3774624499889291,-0.4413246768066931,-0.3576270492464974,-0.4514528464766595,-0.5835013229999664,Normal,5,IoT23
-0.509522949643789,-0.372751381309922,-0.36185670373292017,-0.4413246768066931,-0.24537339860109814,-0.27918332363156895,-0.5752811327324995,Malware,4,IoT23
0.30043751089358167,-0.4831304028528901,-0.3215792792635696,-0.4413246768066931,0.12563878159698494,2.845810372254314,-0.5722318038966686,Botnet,0,IoT23
-0.24031436284472876,-0.3939311197609713,-0.32728069802200893,-0.4413246768066931,1.0480084398278455,-0.27918332363156895,-0.5646928264847747,Malware,4,IoT23
0.9433015254988605,-0.5153073131919842,-0.379019981650969,-0.4413246768066931,0.4707699737231187,2.2676231138692478,-0.5097956192489569,Botnet,0,IoT23
0.26173687746821905,-0.478242770902648,-0.3401369759048399,-0.4413246768066931,-1.1698484546711452,-0.4510436552109942,-0.4940795767199531,Botnet,0,IoT23
-0.11055344437073493,-0.5299702090427105,-0.30883080050630535,-0.4413246768066931,1.697703402300669,-0.27918332363156895,-0.5607719394432641,Malware,4,IoT23
0.2528895927091512,-0.40492829164901606,-0.35966550806341385,-0.4413246768066931,-1.2033294154308891,2.845810372254314,-0.5268296267179066,Botnet,0,IoT23
-0.35318446723747665,-0.5124561945543429,-0.37237019497527024,1.5996975829677962,1.0714759230597521,-0.4514528464766595,-0.5826453378412956,Normal,5,IoT23
-0.49087722446263554,-0.5360797489805131,-0.37942038895442737,1.5996975829677962,-0.48040768908782844,-0.42771975306807225,-0.5859725581253591,Normal,5,IoT23
-0.44670998932879813,-0.47702086291508744,-0.38118139495840014,1.5996975829677962,-1.124813481379281,-0.25258589136332454,0.4841517355696127,Reconnaissance,7,IoT23
-0.1870679815187003,-0.5238606691049079,-0.3780182061279862,-0.4413246768066931,1.0293166151092155,-0.27918332363156895,-0.5813233139728587,Normal,5,IoT23
-0.37041238687061595,-0.5299702090427105,-0.36600765270149466,1.5996975829677962,0.0027554394220350733,-0.4514528464766595,-0.5831720942798653,Normal,5,IoT23
1.156762993035469,-0.4314029647128276,-0.35332609875505927,-0.4413246768066931,-1.2914993688426688,2.845810372254314,-0.5249558423560156,Botnet,0,IoT23
0.03257494414719683,-0.40452098898649586,-0.33900047852981824,-0.4413246768066931,0.4944428616222628,-0.4510436552109942,-0.5645621270719092,Botnet,0,IoT23
-0.4647788058243988,-0.5059393519540201,-0.3429702012978545,-0.4413246768066931,-0.03776063119059988,-0.27918332363156895,-0.5758573587584348,Malware,4,IoT23
0.07973767934204003,-0.44321474192591276,-0.364023044983123,-0.4413246768066931,1.2409861246976583,-0.27918332363156895,-0.5720992294942936,Malware,4,IoT23
1.9104241899553396,-0.3536081561714737,-0.3582862912892858,-0.4413246768066931,0.09082269050019597,2.845810372254314,-0.516679866139408,Botnet,0,IoT23
-0.5344091167015567,-0.5315994196927912,-0.3679468788038491,1.5996975829677962,1.4083395773295686,-0.27918332363156895,-0.572850534923632,Normal,5,IoT23
-0.49443829854543214,-0.3735659866349624,-0.3737764293558557,-0.4413246768066931,-0.8572739023021858,-0.27918332363156895,-0.568107404843187,Malware,4,IoT23
-0.33129785314998594,-0.507975865266621,-0.3609581710752021,1.5996975829677962,0.7658337782100648,-0.27918332363156895,-0.5801960856162166,Normal,5,IoT23
-0.32611885331381296,-0.5100123785792219,-0.3699242467859564,-0.4413246768066931,-0.7254041059355868,-0.4510436552109942,-0.5627181807988528,Botnet,0,IoT23
-0.5403525019889861,-0.4900545481157331,-0.3804445923930845,1.5996975829677962,0.016928361461435896,-0.27509141097491596,0.68842498779725,Reconnaissance,7,IoT23
-0.5595424684327563,-0.5128634972168631,-0.38093822789381626,1.5996975829677962,-0.46176721553600775,-0.4211726928174275,0.6870813378801099,Reconnaissance,7,IoT23
0.9621959141595324,-0.42855184607518637,-0.3570580250941045,-0.4413246768066931,-0.3847404653218729,2.2676231138692478,-0.5731168248743778,Botnet,0,IoT23
-0.5542802952602919,-0.40492829164901606,-0.3749472484136389,-0.4413246768066931,0.1923952984492352,-0.27918332363156895,-0.5668536511832118,Malware,4,IoT23
2.221243294532062,-0.48761073214061207,-0.3656930312550579,-0.4413246768066931,1.3356776762942348,2.845810372254314,-0.529812853991607,Botnet,0,IoT23
-0.3952865807557427,-0.4220350034748635,-0.35196245108423463,-0.4413246768066931,1.5558714795730417,-0.4510436552109942,-0.506035992356737,Botnet,0,IoT23
0.14101107283296777,-0.3523862481839132,-0.37846564506480385,-0.4413246768066931,1.4319611140619033,2.2676231138692478,-0.5384900147408883,Botnet,0,IoT23
-0.46961232620206883,-0.5165292211795447,-0.3790626143506128,-0.4413246768066931,1.4738123150115834,-0.42771975306807225,-0.5758061785130987,Normal,5,IoT23
0.23276605723198251,-0.41266704223689943,-0.33265078808200355,-0.4413246768066931,-0.11822790958096614,2.845810372254314,-0.503495714051168,Botnet,0,IoT23
0.5595384985463014,-0.44077092595079165,-0.34654472345825554,-0.4413246768066931,1.2808346301417708,2.845810372254314,-0.5085601356159424,Botnet,0,IoT23
-0.26686641071956,-0.4546192164764777,-0.36804421154722833,-0.4413246768066931,1.0889866709417655,-0.4510436552109942,-0.5080340229644259,Botnet,0,IoT23
3.441831889263323,-0.48231579752784975,-0.3728712165536265,-0.4413246768066931,1.45096104578139,-0.4510436552109942,-0.5247613202814836,Botnet,0,IoT23
0.28437311839283436,-0.3442401949335096,-0.18946865498764606,-0.4413246768066931,-0.9465222302169634,-0.27918332363156895,-0.5809453539326005,Malware,4,IoT23
-0.48236740995382704,-0.5275263930675894,-0.36752977427499384,1.5996975829677962,-0.7947281811283082,-0.4514528464766595,-0.586972563249199,Normal,5,IoT23
-0.5045470451503665,-0.5071612599415806,-0.3792676614747166,-0.4413246768066931,0.7732796973974312,-0.4514528464766595,-0.5857796112500999,Normal,5,IoT23
0.15406790125242348,-0.43751250465063024,-0.33939806633562214,-0.4413246768066931,0.6922475561721613,2.845810372254314,-0.5648562342768063,Botnet,0,IoT23
0.7605811737430955,-0.3495351295462719,-0.36144044973807515,-0.4413246768066931,-0.16798719021929728,-0.4510436552109942,-0.5185698369777496,Botnet,0,IoT23
1.2258436037523703,-0.5360797489805131,-0.22839750112419405,-0.4413246768066931,1.4907068488918835,-0.27918332363156895,-0.5736003962735406,Malware,4,IoT23
2.2850984374692476,-0.37804631592268434,-0.377142637274766,-0.4413246768066931,0.5610966761408942,2.2676231138692478,-0.5364445399706421,Botnet,0,IoT23
0.39744348034051924,-0.36704914403463956,-0.37738166107840976,-0.4413246768066931,1.2573671469098642,-0.27918332363156895,-0.5700162833664749,Malware,4,IoT23
-0.5281375235958126,-0.517343826504585,-0.3377613891064551,-0.4413246768066931,-0.8675441356640704,-0.27918332363156895,-0.5872361874929682,Normal,5,IoT23
-0.5101049635148807,-0.485166916165491,-0.3808287731531818,1.5996975829677962,0.12938741677407284,-0.3192840676667682,-0.16504275620983755,Reconnaissance,7,IoT23
-0.4656030805841976,-0.49860790402865685,-0.37893364796126405,1.5996975829677962,-0.41298360706705567,-0.2595421428796346,-0.12765503811179305,Reconnaissance,7,IoT23
-0.4857383654393151,-0.4802792842152489,-0.37946285677414077,-0.4413246768066931,-0.04736329938396203,-0.40275908586248904,0.5776030588401959,Reconnaissance,7,IoT23
-0.5154801815346252,-0.5352651436554728,-0.3783957557492635,-0.4413246768066931,1.2082240802732462,-0.4514528464766595,-0.5829913601399049,Normal,5,IoT23
-0.5187218841568713,-0.5409673809307554,-0.3730190045969581,-0.4413246768066931,-1.1540836464606523,-0.04921783232767129,0.9864989437271158,Reconnaissance,7,IoT23
3.6564619054164256,-0.40166987034885465,-0.38123545129127356,-0.4413246768066931,0.2131925210070516,2.845810372254314,-0.549159028700298,Botnet,0,IoT23
0.9510555838172131,-0.3576811827966755,-0.3808763482102402,-0.4413246768066931,-0.466645576382903,2.2676231138692478,-0.5172908148034517,Botnet,0,IoT23
1.8833415923885128,-0.395560330411052,-0.3623179984798523,-0.4413246768066931,-0.6785204906385833,-0.4510436552109942,-0.5444501499549224,Botnet,0,IoT23
-0.4823658925801968,-0.5267117877425491,-0.3805295202317225,1.5996975829677962,0.3330461443402455,-0.4453149774916801,0.02703103059040258,Reconnaissance,7,IoT23
-0.41665296616197467,-0.5263044850800289,-0.35605438556576563,-0.4413246768066931,1.042000353311143,-0.27918332363156895,-0.5831763435155193,Normal,5,IoT23
0.289161180374964,-0.36704914403463956,-0.3756922499136304,-0.4413246768066931,-0.6687124177779835,-0.27918332363156895,-0.5709669494427119,Malware,4,IoT23
-0.47830155253575013,-0.5324140250178316,-0.3586592462932543,-0.4413246768066931,0.050614726888417554,-0.42771975306807225,-0.5800512793480721,Normal,5,IoT23
2.4238192864162365,-0.39433842242349143,-0.3696644706199625,-0.4413246768066931,-1.09194873462125,2.2676231138692478,-0.4999419875021477,Botnet,0,IoT23
2.258178029705677,-0.35849578812171584,-0.33019146714842323,-0.4413246768066931,0.9419682803663866,2.2676231138692478,-0.5438110801250668,Botnet,0,IoT23
0.14137847854494223,-0.4652090857020023,-0.21825334503399652,-0.4413246768066931,-0.46541314837947684,-0.27918332363156895,-0.5595536275678749,Malware,4,IoT23
-0.5545979420914376,-0.5177511291671052,-0.32029649813660865,-0.4413246768066931,-1.0435245843199639,-0.4514528464766595,-0.5873994341576527,Normal,5,IoT23
-0.11855747617508819,-0.409408620936738,-0.30256926116992006,-0.4413246768066931,0.29206791322632575,-0.27918332363156895,-0.5753638393571759,Malware,4,IoT23
-0.25649540760630407,-0.5250825770924684,-0.3751387373928118,-0.4413246768066931,-1.1947537705737155,-0.27918332363156895,-0.575743519367814,Normal,5,IoT23
0.010917925926431347,-0.5140854052044236,-0.26816357603480123,-0.4413246768066931,-0.7884633387775586,-0.27918332363156895,-0.5853864474198702,Malware,4,IoT23
-0.4749961580797677,-0.5063466546165403,-0.3806615099235934,-0.4413246768066931,-1.5408606348692282,-0.24276530098735738,0.8919312389508074,Reconnaissance,7,IoT23
0.5855237258354343,-0.3825266452104063,-0.2875438794092448,-0.4413246768066931,-0.7749066307398709,-0.27918332363156895,-0.5836076422532,Malware,4,IoT23
-0.5529818600092313,-0.5442258022309168,-0.3649505550496621,1.5996975829677962,0.937295324186729,-0.27918332363156895,-0.5805808285608979,Normal,5,IoT23
0.9327425057944032,-0.5100123785792219,-0.37761838690340466,-0.4413246768066931,0.2255168010413132,2.845810372254314,-0.5004805950069513,Botnet,0,IoT23
2.418378945247594,-0.478242770902648,-0.2832115793137976,-0.4413246768066931,-1.3417721611490943,-0.4510436552109942,-0.5744037588433225,Botnet,0,IoT23
-0.4316887226440211,-0.5299702090427105,-0.3698572375061383,1.5996975829677962,-0.9604383964223171,-0.4514528464766595,-0.5871016806465303,Normal,5,IoT23
-0.34423817415169317,-0.535672446317993,-0.25452061127952946,-0.4413246768066931,-0.6241909561542136,-0.27918332363156895,-0.5824472760131016,Malware,4,IoT23
-0.4894939535782127,-0.5132707998793833,-0.37354087119661084,1.5996975829677962,-0.42551329176855496,-0.27918332363156895,-0.5825440542492212,Normal,5,IoT23
-0.11913050084979382,-0.44932428186371537,-0.3518681117538246,-0.4413246768066931,-0.09090908883835296,2.845810372254314,-0.5419575398024635,Botnet,0,IoT23
2.5492461210419046,-0.42977375406274687,-0.3560294606490863,-0.4413246768066931,-0.8924494515666407,-0.4510436552109942,-0.5638134232453668,Botnet,0,IoT23
-0.3455884476369113,-0.5299702090427105,-0.3649672364092751,-0.4413246768066931,-0.31094883861673167,-0.4514528464766595,-0.5852758439886699,Normal,5,IoT23
0.6622179783743295,-0.5299702090427105,-0.31709630725943216,-0.4413246768066931,-1.370374761061943,-0.4510436552109942,-0.5637708229420828,Botnet,0,IoT23
2.6785912314014015,-0.3479059188961912,-0.3300195476742932,-0.4413246768066931,1.6873818177719748,-0.27918332363156895,-0.5645340347848828,Malware,4,IoT23
0.2320938162626393,-0.3678637493596799,-0.3584415548964551,-0.4413246768066931,-0.8068470564953321,-0.27918332363156895,-0.5839378145652601,Malware,4,IoT23
2.200290582667746,-0.3646053280595185,-0.3140644537040429,-0.4413246768066931,-0.6555151679079617,2.2676231138692478,-0.5140088067813469,Botnet,0,IoT23
0.5635666887757286,-0.4733551389524059,-0.3243263337058201,-0.4413246768066931,1.236826680186095,-0.4510436552109942,-0.5453899633145741,Botnet,0,IoT23
2.6040239408086663,-0.45747033511411894,-0.3387942639705567,-0.4413246768066931,-0.21066000983792801,2.845810372254314,-0.5680102372285482,Botnet,0,IoT23
-0.1411989496124994,-0.39922605437373354,-0.353659669519367,-0.4413246768066931,0.9858221768216341,2.845810372254314,-0.5086840790162654,Botnet,0,IoT23
-0.4246703348321956,-0.5434111969058764,-0.35171178436048206,-0.4413246768066931,-1.5549822057418197,-0.42771975306807225,-0.584584156627358,Normal,5,IoT23
-0.45406790029745414,-0.5140854052044236,-0.38054623934015513,1.5996975829677962,0.9341629030113542,-0.27918332363156895,-0.5839586182611815,Normal,5,IoT23
3.462319399988369,-0.40452098898649586,-0.3403415488049252,-0.4413246768066931,0.19203584028156923,2.2676231138692478,-0.5729337668416167,Botnet,0,IoT23
3.5767435726093515,-0.3694929600097606,-0.351571982588303,-0.4413246768066931,-0.7888741481120339,-0.4510436552109942,-0.5244957099773647,Botnet,0,IoT23
2.175812560969091,-0.43425408335046883,-0.35105195022313135,-0.4413246768066931,-0.484361728932154,2.2676231138692478,-0.5190381186912378,Botnet,0,IoT23
1.4611143863671485,-0.44240013660087235,-0.37602125577198936,-0.4413246768066931,-0.40101878520046,-0.4510436552109942,-0.5478678326242878,Botnet,0,IoT23
1.864083944325391,-0.47254053362736553,-0.37676232926773606,-0.4413246768066931,0.9616357772543956,2.2676231138692478,-0.5475015326707917,Botnet,0,IoT23
-0.25443086877002424,-0.5100123785792219,-0.37475869129660855,-0.4413246768066931,-0.01223910128631652,-0.27918332363156895,-0.583421556382613,Normal,5,IoT23
2.875258995117504,-0.43629059666306974,-0.3784641974382064,-0.4413246768066931,-1.2575048964148308,2.845810372254314,-0.5331869104045839,Botnet,0,IoT23
0.5925113730673753,-0.4872034294780919,-0.33408193684636056,-0.4413246768066931,1.307331832215433,-0.27918332363156895,-0.574849623993683,Malware,4,IoT23
-0.3637678430184201,-0.36175420942187725,-0.34468384836302435,-0.4413246768066931,0.8534388687869409,-0.27918332363156895,-0.5678356931539841,Malware,4,IoT23
-0.5209360274269136,-0.5434111969058764,-0.3747299956765961,-0.4413246768066931,1.2430401713700352,-0.27918332363156895,-0.5783089931102076,Normal,5,IoT23
1.4974748025253328,-0.4167400688621012,-0.28131863919072525,-0.4413246768066931,1.4505502364469145,2.2676231138692478,-0.5460138137126951,Botnet,0,IoT23
1.1043407479206648,-0.4513607951763163,-0.37567100081467925,-0.4413246768066931,-0.8018146421480087,2.2676231138692478,-0.5689349363132682,Botnet,0,IoT23
1.1752356344437207,-0.5108269839042622,-0.3565107911438687,-0.4413246768066931,1.5631633452599798,2.2676231138692478,-0.5099964543479284,Botnet,0,IoT23
-0.31081783657034096,-0.5083831679291412,-0.37177822604350685,-0.4413246768066931,1.1164081940179973,-0.4514528464766595,-0.5835952621378796,Normal,5,IoT23
-0.08781122222492477,-0.347498616233671,-0.32471746406279794,-0.4413246768066931,1.0046680550406923,-0.27918332363156895,-0.5645294323184612,Malware,4,IoT23
-0.45034806584715287,-0.510419681241742,-0.38109489069413427,-0.4413246768066931,0.2568923639618708,-0.26690758566161,0.9229201226142826,Reconnaissance,7,IoT23
-0.31568823576933336,-0.5112342865667824,-0.32243327866358146,-0.4413246768066931,-1.5806064379797218,-0.4514528464766595,-0.586868970894194,Normal,5,IoT23
-0.3915138020875101,-0.510419681241742,-0.3774262747403266,1.5996975829677962,-0.0662605287698298,-0.27918332363156895,-0.5725137452523291,Normal,5,IoT23
-0.16940909051424044,-0.5258971824175087,-0.3506975121115805,-0.4413246768066931,1.2710265572811708,-0.42771975306807225,-0.5859984376399477,Normal,5,IoT23
1.8138227896903238,-0.5030882333163789,-0.36063050057531976,-0.4413246768066931,0.7234690655922906,2.845810372254314,-0.562308372199346,Botnet,0,IoT23
-0.4852318463242366,-0.372751381309922,-0.27675029913794075,-0.4413246768066931,1.715060096682254,-0.27918332363156895,-0.563711396775704,Malware,4,IoT23
0.40270463804999984,-0.40859401561169767,-0.3664738214033603,-0.4413246768066931,1.2206510626411267,2.2676231138692478,-0.4973599653918274,Botnet,0,IoT23
-0.533461708656244,-0.5254898797549886,-0.36763828974208057,-0.4413246768066931,1.256134718906438,-0.27918332363156895,-0.5836025731671088,Normal,5,IoT23
0.23168570444804493,-0.5087904705916613,-0.3316032357942253,-0.4413246768066931,0.38634865548842684,2.2676231138692478,-0.4987979687035824,Botnet,0,IoT23
3.5716209789473106,-0.4533973084889172,-0.31469228902536894,-0.4413246768066931,-0.8261037440488659,2.845810372254314,-0.5545652866270858,Botnet,0,IoT23
-0.5245604021893584,-0.5336359330053921,-0.379547350241168,1.5996975829677962,1.4393556820824602,-0.142104249633694,1.2354858590207278,Reconnaissance,7,IoT23
-0.05857182771844847,-0.5201949451422263,-0.3721747198088842,-0.4413246768066931,0.9959897078498998,-0.27918332363156895,-0.5871982680802058,Normal,5,IoT23
0.019715364111881302,-0.5332286303428719,-0.36728160535667725,-0.4413246768066931,-0.19058170361544352,-0.42771975306807225,-0.5779171220800038,Normal,5,IoT23
-0.368096594183592,-0.5299702090427105,-0.37848090490131137,1.5996975829677962,-0.4624861318713397,-0.42771975306807225,-0.5866519788505273,Normal,5,IoT23
3.41078041034568,-0.39148730378585017,-0.37907483241350937,-0.4413246768066931,-0.5999532054201657,2.2676231138692478,-0.5179604044690689,Botnet,0,IoT23
0.7393960871021287,-0.3808974345603256,-0.3381284725878903,-0.4413246768066931,-1.3293965299480233,-0.27918332363156895,-0.567689371614929,Malware,4,IoT23
-0.23129522918994685,-0.43425408335046883,-0.32938543664430564,-0.4413246768066931,-1.5562659849120553,-0.27918332363156895,-0.5803908607212332,Malware,4,IoT23
-0.548273773708549,-0.4847596135029708,-0.37917925658655427,-0.4413246768066931,0.7381554992997856,-0.3180564938697723,1.221472333846695,Reconnaissance,7,IoT23
1.1646663081873392,-0.5226387611173473,-0.3310956447998427,-0.4413246768066931,-0.9592059684188909,-0.4510436552109942,-0.49701180098251024,Botnet,0,IoT23
0.0887940273037055,-0.36501263072203866,-0.323930458078177,-0.4413246768066931,-1.115467569019966,2.845810372254314,-0.5624096864535816,Botnet,0,IoT23
-0.28888044435484533,-0.5124561945543429,-0.36865265425966354,-0.4413246768066931,0.993216744842191,-0.27918332363156895,-0.5630258302243253,Malware,4,IoT23
-0.5514719439432468,-0.5206022478047464,-0.31599215918711804,-0.4413246768066931,-0.46397531570881295,-0.27918332363156895,-0.5628984872626777,Malware,4,IoT23
1.1521103135815443,-0.3857850665105677,-0.3138897472988679,-0.4413246768066931,0.7022096825331894,-0.4510436552109942,-0.4983871060074374,Botnet,0,IoT23
1.2053980142564273,-0.535672446317993,-0.37802741684721214,-0.4413246768066931,-1.364315323378431,2.845810372254314,-0.5727944954352079,Botnet,0,IoT23
-0.5386521637514003,-0.36134690675935704,-0.31403432107488455,-0.4413246768066931,-0.4591996571955366,-0.27918332363156895,-0.5659269421893163,Malware,4,IoT23
-0.4948938960894684,-0.5430038942433562,-0.3772673987811763,-0.4413246768066931,0.682028673977086,-0.42771975306807225,-0.5817563944453314,Normal,5,IoT23
1.523251612577871,-0.4399563206257513,-0.3771006251971524,-0.4413246768066931,-0.5198453851974655,2.845810372254314,-0.5130521608466845,Botnet,0,IoT23
0.6503211406998323,-0.44484395257599346,-0.37873202998409927,-0.4413246768066931,-0.4377348694691977,2.845810372254314,-0.5387020702160616,Botnet,0,IoT23
0.16233680657634314,-0.4892399427906928,-0.363214718913955,-0.4413246768066931,1.0774326584096452,2.2676231138692478,-0.5389356840918554,Botnet,0,IoT23
-0.4395757480100632,-0.4766135602525673,-0.38020228736834727,1.5996975829677962,1.1477324057717455,-0.12205387761609439,0.9410472673123864,Reconnaissance,7,IoT23
0.16440712745899452,-0.42488612211250476,-0.33853442057897853,-0.4413246768066931,1.305739946044341,-0.4510436552109942,-0.5379048688758495,Botnet,0,IoT23
-0.5407708033945283,-0.48231579752784975,-0.3797715443794851,1.5996975829677962,-0.5917370187306581,-0.2988245043835033,1.2042008849888637,Reconnaissance,7,IoT23
0.6497265293001071,-0.5193803398171859,-0.36750327459708115,-0.4413246768066931,1.1242135713730297,2.845810372254314,-0.4962992141290277,Botnet,0,IoT23
1.6081229548460767,-0.4305883593877872,-0.296302603189433,-0.4413246768066931,-0.0675956591068748,-0.4510436552109942,-0.5299888240260139,Botnet,0,IoT23
-0.5730046048542974,-0.540152775605715,-0.37320146954677197,-0.4413246768066931,1.1296567950548286,-0.4363127696470435,0.47068380458479525,Reconnaissance,7,IoT23
-0.5109394743834889,-0.5442258022309168,-0.3803159466575033,1.5996975829677962,0.9872086583254884,-0.4514528464766595,-0.5799693650607014,Normal,5,IoT23
-0.5186549909926524,-0.5430038942433562,-0.37877391058032833,1.5996975829677962,0.8558010224601743,-0.42771975306807225,-0.5804662609557233,Normal,5,IoT23
-0.2849341953930321,-0.5279336957301096,-0.3218764416217771,1.5996975829677962,1.0331679526199222,-0.27918332363156895,-0.582802668459377,Normal,5,IoT23
-0.5420369877337861,-0.4187765821747021,-0.3193070256028797,-0.4413246768066931,1.1737160961773139,-0.27918332363156895,-0.5669056786647313,Malware,4,IoT23
-0.18356466991211676,-0.5197876424797061,-0.30755605530870234,-0.4413246768066931,-1.5308985085082,-0.27918332363156895,-0.5764802781014484,Malware,4,IoT23
-0.3702796530511589,-0.38334125053544665,-0.37024377744035425,-0.4413246768066931,0.3526109388946358,-0.27918332363156895,-0.5719373371102074,Malware,4,IoT23
-0.15377253788494968,-0.43262487270038813,-0.3592408300331721,-0.4413246768066931,-0.9554059820749936,-0.27918332363156895,-0.5641729567335885,Malware,4,IoT23
0.16441813898605204,-0.4900545481157331,-0.3230208224913218,-0.4413246768066931,-0.5160967500203776,-0.27918332363156895,-0.573491573423229,Malware,4,IoT23
-0.04437131821034705,-0.5096050759167017,-0.3700620930474079,1.5996975829677962,-0.7384473023051803,-0.4514528464766595,-0.5866336669822649,Normal,5,IoT23
2.0691335404408373,-0.3572738801341553,-0.3608542329892106,-0.4413246768066931,1.5461147578792513,2.2676231138692478,-0.4994654859512684,Botnet,0,IoT23
0.2107649486673018,-0.489647245453213,-0.21910650879495497,-0.4413246768066931,-1.055643459686988,2.845810372254314,-0.5149208966344867,Botnet,0,IoT23
1.8029788394663409,-0.39800414638617304,-0.37445793591149074,-0.4413246768066931,1.1133784751762414,2.2676231138692478,-0.5530554693213964,Botnet,0,IoT23
2.9100385668461017,-0.37845361858520454,-0.34536847692507383,-0.4413246768066931,0.028995885661650362,-0.4510436552109942,-0.5642707457969528,Botnet,0,IoT23
-0.34413718715920905,-0.5112342865667824,-0.37519251848544255,1.5996975829677962,-0.8109037986732766,-0.27918332363156895,-0.5841497427135423,Normal,5,IoT23
-0.4973973984836097,-0.5039028386414192,-0.3810503098270863,-0.4413246768066931,0.6294450791642366,-0.050445406124667184,0.0699880430866285,Reconnaissance,7,IoT23
2.873108126801614,-0.49738599604109635,-0.3663131224088878,-0.4413246768066931,0.24138431158542498,2.2676231138692478,-0.5722957614959756,Botnet,0,IoT23
3.103295823525364,-0.5360797489805131,-0.38092305792201286,-0.4413246768066931,1.5459093532120136,-0.4510436552109942,-0.5016807171477696,Botnet,0,IoT23
-0.5380114582516012,-0.49372027207841473,-0.37839521127899395,1.5996975829677962,1.5261391539903857,-0.15315241380665706,0.7453842149508331,Reconnaissance,7,IoT23
-0.39032509206560323,-0.5214168531297868,-0.3721129048531077,1.5996975829677962,0.46003757985994925,-0.27918332363156895,-0.5864322931437466,Normal,5,IoT23
-0.5141601971903417,-0.5368943543055535,-0.3585062469180634,1.5996975829677962,-1.508560750946101,-0.4514528464766595,-0.585740886663893,Normal,5,IoT23
-0.5103726072575138,-0.4745770469399664,-0.38090954767620694,1.5996975829677962,1.1770539220199263,-0.2951417829925156,-0.040453282876961316,Reconnaissance,7,IoT23
2.4430278805108943,-0.4041136863239757,-0.38000957263033935,-0.4413246768066931,-0.3591675842507801,2.845810372254314,-0.5196138923701674,Botnet,0,IoT23
0.3759249882150384,-0.5165292211795447,-0.34357236043737893,-0.4413246768066931,0.03490126984473404,2.2676231138692478,-0.5499666292288137,Botnet,0,IoT23
-0.48805601318834896,-0.5336359330053921,-0.37601444953152535,1.5996975829677962,0.33222452567129473,-0.42771975306807225,-0.5870899173120249,Normal,5,IoT23
-0.041903360381618494,-0.39474572508601163,-0.35879351558645184,-0.4413246768066931,-0.5286777858886863,-0.4510436552109942,-0.5273218399876237,Botnet,0,IoT23
-0.2202496884674624,-0.5267117877425491,-0.35961348204445387,1.5996975829677962,-0.7264824804385847,-0.42771975306807225,-0.58734106617275,Normal,5,IoT23
0.5067661657057128,-0.3625688147469176,-0.37769117161210636,-0.4413246768066931,0.7420068368104924,2.845810372254314,-0.5003768953105965,Botnet,0,IoT23
-0.4363678851881377,-0.5210095504672666,-0.3601618775330823,-0.4413246768066931,0.47564833457001393,-0.42771975306807225,-0.576846499174821,Normal,5,IoT23
-0.18228960815500675,-0.5238606691049079,-0.38112166018163446,-0.4413246768066931,1.5568985029092302,-0.42771975306807225,-0.5861276217401026,Normal,5,IoT23
-0.3508808518049298,-0.39963335703625374,-0.36170209258029645,-0.4413246768066931,0.851282119780945,2.845810372254314,-0.5389622757431495,Botnet,0,IoT23
-0.4992962091771937,-0.47905737622768835,-0.3782024425527776,1.5996975829677962,1.1923565697291345,-0.15110645747833057,0.7488893754224336,Reconnaissance,7,IoT23
-0.2534374263049199,-0.45217540050135663,-0.36829558047239985,-0.4413246768066931,0.4579835331875723,-0.27918332363156895,-0.5669932989213263,Malware,4,IoT23
-0.5359982406066872,-0.5320067223553114,-0.38036474918583935,1.5996975829677962,-1.2286455406679349,-0.415034823832448,-0.09196979667928072,Reconnaissance,7,IoT23
-0.35714359469626206,-0.5299702090427105,-0.3748162962603066,1.5996975829677962,-1.4141259551835716,-0.42771975306807225,-0.5861362599272473,Normal,5,IoT23
0.6140644239333533,-0.3572738801341553,-0.33792335111349375,-0.4413246768066931,-0.9161736906325942,-0.4510436552109942,-0.5407241179934211,Botnet,0,IoT23
2.9971508148323647,-0.4366978993255899,-0.32758867846408035,-0.4413246768066931,1.3392722579708944,2.2676231138692478,-0.5102661741556807,Botnet,0,IoT23
-0.39684880633710024,-0.5189730371546657,-0.36677987539301554,1.5996975829677962,1.189737660221854,-0.4514528464766595,-0.585705984334581,Normal,5,IoT23
-0.3327163083346095,-0.4334394780254285,-0.3411521878667944,-0.4413246768066931,1.182497145701725,-0.27918332363156895,-0.5765385460497792,Malware,4,IoT23
-0.43184614582865377,-0.540152775605715,-0.35587655230283016,1.5996975829677962,-1.0285813947784217,-0.42771975306807225,-0.5774904019576784,Normal,5,IoT23
-0.26904036870777476,-0.5434111969058764,-0.36422905219575974,-0.4413246768066931,1.628327975941138,-0.42771975306807225,-0.5871637061651247,Normal,5,IoT23
2.8241818361972197,-0.4513607951763163,-0.3784545913587512,-0.4413246768066931,1.570814669114584,2.845810372254314,-0.5122880558946701,Botnet,0,IoT23
-0.4550280618761509,-0.5087904705916613,-0.37982209330436695,1.5996975829677962,0.5206833078618781,-0.4199451190204316,-0.33086563425230614,Reconnaissance,7,IoT23
-0.5625246815222366,-0.5083831679291412,-0.3723809994123554,-0.4413246768066931,1.0702948462231354,-0.27918332363156895,-0.5829096520336164,Normal,5,IoT23
0.359086132280653,-0.3511643401963526,-0.3711445022419187,-0.4413246768066931,0.6800773296383279,-0.27918332363156895,-0.5838057791963958,Malware,4,IoT23
-0.46431769716058086,-0.5189730371546657,-0.38064766590180493,-0.4413246768066931,-0.5524533761214493,-0.4514528464766595,-0.5797826687184225,Normal,5,IoT23
1.0868785784987218,-0.5153073131919842,-0.3573262863333213,-0.4413246768066931,-0.8630765841516506,2.2676231138692478,-0.5558562793296574,Botnet,0,IoT23
-0.5572687625899782,-0.5425965915808361,-0.37244940331299753,1.5996975829677962,1.5511985233933843,-0.27918332363156895,-0.58099804756246,Normal,5,IoT23
-0.22607386388128184,-0.43954901796323115,-0.37690407643176166,-0.4413246768066931,-1.3141452334056245,2.2676231138692478,-0.5499238308296397,Botnet,0,IoT23
0.3276806059525079,-0.3625688147469176,-0.33876654643125,-0.4413246768066931,-0.8388388334176028,2.2676231138692478,-0.5495332172222004,Botnet,0,IoT23
-0.43463750710209403,-0.4908691534407735,-0.3429830376832949,-0.4413246768066931,-1.5628389342636615,2.2676231138692478,-0.5214903548152799,Botnet,0,IoT23
1.043629946920406,-0.45747033511411894,-0.3788902674082758,-0.4413246768066931,0.39492430034560055,-0.27918332363156895,-0.5708916513542774,Malware,4,IoT23
-0.4575933481449927,-0.5014590226662982,-0.38058659716525267,1.5996975829677962,-0.9060061596043284,-0.10241269686416007,0.7632074348757929,Reconnaissance,7,IoT23
1.4591338612614098,-0.471318625639805,-0.36084139719946723,-0.4413246768066931,0.8993468119145652,-0.4510436552109942,-0.5514953188198168,Botnet,0,IoT23
-0.30300067764764466,-0.5181584318296254,-0.32526225458905317,-0.4413246768066931,1.4004314976409176,-0.27918332363156895,-0.5786268203575297,Normal,5,IoT23
2.399289408520856,-0.4513607951763163,-0.35955850595463795,-0.4413246768066931,1.5839605678177962,-0.4510436552109942,-0.5472002610486333,Botnet,0,IoT23
-0.3431545451733983,-0.5328213276803517,-0.3358868147818218,-0.4413246768066931,-1.4757987065216889,-0.27918332363156895,-0.5839666814669036,Normal,5,IoT23
1.42013408087365,-0.4766135602525673,-0.3182607156532134,-0.4413246768066931,0.9101819081113536,-0.27918332363156895,-0.5692178628551041,Malware,4,IoT23
-0.18422978396734951,-0.4835377055154103,-0.3209896861939605,-0.4413246768066931,-0.14718996766148085,-0.27918332363156895,-0.5773591940359265,Malware,4,IoT23
2.552551732910096,-0.34831322155871136,-0.3390935554084081,-0.4413246768066931,-0.14051431597625583,2.2676231138692478,-0.5197276537668607,Botnet,0,IoT23
3.340949866757697,-0.37600980261008343,-0.3716493758409049,-0.4413246768066931,1.2424753085351314,2.2676231138692478,-0.5588359677307592,Botnet,0,IoT23
-0.19049552193041383,-0.5112342865667824,-0.3692359467381004,1.5996975829677962,0.14546033198542233,-0.27918332363156895,-0.5865130161226672,Normal,5,IoT23
0.39792928619636814,-0.4696894149897243,-0.35313596217320636,-0.4413246768066931,-0.07658211329852387,2.845810372254314,-0.5012434670606656,Botnet,0,IoT23
1.2815485068527526,-0.4672455990146032,-0.28419724459493584,-0.4413246768066931,-0.11786845141330017,2.2676231138692478,-0.5431988600937652,Botnet,0,IoT23
0.5231316204066757,-0.384155855860487,-0.3706777629979522,-0.4413246768066931,-0.0991766266946701,2.2676231138692478,-0.5371779605658599,Botnet,0,IoT23
-0.21002473834680996,-0.5283409983926298,-0.3595801134794198,-0.4413246768066931,1.642552249147348,-0.4514528464766595,-0.5835951516243778,Normal,5,IoT23
0.30436060656996,-0.45991415108924,-0.36721250362419444,-0.4413246768066931,-1.3262641087726483,2.2676231138692478,-0.5636812347283674,Botnet,0,IoT23
-0.41177322892893997,-0.5189730371546657,-0.37577681784366945,-0.4413246768066931,0.14083872697257424,-0.4514528464766595,-0.5861622570237485,Normal,5,IoT23
3.502361648955733,-0.4631725723894014,-0.3700911712310005,-0.4413246768066931,-1.4864283980512396,-0.4510436552109942,-0.5348189790327085,Botnet,0,IoT23
0.5300856755149743,-0.4399563206257513,-0.3718317580343368,-0.4413246768066931,1.5413904505327842,2.2676231138692478,-0.5200258456783863,Botnet,0,IoT23
1.5224600205904315,-0.4468804658885943,-0.37930825699458637,-0.4413246768066931,-0.04587411554648876,2.845810372254314,-0.5770069030037117,Botnet,0,IoT23
-0.24973217685249674,-0.39108000112333,-0.3045654910219755,-0.4413246768066931,-1.2553994985756443,2.845810372254314,-0.5714255030187912,Botnet,0,IoT23
0.6290788826479189,-0.4778354682401278,-0.37111989926249683,-0.4413246768066931,0.3427515148672265,2.845810372254314,-0.5696870146530478,Botnet,0,IoT23
0.5838871269909194,-0.42855184607518637,-0.3769521472224124,-0.4413246768066931,0.5628426158124146,-0.27918332363156895,-0.5781474661937349,Malware,4,IoT23
3.1352543037017515,-0.41429625288698013,-0.3702410172717431,-0.4413246768066931,-1.0801379662550827,2.2676231138692478,-0.5096731435937434,Botnet,0,IoT23
0.027325546802228096,-0.5405600782682352,-0.368787170695033,1.5996975829677962,-1.324158710933462,-0.4514528464766595,-0.5819457672561749,Normal,5,IoT23
-0.5005471730737123,-0.5267117877425491,-0.3690272283212402,1.5996975829677962,0.4018053566980633,-0.4514528464766595,-0.5855468038856995,Normal,5,IoT23
3.240998869540865,-0.3462767082461105,-0.38114284149341693,-0.4413246768066931,0.8141552261777321,-0.4510436552109942,-0.5240934226955014,Botnet,0,IoT23
-0.48565889306123244,-0.5100123785792219,-0.3808779956191491,-0.4413246768066931,0.7206961025845817,-0.43835872597537,1.2401023952150099,Reconnaissance,7,IoT23
0.01668052243139739,-0.5250825770924684,-0.37061494057740757,1.5996975829677962,0.4704105155554527,-0.4514528464766595,-0.5785200387036619,Normal,5,IoT23
-0.5001005969907436,-0.471318625639805,-0.38107591606228103,1.5996975829677962,-0.024922839488244065,-0.22762522415774136,0.36501925398375484,Reconnaissance,7,IoT23
-0.19874141347316798,-0.531192117030271,-0.35877382931370505,1.5996975829677962,-1.023754385098336,-0.27918332363156895,-0.5830918081701131,Normal,5,IoT23
1.5373691620827286,-0.36867835468472027,-0.24399837178838474,-0.4413246768066931,-1.1040162588214646,2.845810372254314,-0.5175619189113992,Botnet,0,IoT23
1.716176210750241,-0.42977375406274687,-0.323967566076018,-0.4413246768066931,1.1515837432824523,2.2676231138692478,-0.5411863809622025,Botnet,0,IoT23
-0.4792691920422022,-0.5063466546165403,-0.3664272655287533,-0.4413246768066931,-1.3110128122302498,-0.4514528464766595,-0.5797345396334379,Normal,5,IoT23
-0.15833526832248937,-0.5185657344921456,-0.3652518373850475,1.5996975829677962,-1.4889446052249014,-0.27918332363156895,-0.5842937536044865,Normal,5,IoT23
2.331240124693301,-0.5002371146787375,-0.3760452550487579,-0.4413246768066931,0.6708854707794412,-0.4510436552109942,-0.5665059112668946,Botnet,0,IoT23
0.10336511839826819,-0.3935238170984511,-0.3389345141957309,-0.4413246768066931,0.05251472006036621,-0.27918332363156895,-0.5649706157350034,Malware,4,IoT23
-0.22388776295505064,-0.5214168531297868,-0.37992383822445003,1.5996975829677962,1.3110291162257115,-0.27918332363156895,-0.5867009037814863,Normal,5,IoT23
-0.3224671402216571,-0.5234533664423877,-0.3780340679838087,-0.4413246768066931,-1.3733017775700802,-0.4514528464766595,-0.5855797448690688,Normal,5,IoT23
-0.362308011535539,-0.5385235649556342,-0.36676554263329353,-0.4413246768066931,-0.3635837845963905,-0.27918332363156895,-0.5867169056525561,Normal,5,IoT23
-0.31833219504900734,-0.5100123785792219,-0.3732679458102803,-0.4413246768066931,0.02216618047599707,-0.42771975306807225,-0.5813506377492466,Normal,5,IoT23
-0.5395336427934652,-0.5246752744299482,-0.3661580015007465,1.5996975829677962,-1.2899074826715768,-0.42771975306807225,-0.5854042257516506,Normal,5,IoT23
-0.4770834181222808,-0.5226387611173473,-0.3805753490830266,1.5996975829677962,-0.003714807595952258,-0.27918332363156895,-0.5793934454634425,Normal,5,IoT23
-0.419803272695096,-0.3694929600097606,-0.28169464368813824,-0.4413246768066931,-1.432612375234964,-0.27918332363156895,-0.5802924127185665,Malware,4,IoT23
-0.2560796808611152,-0.5124561945543429,-0.36204248552361173,1.5996975829677962,-0.3226055534824707,-0.27918332363156895,-0.5815632748688424,Normal,5,IoT23
1.4982472551323465,-0.5230460637798675,-0.3664540497406316,-0.4413246768066931,0.8264795062119936,2.845810372254314,-0.5757538473486123,Botnet,0,IoT23
3.442287437603039,-0.365827236047079,-0.32555456130288146,-0.4413246768066931,-0.18031147025355887,2.845810372254314,-0.5046525686921827,Botnet,0,IoT23
-0.5395803502668876,-0.5238606691049079,-0.3810157259209737,-0.4413246768066931,-1.4817554418715821,-0.42771975306807225,-0.5765675656858056,Normal,5,IoT23
-0.1683089097730662,-0.5234533664423877,-0.37042940348785486,-0.4413246768066931,1.253823916400014,-0.42771975306807225,-0.5840056422794433,Normal,5,IoT23
2.6205890626269865,-0.40166987034885465,-0.3419752001637731,-0.4413246768066931,-1.2909858571745747,-0.4510436552109942,-0.5183312704401977,Botnet,0,IoT23
0.40767672225162416,-0.5352651436554728,-0.3790429194408926,-0.4413246768066931,-1.4789311276970638,-0.4514528464766595,-0.5831529050713596,Normal,5,IoT23
-0.3580084914264324,-0.5234533664423877,-0.3632109328263516,-0.4413246768066931,0.4354403709582355,-0.4514528464766595,-0.5852621332574477,Normal,5,IoT23
-0.45138640086382287,-0.5063466546165403,-0.37997424975751914,1.5996975829677962,0.7709175437241976,-0.13678476318004512,0.9011816191312263,Reconnaissance,7,IoT23
0.12116897181998929,-0.531192117030271,-0.35260436457547956,-0.4413246768066931,0.08609838315372903,-0.4514528464766595,-0.5845261520802095,Normal,5,IoT23
-0.4080596249557632,-0.5177511291671052,-0.3710229379544678,-0.4413246768066931,-0.5376642400803353,-0.4514528464766595,-0.5862567093604251,Normal,5,IoT23
-0.29782370395768504,-0.5438184995683966,-0.344558207088685,-0.4413246768066931,0.23208975039291938,-0.27918332363156895,-0.5720136803197906,Normal,5,IoT23
0.6299456128652462,-0.46643099368956287,-0.37411233534477245,-0.4413246768066931,-1.1022703191499441,-0.27918332363156895,-0.5731954533284549,Malware,4,IoT23
-0.1610752597308155,-0.48638882415305157,-0.336536775068032,-0.4413246768066931,-0.3786810276383609,-0.27918332363156895,-0.5663935297272963,Malware,4,IoT23
-0.10353062694537606,-0.4912764561032937,-0.3104381871268044,-0.4413246768066931,-0.754058057015245,-0.27918332363156895,-0.5692208872183915,Malware,4,IoT23
0.12405543075617764,-0.5124561945543429,-0.37224217111360103,1.5996975829677962,-0.09578744968524817,-0.42771975306807225,-0.5868415244482081,Normal,5,IoT23
3.0720089519154747,-0.42773724075014596,-0.35069345580016886,-0.4413246768066931,0.7142258555665943,-0.4510436552109942,-0.5544028120912321,Botnet,0,IoT23
1.600732202563047,-0.48435231084045066,-0.3607205346242637,-0.4413246768066931,-0.12392788909681211,2.2676231138692478,-0.5766936687113823,Botnet,0,IoT23
0.07739168831024112,-0.409408620936738,-0.3392022471488836,-0.4413246768066931,0.21488710951176257,-0.27918332363156895,-0.5798339063507272,Malware,4,IoT23
-0.20805996477620697,-0.5157146158545043,-0.37003039190316567,-0.4413246768066931,-1.3853693017702946,-0.27918332363156895,-0.5635191235859924,Malware,4,IoT23
1.7962961804762476,-0.4688748096646839,-0.34138327075978137,-0.4413246768066931,0.9558330954049309,-0.4510436552109942,-0.5032058618244677,Botnet,0,IoT23
0.0502766050252302,-0.5063466546165403,-0.3242821760652192,-0.4413246768066931,-0.9100629017822729,-0.4510436552109942,-0.5203456424088175,Botnet,0,IoT23
-0.3580961557432852,-0.5344505383304324,-0.3808146077149823,1.5996975829677962,-0.5588209208058177,-0.42771975306807225,-0.5864521219892657,Normal,5,IoT23
1.1810545446746905,-0.35075703753383247,-0.36966090283754366,-0.4413246768066931,-0.803201123651863,-0.4510436552109942,-0.5224584965553728,Botnet,0,IoT23
0.6551322667889249,-0.34342558960846925,-0.3796752707017059,-0.4413246768066931,-0.16228721070345128,2.2676231138692478,-0.575121263754212,Botnet,0,IoT23
3.3750689302278,-0.41470355554950034,-0.3418721621272289,-0.4413246768066931,-0.21867079186019805,2.845810372254314,-0.5043460609792952,Botnet,0,IoT23
-0.4865873091211696,-0.5197876424797061,-0.37787493120533566,1.5996975829677962,0.6528098600625242,-0.06067518776629964,1.0104390537082375,Reconnaissance,7,IoT23
1.4752697351429287,-0.5295629063801903,-0.37006121274669246,-0.4413246768066931,0.6417693591984982,2.2676231138692478,-0.5772246580137903,Botnet,0,IoT23
0.036865409232093825,-0.41266704223689943,-0.34580914829833753,-0.4413246768066931,1.119386561692944,-0.27918332363156895,-0.5794262065990762,Malware,4,IoT23
0.4954446648418994,-0.40696480496161697,-0.3763503952456218,-0.4413246768066931,0.12029826024880493,2.2676231138692478,-0.530066388920327,Botnet,0,IoT23
-0.07933081889659246,-0.34505480025854995,-0.37161430075634594,-0.4413246768066931,-0.11889547474948864,-0.27918332363156895,-0.5607569800200527,Malware,4,IoT23
-0.40180349097802875,-0.5283409983926298,-0.3662353039023579,-0.4413246768066931,1.6165172075749705,-0.42771975306807225,-0.5805496811789291,Normal,5,IoT23
-0.5018604003704691,-0.5258971824175087,-0.38118034192472505,1.5996975829677962,-0.22637346688161153,-0.3127370074161234,-0.01759531523516557,Reconnaissance,7,IoT23
-0.18072597859990702,-0.35483006415903423,-0.3719277001946343,-0.4413246768066931,0.0003932857488016032,2.845810372254314,-0.543868738681738,Botnet,0,IoT23
1.2375517393254811,-0.46765290167712337,-0.2415148925015494,-0.4413246768066931,-0.6030856265955405,-0.27918332363156895,-0.5812338842940727,Malware,4,IoT23
-0.36491076475263445,-0.5169365238420649,-0.37775021833229505,-0.4413246768066931,-1.4675311686653718,-0.4514528464766595,-0.5812978446629381,Normal,5,IoT23
-0.48834355278222596,-0.5250825770924684,-0.35265814440237975,-0.4413246768066931,0.6000208605824371,-0.4514528464766595,-0.5846721304353468,Normal,5,IoT23
-0.413797397491964,-0.5283409983926298,-0.3791125295211488,-0.4413246768066931,0.30305706292354234,-0.4514528464766595,-0.5867647300492117,Normal,5,IoT23
-0.2313125325648122,-0.517343826504585,-0.37812843998098183,1.5996975829677962,1.1383351422456212,-0.27918332363156895,-0.5865482787817862,Normal,5,IoT23
-0.4934927964516753,-0.5181584318296254,-0.37888685790350163,-0.4413246768066931,0.44370790881455263,-0.27918332363156895,-0.5844756032753734,Normal,5,IoT23
-0.2765098292232555,-0.5238606691049079,-0.3685472030223812,-0.4413246768066931,1.1802376943621105,-0.4514528464766595,-0.5841298168807199,Normal,5,IoT23
1.3415717178719753,-0.41918388483722224,-0.36280021738082974,-0.4413246768066931,-0.2892272950563456,2.845810372254314,-0.497496402397481,Botnet,0,IoT23
-0.25750545808911907,-0.5087904705916613,-0.3801040147655806,1.5996975829677962,0.9754492411261305,-0.27918332363156895,-0.5864792072927785,Normal,5,IoT23
-0.07193463659790536,-0.5128634972168631,-0.36613778003932773,-0.4413246768066931,-0.8999467219208165,-0.27918332363156895,-0.5752253812600858,Malware,4,IoT23
-0.5099316100129944,-0.4892399427906928,-0.35240828229959403,-0.4413246768066931,0.46984565272054907,-0.27918332363156895,-0.568614376268329,Malware,4,IoT23
0.9082539660022888,-0.40981592359925817,-0.3532914905644392,-0.4413246768066931,-0.189914138446921,-0.27918332363156895,-0.5843097966390279,Malware,4,IoT23
2.7158735864512926,-0.43629059666306974,-0.374679315585129,-0.4413246768066931,0.12651175143274515,2.2676231138692478,-0.5424834896971574,Botnet,0,IoT23
-0.5200963543036822,-0.49372027207841473,-0.38118363393255106,1.5996975829677962,-1.3265208646066955,-0.4404046823036965,1.0454404183996593,Reconnaissance,7,IoT23
-0.2510115823620045,-0.5271190904050693,-0.37179208966251437,1.5996975829677962,-1.0012625740358085,-0.27918332363156895,-0.5866944978372259,Normal,5,IoT23
-0.4252729523203168,-0.5303775117052307,-0.3809900413373248,-0.4413246768066931,1.239137482692519,-0.42771975306807225,-0.58706559459386,Normal,5,IoT23
0.1980048287785858,-0.3536081561714737,-0.32923447520493426,-0.4413246768066931,0.8522064407835147,2.845810372254314,-0.5293251598769836,Botnet,0,IoT23
0.5707150488378215,-0.42325691146242406,-0.278514392076873,-0.4413246768066931,1.001843740866174,-0.27918332363156895,-0.5681834637095217,Malware,4,IoT23
-0.5293000543847316,-0.5087904705916613,-0.37994898260311527,1.5996975829677962,0.6734530291199123,-0.27918332363156895,-0.5859225633190668,Normal,5,IoT23
1.9262252928684511,-0.41755467418714154,-0.3750271393363272,-0.4413246768066931,-1.4676852221658,2.845810372254314,-0.535445635381614,Botnet,0,IoT23
2.1260631342298457,-0.5047174439664596,-0.3427530998553592,-0.4413246768066931,0.7044177827059945,-0.4510436552109942,-0.5037906399400478,Botnet,0,IoT23
1.4896389883352752,-0.36664184137211936,-0.3169424372087744,-0.4413246768066931,-0.11961439108482057,-0.4510436552109942,-0.5035048233787349,Botnet,0,IoT23
-0.1633898315582248,-0.46276526972688126,-0.29306905850711323,-0.4413246768066931,-0.8364766797443693,-0.27918332363156895,-0.5651985398809122,Malware,4,IoT23
2.6603515232032313,-0.4318102673753478,-0.3729162214859537,-0.4413246768066931,1.3424046791462692,-0.4510436552109942,-0.5140394198005639,Botnet,0,IoT23
0.8871973988620512,-0.34505480025854995,-0.3580115930260311,-0.4413246768066931,-1.329242476447595,2.2676231138692478,-0.49579911946016003,Botnet,0,IoT23
-0.16766687163642774,-0.41592546353706084,-0.3283291282302772,-0.4413246768066931,0.40627290821048306,-0.27918332363156895,-0.5604712641127579,Malware,4,IoT23
-0.5527703583780587,-0.49534948272849544,-0.37952234562064796,-0.4413246768066931,0.024682387649658806,-0.2673167769272753,1.147447660713445,Reconnaissance,7,IoT23
-0.5213931061868378,-0.5397454729431947,-0.3789018875308783,-0.4413246768066931,0.3368461306841428,-0.42771975306807225,-0.5817592453114684,Normal,5,IoT23
-0.3398362256226493,-0.5181584318296254,-0.3661136765572601,-0.4413246768066931,1.4089557913312818,-0.27918332363156895,-0.5853647748802232,Normal,5,IoT23
-0.569008006407342,-0.4729478362898857,-0.377096613428993,1.5996975829677962,-0.5262642810486434,-0.3904833478925301,-0.09003344196011062,Reconnaissance,7,IoT23
1.3497228898092721,-0.4924983640908542,-0.36446180045184556,-0.4413246768066931,0.7018502243655234,-0.4510436552109942,-0.5552185042041536,Botnet,0,IoT23
-0.5511967799577958,-0.514900010529464,-0.3800455843837759,1.5996975829677962,1.0073896668815918,-0.4555447591333125,0.02965281608389242,Reconnaissance,7,IoT23
-0.5496955154393205,-0.5263044850800289,-0.38076742453417817,1.5996975829677962,-0.5291399463899711,-0.19816345302983987,0.8346858530788156,Reconnaissance,7,IoT23
3.0112098026698675,-0.4709113229772848,-0.3797846663362286,-0.4413246768066931,-0.2379788305805412,-0.4510436552109942,-0.5643768600632096,Botnet,0,IoT23
1.740550069727205,-0.46439448037696196,-0.3521092770411363,-0.4413246768066931,-1.1150567596854906,-0.4510436552109942,-0.539445937628047,Botnet,0,IoT23
2.5809898914595446,-0.46398717771444176,-0.3620560254944475,-0.4413246768066931,0.8445037657621012,2.2676231138692478,-0.5573259078844859,Botnet,0,IoT23
3.0711350744613157,-0.5169365238420649,-0.30808313334109283,-0.4413246768066931,-1.1949078240741438,-0.4510436552109942,-0.5623225038956953,Botnet,0,IoT23
0.6100249260201984,-0.37845361858520454,-0.3540961718003311,-0.4413246768066931,0.1652818823738597,2.2676231138692478,-0.5376498077358419,Botnet,0,IoT23
-0.2780610229567346,-0.5263044850800289,-0.3771030058840689,1.5996975829677962,0.26726529965737433,-0.27918332363156895,-0.5772761300694952,Normal,5,IoT23
-0.4473121796594352,-0.4872034294780919,-0.38078411983735366,-0.4413246768066931,1.5008743799201494,-0.11182409597446193,0.19299338839692662,Reconnaissance,7,IoT23
-0.5102907270326692,-0.5389308676181545,-0.37315107987115304,1.5996975829677962,-0.2535895852906059,-0.4514528464766595,-0.5819485108994066,Normal,5,IoT23
0.15779002351663401,-0.5153073131919842,-0.36609943959896696,1.5996975829677962,-1.4080151663332503,-0.27918332363156895,-0.5845669377876512,Normal,5,IoT23
2.6049761382752283,-0.38985809313576947,-0.380919308399522,-0.4413246768066931,-0.8050497656570023,2.845810372254314,-0.5412170835526582,Botnet,0,IoT23
0.3163229438177273,-0.3821193425478861,-0.36025556166301786,-0.4413246768066931,-1.2612021804251092,-0.27918332363156895,-0.581918417413183,Malware,4,IoT23
-0.4631991141817429,-0.5030882333163789,-0.37822279291348654,1.5996975829677962,-0.9566384100784198,-0.09013695889420112,-0.06387495971994045,Reconnaissance,7,IoT23
3.0641539503861632,-0.38171203988536595,-0.34157358305888214,-0.4413246768066931,-0.30961370827968665,-0.4510436552109942,-0.5772474929674327,Botnet,0,IoT23
-0.45273900844881704,-0.5100123785792219,-0.3791868030258224,-0.4413246768066931,0.829920034388225,-0.25258589136332454,0.8910070994919442,Reconnaissance,7,IoT23
0.8414208260625095,-0.38293394787292645,-0.3629506009725954,-0.4413246768066931,0.5762966215164835,-0.27918332363156895,-0.5825207303194071,Malware,4,IoT23
-0.44577122152273213,-0.5254898797549886,-0.3756837622314876,1.5996975829677962,0.7599797451937905,-0.42771975306807225,-0.5824847069102059,Normal,5,IoT23
-0.5115194494198823,-0.5157146158545043,-0.38129106438025284,1.5996975829677962,-0.9877572171649303,-0.1899796277165339,-0.2190850740535157,Reconnaissance,7,IoT23
-0.54134194948152,-0.5189730371546657,-0.37929768469945574,1.5996975829677962,0.5829209220348991,-0.27918332363156895,-0.5786978444974956,Normal,5,IoT23
2.31225812685691,-0.535672446317993,-0.32688014101573626,-0.4413246768066931,-0.8893683815580753,2.2676231138692478,-0.5641497271604984,Botnet,0,IoT23
-0.0537021789966617,-0.441585531275832,-0.3754768816349767,-0.4413246768066931,0.10504696370640622,-0.27918332363156895,-0.5825407597661929,Malware,4,IoT23
-0.12968971113647046,-0.489647245453213,-0.22646496663645754,-0.4413246768066931,0.30187598608692556,-0.4510436552109942,-0.5438226953335191,Botnet,0,IoT23
2.1647730040121793,-0.4672455990146032,-0.3711211640880621,-0.4413246768066931,-0.5470101524396503,-0.27918332363156895,-0.5669701222437855,Malware,4,IoT23
-0.479754390447699,-0.5368943543055535,-0.38080274497340844,1.5996975829677962,0.20246012714388215,-0.4514528464766595,-0.5871536746843542,Normal,5,IoT23
2.3508319893947673,-0.5055320492914999,-0.3054550175411254,-0.4413246768066931,-1.241894141704766,2.845810372254314,-0.5518177350097625,Botnet,0,IoT23
2.577766872976564,-0.3678637493596799,-0.371756766745914,-0.4413246768066931,-0.15304400067775512,-0.4510436552109942,-0.552510310569487,Botnet,0,IoT23
0.5948742337306948,-0.5226387611173473,-0.3417839397753466,-0.4413246768066931,1.20699165226982,2.845810372254314,-0.5311242378121406,Botnet,0,IoT23
2.258839072711861,-0.5254898797549886,-0.3646837435054914,-0.4413246768066931,-0.6827826374837656,2.845810372254314,-0.554484239781673,Botnet,0,IoT23
-0.5747185101611791,-0.46643099368956287,-0.38086359075940307,1.5996975829677962,-1.2498535725602267,-0.12778255533540855,0.9766235663389716,Reconnaissance,7,IoT23
-0.27895212674095404,-0.46113605907680055,-0.32328729910623283,-0.4413246768066931,0.47189969939292603,-0.27918332363156895,-0.5709261471415054,Malware,4,IoT23
1.4643733223243096,-0.3495351295462719,-0.3652566380463368,-0.4413246768066931,-0.6762610392989687,2.2676231138692478,-0.570772050231142,Botnet,0,IoT23
1.094209671324151,-0.3711221706598413,-0.2559297879010705,-0.4413246768066931,-0.505107600323161,2.845810372254314,-0.5596171532952839,Botnet,0,IoT23
0.9941521965556572,-0.39026539579828967,-0.3600219352293137,-0.4413246768066931,0.08450649698263692,-0.4510436552109942,-0.5241744884163699,Botnet,0,IoT23
3.105528547651468,-0.4880180348031323,-0.37877352542170906,-0.4413246768066931,-0.8010957258126767,2.845810372254314,-0.5609871192532655,Botnet,0,IoT23
2.388330268513664,-0.38008282923528525,-0.3795007186540473,-0.4413246768066931,1.3643829785407025,2.2676231138692478,-0.5551453018380574,Botnet,0,IoT23
-0.1358341206136395,-0.43751250465063024,-0.3262241994464651,-0.4413246768066931,-1.142170175760866,-0.27918332363156895,-0.5759356609167733,Malware,4,IoT23
-0.5098834762282014,-0.5132707998793833,-0.35003212281985185,-0.4413246768066931,0.41325666689656465,-0.27918332363156895,-0.5647575330818386,Malware,4,IoT23
2.121291768070938,-0.39026539579828967,-0.36609241206193077,-0.4413246768066931,-1.5700280976169807,2.2676231138692478,-0.5229939058679974,Botnet,0,IoT23
1.9214329677009352,-0.4908691534407735,-0.35812385202327307,-0.4413246768066931,0.8912846787254858,2.2676231138692478,-0.5232444464683561,Botnet,0,IoT23
2.709212228754291,-0.4501388871887558,-0.36812913834605937,-0.4413246768066931,-0.5578965998032481,2.845810372254314,-0.5431465991935014,Botnet,0,IoT23
2.3174788955737133,-0.36990026267228077,-0.3719315885155787,-0.4413246768066931,-0.5569209276338691,-0.4510436552109942,-0.5099879405467329,Botnet,0,IoT23
3.350390567048059,-0.4452512552385136,-0.3714236126343007,-0.4413246768066931,-1.1122837966777817,2.845810372254314,-0.5256269813589309,Botnet,0,IoT23
-0.5091456733201302,-0.5254898797549886,-0.38118597098654483,1.5996975829677962,0.2961246554042702,-0.1899796277165339,-0.2951943815595697,Reconnaissance,7,IoT23
-0.04852013922482375,-0.45380461115143733,-0.3760504995151936,-0.4413246768066931,0.47539157873596677,-0.27918332363156895,-0.5746660719653869,Malware,4,IoT23
2.432322955578529,-0.4187765821747021,-0.34436031713664966,-0.4413246768066931,-1.479187883531111,-0.4510436552109942,-0.5340013010896426,Botnet,0,IoT23
2.285159932862326,-0.3719367759848817,-0.36312860334807645,-0.4413246768066931,-1.1867429885514453,2.845810372254314,-0.5614954191822448,Botnet,0,IoT23
3.2418456333628094,-0.36134690675935704,-0.3789587139286457,-0.4413246768066931,0.28148957286358456,2.2676231138692478,-0.5348739073576012,Botnet,0,IoT23
1.4341033733402064,-0.4635798750519216,-0.37419752206539403,-0.4413246768066931,1.6523089708411385,-0.4510436552109942,-0.5286629874818952,Botnet,0,IoT23
2.1546191058285844,-0.43791980731315044,-0.3793153539006534,-0.4413246768066931,0.13976035246957635,-0.4510436552109942,-0.5113669445919179,Botnet,0,IoT23
0.31890791861920686,-0.4831304028528901,-0.3481059142533675,-0.4413246768066931,0.6630800934244089,-0.27918332363156895,-0.5843756445747369,Malware,4,IoT23
1.6349294596746713,-0.35197894552139297,-0.22863388143027724,-0.4413246768066931,-0.7459959238261655,-0.27918332363156895,-0.5601576294588112,Malware,4,IoT23
0.9326446871541881,-0.507975865266621,-0.26608017616398855,-0.4413246768066931,1.600803750531287,-0.27918332363156895,-0.5633040026019179,Malware,4,IoT23
1.830599028655722,-0.5299702090427105,-0.3643344310449364,-0.4413246768066931,-1.4903824378955652,-0.4510436552109942,-0.5323708741525575,Botnet,0,IoT23
1.6410766314248204,-0.40166987034885465,-0.3651390978267614,-0.4413246768066931,0.8894360367203465,2.845810372254314,-0.5386527329795179,Botnet,0,IoT23
-0.17572629824825545,-0.4269226354251056,-0.2827451960199648,-0.4413246768066931,0.9813546253092142,-0.27918332363156895,-0.5620703137018269,Malware,4,IoT23
0.05883509878695222,-0.5091977732541815,-0.3249885209322681,-0.4413246768066931,-1.4668636034968494,2.845810372254314,-0.5159389455115599,Botnet,0,IoT23
-0.1712166988580264,-0.5185657344921456,-0.38076170648872903,1.5996975829677962,0.8882549598837298,-0.27918332363156895,-0.5822572230138044,Normal,5,IoT23
-0.23911721646617895,-0.46602369102704266,-0.31853577052392273,-0.4413246768066931,1.283299486148623,2.845810372254314,-0.5296571598664274,Botnet,0,IoT23
-0.30255301402101414,-0.37030756533480097,-0.2776992735718062,-0.4413246768066931,0.5408643164179815,-0.27918332363156895,-0.5738583903358968,Malware,4,IoT23
-0.5702463084543753,-0.4977932987036165,-0.38101765853161434,-0.4413246768066931,-0.7759850052428687,-0.1715660207615955,0.565509658219547,Reconnaissance,7,IoT23
-0.07438069686851609,-0.5324140250178316,-0.3759749127676821,1.5996975829677962,-0.06708214743878056,-0.4514528464766595,-0.5843395541894781,Normal,5,IoT23
3.173877350121308,-0.45095349251379613,-0.34671271730816894,-0.4413246768066931,1.5157148671280727,2.845810372254314,-0.49395116200133304,Botnet,0,IoT23
-0.24047943261003468,-0.34709131357115086,-0.37008077180937093,-0.4413246768066931,1.020638267918423,-0.27918332363156895,-0.5851639315608831,Malware,4,IoT23
2.4233998059317967,-0.4635798750519216,-0.33273761323034984,-0.4413246768066931,1.0071329110475447,-0.4510436552109942,-0.5241374527282201,Botnet,0,IoT23
2.0372924007216406,-0.5364870516430333,-0.3738694805156717,-0.4413246768066931,0.40201076136530095,2.2676231138692478,-0.570926564223953,Botnet,0,IoT23
2.648573241518887,-0.5246752744299482,-0.37010613098783424,-0.4413246768066931,0.11639557157128876,-0.4510436552109942,-0.5306764967303869,Botnet,0,IoT23
1.9579869849844131,-0.4309956620503074,-0.37570443800020087,-0.4413246768066931,0.18433316526015572,2.845810372254314,-0.5316437232388609,Botnet,0,IoT23
-0.49876804417504655,-0.5385235649556342,-0.37905981774621866,-0.4413246768066931,0.8669955768246286,-0.4514528464766595,-0.5832252027825623,Normal,5,IoT23
2.0499865296405004,-0.49412757474093494,-0.3006494822345335,-0.4413246768066931,0.7744607742340479,-0.4510436552109942,-0.519365779069365,Botnet,0,IoT23
2.542322521760632,-0.3788609212477247,-0.32273097577485815,-0.4413246768066931,0.6263640091556711,2.2676231138692478,-0.5026037878408196,Botnet,0,IoT23
0.10801607942416827,-0.5246752744299482,-0.2154684831592864,-0.4413246768066931,-1.5811713008146255,-0.27918332363156895,-0.5844732741964611,Malware,4,IoT23
2.1274414813977254,-0.46398717771444176,-0.3643311286047212,-0.4413246768066931,1.0070815598807352,-0.4510436552109942,-0.5398519164923534,Botnet,0,IoT23
-0.15261030264344233,-0.5421892889183159,-0.37937597243796234,1.5996975829677962,-0.3944458358488539,-0.42771975306807225,-0.5773755788853017,Normal,5,IoT23
-0.5019488152796844,-0.5144927078669438,-0.3795141419039195,1.5996975829677962,1.577644374300237,-0.42771975306807225,-0.5828790304103393,Normal,5,IoT23
0.11113605475031733,-0.4240715167874644,-0.29490016419198983,-0.4413246768066931,-1.3677558515546624,-0.27918332363156895,-0.5714308844059933,Malware,4,IoT23
2.3327897545710434,-0.4513607951763163,-0.3415671423613674,-0.4413246768066931,1.216080808795088,2.845810372254314,-0.5416260239747372,Botnet,0,IoT23
2.7241295494407884,-0.507975865266621,-0.3517067544372052,-0.4413246768066931,0.12769282826936187,2.845810372254314,-0.5720725224099908,Botnet,0,IoT23
-0.5400931457664452,-0.5210095504672666,-0.37685592463856393,1.5996975829677962,0.3626757675892827,-0.4514528464766595,-0.5864772924749445,Normal,5,IoT23
3.5341817515453258,-0.37641710527260364,-0.38032696180450504,-0.4413246768066931,1.1520459037837372,-0.4510436552109942,-0.4961583128857047,Botnet,0,IoT23
2.4198004937689737,-0.5055320492914999,-0.36195842614291057,-0.4413246768066931,0.6894745931644524,2.845810372254314,-0.5212302810393205,Botnet,0,IoT23
1.105688252992035,-0.4977932987036165,-0.3219650356632365,-0.4413246768066931,0.10833343838220931,2.2676231138692478,-0.5577870238758103,Botnet,0,IoT23
0.30549726544990613,-0.5373016569680737,-0.3502245539974353,1.5996975829677962,-1.4406745084240435,-0.27918332363156895,-0.5870289611443024,Normal,5,IoT23
-0.20105810604746116,-0.5087904705916613,-0.38026275996601966,1.5996975829677962,0.16610350104281046,-0.27918332363156895,-0.582998990198222,Normal,5,IoT23
-0.5527130404643515,-0.5421892889183159,-0.3559261756613184,-0.4413246768066931,0.07736868479612707,-0.42771975306807225,-0.5847720171615981,Normal,5,IoT23
0.926387497238067,-0.5263044850800289,-0.3479708437496253,-0.4413246768066931,1.4920419792289286,-0.4510436552109942,-0.5115875486640921,Botnet,0,IoT23
2.9223090279630557,-0.5283409983926298,-0.26155238471664294,-0.4413246768066931,-1.1071486799968393,2.845810372254314,-0.5005574164674048,Botnet,0,IoT23
1.5860167425736027,-0.358903090784236,-0.3540996201636271,-0.4413246768066931,-0.06466864259873767,2.845810372254314,-0.5770983166001653,Botnet,0,IoT23
-0.3371249521273263,-0.5193803398171859,-0.35378634301786177,-0.4413246768066931,-0.8833089438745634,-0.27918332363156895,-0.5749362218572779,Malware,4,IoT23
0.2885972033226563,-0.5417819862557957,-0.2987631571750297,-0.4413246768066931,1.3067669693805295,-0.27918332363156895,-0.5853008457199632,Malware,4,IoT23
0.16455079114368343,-0.46398717771444176,-0.3495067785362088,-0.4413246768066931,0.9616871284212051,-0.27918332363156895,-0.579519973755229,Malware,4,IoT23
-0.1739096631747235,-0.537708959630594,-0.3638754976697692,-0.4413246768066931,-0.8932710702355915,-0.4510436552109942,-0.4958285412319624,Botnet,0,IoT23
-0.5380894666772433,-0.5210095504672666,-0.3730842955538437,-0.4413246768066931,1.4329367862312825,-0.4514528464766595,-0.584735596375486,Normal,5,IoT23
0.058693831619582595,-0.3971895410611327,-0.3726770741168728,-0.4413246768066931,0.32518941581840377,-0.4510436552109942,-0.5250920345271253,Botnet,0,IoT23
2.590377991507069,-0.3988187517112134,-0.31369301109489606,-0.4413246768066931,1.4960473702400636,2.2676231138692478,-0.4942704887760371,Botnet,0,IoT23
-0.32748162164879474,-0.5250825770924684,-0.35025083105222443,-0.4413246768066931,-0.29949752841823024,-0.27918332363156895,-0.5865168167548312,Normal,5,IoT23
1.8105601226933323,-0.452990005826397,-0.36370120527627825,-0.4413246768066931,-1.2143185651281057,-0.4510436552109942,-0.5491231280727844,Botnet,0,IoT23
-0.31864558236264173,-0.5161219185170245,-0.3768657487623509,1.5996975829677962,-0.7209879055899764,-0.27918332363156895,-0.5872994550427363,Normal,5,IoT23
2.124482289807975,-0.4696894149897243,-0.35667589218271045,-0.4413246768066931,1.4003801464741081,2.845810372254314,-0.5437669996102129,Botnet,0,IoT23
0.03995524028829254,-0.5112342865667824,-0.3459181806663185,-0.4413246768066931,0.9710843919473295,-0.27918332363156895,-0.5831737341874644,Normal,5,IoT23
-0.4964402931972177,-0.5279336957301096,-0.3590375120100063,1.5996975829677962,-0.6344098383492888,-0.27918332363156895,-0.5843055439550534,Normal,5,IoT23
-0.06313133789716195,-0.5442258022309168,-0.3585769768686178,1.5996975829677962,-0.36194054725848895,-0.4514528464766595,-0.5865667253484157,Normal,5,IoT23
-0.5350819222490624,-0.535672446317993,-0.36784271593592094,1.5996975829677962,-0.5171751245233754,-0.27918332363156895,-0.5828698685916768,Normal,5,IoT23
0.47589022089862065,-0.4929056667533744,-0.2921702297059629,-0.4413246768066931,0.8140525238441132,2.2676231138692478,-0.5269274660826876,Botnet,0,IoT23
-0.44095953623950634,-0.5185657344921456,-0.3769906185862185,1.5996975829677962,0.5078455161595223,-0.4514528464766595,-0.5822239229489566,Normal,5,IoT23
0.005139026228181706,-0.4472877685511145,-0.36913992993402867,-0.4413246768066931,-0.34514871571180755,2.2676231138692478,-0.5263860379223352,Botnet,0,IoT23
-0.5022475653276297,-0.5352651436554728,-0.3811346512606338,1.5996975829677962,0.3416217891974192,-0.4514528464766595,-0.5850530995912853,Normal,5,IoT23
2.800256265609967,-0.4916837587658138,-0.37002845863978784,-0.4413246768066931,1.411163891504087,-0.4510436552109942,-0.5156494869079785,Botnet,0,IoT23
-0.5468169771935347,-0.46643099368956287,-0.37997824530550506,-0.4413246768066931,1.5902767613353552,-0.25545023022298163,0.7911443584379406,Reconnaissance,7,IoT23
3.0753125402316694,-0.5230460637798675,-0.3710061098057005,-0.4413246768066931,-1.0114814562308838,-0.4510436552109942,-0.5559846714038509,Botnet,0,IoT23
0.5867443092349075,-0.44077092595079165,-0.2798487015842835,-0.4413246768066931,-0.22930048338974865,-0.4510436552109942,-0.5228479412378785,Botnet,0,IoT23
0.01825408815114194,-0.41429625288698013,-0.38032493349686874,-0.4413246768066931,1.6446576469865346,-0.4510436552109942,-0.5703425893428617,Botnet,0,IoT23
-0.3763245263929036,-0.5214168531297868,-0.3784035644998101,-0.4413246768066931,0.7679391760492511,-0.4510436552109942,-0.5014420853576683,Botnet,0,IoT23
1.5651986541291592,-0.47539165226500674,-0.35696251119275896,-0.4413246768066931,0.2693706974965607,-0.27918332363156895,-0.5766203115996088,Malware,4,IoT23
-0.5512624602630448,-0.39433842242349143,-0.3762014373386454,-0.4413246768066931,0.8911306252250576,-0.27918332363156895,-0.5593652366157247,Malware,4,IoT23
-0.4548898803719446,-0.5120488918918227,-0.3802570321024487,1.5996975829677962,1.0966893459631788,-0.27918332363156895,-0.5873608611727072,Normal,5,IoT23
-0.5455950849596249,-0.39148730378585017,-0.3360902065879538,-0.4413246768066931,0.6028451747569553,-0.27918332363156895,-0.578108517194551,Malware,4,IoT23
2.3365410586614233,-0.510419681241742,-0.3753393092157407,-0.4413246768066931,-1.4145881156848565,-0.4510436552109942,-0.517071408800284,Botnet,0,IoT23
1.0446253793550866,-0.43588329400054954,-0.3582441350587899,-0.4413246768066931,-1.2200698958107612,2.2676231138692478,-0.5085080790395894,Botnet,0,IoT23
-0.442091697520932,-0.485166916165491,-0.3801566304468111,-0.4413246768066931,-1.454693376963016,-0.1191895387564373,0.5459547887081021,Reconnaissance,7,IoT23
2.4533333494172207,-0.489647245453213,-0.36381763159446817,-0.4413246768066931,-0.6164882811328001,-0.4510436552109942,-0.5605127427635814,Botnet,0,IoT23
-0.4802184455021,-0.42773724075014596,-0.24569343660093937,-0.4413246768066931,-0.6794961628079624,-0.27918332363156895,-0.5746609250291012,Malware,4,IoT23
-0.5563655498748558,-0.5124561945543429,-0.3766022017010372,-0.4413246768066931,-0.5482939316098859,-0.4514528464766595,-0.5844689072189706,Normal,5,IoT23
-0.15137125341402152,-0.5368943543055535,-0.37109780949537763,1.5996975829677962,0.9337520936768788,-0.42771975306807225,-0.5869021045985172,Normal,5,IoT23
-0.3960998539797498,-0.4961640880535358,-0.34637190684280406,-0.4413246768066931,0.7294258009421837,2.845810372254314,-0.5282516308747831,Botnet,0,IoT23
-0.5259080040714595,-0.5250825770924684,-0.35814357143409586,1.5996975829677962,-0.20501138148889145,-0.42771975306807225,-0.5873336411163129,Normal,5,IoT23
3.2793282777883594,-0.441585531275832,-0.3634772598756292,-0.4413246768066931,0.39687564468435865,2.845810372254314,-0.5631729407283486,Botnet,0,IoT23
2.7426137324180853,-0.37641710527260364,-0.3555296346435165,-0.4413246768066931,0.7061637223775149,-0.4510436552109942,-0.5246225357851172,Botnet,0,IoT23
3.6637887938702685,-0.3540154588339939,-0.30754244897719574,-0.4413246768066931,1.5223391676464884,-0.4510436552109942,-0.5615842670705528,Botnet,0,IoT23
1.7564105738361513,-0.3556446694840746,-0.3637311147652457,-0.4413246768066931,1.391753150450125,-0.4510436552109942,-0.5237839958669147,Botnet,0,IoT23
2.527142868823199,-0.4183692795121819,-0.34766518165505667,-0.4413246768066931,-1.234961734185494,2.845810372254314,-0.5335344006784102,Botnet,0,IoT23
2.54304089307789,-0.5128634972168631,-0.29738593872815355,-0.4413246768066931,0.3128137846173327,2.2676231138692478,-0.5441316823558444,Botnet,0,IoT23
3.389618853006003,-0.4305883593877872,-0.3729239173414868,-0.4413246768066931,-1.2096969601152576,2.2676231138692478,-0.5297419679558389,Botnet,0,IoT23
0.11063620102515062,-0.3536081561714737,-0.3644424085812493,-0.4413246768066931,0.03269316967192883,2.845810372254314,-0.5551653002393775,Botnet,0,IoT23
-0.5396331368981627,-0.5267117877425491,-0.3722845704102098,1.5996975829677962,-0.7532877895131036,-0.42771975306807225,-0.5820052511609085,Normal,5,IoT23
-0.5494865560598975,-0.4705040203147646,-0.38116721273939763,-0.4413246768066931,1.128013557716927,-0.40234989459682374,0.9319578197060732,Reconnaissance,7,IoT23
-0.5376955518508119,-0.4269226354251056,-0.3757875774732104,-0.4413246768066931,-0.7050176927122458,-0.27918332363156895,-0.584141243774707,Malware,4,IoT23
-0.26280729019839283,-0.5279336957301096,-0.33625025844085554,-0.4413246768066931,-0.45016185183707813,2.2676231138692478,-0.5389026989699152,Botnet,0,IoT23
-0.4140247015917849,-0.3609396040968369,-0.29021856769629395,-0.4413246768066931,1.109219030664678,-0.4510436552109942,-0.5539308794455929,Botnet,0,IoT23
0.3858403088269732,-0.514900010529464,-0.36139015203416447,-0.4413246768066931,1.6071199440488462,-0.27918332363156895,-0.568735595640704,Malware,4,IoT23
-0.23336553156883952,-0.5385235649556342,-0.32361882863025887,-0.4413246768066931,0.3641136002599466,-0.27918332363156895,-0.5733789848659683,Malware,4,IoT23
1.8198336768971857,-0.5206022478047464,-0.37768090235375873,-0.4413246768066931,0.15752785618563678,-0.4510436552109942,-0.5360698497924449,Botnet,0,IoT23
-0.3383065360934979,-0.5328213276803517,-0.3609025966015351,-0.4413246768066931,-0.041560617534497205,-0.42771975306807225,-0.5815980232410399,Normal,5,IoT23
-0.4688396321681811,-0.5332286303428719,-0.3776566255975279,-0.4413246768066931,-0.9888355916679281,-0.2178046337817742,0.9211247420132883,Reconnaissance,7,IoT23
-0.0909396091504164,-0.48638882415305157,-0.36182829135431893,-0.4413246768066931,0.25612209645972944,-0.27918332363156895,-0.575708723375341,Malware,4,IoT23
0.5061341898584999,-0.485166916165491,-0.35718471920417366,-0.4413246768066931,0.2299330013869236,2.845810372254314,-0.5262256723408114,Botnet,0,IoT23
2.6606526283554106,-0.5071612599415806,-0.3741369672074119,-0.4413246768066931,0.45151328616958497,2.2676231138692478,-0.5655201708089523,Botnet,0,IoT23
-0.2692365233757237,-0.49412757474093494,-0.3699710249616682,-0.4413246768066931,-1.4222907907062698,-0.27918332363156895,-0.5750296082530121,Malware,4,IoT23
-0.08482023688330068,-0.5442258022309168,-0.35394728151691784,1.5996975829677962,1.7256897882118045,-0.42771975306807225,-0.5812186313919719,Normal,5,IoT23
-0.4666733576909686,-0.4778354682401278,-0.3787573458476489,1.5996975829677962,-1.2507778935627962,-0.20880242593713763,0.03462475286509416,Reconnaissance,7,IoT23
1.339722898368852,-0.4114451342493389,-0.29542647803123745,-0.4413246768066931,-0.12695760793856808,-0.27918332363156895,-0.563977147787497,Malware,4,IoT23
-0.47380058871023756,-0.5108269839042622,-0.3652165534062285,1.5996975829677962,-0.3856134351576331,-0.4514528464766595,-0.5873060508813421,Normal,5,IoT23
0.9386375659683767,-0.4819084948653296,-0.3630934289966799,-0.4413246768066931,-1.0468624101625765,2.845810372254314,-0.5616064212535415,Botnet,0,IoT23
-0.47544607549209716,-0.5307848143677509,-0.37911630559369486,1.5996975829677962,-0.5839829925424351,-0.42771975306807225,-0.585030012662783,Normal,5,IoT23
-0.4722419173737806,-0.5193803398171859,-0.38061925898108423,1.5996975829677962,-1.4034449124872115,-0.4436782124290189,0.7871364794222828,Reconnaissance,7,IoT23
-0.14652421685678899,-0.46072875641428035,-0.2974021469761391,-0.4413246768066931,-0.4724482582323678,-0.27918332363156895,-0.5628863595618095,Malware,4,IoT23
2.041728204729675,-0.5083831679291412,-0.37999078930416147,-0.4413246768066931,1.28802379349509,2.2676231138692478,-0.5067484334292557,Botnet,0,IoT23
-0.5032353114844929,-0.524267971767428,-0.3790858087450673,1.5996975829677962,-0.18631955677026138,-0.4514528464766595,-0.5835681750365976,Normal,5,IoT23
-0.18681863458384554,-0.52874830105515,-0.3740140633230563,-0.4413246768066931,1.087856945271958,-0.42771975306807225,-0.5846596996079486,Normal,5,IoT23
-0.5415123213342966,-0.5128634972168631,-0.3576072078703175,1.5996975829677962,1.675519698238998,-0.42771975306807225,-0.5845881848423085,Normal,5,IoT23
0.3263741238481991,-0.4057428969740564,-0.2578411205548759,-0.4413246768066931,1.2650184707644683,-0.27918332363156895,-0.5725757625342215,Malware,4,IoT23
2.9212810939952387,-0.4383271099756706,-0.2840071232148958,-0.4413246768066931,-1.1757024876874194,-0.4510436552109942,-0.5409193183322532,Botnet,0,IoT23
1.0652251670832236,-0.3918946064483704,-0.34032252904067495,-0.4413246768066931,-0.55594525546449,2.2676231138692478,-0.5682693313620366,Botnet,0,IoT23
2.7738765629217665,-0.35645927480911493,-0.3747299212652497,-0.4413246768066931,-0.03134173533942197,-0.4510436552109942,-0.558304795449543,Botnet,0,IoT23
-0.4408473977821991,-0.5153073131919842,-0.3723572179745023,1.5996975829677962,-0.5516317574524985,-0.27918332363156895,-0.5864164061820245,Normal,5,IoT23
-0.21840768236672858,-0.5210095504672666,-0.36268183846960084,1.5996975829677962,0.6080829937715165,-0.27918332363156895,-0.5813602376732518,Normal,5,IoT23
1.4884997306291035,-0.41470355554950034,-0.34971485545448844,-0.4413246768066931,1.7139303710124467,-0.4510436552109942,-0.5740739204184283,Botnet,0,IoT23
0.04504715305139672,-0.44117822861331185,-0.20231037943109573,-0.4413246768066931,0.39138106983575033,-0.27918332363156895,-0.5825890026973936,Malware,4,IoT23
-0.3738567873703665,-0.5140854052044236,-0.37784159428728975,-0.4413246768066931,0.6012019374190538,-0.4514528464766595,-0.5872884702493884,Normal,5,IoT23
2.7182354098509416,-0.37845361858520454,-0.34003366128696066,-0.4413246768066931,-1.3167127917460957,2.2676231138692478,-0.5722470686796758,Botnet,0,IoT23
-0.03956805986779252,-0.3825266452104063,-0.3137864979051849,-0.4413246768066931,-1.5178039609717973,-0.27918332363156895,-0.5766592291297481,Malware,4,IoT23
3.3377362187757846,-0.3540154588339939,-0.3570541158058226,-0.4413246768066931,-0.5209237597004633,-0.4510436552109942,-0.5106939526166799,Botnet,0,IoT23
0.00873649049791271,-0.47213323096484533,-0.32247646080293263,-0.4413246768066931,1.6238090732619086,2.845810372254314,-0.520434968789734,Botnet,0,IoT23
-0.529962369924554,-0.5324140250178316,-0.3813138176945185,-0.4413246768066931,-0.92901148233495,-0.28245685375689134,-0.25802935814260913,Reconnaissance,7,IoT23
0.1795756540259572,-0.5177511291671052,-0.3716543111001983,-0.4413246768066931,1.600803750531287,-0.27918332363156895,-0.5606957436394084,Malware,4,IoT23
1.9217650205734358,-0.5315994196927912,-0.3672923430233971,-0.4413246768066931,-0.4587374966942518,2.2676231138692478,-0.55364182199558,Botnet,0,IoT23
-0.41215698376615645,-0.507975865266621,-0.37235698159517333,-0.4413246768066931,-0.07668481563214272,-0.27918332363156895,-0.5838698414355887,Normal,5,IoT23
0.016473241371622597,-0.537708959630594,-0.36321752063738383,-0.4413246768066931,-0.17486824657176,-0.4510436552109942,-0.5463698868403556,Botnet,0,IoT23
-0.1406765524995868,-0.372751381309922,-0.3490293060091827,-0.4413246768066931,1.0594083988595375,-0.4510436552109942,-0.5030726924151132,Botnet,0,IoT23
3.0161730986621142,-0.4717259283023252,-0.33325999640912657,-0.4413246768066931,0.4958806942929267,-0.4510436552109942,-0.5364159272493323,Botnet,0,IoT23
-0.36989907642995795,-0.5136781025419034,-0.3786178245838356,-0.4413246768066931,-1.11243785017821,-0.4514528464766595,-0.5805184321223387,Normal,5,IoT23
-0.561274676266978,-0.5291556037176701,-0.3747498014809406,1.5996975829677962,1.6756737517394262,-0.27918332363156895,-0.5791051126848773,Normal,5,IoT23
-0.37080472246047996,-0.47213323096484533,-0.3307448064755965,-0.4413246768066931,-0.7122582072323744,-0.27918332363156895,-0.5853776703064097,Malware,4,IoT23
-0.44009928547673277,-0.4867961268155717,-0.3804981500514989,-0.4413246768066931,-0.291332692895532,-0.22639765036074547,-0.08575678712084145,Reconnaissance,7,IoT23
-0.053768059749392264,-0.47213323096484533,-0.3751643008926313,-0.4413246768066931,0.9916762098379083,2.845810372254314,-0.5105189802985459,Botnet,0,IoT23
-0.34062135323674486,-0.5324140250178316,-0.3763910089545309,-0.4413246768066931,-1.0977000653039055,-0.4514528464766595,-0.5816937464087233,Normal,5,IoT23
-0.13450438173965484,-0.5315994196927912,-0.3658552101934363,-0.4413246768066931,0.001728416085846608,-0.27918332363156895,-0.5849218474656495,Normal,5,IoT23
-0.41370102965962957,-0.37845361858520454,-0.32311734763959243,-0.4413246768066931,0.5943722322334005,-0.27918332363156895,-0.5846111195404523,Malware,4,IoT23
1.1344845792030431,-0.5348578409929526,-0.374532514207837,-0.4413246768066931,-0.10313066653899569,-0.27918332363156895,-0.5662417724557346,Malware,4,IoT23
-0.36093113683677114,-0.5083831679291412,-0.3555851532491665,1.5996975829677962,-0.5483966339435048,-0.27918332363156895,-0.5838890703196443,Normal,5,IoT23
2.277469540148552,-0.44117822861331185,-0.37453435006266567,-0.4413246768066931,1.2044754450961583,2.845810372254314,-0.5689433031367277,Botnet,0,IoT23
-0.5241917597787901,-0.5091977732541815,-0.3763409003044551,-0.4413246768066931,1.0346571364573955,-0.4514528464766595,-0.5868155011104275,Normal,5,IoT23
-0.45513029884528394,-0.5230460637798675,-0.37650020904692594,-0.4413246768066931,0.5231995150355399,-0.42771975306807225,-0.5793937516158966,Normal,5,IoT23
0.9129845064657812,-0.3646053280595185,-0.3778172380326438,-0.4413246768066931,-0.019685020473682893,-0.27918332363156895,-0.5739573541931567,Malware,4,IoT23
0.15973984102512606,-0.514900010529464,-0.38033076939950283,-0.4413246768066931,-0.2353085699064512,-0.42771975306807225,-0.5850406868371288,Normal,5,IoT23
-0.5340138852520219,-0.5185657344921456,-0.37092180993893237,-0.4413246768066931,0.7039556222047098,-0.4514528464766595,-0.5809012262716874,Normal,5,IoT23
-0.10641012321377077,-0.5373016569680737,-0.3552744259982651,-0.4413246768066931,-0.3165461157989588,2.2676231138692478,-0.5365928111714465,Botnet,0,IoT23
-0.5537005873346053,-0.4452512552385136,-0.24345687856544085,-0.4413246768066931,1.6005983458640494,-0.27918332363156895,-0.5717633037436833,Malware,4,IoT23
1.6639717940773877,-0.5258971824175087,-0.355025863859638,-0.4413246768066931,0.6123964917835081,-0.27918332363156895,-0.5715675864446392,Malware,4,IoT23
-0.49006232608638806,-0.5238606691049079,-0.3778638488860697,-0.4413246768066931,0.8378794652436856,-0.27918332363156895,-0.5751757378539484,Normal,5,IoT23
3.0948214476570306,-0.44932428186371537,-0.3508870162067358,-0.4413246768066931,-0.8851575858797026,2.2676231138692478,-0.5469355667088716,Botnet,0,IoT23
2.104703364906645,-0.3808974345603256,-0.37042378131321335,-0.4413246768066931,-1.5581146269171944,2.845810372254314,-0.5361987341928136,Botnet,0,IoT23
-0.27355397824287564,-0.5397454729431947,-0.3802626361148697,-0.4413246768066931,0.10073346569441466,-0.27918332363156895,-0.5842978327363457,Normal,5,IoT23
-0.5147941546420073,-0.5091977732541815,-0.37673600874737645,-0.4413246768066931,1.5304526520023771,-0.27918332363156895,-0.5868173772600291,Normal,5,IoT23
-0.39776430808652585,-0.44240013660087235,-0.3079588040072419,-0.4413246768066931,-1.043165126152298,-0.27918332363156895,-0.5653998100241766,Malware,4,IoT23
-0.5330236997291462,-0.5421892889183159,-0.3705295808456902,1.5996975829677962,-1.1923402657336726,-0.4514528464766595,-0.5868559690567102,Normal,5,IoT23
-0.4049464459873204,-0.5263044850800289,-0.37936919671325076,1.5996975829677962,-1.5317714783439604,-0.42771975306807225,-0.5865803945286037,Normal,5,IoT23
-0.4465868799502154,-0.5189730371546657,-0.373034648447699,1.5996975829677962,-1.1212702508694308,-0.27918332363156895,-0.585746538490351,Normal,5,IoT23
3.3619251074950616,-0.4745770469399664,-0.3693896592203803,-0.4413246768066931,-0.7475364588304483,2.2676231138692478,-0.5633420456579117,Botnet,0,IoT23
-0.3274338599640094,-0.4114451342493389,-0.3436231413173046,-0.4413246768066931,-0.4139079280696253,2.845810372254314,-0.5039324272324726,Botnet,0,IoT23
1.8546695278412861,-0.49860790402865685,-0.35160942191705385,-0.4413246768066931,-1.353891036516118,2.845810372254314,-0.5702858862056276,Botnet,0,IoT23
1.627112939310823,-0.44240013660087235,-0.16906766135304313,-0.4413246768066931,-0.7678201697201704,2.845810372254314,-0.5509131564103205,Botnet,0,IoT23
-0.5301950498796898,-0.3906726984608098,-0.32328781165691794,-0.4413246768066931,0.6707827684458223,-0.27918332363156895,-0.5759950527888769,Malware,4,IoT23
-0.43362010693542447,-0.514900010529464,-0.36927475935311666,-0.4413246768066931,-1.0780325684158965,-0.42771975306807225,-0.5864414775674437,Normal,5,IoT23
-0.5275052759706451,-0.4815011922028094,-0.2757728186166206,-0.4413246768066931,0.13585766379206018,-0.27918332363156895,-0.5678969881251521,Malware,4,IoT23
0.9880910321669417,-0.42977375406274687,-0.27845539174947903,-0.4413246768066931,-0.6100180341148127,-0.27918332363156895,-0.5626762901700896,Malware,4,IoT23
-0.44668025889188095,-0.5409673809307554,-0.3802036783803424,1.5996975829677962,-0.7275095037747732,-0.17934065480923617,0.30963050832098743,Reconnaissance,7,IoT23
1.1864836696524692,-0.3532008535089535,-0.3717406568227621,-0.4413246768066931,-0.0740145549580527,2.2676231138692478,-0.4970441945723527,Botnet,0,IoT23
-0.4065480448754769,-0.5136781025419034,-0.37474048719640646,1.5996975829677962,-0.7429662049844096,-0.42771975306807225,-0.5859845320489786,Normal,5,IoT23
0.2582636916997778,-0.36827105202220006,-0.32102519616893577,-0.4413246768066931,0.6764827479616683,-0.27918332363156895,-0.5717074102579353,Malware,4,IoT23
3.5187274822669488,-0.37030756533480097,-0.37717112038581446,-0.4413246768066931,1.0555570613488308,2.2676231138692478,-0.4989211110348854,Botnet,0,IoT23
-0.5183608451386854,-0.5063466546165403,-0.34755040087835776,-0.4413246768066931,-1.11064055933988,-0.42771975306807225,-0.5743633612174114,Normal,5,IoT23
2.5446695138469697,-0.4904618507782533,-0.37976086835999046,-0.4413246768066931,-0.10857389022079457,2.2676231138692478,-0.5144401322667846,Botnet,0,IoT23
0.42164527341915714,-0.5124561945543429,-0.3361161359642005,-0.4413246768066931,-0.09681447302143664,2.2676231138692478,-0.5516358883933181,Botnet,0,IoT23
1.928034578838108,-0.4798719815527287,-0.3676765712224499,-0.4413246768066931,1.4263638368796763,2.845810372254314,-0.5600595437154612,Botnet,0,IoT23
0.060783770215808886,-0.496571390716056,-0.34716278537709755,-0.4413246768066931,-0.004176968097237067,-0.27918332363156895,-0.583950995760317,Malware,4,IoT23
-0.33249868865052856,-0.4762062575900471,-0.3812008932886044,-0.4413246768066931,-1.185715965215257,-0.4510436552109942,-0.5052059614463974,Botnet,0,IoT23
-0.5019933032555802,-0.5108269839042622,-0.37798159358667316,1.5996975829677962,-0.37518914829532013,-0.27918332363156895,-0.5861639610619012,Normal,5,IoT23
-0.4961011705887236,-0.517343826504585,-0.38094695667635026,-0.4413246768066931,-0.8789440946957624,-0.08972776762853582,-0.29753378737166963,Reconnaissance,7,IoT23
-0.5613754128061115,-0.531192117030271,-0.3664720088470315,-0.4413246768066931,1.0940704364558982,-0.42771975306807225,-0.5862701881962564,Normal,5,IoT23
-0.30064075399752654,-0.5120488918918227,-0.3788380802770602,-0.4413246768066931,1.5981848410240065,-0.27918332363156895,-0.5847105285482803,Normal,5,IoT23
1.7892108224096694,-0.39108000112333,-0.29941397649009777,-0.4413246768066931,0.7210555607522476,2.845810372254314,-0.5479013773293239,Botnet,0,IoT23
1.5991232697044246,-0.4183692795121819,-0.26554934817713227,-0.4413246768066931,-1.1317458888985532,-0.4510436552109942,-0.5054144892234409,Botnet,0,IoT23
-0.5122550064342144,-0.5157146158545043,-0.3811267111762878,-0.4413246768066931,-0.0313930865062314,-0.06108437903196494,-0.005044259598682601,Reconnaissance,7,IoT23
0.7476595178872276,-0.4305883593877872,-0.3689855893257067,-0.4413246768066931,1.2900264890006574,-0.27918332363156895,-0.5780019949966831,Malware,4,IoT23
-0.4768694155296573,-0.5059393519540201,-0.37883006989532386,1.5996975829677962,-1.3559964343553046,-0.4514528464766595,-0.5868767251450613,Normal,5,IoT23
-0.4851896720922208,-0.48231579752784975,-0.3800209396655264,-0.4413246768066931,-0.317419085634719,-0.0950472540821847,1.1829550306211258,Reconnaissance,7,IoT23
0.6712634344780296,-0.42162770081234335,-0.33039689070439726,-0.4413246768066931,0.869357730497862,2.2676231138692478,-0.5461291990422318,Botnet,0,IoT23
2.969300854142875,-0.37845361858520454,-0.33424292094638103,-0.4413246768066931,-1.3394100074758608,2.2676231138692478,-0.5575792461350177,Botnet,0,IoT23
3.221858844420089,-0.4118524369118591,-0.3501267905881051,-0.4413246768066931,-0.7623769460383716,2.2676231138692478,-0.5565535873012063,Botnet,0,IoT23
-0.3846063860424268,-0.40818671294917747,-0.36185118190863624,-0.4413246768066931,0.9430980060361939,2.845810372254314,-0.5387471974553946,Botnet,0,IoT23
-0.5455147791654397,-0.49738599604109635,-0.3778860073514946,-0.4413246768066931,0.5434318747584527,-0.15397079633798766,0.744129767233777,Reconnaissance,7,IoT23
-0.47568700513870793,-0.43751250465063024,-0.37472533530339,-0.4413246768066931,-0.10651984354841763,-0.27918332363156895,-0.5775432228099937,Malware,4,IoT23
3.4463204202738336,-0.4171473715246214,-0.37613678195793815,-0.4413246768066931,-1.467428466331753,-0.4510436552109942,-0.5376573717979014,Botnet,0,IoT23
-0.2524843296446789,-0.45380461115143733,-0.3543588733282064,-0.4413246768066931,-1.3183560290839973,-0.27918332363156895,-0.5613502860707327,Malware,4,IoT23
3.3692347455948606,-0.34668401090863066,-0.3725665738550287,-0.4413246768066931,0.2650058483177597,-0.4510436552109942,-0.5187737151626466,Botnet,0,IoT23
1.3397204039579476,-0.43954901796323115,-0.3287775575164585,-0.4413246768066931,-0.18960603144606447,2.2676231138692478,-0.5277832381978088,Botnet,0,IoT23
-0.38589338095657993,-0.5320067223553114,-0.37207709373343106,1.5996975829677962,1.6032686065381394,-0.42771975306807225,-0.58398483353861,Normal,5,IoT23
3.477420575403131,-0.36704914403463956,-0.3543841135553999,-0.4413246768066931,-1.0564650783559386,2.2676231138692478,-0.5767535483004468,Botnet,0,IoT23
1.631726123045087,-0.537708959630594,-0.36497651876407494,-0.4413246768066931,-0.9124250554555063,-0.27918332363156895,-0.5776839671712249,Malware,4,IoT23
-0.2401307598096706,-0.5430038942433562,-0.3733275878396262,-0.4413246768066931,-0.1724033905649077,-0.27918332363156895,-0.5852761136366673,Normal,5,IoT23
-0.5556831833480765,-0.5157146158545043,-0.35866307348928067,-0.4413246768066931,1.3486695214970188,-0.4514528464766595,-0.58271282743433,Normal,5,IoT23
-0.4212125304001458,-0.4892399427906928,-0.3698886231280642,-0.4413246768066931,-1.1106919105066895,-0.27918332363156895,-0.5663704521230224,Malware,4,IoT23
-0.37118870651530894,-0.5336359330053921,-0.37808217704633806,1.5996975829677962,-0.5617992884807643,-0.27918332363156895,-0.5867692048816767,Normal,5,IoT23
-0.44129738409608915,-0.5332286303428719,-0.3646999034014449,-0.4413246768066931,0.9375007288539667,-0.27918332363156895,-0.5825723529171092,Normal,5,IoT23
2.900115135715348,-0.46806020433964357,-0.3070848296905512,-0.4413246768066931,0.2768679678507365,2.2676231138692478,-0.5505825879475895,Botnet,0,IoT23
1.646231587194881,-0.4134816475619398,-0.37530885952665455,-0.4413246768066931,0.3990837448571638,2.845810372254314,-0.5204371237249173,Botnet,0,IoT23
-0.3418205308352395,-0.45909954576419965,-0.3630271901151483,-0.4413246768066931,1.0784083305790242,2.2676231138692478,-0.5344573311275652,Botnet,0,IoT23
1.5561133826530669,-0.4908691534407735,-0.36263839247200086,-0.4413246768066931,0.412691804061661,2.845810372254314,-0.51436103197411,Botnet,0,IoT23
-0.5425636531230811,-0.5030882333163789,-0.37954250120037986,1.5996975829677962,0.14181439914195326,-0.3863914352358771,0.5768077455084342,Reconnaissance,7,IoT23
-0.5494537934682224,-0.507975865266621,-0.3745911600876431,-0.4413246768066931,1.3487208726638282,-0.27918332363156895,-0.5865271323990859,Normal,5,IoT23
-0.21869785998869368,-0.5373016569680737,-0.37740064528870815,-0.4413246768066931,-0.8601495676435135,-0.4514528464766595,-0.5788644971012091,Normal,5,IoT23
2.573467507124095,-0.4961640880535358,-0.3572879575336998,-0.4413246768066931,-1.150540415950802,2.845810372254314,-0.5650792111138816,Botnet,0,IoT23
2.565033976436009,-0.5071612599415806,-0.3749702867304396,-0.4413246768066931,-1.1202432275332423,-0.4510436552109942,-0.5704790596376664,Botnet,0,IoT23
0.7527240024406144,-0.5091977732541815,-0.3763054476014181,1.5996975829677962,-0.7697201628921191,-0.4514528464766595,-0.585691633190231,Normal,5,IoT23
1.4970677055653432,-0.3694929600097606,-0.29456652963121516,-0.4413246768066931,-0.6543854422381544,-0.4510436552109942,-0.5453342288978978,Botnet,0,IoT23
2.275822514408986,-0.4305883593877872,-0.27813011549603556,-0.4413246768066931,-1.2079510204437371,2.2676231138692478,-0.5647861945648663,Botnet,0,IoT23
-0.30818468695717327,-0.40329908099893536,-0.24394815494484182,-0.4413246768066931,-0.055271379072613216,-0.27918332363156895,-0.5755177244901803,Malware,4,IoT23
1.0743612718193887,-0.4102232262617784,-0.3624360184855477,-0.4413246768066931,0.9456142132098556,-0.27918332363156895,-0.562652117235338,Malware,4,IoT23
-0.44742997302967347,-0.4700967176522444,-0.379889458199811,-0.4413246768066931,1.6637089298728305,-0.2975969305865074,0.6245539572186859,Reconnaissance,7,IoT23
-0.5003909165817875,-0.5352651436554728,-0.3739144069484442,-0.4413246768066931,-0.9204358374777764,-0.42771975306807225,-0.5842565459857229,Normal,5,IoT23
-0.5551474504149092,-0.5144927078669438,-0.3803029091119874,-0.4413246768066931,-1.2239725844882774,-0.4514528464766595,-0.585526385731097,Normal,5,IoT23
-0.554584433513334,-0.5140854052044236,-0.36856479564522154,1.5996975829677962,1.7044817563195127,-0.42771975306807225,-0.5856108176061585,Normal,5,IoT23
3.1735444224527423,-0.4273299380876258,-0.36432836222904846,-0.4413246768066931,0.0293039926625069,2.2676231138692478,-0.5436735356916345,Botnet,0,IoT23
-0.41072730540625396,-0.5063466546165403,-0.3786235658540183,-0.4413246768066931,-0.08161452764584735,-0.42771975306807225,-0.5844611108033236,Normal,5,IoT23
-0.5387429091859637,-0.535672446317993,-0.3782615223705817,-0.4413246768066931,1.2651725242648966,-0.27918332363156895,-0.5822211259816863,Normal,5,IoT23
0.9571352208055137,-0.4073721076241371,-0.3668565960059847,-0.4413246768066931,0.9667195427685286,-0.27918332363156895,-0.5662126272842286,Malware,4,IoT23
-0.4966799999016319,-0.5275263930675894,-0.3736969015189507,-0.4413246768066931,-0.738036492970705,-0.42771975306807225,-0.575616660824272,Normal,5,IoT23
3.037082928905698,-0.5283409983926298,-0.3784211950646898,-0.4413246768066931,-1.3311424696195437,2.845810372254314,-0.5358614087062225,Botnet,0,IoT23
-0.42622330717522783,-0.5059393519540201,-0.37913833241509703,1.5996975829677962,-0.9306033685060422,-0.42771975306807225,-0.5813750737336679,Normal,5,IoT23
-0.468330756904471,-0.5177511291671052,-0.3705547578432104,1.5996975829677962,-1.2593021872531605,-0.42771975306807225,-0.5781806539111622,Normal,5,IoT23
0.04199861214968437,-0.5336359330053921,-0.3705633338135722,-0.4413246768066931,-1.4545393234625876,-0.42771975306807225,-0.5751167435493003,Normal,5,IoT23
-0.47319535679671354,-0.478242770902648,-0.38063139249356326,-0.4413246768066931,-0.44425646765399446,-0.3573388553736409,0.8011635310701517,Reconnaissance,7,IoT23
-0.15107164447834048,-0.5332286303428719,-0.3752263037119232,1.5996975829677962,-1.4066286848293958,-0.42771975306807225,-0.5764636543380295,Normal,5,IoT23
-0.25161432352557267,-0.4118524369118591,-0.3466890111635876,-0.4413246768066931,1.280372469640486,-0.4510436552109942,-0.5621542746570464,Botnet,0,IoT23
0.04032267863723482,-0.4945348774034551,-0.3382528890619966,-0.4413246768066931,-0.27916246636169867,2.845810372254314,-0.499635022256067,Botnet,0,IoT23
-0.5013752940743598,-0.5238606691049079,-0.36086756608954296,1.5996975829677962,0.8573415574644571,-0.27918332363156895,-0.5859498980667349,Normal,5,IoT23
2.360225529110313,-0.5320067223553114,-0.3435162973672878,-0.4413246768066931,1.417839543189312,2.2676231138692478,-0.540946997578096,Botnet,0,IoT23
-0.35372552716874595,-0.5157146158545043,-0.3693885203245008,1.5996975829677962,-1.104683823989987,-0.4514528464766595,-0.5854467964564789,Normal,5,IoT23
-0.36356373810285153,-0.507975865266621,-0.3722856484189878,1.5996975829677962,-0.2172329591895342,-0.42771975306807225,-0.5869218998229655,Normal,5,IoT23
3.2616014760294503,-0.35971769610927634,-0.37090714893097393,-0.4413246768066931,1.0533489611760256,2.845810372254314,-0.5137732008054212,Botnet,0,IoT23
1.9242472716981354,-0.40615019963657656,-0.36620110377099524,-0.4413246768066931,1.4889095580535538,2.2676231138692478,-0.5614072722498342,Botnet,0,IoT23
0.2075191999539786,-0.5254898797549886,-0.37543967113700505,-0.4413246768066931,-0.6424719715383682,2.845810372254314,-0.535397069898705,Botnet,0,IoT23
-0.37045746502124827,-0.5063466546165403,-0.3692358773639318,1.5996975829677962,0.934265605344973,-0.42771975306807225,-0.5840127325280078,Normal,5,IoT23
1.8119775335073236,-0.4615433617393207,-0.3286804726798698,-0.4413246768066931,-0.4021998620370768,2.2676231138692478,-0.5518084705501981,Botnet,0,IoT23
-0.5368468341255005,-0.5165292211795447,-0.37542343614671486,1.5996975829677962,0.6052586795969982,-0.05494651004698547,0.4769981405869707,Reconnaissance,7,IoT23
0.43605913586629114,-0.4224423061373837,-0.33460670804802256,-0.4413246768066931,-0.9372276690244578,-0.27918332363156895,-0.5655596292763848,Malware,4,IoT23
1.0457667748762367,-0.5201949451422263,-0.20647570529566237,-0.4413246768066931,-1.4346150707405314,2.2676231138692478,-0.5500112839006781,Botnet,0,IoT23
3.2562789177022027,-0.35034973487131227,-0.36372457352967125,-0.4413246768066931,1.171456644837699,-0.27918332363156895,-0.5770760996804448,Malware,4,IoT23
-0.3473194872496576,-0.5348578409929526,-0.3731276110323301,-0.4413246768066931,1.5576687704113714,-0.27918332363156895,-0.5832957560124687,Normal,5,IoT23
-0.5083971505948187,-0.537708959630594,-0.38062924679548704,-0.4413246768066931,1.1510188804475487,-0.21043919099979883,-0.0999990763173913,Reconnaissance,7,IoT23
0.29335214011963,-0.4489169792011952,-0.37211253257065235,-0.4413246768066931,-1.3442370171559466,-0.4510436552109942,-0.5093369327193885,Botnet,0,IoT23
3.6593682413174276,-0.48109388954028925,-0.3630242001492418,-0.4413246768066931,-0.7914930576193145,2.2676231138692478,-0.5507784650074667,Botnet,0,IoT23
-0.4817724941776386,-0.4652090857020023,-0.3808963325390898,1.5996975829677962,0.8147714401794451,-0.4579999067273043,0.7675121967604073,Reconnaissance,7,IoT23
3.581777245695869,-0.45258270316387683,-0.3785553648661303,-0.4413246768066931,0.3601082092488116,-0.4510436552109942,-0.5137550077046905,Botnet,0,IoT23
3.406233770617144,-0.377231710597644,-0.34950559656275604,-0.4413246768066931,1.0372246947978667,-0.4510436552109942,-0.5423838346604729,Botnet,0,IoT23
-0.4602362230725331,-0.5263044850800289,-0.3783966810953704,1.5996975829677962,0.7710715972246259,-0.42771975306807225,-0.5862276374809687,Normal,5,IoT23
1.9282346237683623,-0.49412757474093494,-0.359880467204933,-0.4413246768066931,0.808198490827839,2.845810372254314,-0.5654561652670657,Botnet,0,IoT23
-0.5266881502439875,-0.5405600782682352,-0.375852898713321,1.5996975829677962,-0.9111412762852708,-0.42771975306807225,-0.5869809133585845,Normal,5,IoT23
-0.36670687688163517,-0.35808848545919564,-0.31092277929698436,-0.4413246768066931,-0.8811521948685676,-0.27918332363156895,-0.5608204390645574,Malware,4,IoT23
-0.12931802550529342,-0.4900545481157331,-0.23729638012326262,-0.4413246768066931,-1.4877121772214752,-0.27918332363156895,-0.5838058844981212,Malware,4,IoT23
0.2660900735568935,-0.5210095504672666,-0.3792629201798219,-0.4413246768066931,0.5213508730304006,-0.4514528464766595,-0.5868087925086211,Normal,5,IoT23
-0.34741481020575055,-0.5075685626041008,-0.38085221809692027,1.5996975829677962,0.32144078064131587,-0.27918332363156895,-0.5849290283846399,Normal,5,IoT23
2.070245250319233,-0.3927092117734107,-0.3768976723333013,-0.4413246768066931,1.5506336605584805,2.2676231138692478,-0.5092660216018842,Botnet,0,IoT23
-0.45016072764381987,-0.4847596135029708,-0.37781464883683824,1.5996975829677962,0.9080765102721672,-0.286139575147879,0.5614601737249519,Reconnaissance,7,IoT23
-0.5555840852785411,-0.540152775605715,-0.37681071461383864,1.5996975829677962,1.4860852438790355,-0.27918332363156895,-0.5830408434091281,Normal,5,IoT23
-0.10549179975649653,-0.5153073131919842,-0.352494514328393,1.5996975829677962,-1.2869291149966302,-0.27918332363156895,-0.5676187140587943,Normal,5,IoT23
2.717555775534385,-0.49860790402865685,-0.3584860755705355,-0.4413246768066931,0.7542284145111351,-0.4510436552109942,-0.5056769750624002,Botnet,0,IoT23
-0.02147264208108498,-0.36827105202220006,-0.34772420847549174,-0.4413246768066931,0.18428181409334632,-0.27918332363156895,-0.5815524722414618,Malware,4,IoT23
-0.5610194836212866,-0.5063466546165403,-0.3645483721879514,-0.4413246768066931,1.142545937923994,-0.16460976924528542,0.8153333092283654,Reconnaissance,7,IoT23
-0.14414542893299828,-0.4118524369118591,-0.36374179670292794,-0.4413246768066931,-0.866517112327882,2.2676231138692478,-0.5301256705623716,Botnet,0,IoT23
2.979789789475392,-0.4884253374656524,-0.3794402141960589,-0.4413246768066931,-0.5683722378323705,-0.4510436552109942,-0.501458179294354,Botnet,0,IoT23
-0.5021026085464464,-0.5434111969058764,-0.37634302802117764,-0.4413246768066931,1.3660775670454133,-0.4514528464766595,-0.5826178268205403,Normal,5,IoT23
0.34200583762917575,-0.3458694055835903,-0.35033004366728115,-0.4413246768066931,0.36134063725223775,-0.4510436552109942,-0.5567322659522969,Botnet,0,IoT23
-0.5213410221965118,-0.5165292211795447,-0.3617808060111994,-0.4413246768066931,1.082773179757825,-0.42771975306807225,-0.5852550053174917,Normal,5,IoT23
1.939188531450583,-0.40981592359925817,-0.29953543064449484,-0.4413246768066931,0.6242586113164849,2.845810372254314,-0.5000090600144911,Botnet,0,IoT23
0.31114337973798306,-0.44077092595079165,-0.36467594976340084,-0.4413246768066931,-1.085375785269644,2.2676231138692478,-0.5411775729617747,Botnet,0,IoT23
-0.4828576226998328,-0.5185657344921456,-0.3783310953245157,-0.4413246768066931,-0.8735522221807729,-0.42771975306807225,-0.5872673893758942,Normal,5,IoT23
2.468224904586868,-0.42488612211250476,-0.3252830261605486,-0.4413246768066931,-1.5788604983082015,2.2676231138692478,-0.49904159531288067,Botnet,0,IoT23
0.17023065873900622,-0.4762062575900471,-0.35934553146568005,-0.4413246768066931,1.4415637822552656,-0.27918332363156895,-0.5658137716792307,Malware,4,IoT23
-0.34934269507960236,-0.52874830105515,-0.3743258047145965,-0.4413246768066931,0.8498956382770907,-0.4514528464766595,-0.5803017755385791,Normal,5,IoT23
-0.5108392104855101,-0.4766135602525673,-0.38125593806658176,-0.4413246768066931,-0.8131118988460817,-0.11141490470879663,1.2470766107628433,Reconnaissance,7,IoT23
-0.46268890288153924,-0.5193803398171859,-0.3782379589725079,1.5996975829677962,-1.4977770059161222,-0.4514528464766595,-0.5867164072213532,Normal,5,IoT23
-0.5348655244957959,-0.4802792842152489,-0.38049147916702614,-0.4413246768066931,-0.7049663415454364,-0.10691380078647836,0.9625411802458317,Reconnaissance,7,IoT23
0.6212665652686258,-0.3776390132601642,-0.32631961078210225,-0.4413246768066931,-0.40522958087883276,2.2676231138692478,-0.5624634187582075,Botnet,0,IoT23
0.8645849050946317,-0.5157146158545043,-0.29065498306611137,-0.4413246768066931,0.9152143224586771,-0.4510436552109942,-0.5265406790208141,Botnet,0,IoT23
-0.2925192830107018,-0.5417819862557957,-0.31501841270386255,1.5996975829677962,0.1277441794361713,-0.27918332363156895,-0.58217799890508,Normal,5,IoT23
0.05535298575096311,-0.5385235649556342,-0.3624658350474749,-0.4413246768066931,-0.5791046316955399,-0.27918332363156895,-0.5780207720248248,Normal,5,IoT23
2.24021292426338,-0.4224423061373837,-0.36641318523018385,-0.4413246768066931,-1.1180864785272464,2.845810372254314,-0.5450504336687586,Botnet,0,IoT23
-0.04375023450677201,-0.37845361858520454,-0.3719294098518471,-0.4413246768066931,-0.7769093262454383,-0.4510436552109942,-0.5644264375186384,Botnet,0,IoT23
2.6154546331156703,-0.39311651443593093,-0.34516515036224876,-0.4413246768066931,-0.251792294452276,2.845810372254314,-0.5297330810341515,Botnet,0,IoT23
0.45195386574229385,-0.40004065969877395,-0.37850434511330505,-0.4413246768066931,-0.48261578926063364,-0.4510436552109942,-0.5223399364765507,Botnet,0,IoT23
3.491070319190436,-0.47702086291508744,-0.21554053467717937,-0.4413246768066931,-0.5808505713670603,-0.4510436552109942,-0.5016487985254333,Botnet,0,IoT23
3.48640528316513,-0.3552373668215544,-0.3570619008955105,-0.4413246768066931,-0.6133045087906158,2.2676231138692478,-0.5474860724746812,Botnet,0,IoT23
-0.3533560669726901,-0.5299702090427105,-0.35493108374710375,-0.4413246768066931,1.4434124242604047,-0.42771975306807225,-0.5872090514489979,Normal,5,IoT23
-0.43492448069695294,-0.3605323014343167,-0.25541128311067285,-0.4413246768066931,-1.0518948245099,-0.27918332363156895,-0.5701347856324199,Malware,4,IoT23
-0.31896047813042255,-0.521824155792307,-0.38112155456387126,-0.4413246768066931,-0.32070556031052205,-0.4514528464766595,-0.5860740479396431,Normal,5,IoT23
0.2593483241302136,-0.39596763307357213,-0.3774025986429857,-0.4413246768066931,-1.524068803322547,2.845810372254314,-0.5594379841939735,Botnet,0,IoT23
1.7896148081897785,-0.34668401090863066,-0.3657910610966003,-0.4413246768066931,-1.4406745084240435,2.845810372254314,-0.5057048607968602,Botnet,0,IoT23
-0.46939964509997345,-0.5201949451422263,-0.376365007720199,1.5996975829677962,1.4616934396445593,-0.42771975306807225,-0.5823734648532438,Normal,5,IoT23
0.6220952070705483,-0.441585531275832,-0.29506602143092997,-0.4413246768066931,0.47087267605673755,2.845810372254314,-0.5261004829186878,Botnet,0,IoT23
0.7398838017803052,-0.4888326401281726,-0.33423560218565523,-0.4413246768066931,1.156153997128491,2.2676231138692478,-0.523072167734501,Botnet,0,IoT23
1.8232453056673865,-0.47579895492752694,-0.34950736781748926,-0.4413246768066931,0.33597316084838263,2.2676231138692478,-0.518009846922885,Botnet,0,IoT23
1.7719459941562388,-0.5116415892293026,-0.35041208595353907,-0.4413246768066931,-0.1410791788111595,2.2676231138692478,-0.5522489926138748,Botnet,0,IoT23
1.3124775239493025,-0.4562484271265584,-0.3775894907643973,-0.4413246768066931,1.096946101797226,-0.4510436552109942,-0.5127321099566557,Botnet,0,IoT23
0.7906505240828197,-0.5124561945543429,-0.3807419434120454,-0.4413246768066931,-0.13168191528503503,2.845810372254314,-0.5283788359714038,Botnet,0,IoT23
2.8872210473352715,-0.5324140250178316,-0.3460195342555787,-0.4413246768066931,-1.049840777837523,2.2676231138692478,-0.5598634791283376,Botnet,0,IoT23
1.8350916329886846,-0.4118524369118591,-0.3676457430683802,-0.4413246768066931,-1.4242934862118375,2.2676231138692478,-0.5682888669636443,Botnet,0,IoT23
0.13343890521759016,-0.4717259283023252,-0.35178658982504185,-0.4413246768066931,0.507075248657381,2.2676231138692478,-0.4949733648550479,Botnet,0,IoT23
0.14977277938560846,-0.517343826504585,-0.3810781807462084,1.5996975829677962,-0.9144791021278833,-0.27918332363156895,-0.586353593089368,Normal,5,IoT23
0.5508218317120899,-0.3515716428588728,-0.31523668540345523,-0.4413246768066931,0.9353953310147803,-0.27918332363156895,-0.5771577887166937,Malware,4,IoT23
-0.5038355213623985,-0.5328213276803517,-0.3807493967710574,1.5996975829677962,0.9994302360261312,-0.3647042981556163,1.159769596565586,Reconnaissance,7,IoT23
0.0998923230817903,-0.4888326401281726,-0.3620916402324131,-0.4413246768066931,-1.0365921768006918,2.2676231138692478,-0.5563686481930274,Botnet,0,IoT23
0.11607553087801692,-0.48557421882801116,-0.3558898821974853,-0.4413246768066931,0.9963491660175658,2.2676231138692478,-0.5413590530586396,Botnet,0,IoT23
3.5039630507995785,-0.3788609212477247,-0.3758113144899846,-0.4413246768066931,0.5999695094156277,2.2676231138692478,-0.5178460667770094,Botnet,0,IoT23
2.8400691537624003,-0.45991415108924,-0.34214262321647865,-0.4413246768066931,0.7620851430329769,2.2676231138692478,-0.4979364043147033,Botnet,0,IoT23
-0.4985618302434646,-0.540152775605715,-0.3648080471722523,1.5996975829677962,0.037879637519680584,-0.4514528464766595,-0.5816414216228885,Normal,5,IoT23
0.5674643450802562,-0.5006444173412578,-0.37606183445295377,-0.4413246768066931,1.6428090049813953,-0.4510436552109942,-0.5773013587041815,Botnet,0,IoT23
-0.4384159622700817,-0.5320067223553114,-0.38074447240589826,1.5996975829677962,1.5666552246030205,-0.3262403191830783,1.1454949166243498,Reconnaissance,7,IoT23
-0.3516323182633013,-0.5226387611173473,-0.3757439650593743,-0.4413246768066931,0.08065515947193017,-0.4514528464766595,-0.5844485307745937,Normal,5,IoT23
0.17388854921065502,-0.34709131357115086,-0.36255603121922,-0.4413246768066931,-0.7030663483734877,-0.27918332363156895,-0.5642409700541886,Malware,4,IoT23
1.7996924886857135,-0.5091977732541815,-0.34122257806943435,-0.4413246768066931,0.6802313831387562,-0.4510436552109942,-0.4947430858485764,Botnet,0,IoT23
-0.4790198497759062,-0.5295629063801903,-0.37620903994254673,-0.4413246768066931,0.14124953630704962,-0.27918332363156895,-0.5830766746956623,Normal,5,IoT23
1.0645377973011365,-0.46072875641428035,-0.32852724543258416,-0.4413246768066931,0.8257605898766617,2.845810372254314,-0.5112726942593623,Botnet,0,IoT23
-0.4051344607388583,-0.5360797489805131,-0.3725410571770252,1.5996975829677962,-0.060663251587602655,-0.42771975306807225,-0.5863348220982296,Normal,5,IoT23
-0.26637020876868,-0.5238606691049079,-0.3736699657890392,1.5996975829677962,1.6623737995357855,-0.42771975306807225,-0.5792036941591003,Normal,5,IoT23
0.005182826006375059,-0.5397454729431947,-0.2980384117232099,-0.4413246768066931,0.462553787033611,-0.27918332363156895,-0.5659592371410107,Malware,4,IoT23
0.8056205143656857,-0.5136781025419034,-0.35715065656028544,-0.4413246768066931,0.5909830552239785,-0.27918332363156895,-0.5609291647515663,Malware,4,IoT23
-0.24655862002893933,-0.5063466546165403,-0.2855308988664159,-0.4413246768066931,-0.578745173527874,-0.27918332363156895,-0.5652281017799352,Malware,4,IoT23
1.651864310429879,-0.372751381309922,-0.3636369020664692,-0.4413246768066931,-0.35249193256555506,2.845810372254314,-0.5510889773957939,Botnet,0,IoT23
-0.3757254914665077,-0.4468804658885943,-0.2977371032708038,-0.4413246768066931,1.321402051921215,-0.27918332363156895,-0.5749532923155993,Malware,4,IoT23
-0.4211340099715146,-0.5340432356679123,-0.3698345526939901,-0.4413246768066931,-0.8287226535561464,-0.4514528464766595,-0.5872508605343799,Normal,5,IoT23
1.4823888920595047,-0.5226387611173473,-0.3477466024604524,-0.4413246768066931,-0.8619468584818433,2.845810372254314,-0.5558212820288697,Botnet,0,IoT23
-0.26297372988017503,-0.5413746835932755,-0.3792676191222344,1.5996975829677962,-1.0377219024704991,-0.27918332363156895,-0.5850576552219947,Normal,5,IoT23
3.4729013071445203,-0.4240715167874644,-0.3764725604372223,-0.4413246768066931,1.6589846225263636,-0.4510436552109942,-0.5032237995738852,Botnet,0,IoT23
1.721565146681809,-0.40452098898649586,-0.3734433901098313,-0.4413246768066931,1.2452996227096498,-0.4510436552109942,-0.5505752987744263,Botnet,0,IoT23
-0.41622268572688936,-0.471318625639805,-0.3805091365458531,-0.4413246768066931,-1.2235104239869925,-0.27918332363156895,-0.5630680071204984,Malware,4,IoT23
-0.5463437955619871,-0.5185657344921456,-0.36630293007944836,1.5996975829677962,-1.412944878346955,-0.42771975306807225,-0.5821930499832549,Normal,5,IoT23
0.9840300828538345,-0.4916837587658138,-0.374172591971226,-0.4413246768066931,-0.657980023914814,-0.27918332363156895,-0.566222165612474,Malware,4,IoT23
-0.4738236222228956,-0.4815011922028094,-0.3805171496275686,1.5996975829677962,-0.5926099885664182,-0.24562963984701447,-0.1535987203842139,Reconnaissance,7,IoT23
1.9469234292025683,-0.3935238170984511,-0.34821232273601466,-0.4413246768066931,-0.346175739047996,-0.4510436552109942,-0.5052195856597599,Botnet,0,IoT23
-0.4095089582085568,-0.5324140250178316,-0.3601361560273096,1.5996975829677962,-1.3173803569146183,-0.42771975306807225,-0.5870995748770916,Normal,5,IoT23
-0.4559513702701867,-0.4847596135029708,-0.38023154970260015,1.5996975829677962,-1.518266121473082,-0.30455318210281745,0.21676260998083113,Reconnaissance,7,IoT23
-0.5460111822956537,-0.531192117030271,-0.3766990773856282,1.5996975829677962,1.5826254374807511,-0.42771975306807225,-0.5832866545588661,Normal,5,IoT23
1.6044286712741938,-0.47946467889020855,-0.35108554845799333,-0.4413246768066931,1.2825292186464816,-0.4510436552109942,-0.570526273103457,Botnet,0,IoT23
2.4684090794828295,-0.36704914403463956,-0.3770727368532087,-0.4413246768066931,0.00819866310383394,-0.4510436552109942,-0.5048765904586947,Botnet,0,IoT23
2.665250877922214,-0.39922605437373354,-0.3232533150886407,-0.4413246768066931,-1.064886669712684,-0.4510436552109942,-0.5103203518252922,Botnet,0,IoT23
-0.5199822260395016,-0.4322175700378679,-0.3233154053017348,-0.4413246768066931,0.8771631078528944,-0.27918332363156895,-0.5801556501997992,Malware,4,IoT23
1.7983133495000045,-0.4053355943115362,-0.3766453369147822,-0.4413246768066931,0.08075786180554902,2.2676231138692478,-0.5225705323517053,Botnet,0,IoT23
-0.08739425008798322,-0.5214168531297868,-0.3657788132314921,-0.4413246768066931,-0.06220378659188536,-0.27918332363156895,-0.5843390547298295,Normal,5,IoT23
-0.44277064045309517,-0.517343826504585,-0.35401401197750093,-0.4413246768066931,0.17616832973745744,-0.27918332363156895,-0.5635966390846671,Malware,4,IoT23
2.7764544280184893,-0.49372027207841473,-0.3794849616764711,-0.4413246768066931,-0.30494075210002913,2.2676231138692478,-0.5734874149642504,Botnet,0,IoT23
-0.21538715002128167,-0.3723440786474019,-0.3572455103271099,-0.4413246768066931,-1.5215525961488852,-0.27918332363156895,-0.5634953122570783,Malware,4,IoT23
-0.31509079159468484,-0.5340432356679123,-0.3703731230740534,1.5996975829677962,-0.10569822487946685,-0.4514528464766595,-0.5863044038506573,Normal,5,IoT23
-0.17817684169110878,-0.4305883593877872,-0.34423342639939225,-0.4413246768066931,-1.2009672617576557,2.845810372254314,-0.5493505962398022,Botnet,0,IoT23
-0.48890325555434067,-0.372751381309922,-0.33554265077753404,-0.4413246768066931,-1.495825661577364,-0.27918332363156895,-0.5717407550235095,Malware,4,IoT23
1.0959065375718713,-0.35034973487131227,-0.36889827122663915,-0.4413246768066931,0.7303501219447533,-0.4510436552109942,-0.5535493024009946,Botnet,0,IoT23
-0.4866490258687893,-0.5108269839042622,-0.3215032277300288,-0.4413246768066931,-1.1707727756737147,-0.27918332363156895,-0.5713473703855175,Malware,4,IoT23
-0.22266669811366727,-0.5315994196927912,-0.3748514877667485,1.5996975829677962,-0.6498665395589251,-0.27918332363156895,-0.5863282031575113,Normal,5,IoT23
0.6134848477436118,-0.34668401090863066,-0.3394918074045091,-0.4413246768066931,-0.8021227491488652,-0.4510436552109942,-0.5382035680281742,Botnet,0,IoT23
-0.4704991352529009,-0.5108269839042622,-0.38108217688622054,1.5996975829677962,0.8508199592796603,-0.23908257959636972,-0.376014246265313,Reconnaissance,7,IoT23
2.001354134666468,-0.41755467418714154,-0.3422271090044888,-0.4413246768066931,0.9350872240139239,-0.4510436552109942,-0.5554537183606935,Botnet,0,IoT23
-0.09706704477423674,-0.5315994196927912,-0.34574753057441127,-0.4413246768066931,-0.5530182389563529,-0.4510436552109942,-0.5251388142361484,Botnet,0,IoT23
-0.47149778050234,-0.5307848143677509,-0.37865078868256385,-0.4413246768066931,1.3646397343747494,-0.05085459739033248,0.9068770541796699,Reconnaissance,7,IoT23
-0.5238364299748705,-0.4037063836614555,-0.3719981003670822,-0.4413246768066931,-0.06425783326426229,-0.27918332363156895,-0.5663486234949805,Malware,4,IoT23
-0.3771273858213837,-0.5136781025419034,-0.3788463347950822,1.5996975829677962,0.26495449715095026,-0.27918332363156895,-0.5854275631547379,Normal,5,IoT23
1.2021424559851484,-0.40981592359925817,-0.37785597676298244,-0.4413246768066931,1.2376996500218551,2.845810372254314,-0.5455697620220773,Botnet,0,IoT23
1.4746610571009222,-0.478242770902648,-0.3275187191864656,-0.4413246768066931,-1.3644693768788594,-0.27918332363156895,-0.5622816629272197,Malware,4,IoT23
-0.36323900672060816,-0.5100123785792219,-0.3727376766153355,1.5996975829677962,1.2676373802717489,-0.4514528464766595,-0.5806200512984773,Normal,5,IoT23
3.129970179953852,-0.47213323096484533,-0.3373497053127322,-0.4413246768066931,-0.11581440474092325,2.845810372254314,-0.5553215022889431,Botnet,0,IoT23
-0.3116975202339746,-0.5206022478047464,-0.3761820536615651,1.5996975829677962,0.853695624620988,-0.42771975306807225,-0.5826699790953044,Normal,5,IoT23
-0.36082447032150117,-0.5389308676181545,-0.32510304506941984,-0.4413246768066931,0.8824009268674556,-0.27918332363156895,-0.583333087864373,Malware,4,IoT23
-0.4170708488219538,-0.38537776384804756,-0.26667253715628464,-0.4413246768066931,0.9561925535725968,-0.27918332363156895,-0.5823226404964266,Malware,4,IoT23
0.1643378415831349,-0.3458694055835903,-0.3511586944015729,-0.4413246768066931,-1.568025402111413,-0.27918332363156895,-0.5712919390258401,Malware,4,IoT23
-0.4950342886341514,-0.5206022478047464,-0.36821852501967456,-0.4413246768066931,-1.2695724206150452,-0.4514528464766595,-0.5837100536398158,Normal,5,IoT23
-0.5636465922594681,-0.5153073131919842,-0.38014267954361625,1.5996975829677962,0.2029736388119764,-0.3884373915642036,1.2786058678913002,Reconnaissance,7,IoT23
-0.4544513892665389,-0.4977932987036165,-0.37974937195027025,1.5996975829677962,-0.26041929047625917,-0.4084877635818032,0.38348637197193514,Reconnaissance,7,IoT23
2.12930245583903,-0.34709131357115086,-0.3740056381042781,-0.4413246768066931,-0.8073605681634264,2.845810372254314,-0.5088293292040141,Botnet,0,IoT23
0.6114435413735584,-0.5124561945543429,-0.2354968012469044,-0.4413246768066931,0.31286513578414216,-0.4510436552109942,-0.5488588278407913,Botnet,0,IoT23
-0.47971812952098786,-0.5055320492914999,-0.38123111645825075,-0.4413246768066931,-0.1768709420773275,-0.2624064817392917,-0.1314919659171643,Reconnaissance,7,IoT23
-0.11552825522134635,-0.42447881944998456,-0.3089934867732694,-0.4413246768066931,0.6998988800267653,-0.27918332363156895,-0.567901938461913,Malware,4,IoT23
-0.5374942016521914,-0.5185657344921456,-0.37626500703365634,-0.4413246768066931,-0.8669279216623573,-0.2595421428796346,0.6081479644036765,Reconnaissance,7,IoT23
-0.4607890080594515,-0.4778354682401278,-0.37601306421155234,1.5996975829677962,0.3030057117567329,-0.4371311521783741,-0.0331799041589842,Reconnaissance,7,IoT23
-0.5291487942393649,-0.5409673809307554,-0.38093634382082414,-0.4413246768066931,0.5506723892785813,-0.42771975306807225,-0.5776919365079648,Normal,5,IoT23
0.8532777779656907,-0.5071612599415806,-0.3240910792652536,-0.4413246768066931,-1.3191262965861386,-0.27918332363156895,-0.5757160427077416,Malware,4,IoT23
-0.5455994458281282,-0.5438184995683966,-0.372350154667893,-0.4413246768066931,0.8853279433755927,-0.42771975306807225,-0.585362456468196,Normal,5,IoT23
2.2636892774739277,-0.5246752744299482,-0.34292752652723707,-0.4413246768066931,0.5031725599798648,2.2676231138692478,-0.5731040202788924,Botnet,0,IoT23
-0.522504150325006,-0.5083831679291412,-0.3791514632154947,-0.4413246768066931,-1.5192931448092706,-0.21289433859379062,-0.3344290197702033,Reconnaissance,7,IoT23
-0.5671006824795455,-0.5234533664423877,-0.38084432573377247,-0.4413246768066931,1.348464116829781,-0.4469517425543413,1.0729661119310172,Reconnaissance,7,IoT23
1.3576220383070763,-0.4371052019881101,-0.3360649371405711,-0.4413246768066931,-0.06903349177753865,-0.27918332363156895,-0.5824739536528628,Malware,4,IoT23
0.7774863569901932,-0.3511643401963526,-0.3614406156372847,-0.4413246768066931,0.9351899263475427,2.2676231138692478,-0.5454116036300317,Botnet,0,IoT23
-0.44402684921712804,-0.5128634972168631,-0.3800013933578753,-0.4413246768066931,0.26726529965737433,-0.10609541825514776,0.1696656779630262,Reconnaissance,7,IoT23
0.42175386186127983,-0.5030882333163789,-0.3379270260197339,-0.4413246768066931,1.548990423220579,-0.4510436552109942,-0.549167016463559,Botnet,0,IoT23
-0.4451270813962722,-0.4204057928247828,-0.36576006455022286,-0.4413246768066931,-0.723606815097257,-0.27918332363156895,-0.576576454651047,Malware,4,IoT23
2.665867800658237,-0.45258270316387683,-0.3485903953635092,-0.4413246768066931,-0.3088947919443547,-0.4510436552109942,-0.5672340418497476,Botnet,0,IoT23
-0.32070882856167965,-0.5096050759167017,-0.37598554502447207,1.5996975829677962,-0.47912390991759285,-0.4514528464766595,-0.5793123951058274,Normal,5,IoT23
0.2468804355487617,-0.47416974427744624,-0.34216743767496743,-0.4413246768066931,-0.3724161852876113,2.2676231138692478,-0.5694853129565486,Botnet,0,IoT23
2.158029670781128,-0.4847596135029708,-0.3605807872949779,-0.4413246768066931,1.6166199099085894,-0.4510436552109942,-0.571466189024492,Botnet,0,IoT23
0.5325434532566965,-0.48435231084045066,-0.1915766101729621,-0.4413246768066931,0.12830904227107495,-0.27918332363156895,-0.5804184324207645,Malware,4,IoT23
1.5371708666540433,-0.4749843496024866,-0.3442284955786576,-0.4413246768066931,1.6485603356640506,-0.4510436552109942,-0.507310512005395,Botnet,0,IoT23
2.547628725949366,-0.5336359330053921,-0.37894481402474767,-0.4413246768066931,1.327102031437061,2.845810372254314,-0.49560436841692557,Botnet,0,IoT23
-0.5437134593094557,-0.5189730371546657,-0.3780788640577461,1.5996975829677962,-0.5800289526981095,-0.30127965197749507,0.40575419579716326,Reconnaissance,7,IoT23
0.09561876910520066,-0.5006444173412578,-0.35702880270892773,-0.4413246768066931,-0.9975139388587206,-0.27918332363156895,-0.5623396495404074,Malware,4,IoT23
-0.37201022090446756,-0.39148730378585017,-0.22839438782787438,-0.4413246768066931,0.12604959093146034,-0.27918332363156895,-0.5731465184643082,Malware,4,IoT23
0.68294126197622,-0.48272310019036996,-0.35946482230388643,-0.4413246768066931,-0.8044849028220986,-0.4510436552109942,-0.5512094383164923,Botnet,0,IoT23
0.8425714412887185,-0.5128634972168631,-0.3617196391556574,-0.4413246768066931,-1.0752596054081875,-0.27918332363156895,-0.5773775647237697,Malware,4,IoT23
1.09899603515557,-0.5193803398171859,-0.3793264969218515,-0.4413246768066931,-0.6314314706743422,2.845810372254314,-0.561669433564116,Botnet,0,IoT23
3.5166091129535166,-0.40166987034885465,-0.36460631893215906,-0.4413246768066931,0.1681575477151874,-0.4510436552109942,-0.509472073946877,Botnet,0,IoT23
-0.2719883738913442,-0.395560330411052,-0.3453112429216828,-0.4413246768066931,-1.3603612835341055,2.845810372254314,-0.5350610510874886,Botnet,0,IoT23
-0.510399031877534,-0.5258971824175087,-0.3788245801193976,-0.4413246768066931,-0.49858600213836424,-0.4514528464766595,-0.5849322548770552,Normal,5,IoT23
-0.5534265210715028,-0.5157146158545043,-0.38031467231302357,-0.4413246768066931,-1.2239725844882774,-0.27918332363156895,-0.5831477733072936,Normal,5,IoT23
-0.4500522462893815,-0.5254898797549886,-0.380067068279984,-0.4413246768066931,-0.701885271536871,-0.325831127917413,0.23753533405871666,Reconnaissance,7,IoT23
1.3892798883325879,-0.4949421800659753,-0.35097354740475034,-0.4413246768066931,-0.09527393801715393,2.2676231138692478,-0.5578654260574745,Botnet,0,IoT23
-0.5071010480180526,-0.4151108582120205,-0.18595011713136803,-0.4413246768066931,1.5412363970323562,-0.27918332363156895,-0.5625468450513643,Malware,4,IoT23
3.333051961563135,-0.3906726984608098,-0.3508216380520009,-0.4413246768066931,-0.4973535741349381,2.845810372254314,-0.5006486267566312,Botnet,0,IoT23
-0.22267110335910414,-0.5206022478047464,-0.37754631688664503,1.5996975829677962,0.20821145782653755,-0.27918332363156895,-0.579960476648729,Normal,5,IoT23
-0.5272410495620714,-0.3479059188961912,-0.30340046558446415,-0.4413246768066931,-1.1502323089499455,-0.27918332363156895,-0.5640022776069071,Malware,4,IoT23
-0.5416392980911285,-0.48272310019036996,-0.38123822044050054,1.5996975829677962,1.5071905734377085,-0.3151921550101152,0.3231032589138992,Reconnaissance,7,IoT23
-0.48219665039820236,-0.49534948272849544,-0.37566638162243704,1.5996975829677962,-1.1935213425702893,-0.449406890148333,-0.11668604172233447,Reconnaissance,7,IoT23
-0.18694476639419394,-0.5181584318296254,-0.3231750752528163,-0.4413246768066931,-1.1372404637471614,-0.27918332363156895,-0.5608842542805608,Malware,4,IoT23
-0.5448993391230909,-0.48557421882801116,-0.38084402740597495,-0.4413246768066931,0.5781452635216228,-0.2153494861877824,-0.21245050610215924,Reconnaissance,7,IoT23
-0.4334339932118771,-0.5409673809307554,-0.37439730113465647,1.5996975829677962,-0.7374716301358013,-0.4514528464766595,-0.5845933706043586,Normal,5,IoT23
2.1411494202627264,-0.34912782688375177,-0.3324234002907155,-0.4413246768066931,-1.189361898058726,2.845810372254314,-0.49946113448756174,Botnet,0,IoT23
2.0344522707159927,-0.5136781025419034,-0.3623918899786018,-0.4413246768066931,-0.4232024892621309,-0.4510436552109942,-0.5461928773000232,Botnet,0,IoT23
0.1544788496097635,-0.36501263072203866,-0.3476462098818207,-0.4413246768066931,-1.5745983514630193,-0.27918332363156895,-0.567623299331794,Malware,4,IoT23
3.318618558354863,-0.3662345387095992,-0.33680614691460237,-0.4413246768066931,0.7894039637755901,2.845810372254314,-0.5243700255127612,Botnet,0,IoT23
-0.11401276441181137,-0.5250825770924684,-0.36585107313668164,-0.4413246768066931,0.9179359342995765,-0.27918332363156895,-0.5703972708886945,Malware,4,IoT23
4.404968503692744,-0.34831322155871136,-0.3408127140968664,-0.4413246768066931,-1.4967499825799337,-0.27918332363156895,-0.5826783923049657,Malware,4,IoT23
-0.408147918160136,-0.5348578409929526,-0.35884990050386123,-0.4413246768066931,-1.44812042761141,-0.4514528464766595,-0.5871219325016903,Normal,5,IoT23
1.5804672494716727,-0.38822888248568876,-0.36595953356891797,-0.4413246768066931,1.3505695146689676,2.845810372254314,-0.5638145711099335,Botnet,0,IoT23
3.1040720461801,-0.42651533276258546,-0.37547332695612995,-0.4413246768066931,0.10792262904773392,-0.4510436552109942,-0.5763856592916821,Botnet,0,IoT23
-0.017160306813927568,-0.3605323014343167,-0.29739035061943125,-0.4413246768066931,1.7190141365265796,-0.27918332363156895,-0.5777538804382802,Malware,4,IoT23
1.3523583049317427,-0.3552373668215544,-0.29217753365972204,-0.4413246768066931,0.5227887057010645,-0.4510436552109942,-0.5483790508878723,Botnet,0,IoT23
-0.4769338292069372,-0.5096050759167017,-0.3590257639475344,-0.4413246768066931,-0.6871474866625665,-0.4514528464766595,-0.5850960281137892,Normal,5,IoT23
1.7614553481078647,-0.4151108582120205,-0.3741807260492289,-0.4413246768066931,-1.0604704693670737,-0.4510436552109942,-0.5453717727418298,Botnet,0,IoT23
-0.563808394818714,-0.5230460637798675,-0.3597923232833114,-0.4413246768066931,1.2886913586636124,-0.27918332363156895,-0.5768470592601588,Malware,4,IoT23
0.31274687621956726,-0.5258971824175087,-0.3789056507891585,-0.4413246768066931,0.14859275316079715,-0.4514528464766595,-0.5834419954639558,Normal,5,IoT23
1.6998890648210194,-0.45787763777663915,-0.38089766100565065,-0.4413246768066931,0.24574916076422595,-0.4510436552109942,-0.5402082119932825,Botnet,0,IoT23
0.1244493419885858,-0.42651533276258546,-0.38025878641078775,-0.4413246768066931,-1.209851013615686,2.845810372254314,-0.49820625509300015,Botnet,0,IoT23
3.2313447404290097,-0.5055320492914999,-0.37321218738067874,-0.4413246768066931,-0.7304365202829103,2.2676231138692478,-0.5601758938292792,Botnet,0,IoT23
2.0319148463684398,-0.5055320492914999,-0.37567136197532497,-0.4413246768066931,0.7942823246224853,2.2676231138692478,-0.5510044983055626,Botnet,0,IoT23
1.4322389082754103,-0.46398717771444176,-0.3673834531698733,-0.4413246768066931,1.2270699584923046,2.845810372254314,-0.5739754896987117,Botnet,0,IoT23
3.1727232563830907,-0.4652090857020023,-0.3518284963568232,-0.4413246768066931,-1.571671334954882,2.845810372254314,-0.5764144578624704,Botnet,0,IoT23
-0.5359486320832483,-0.5185657344921456,-0.37846390653947504,1.5996975829677962,0.9628168540910124,-0.42771975306807225,-0.5837838841083558,Normal,5,IoT23
1.2104470083567769,-0.3479059188961912,-0.37852215110629506,-0.4413246768066931,0.16179000303081892,-0.4510436552109942,-0.5031003788671032,Botnet,0,IoT23
1.9280049835243858,-0.4880180348031323,-0.3030350650841154,-0.4413246768066931,1.1978511445777427,-0.4510436552109942,-0.5591430355581708,Botnet,0,IoT23
-0.3991760402150158,-0.5295629063801903,-0.3772219236021451,1.5996975829677962,1.6626305553698326,-0.4514528464766595,-0.577354115571452,Normal,5,IoT23
-0.17014287776545123,-0.37438059196000273,-0.37783125934927075,-0.4413246768066931,-1.4162827041895674,-0.27918332363156895,-0.56410315180791,Malware,4,IoT23
3.1423509337267754,-0.43791980731315044,-0.3255514979594411,-0.4413246768066931,1.214026762122711,2.845810372254314,-0.5395065405542843,Botnet,0,IoT23
0.9926644514321392,-0.3874142771606484,-0.3266861164623168,-0.4413246768066931,0.06607142809805396,-0.4510436552109942,-0.523235019991563,Botnet,0,IoT23
1.823354088103707,-0.40004065969877395,-0.37962422239850374,-0.4413246768066931,-0.9378952341929803,2.845810372254314,-0.5778498607244251,Botnet,0,IoT23
-0.5079871628221329,-0.5352651436554728,-0.3513959140656905,-0.4413246768066931,-0.6705097086163133,-0.4514528464766595,-0.5840750503789676,Normal,5,IoT23
2.0201964235596717,-0.37600980261008343,-0.3504825963322344,-0.4413246768066931,1.4525529319524821,2.845810372254314,-0.5437902573026652,Botnet,0,IoT23
-0.4845874592141067,-0.501051720003778,-0.3808527116104391,-0.4413246768066931,-0.604472108099395,-0.42567379673974576,0.3692874888441007,Reconnaissance,7,IoT23
-0.31009572467244906,-0.5091977732541815,-0.37231705270597004,1.5996975829677962,-1.5639686599334688,-0.27918332363156895,-0.5774959347604435,Normal,5,IoT23
-0.09726328694784307,-0.4155181608745407,-0.33949937281049913,-0.4413246768066931,-1.5453795375484576,2.845810372254314,-0.5019089221059265,Botnet,0,IoT23
1.9908209585884886,-0.5222314584548272,-0.3354287028940902,-0.4413246768066931,1.3644343297075117,-0.4510436552109942,-0.5610014595645222,Botnet,0,IoT23
-0.07617899829031133,-0.4456585579010338,-0.36831735981535674,-0.4413246768066931,0.41895664641241065,-0.27918332363156895,-0.582845413179588,Malware,4,IoT23
0.9518618855918458,-0.3837485531979668,-0.3178382733465173,-0.4413246768066931,-0.20033842530923393,-0.4510436552109942,-0.4951207462168655,Botnet,0,IoT23
-0.43935280870403,-0.5250825770924684,-0.3541811950165732,1.5996975829677962,0.15922244469034777,-0.4514528464766595,-0.5870564165569091,Normal,5,IoT23
0.31404076110001505,-0.5120488918918227,-0.3807106393949268,-0.4413246768066931,-1.56653621827394,-0.27918332363156895,-0.5861057680376079,Normal,5,IoT23
3.3949188873825986,-0.40452098898649586,-0.3780763516969096,-0.4413246768066931,0.4172107067408902,2.2676231138692478,-0.5034684838485121,Botnet,0,IoT23
-0.3842839748587246,-0.5181584318296254,-0.3804445237320788,1.5996975829677962,0.2682409718267533,-0.27918332363156895,-0.5826539678812751,Normal,5,IoT23
0.996699731087561,-0.3499424322087921,-0.3528977360642521,-0.4413246768066931,-0.711950100231518,-0.27918332363156895,-0.5726191246425119,Malware,4,IoT23
-0.10307225337162099,-0.5096050759167017,-0.3326479681162225,-0.4413246768066931,0.38896756499570745,-0.27918332363156895,-0.5626904964534144,Malware,4,IoT23
-0.5431640720788662,-0.5063466546165403,-0.3758313209312206,-0.4413246768066931,0.23460595756658112,-0.4514528464766595,-0.5869088496565442,Normal,5,IoT23
3.4772027837343855,-0.4383271099756706,-0.32273734089547723,-0.4413246768066931,-0.31490287846105725,2.2676231138692478,-0.5671353087491771,Botnet,0,IoT23
1.4325898344316441,-0.4220350034748635,-0.3756185105755746,-0.4413246768066931,0.36775953310341564,2.2676231138692478,-0.49686166456712666,Botnet,0,IoT23
-0.43707174652761116,-0.5438184995683966,-0.37797990191337916,1.5996975829677962,0.7868877566019283,-0.42771975306807225,-0.5764615667555207,Normal,5,IoT23
-0.4751623396714521,-0.5189730371546657,-0.3511165565390477,1.5996975829677962,-1.4727176365131236,-0.27918332363156895,-0.5854083188486102,Normal,5,IoT23
-0.11187652071832158,-0.5267117877425491,-0.3445269421018186,-0.4413246768066931,-0.09594150318567644,-0.27918332363156895,-0.5740770011572677,Malware,4,IoT23
3.348621802054954,-0.4366978993255899,-0.3148233166946205,-0.4413246768066931,0.8573929086312665,-0.4510436552109942,-0.5542369071789143,Botnet,0,IoT23
0.9303069904478434,-0.4709113229772848,-0.35567488458381047,-0.4413246768066931,-0.06554161243449787,-0.27918332363156895,-0.583779186150377,Malware,4,IoT23
-0.36492305686778775,-0.507975865266621,-0.3739780558195655,1.5996975829677962,1.2164402669627539,-0.4514528464766595,-0.5769651836260263,Normal,5,IoT23
-0.5428278418198336,-0.5226387611173473,-0.37729833771653004,-0.4413246768066931,-1.4484285346122663,-0.27918332363156895,-0.5773612909036188,Normal,5,IoT23
2.09851942900831,-0.5267117877425491,-0.3701356174181258,-0.4413246768066931,0.2590491129678666,2.2676231138692478,-0.5671745021681515,Botnet,0,IoT23
-0.5199234729823827,-0.5063466546165403,-0.3714889248668693,-0.4413246768066931,-1.0776731102482304,-0.4514528464766595,-0.5858698255877628,Normal,5,IoT23
-0.45853083451308335,-0.5063466546165403,-0.3775029769506955,-0.4413246768066931,-1.0205706127561518,-0.2153494861877824,0.7302877025017002,Reconnaissance,7,IoT23
-0.29035657817117627,-0.35075703753383247,-0.34506383293279697,-0.4413246768066931,0.8427064749237714,-0.4510436552109942,-0.5254267218084131,Botnet,0,IoT23
0.08617068261703298,-0.517343826504585,-0.37208229563011597,-0.4413246768066931,0.0434255635350983,-0.27918332363156895,-0.5809932545805999,Malware,4,IoT23
0.8179639687515795,-0.4269226354251056,-0.3457783447112356,-0.4413246768066931,-0.36219730309253606,-0.4510436552109942,-0.5431957604825713,Botnet,0,IoT23
-0.5627883967746403,-0.5413746835932755,-0.37532831979852593,-0.4413246768066931,0.304957056095491,-0.42771975306807225,-0.586418983955477,Normal,5,IoT23
-0.5116624221725378,-0.5230460637798675,-0.36229523053938817,-0.4413246768066931,0.1416089944747156,-0.42771975306807225,-0.5851167445706851,Normal,5,IoT23
-0.5049316153621629,-0.5271190904050693,-0.35473623325295583,-0.4413246768066931,1.4633880281492704,-0.27918332363156895,-0.5773480768805443,Normal,5,IoT23
-0.43429860286301253,-0.4334394780254285,-0.27333953221313967,-0.4413246768066931,0.4422700761438888,-0.27918332363156895,-0.5730377935319985,Malware,4,IoT23
-0.36762882153615767,-0.5063466546165403,-0.3742831279087498,1.5996975829677962,1.433861107233852,-0.4514528464766595,-0.5873379519735622,Normal,5,IoT23
0.1424137338786089,-0.5128634972168631,-0.3535821754212105,-0.4413246768066931,-0.09173070750730374,-0.27918332363156895,-0.5676701048445927,Normal,5,IoT23
-0.4829343021284242,-0.5039028386414192,-0.37776253510882657,-0.4413246768066931,-0.07904696930537619,-0.24890316997233686,1.1804243706278548,Reconnaissance,7,IoT23
1.2430506441334976,-0.3458694055835903,-0.3515687542499849,-0.4413246768066931,0.8289443622188459,2.2676231138692478,-0.5290507585844234,Botnet,0,IoT23
1.3103329509584578,-0.3523862481839132,-0.3771626812905694,-0.4413246768066931,-1.4955175545765076,2.845810372254314,-0.5438788838495271,Botnet,0,IoT23
0.4157666308964618,-0.49534948272849544,-0.31329559139143753,-0.4413246768066931,-1.3360721816332484,-0.4510436552109942,-0.5347641853889686,Botnet,0,IoT23
3.4158993104178816,-0.3788609212477247,-0.2361455059037792,-0.4413246768066931,-0.35998920291973086,2.845810372254314,-0.4993006121326374,Botnet,0,IoT23
-0.3043364084327373,-0.434661386012989,-0.2658821059367886,-0.4413246768066931,-0.20608975599188933,-0.27918332363156895,-0.5747470512350368,Malware,4,IoT23
-0.5751523490077248,-0.5140854052044236,-0.3788184162287452,-0.4413246768066931,-1.4982391664174068,-0.23580904947104733,-0.09113007133398456,Reconnaissance,7,IoT23
3.1799245754114502,-0.4815011922028094,-0.3273558500005699,-0.4413246768066931,-0.015320171294881916,-0.4510436552109942,-0.5762022212651329,Botnet,0,IoT23
3.5182506588945635,-0.36379072273447816,-0.3532774783404262,-0.4413246768066931,-1.2083104786114032,-0.4510436552109942,-0.5668258364074805,Botnet,0,IoT23
-0.5255102400320409,-0.4652090857020023,-0.3790595844448003,-0.4413246768066931,1.4750447430150095,-0.1895704364508686,0.8633256965617213,Reconnaissance,7,IoT23
-0.06915814233395627,-0.4603214537517602,-0.33166338552042024,-0.4413246768066931,0.8199579080271969,-0.27918332363156895,-0.5721948176882832,Malware,4,IoT23
2.02812904823002,-0.46480178303948216,-0.3785228448737711,-0.4413246768066931,-1.1818132765377407,2.2676231138692478,-0.5183673221420897,Botnet,0,IoT23
-0.49141198345266573,-0.5197876424797061,-0.3790899698511648,-0.4413246768066931,1.1835755202047231,-0.27918332363156895,-0.5787579307523942,Normal,5,IoT23
-0.478236832372402,-0.5336359330053921,-0.37740422589497785,-0.4413246768066931,0.025914815653084965,-0.4514528464766595,-0.5804694733354435,Normal,5,IoT23
3.3507288066413192,-0.441585531275832,-0.37153790695966665,-0.4413246768066931,1.0561219241837345,-0.4510436552109942,-0.547280133092599,Botnet,0,IoT23
-0.5564962693395801,-0.36297611740943775,-0.35123963136878383,-0.4413246768066931,-0.05881460958246342,-0.27918332363156895,-0.582054954023897,Malware,4,IoT23
3.3688644584474736,-0.4802792842152489,-0.3691155215112376,-0.4413246768066931,0.43816198279913493,-0.4510436552109942,-0.5056385527739959,Botnet,0,IoT23
2.5295220582753597,-0.5063466546165403,-0.33659095673787537,-0.4413246768066931,0.06920384927342878,2.845810372254314,-0.5170894317809016,Botnet,0,IoT23
0.808036109741366,-0.42122039814982315,-0.3809892713311274,-0.4413246768066931,0.48150236758628817,2.845810372254314,-0.5677135954540703,Botnet,0,IoT23
1.9712700397838117,-0.37478789462252293,-0.2929839121925094,-0.4413246768066931,1.678703470581182,2.2676231138692478,-0.5025310661465051,Botnet,0,IoT23
-0.49687844221775757,-0.49209106142833403,-0.38078379077232966,-0.4413246768066931,1.6569819270207962,-0.09545644534785,0.876343063610306,Reconnaissance,7,IoT23
1.4034489833756822,-0.4053355943115362,-0.37189067198893255,-0.4413246768066931,-1.5207309774799342,-0.4510436552109942,-0.5182166859917176,Botnet,0,IoT23
0.02153580815285232,-0.5136781025419034,-0.36522527610244965,-0.4413246768066931,-0.16500882254435073,-0.27918332363156895,-0.5812794590546533,Malware,4,IoT23
-0.17187162360958053,-0.3756024999475633,-0.3546855030747443,-0.4413246768066931,-1.3029506790411702,-0.27918332363156895,-0.5622160708416886,Malware,4,IoT23
-0.3224761595300024,-0.5250825770924684,-0.37670599217083073,-0.4413246768066931,-0.13702243663321506,-0.42771975306807225,-0.5782004968100215,Normal,5,IoT23
-0.10080325933809524,-0.36501263072203866,-0.3758960001268199,-0.4413246768066931,0.12810363760383725,-0.27918332363156895,-0.5806360606391052,Malware,4,IoT23
-0.5591878020272788,-0.5230460637798675,-0.37689420231603504,-0.4413246768066931,0.4065296640445302,-0.42771975306807225,-0.5864551373321468,Normal,5,IoT23
0.2828749179835916,-0.4004479623612941,-0.32028286075348644,-0.4413246768066931,0.5237643778704435,-0.4510436552109942,-0.5373418534426775,Botnet,0,IoT23
-0.4917535556729863,-0.535672446317993,-0.36884209153569114,-0.4413246768066931,-0.7198068287533597,-0.4514528464766595,-0.5833583705985286,Normal,5,IoT23
0.2259719609361328,-0.4497315845262356,-0.34615614143002155,-0.4413246768066931,0.9363710031841594,2.845810372254314,-0.506113079807623,Botnet,0,IoT23
1.0856475188844357,-0.38008282923528525,-0.35873380497923996,-0.4413246768066931,-0.6052937267683458,2.845810372254314,-0.5468102020017156,Botnet,0,IoT23
-0.4384229214035505,-0.46113605907680055,-0.36132206702925407,-0.4413246768066931,0.2765085096830705,-0.27918332363156895,-0.5696023827397791,Malware,4,IoT23
0.18176625879090821,-0.5254898797549886,-0.3404087898333257,-0.4413246768066931,1.177875540688877,-0.4510436552109942,-0.5653414704840309,Botnet,0,IoT23
-0.08476376446796222,-0.5393381702806747,-0.37485745096636236,-0.4413246768066931,-0.7314121924522893,-0.27918332363156895,-0.5688729939083805,Malware,4,IoT23
1.5266875479853217,-0.43751250465063024,-0.3476996044651592,-0.4413246768066931,1.2849427234865245,2.2676231138692478,-0.5146776711497678,Botnet,0,IoT23
-0.5191955268678392,-0.5324140250178316,-0.3361775227914485,-0.4413246768066931,0.7553067890141331,-0.4514528464766595,-0.5748831931024899,Normal,5,IoT23
-0.13900345804039463,-0.4815011922028094,-0.38000462668733875,-0.4413246768066931,0.9114656872815892,-0.27918332363156895,-0.5725585859444963,Malware,4,IoT23
2.930585810767908,-0.44484395257599346,-0.3705392751606148,-0.4413246768066931,1.1886079345520466,2.845810372254314,-0.5705654942127913,Botnet,0,IoT23
-0.4206805809242988,-0.5210095504672666,-0.3756990961944668,-0.4413246768066931,-1.1618890238156845,-0.42771975306807225,-0.5816601027569945,Normal,5,IoT23
0.574594736379816,-0.3776390132601642,-0.3802995155483132,-0.4413246768066931,1.671411604894244,-0.4510436552109942,-0.5132515417546637,Botnet,0,IoT23
1.4912730978945947,-0.4330321753629083,-0.32436389140540134,-0.4413246768066931,-0.026001213991241955,2.2676231138692478,-0.5232564837414371,Botnet,0,IoT23
-0.41341357458568095,-0.5165292211795447,-0.368097673559263,-0.4413246768066931,0.8154903565147771,-0.4514528464766595,-0.5871418617131923,Normal,5,IoT23
1.5055177092610452,-0.42122039814982315,-0.34426733097981144,-0.4413246768066931,-0.8283631953884805,-0.4510436552109942,-0.524057560587037,Botnet,0,IoT23
-0.5320014943232552,-0.5193803398171859,-0.3787789615633362,1.5996975829677962,0.41233234589399503,-0.42771975306807225,-0.585244819018554,Normal,5,IoT23
1.8887240673116903,-0.4709113229772848,-0.3414133546835034,-0.4413246768066931,0.20338444814645176,2.2676231138692478,-0.5759217183089574,Botnet,0,IoT23
2.1403742166377264,-0.39433842242349143,-0.3557847109814043,-0.4413246768066931,1.4069017446589047,-0.4510436552109942,-0.5197669916171237,Botnet,0,IoT23
0.03732956659517928,-0.44484395257599346,-0.3548100188353619,-0.4413246768066931,0.3312488535019157,-0.27918332363156895,-0.5773720237608556,Malware,4,IoT23
0.7607151107626154,-0.531192117030271,-0.35581646003612494,-0.4413246768066931,-1.5824037288180517,2.845810372254314,-0.49769717735073643,Botnet,0,IoT23
-0.5596053989696675,-0.5169365238420649,-0.3805663593467405,-0.4413246768066931,-0.9463681767165352,-0.3843454789075506,0.6826339177526606,Reconnaissance,7,IoT23
-0.4539370542214053,-0.5348578409929526,-0.37441493586830565,1.5996975829677962,0.12224960458756301,-0.42771975306807225,-0.5814156897154147,Normal,5,IoT23
2.6103989934750205,-0.38008282923528525,-0.3657616851039885,-0.4413246768066931,0.8113822631700233,2.2676231138692478,-0.5146458752709742,Botnet,0,IoT23
0.11331557970463561,-0.5348578409929526,-0.3700955597109447,1.5996975829677962,1.4763798733520546,-0.42771975306807225,-0.5759858436549893,Normal,5,TON_IoT
-0.19526744098338597,-0.5206022478047464,-0.38081083692951073,1.5996975829677962,-0.4420997186479987,-0.4514528464766595,-0.5836039851525306,Normal,5,TON_IoT
-0.48346528858720395,-0.5206022478047464,-0.3802925630141015,-0.4413246768066931,0.16404945437043356,-0.14824211861867348,0.3864968238550687,Reconnaissance,7,TON_IoT
-0.5458944712642692,-0.5140854052044236,-0.3789531893794811,1.5996975829677962,0.41366747623104005,-0.05208217118732838,-0.22949060971330024,Reconnaissance,7,TON_IoT
-0.46129124231193386,-0.49209106142833403,-0.37913172700823533,1.5996975829677962,0.8499983406107096,-0.13760314571137572,-0.36121637504679743,Reconnaissance,7,TON_IoT
-0.0414275186088229,0.157556685291349,-0.09129630899645648,-0.4413246768066931,-1.4433447690981334,-0.27836494110023835,-0.5544120110032266,Ransomware,6,TON_IoT
0.2505480362905116,0.0044108841837622835,-0.15897464650507814,-0.4413246768066931,-0.6047802151002516,-0.27836494110023835,-0.3212344783814255,Ransomware,6,TON_IoT
-0.40731585418931127,-0.5140854052044236,-0.37971901022641597,-0.4413246768066931,1.319707463416504,-0.42771975306807225,-0.5861485989860543,Normal,5,TON_IoT
-0.5761288674844313,0.8617829887887357,0.5338414060502144,-1.369062067613279,-1.2148320767962,-0.42771975306807225,3.0032749750485266,DDoS,2,TON_IoT
-0.4448476653163219,-0.5275263930675894,-0.372958504151625,1.5996975829677962,0.5715209630032071,-0.4514528464766595,-0.586843657522096,Normal,5,TON_IoT
-0.5325176875932924,-0.5283409983926298,-0.37949174467940006,-0.4413246768066931,0.3223651016438855,-0.442450638632023,0.7754425207494176,Reconnaissance,7,TON_IoT
-0.4343477156359688,0.47321624874448653,1.219371323673448,-0.4413246768066931,-1.511693172121476,-0.27836494110023835,-0.37321830894651303,Ransomware,6,TON_IoT
2.1783332672672944,-0.34383289227098945,-0.3746109233167547,-0.4413246768066931,1.3001940200289233,2.845810372254314,-0.5523777218964031,Botnet,0,TON_IoT
-0.4870300683529398,-0.5254898797549886,-0.36405901662613477,1.5996975829677962,1.6184172007469193,-0.27918332363156895,-0.583081580388694,Normal,5,TON_IoT
0.2937019490971025,-0.44810237387615487,-0.34301313444953235,-0.4413246768066931,-1.5096391254490988,2.2676231138692478,-0.501809403504607,Botnet,0,TON_IoT
-0.57360397254875,1.1794790655544742,-0.0033198679366122402,-1.369062067613279,-1.0810109360908429,-0.42771975306807225,1.4302553507037479,DDoS,2,TON_IoT
-0.3016532236239258,-0.38456315852300715,-0.3340837812575865,-0.4413246768066931,0.8606793833070695,2.845810372254314,-0.5677974557822048,Botnet,0,TON_IoT
-0.5673583315608087,0.1974723462183264,0.057306980372528335,-1.369062067613279,-1.2537049100709334,-0.42771975306807225,1.2269632358271847,DDoS,2,TON_IoT
-0.38097824183648443,-0.5368943543055535,-0.37906380025857134,-0.4413246768066931,1.4318584117282844,-0.42771975306807225,-0.586758957297837,Normal,5,TON_IoT
-0.5687541534049265,0.4300421665173477,1.5587501284377663,-1.369062067613279,0.5466156471006368,-0.42771975306807225,1.1511309560783436,DDoS,2,TON_IoT
-0.5228478960209584,0.2569385349462723,0.3783740244710016,-0.4413246768066931,-0.9123737042886969,-0.27836494110023835,-0.5031204838811612,Ransomware,6,TON_IoT
-0.5471308533347282,-0.5189730371546657,-0.3695592681477377,1.5996975829677962,-0.7221176312597837,-0.4514528464766595,-0.5867851324625639,Normal,5,TON_IoT
0.6692163798149563,-0.35075703753383247,-0.3644545195839884,-0.4413246768066931,-0.997308534191483,2.2676231138692478,-0.525562282742852,Botnet,0,TON_IoT
-0.5661728467101094,0.2711941281344785,1.5607554915034443,-0.4413246768066931,-0.4558618313529241,-0.42771975306807225,2.616230966226816,DDoS,2,TON_IoT
3.378688577460421,-0.384155855860487,-0.37927497984890585,-0.4413246768066931,-0.9068791294400886,-0.4510436552109942,-0.523480088981415,Botnet,0,TON_IoT
-0.41994156815704137,-0.5258971824175087,-0.37732632187796966,-0.4413246768066931,1.6487657403312883,-0.4514528464766595,-0.5872175738963271,Normal,5,TON_IoT
-0.5712203572580997,3.2135485621802404,0.12167838130543362,1.5996975829677962,-0.6827312863169561,-0.42771975306807225,0.5081174331609498,DDoS,2,TON_IoT
1.565433128586133,-0.4872034294780919,-0.37182449727988803,-0.4413246768066931,-0.7280230154428674,2.845810372254314,-0.560658601997002,Botnet,0,TON_IoT
-0.5671866054781358,-0.4945348774034551,-0.3773447512991887,1.5996975829677962,1.6616548832004536,-0.3630675330929551,1.2236564347596732,Reconnaissance,7,TON_IoT
-0.5709959875974818,0.13637694684029977,0.892801496480651,-1.369062067613279,0.7007204986957161,-0.42771975306807225,1.5995024993204554,DDoS,2,TON_IoT
0.2890540195033706,-0.45584112446403824,-0.3706085983178976,-0.4413246768066931,1.3285912152745343,2.2676231138692478,-0.5310566004718695,Botnet,0,TON_IoT
-0.5186184391419002,-0.5153073131919842,-0.370864093410835,-0.4413246768066931,1.0745569930683174,-0.4514528464766595,-0.5864291065555606,Normal,5,TON_IoT
-0.23473365922887987,-0.5258971824175087,-0.3457813234649278,-0.4413246768066931,-1.0406489189786363,-0.4514528464766595,-0.5804531437595346,Normal,5,TON_IoT
-0.45939133062580007,-0.5425965915808361,-0.37061787139779945,-0.4413246768066931,0.4449403368179788,-0.42771975306807225,-0.575330657995479,Normal,5,TON_IoT
-0.006697913152916693,-0.514900010529464,-0.3469186504127914,-0.4413246768066931,1.3715207907272122,-0.42771975306807225,-0.5858704691539383,Normal,5,TON_IoT
0.3651290776840844,-0.4831304028528901,-0.37951467309512776,-0.4413246768066931,-0.7927254856227407,-0.4510436552109942,-0.5142410858091511,Botnet,0,TON_IoT
-0.5052851034883871,-0.5360797489805131,-0.3745906943238392,-0.4413246768066931,-0.2679679119972444,-0.27918332363156895,-0.5805868364250433,Normal,5,TON_IoT
-0.1513700424853849,-0.4586922431016795,0.6435010947597057,-0.4413246768066931,-0.07175510361843808,-0.27836494110023835,-0.40513397392710865,Ransomware,6,TON_IoT
1.7361126680509913,-0.5336359330053921,-0.33373300443609405,-0.4413246768066931,0.40303778470148943,2.845810372254314,-0.5613828065707617,Botnet,0,TON_IoT
-0.44023363528872367,-0.5071612599415806,-0.37834702528493647,1.5996975829677962,0.3522001295601604,-0.27918332363156895,-0.5802607320747724,Normal,5,TON_IoT
0.4827007415719935,-0.36867835468472027,-0.3441246130830766,-0.4413246768066931,1.2169537786308482,2.2676231138692478,-0.526013274533691,Botnet,0,TON_IoT
-0.45313041757146566,0.35102544998843327,0.854920106570479,-0.4413246768066931,0.459524068191855,-0.27836494110023835,-0.3937520027694454,Ransomware,6,TON_IoT
3.22047442706819,-0.34546210292107016,-0.25179110965990353,-0.4413246768066931,-1.3582045345281097,2.845810372254314,-0.5590121596406558,Botnet,0,TON_IoT
-0.4884190795019826,-0.5368943543055535,-0.37265946063098365,1.5996975829677962,-1.5817875148163385,-0.42771975306807225,-0.5796309067859713,Normal,5,TON_IoT
-0.5658727334372383,2.894630577426941,-0.31231546389220355,-1.369062067613279,-1.1418620687600094,-0.42771975306807225,1.8957756131787316,DDoS,2,TON_IoT
-0.2984156951146117,-0.029802539467932623,5.620195910560185,-0.4413246768066931,0.6137316221205531,-0.27836494110023835,-0.3490566809367344,Ransomware,6,TON_IoT
-0.5591476467270423,2.2930445448846393,0.14660893108853998,-1.369062067613279,0.4413971063081286,-0.42771975306807225,1.011868065955147,DDoS,2,TON_IoT
-0.5708224767013372,2.9936051244193447,1.4280403178285632,1.5996975829677962,-0.8748360013510085,-0.42771975306807225,2.0948440641127264,DDoS,2,TON_IoT
-0.4686034871458471,-0.46928211232720407,-0.37127952353338806,1.5996975829677962,1.091348824614999,-0.05453731878132017,-0.0014331954570522363,Reconnaissance,7,TON_IoT
-0.4568881673855023,-0.3173582192071779,2.6447737799934683,-0.4413246768066931,1.5883767681634067,-0.27836494110023835,-0.5094511580597864,Ransomware,6,TON_IoT
-0.2895038049602842,-0.5161219185170245,-0.3732672153597831,1.5996975829677962,0.12034961141561434,-0.27918332363156895,-0.5810771615386331,Normal,5,TON_IoT
-0.49675967730423254,-0.48598152149053137,-0.3811463278318508,1.5996975829677962,1.4991797914154383,-0.12696417280407796,0.25020679259561507,Reconnaissance,7,TON_IoT
-0.5609984626997608,-0.5336359330053921,-0.37087051589581804,1.5996975829677962,0.4184431347443164,-0.42771975306807225,-0.5814060994717564,Normal,5,TON_IoT
2.5779375480015485,-0.36175420942187725,-0.3101576413611702,-0.4413246768066931,1.1879917205503334,2.845810372254314,-0.5746164927547165,Botnet,0,TON_IoT
-0.41639688895007926,-0.5132707998793833,-0.3477236943128344,-0.4413246768066931,-0.4360402809644867,-0.4514528464766595,-0.587087469283479,Normal,5,TON_IoT
-0.5584057902569034,0.6699434347417322,1.5303694965920072,-1.369062067613279,-1.4259880747165483,-0.42771975306807225,0.8671502463016335,DDoS,2,TON_IoT
-0.19477215799682845,-0.521824155792307,-0.377401123615304,1.5996975829677962,-0.8644117144886956,-0.4514528464766595,-0.5807047286463825,Normal,5,TON_IoT
-0.013298672978907144,-0.5087904705916613,-0.37900042567872916,-0.4413246768066931,1.216697022796801,-0.4514528464766595,-0.5823244885818605,Normal,5,TON_IoT
-0.5347937499139471,-0.5389308676181545,-0.38096276838053195,-0.4413246768066931,-0.17502230007218827,-0.27918332363156895,-0.5858576865617174,Normal,5,TON_IoT
2.405343659080593,-0.47742816557760764,-0.3701281199417406,-0.4413246768066931,0.35250823656101693,2.845810372254314,-0.5647105349308277,Botnet,0,TON_IoT
-0.572735092127985,1.7407421345072787,0.4594310026151506,-0.4413246768066931,-0.33154065650731035,-0.42771975306807225,1.523747884572253,DDoS,2,TON_IoT
-0.5132851982392677,-0.5352651436554728,-0.3652478996599019,1.5996975829677962,-0.684066416654001,-0.42771975306807225,-0.5873917073449733,Normal,5,TON_IoT
-0.09775394184957156,-0.5368943543055535,-0.3683592993076227,1.5996975829677962,-1.568384860279079,-0.4514528464766595,-0.5871973403145115,Normal,5,TON_IoT
2.3630871328256724,-0.4977932987036165,-0.3373630983256323,-0.4413246768066931,-0.43208624112016114,2.845810372254314,-0.5277589525081079,Botnet,0,TON_IoT
-0.566220788880747,2.282861978321635,0.010871514684760997,-1.369062067613279,1.3072291298818142,-0.42771975306807225,3.1526101743615995,DDoS,2,TON_IoT
-0.5611674632847693,2.069435383161062,-0.20584686842667987,1.5996975829677962,1.1445486334295614,-0.42771975306807225,1.803317625743339,DDoS,2,TON_IoT
-0.5602475674928823,0.39908716416581425,1.9752286236836192,-0.4413246768066931,-0.3498730230582745,-0.42771975306807225,0.8314702061432612,DDoS,2,TON_IoT
-0.5738432006818652,3.3076354772224015,0.3765825439471927,1.5996975829677962,-1.5611956969257599,-0.42771975306807225,1.9683918057671133,DDoS,2,TON_IoT
3.4875991095511396,-0.4419928339383522,-0.3684311787368371,-0.4413246768066931,1.0454408814873744,2.845810372254314,-0.5763239293799565,Botnet,0,TON_IoT
-0.5612156766682156,0.5233144762344684,0.06381082489811085,-0.4413246768066931,0.6386369380231234,-0.27836494110023835,-0.46386731338028414,Ransomware,6,TON_IoT
-0.5601549833002823,-0.05953563383190558,0.12355413431437097,-0.4413246768066931,1.2262483398233537,-0.42771975306807225,0.502997751798241,DDoS,2,TON_IoT
0.21700262347044896,-0.45380461115143733,-0.3105207840989209,-0.4413246768066931,0.6835692089813687,2.2676231138692478,-0.5265403151644699,Botnet,0,TON_IoT
-0.12000782286751503,-0.5352651436554728,-0.3797469251564351,-0.4413246768066931,1.2005214052518327,-0.42771975306807225,-0.5866097397525916,Normal,5,TON_IoT
0.5132937059403403,-0.40452098898649586,-0.3766967716011045,-0.4413246768066931,0.13488199162268114,2.845810372254314,-0.5657290459164857,Botnet,0,TON_IoT
-0.5676491843473209,-0.06157214714450646,3.2716581667678564,-1.369062067613279,0.09734428868499273,-0.42771975306807225,2.261100416330188,DDoS,2,TON_IoT
-0.5151132450440792,0.4976544084956972,0.5452158496296355,-0.4413246768066931,0.5630480204796523,-0.27836494110023835,-0.40592523367276917,Ransomware,6,TON_IoT
-0.32997552245569395,-0.43954901796323115,-0.3686114879816486,-0.4413246768066931,1.158208043800868,-0.4510436552109942,-0.557788733686155,Botnet,0,TON_IoT
-0.4808979626270215,-0.5421892889183159,-0.3805894553027337,1.5996975829677962,0.9017603167546081,-0.27918332363156895,-0.5870022381608256,Normal,5,TON_IoT
-0.4514824086016243,-0.5063466546165403,-0.3794778034671211,1.5996975829677962,-0.7915957599529334,-0.27918332363156895,-0.5865367413162367,Normal,5,TON_IoT
2.1092774559284773,-0.36379072273447816,-0.3638524763845169,-0.4413246768066931,1.4791528363597632,2.845810372254314,-0.49993343684629016,Botnet,0,TON_IoT
-0.5669186542502992,1.8714862891762556,1.8075064931089617,1.5996975829677962,-1.583173996320193,-0.42771975306807225,1.9302043430814013,DDoS,2,TON_IoT
-0.41181115935599394,-0.3442401949335096,-0.34836488666686005,-0.4413246768066931,-0.05337138590066456,2.2676231138692478,-0.5747034435314838,Botnet,0,TON_IoT
-0.5631420447026626,0.9766423396194258,0.7907914850864212,1.5996975829677962,-1.372326105400701,-0.42771975306807225,2.3359820660150903,DDoS,2,TON_IoT
2.3808181785150704,-0.485166916165491,-0.34243024767187036,-0.4413246768066931,0.48833207277194146,-0.4510436552109942,-0.5583897963253242,Botnet,0,TON_IoT
-0.5128853077240744,-0.5108269839042622,-0.352157121649006,-0.4413246768066931,0.7988012273017145,-0.42771975306807225,-0.5838394789229481,Normal,5,TON_IoT
-0.5312134410304068,-0.5291556037176701,-0.38088255855499087,1.5996975829677962,-1.1127459571790665,-0.18097741987189736,0.8508883961169196,Reconnaissance,7,TON_IoT
-0.5678828660432875,3.126385792400922,-0.0331698197939366,-0.4413246768066931,1.276161673962113,-0.42771975306807225,0.584885258711018,DDoS,2,TON_IoT
-0.4861216976377687,-0.5409673809307554,-0.38044859739329007,1.5996975829677962,-1.2209942168133308,-0.30618994716547865,0.6317882677941855,Reconnaissance,7,TON_IoT
-0.5439833573046233,-0.5336359330053921,-0.3610493613865659,-0.4413246768066931,-0.7445580911555016,-0.27918332363156895,-0.5816325158696891,Normal,5,TON_IoT
-0.5757786588501383,2.143564467739734,0.9762668972120732,-0.4413246768066931,0.0036284092577952686,-0.42771975306807225,0.8400747061723326,DDoS,2,TON_IoT
-0.02181898652508552,0.06102595427406695,2.5600462056917705,-0.4413246768066931,1.070500250890373,-0.27836494110023835,-0.31769428461238364,Ransomware,6,TON_IoT
1.6331164843247574,-0.47946467889020855,-0.37423116789018745,-0.4413246768066931,1.1016190579768834,-0.4510436552109942,-0.5676449355083514,Botnet,0,TON_IoT
-0.5282409035398027,0.1233432616396541,0.06106825146661259,-0.4413246768066931,1.0029734665359815,-0.27836494110023835,-0.3743968580066857,Ransomware,6,TON_IoT
-0.46818764949178093,-0.2179763695522546,0.7842082927513561,-0.4413246768066931,-1.477852753194066,-0.27836494110023835,-0.34548724750942506,Ransomware,6,TON_IoT
3.371626155772004,-0.43914171530071094,-0.3754847121420272,-0.4413246768066931,-1.3052101303807848,2.2676231138692478,-0.554957519646827,Botnet,0,TON_IoT
-0.3347081072668381,0.17995833172995876,6.1266061033887285,-0.4413246768066931,1.5054959849329974,-0.27836494110023835,-0.48830843106834926,Ransomware,6,TON_IoT
-0.5531415825235768,-0.5405600782682352,-0.35312143924071027,-0.4413246768066931,1.6588819201927447,-0.4514528464766595,-0.5868317357281125,Normal,5,TON_IoT
-0.5727538686139729,2.4270471208537776,0.283310248078018,-0.4413246768066931,-0.11761169557925306,-0.42771975306807225,0.8181335262794114,DDoS,2,TON_IoT
-0.4928446166827962,-0.5226387611173473,-0.3810141980277977,1.5996975829677962,0.8146687378458263,-0.4596366717899655,0.09430849370187704,Reconnaissance,7,TON_IoT
-0.4855385677002943,-0.5254898797549886,-0.37956563080850475,-0.4413246768066931,0.8418848562548207,-0.42444622294274986,0.27408861867123224,Reconnaissance,7,TON_IoT
-0.41640763714756945,-0.5352651436554728,-0.3738967260998341,-0.4413246768066931,-1.06791638855444,-0.42771975306807225,-0.5861854177169039,Normal,5,TON_IoT
-0.4589379692523464,-0.5275263930675894,-0.3676594090755609,1.5996975829677962,0.3301191278321084,-0.27918332363156895,-0.584705257797552,Normal,5,TON_IoT
-0.5109654722458028,-0.4888326401281726,-0.38042741780979367,-0.4413246768066931,0.20995739749805795,-0.43222085699039053,0.6992251401548661,Reconnaissance,7,TON_IoT
-0.4965813848885947,-0.5409673809307554,-0.36428264482035355,-0.4413246768066931,-1.2277725708321745,-0.42771975306807225,-0.5869975542916357,Normal,5,TON_IoT
-0.05879889689946846,-0.5132707998793833,-0.37461318715559205,-0.4413246768066931,1.6662251370464922,2.2676231138692478,-0.5635657231084611,Botnet,0,TON_IoT
-0.5758220047494788,3.4110903535025265,0.6729760020416841,-1.369062067613279,0.17170077822503763,-0.42771975306807225,1.822847858099281,DDoS,2,TON_IoT
1.061045710768438,-0.4872034294780919,-0.3794029346433673,-0.4413246768066931,-0.7706958350614981,2.845810372254314,-0.5599997374974325,Botnet,0,TON_IoT
-0.5232346047939862,-0.5100123785792219,-0.36950465557893425,-0.4413246768066931,1.5251121306541973,-0.27918332363156895,-0.5868701318455152,Normal,5,TON_IoT
2.723356877013407,-0.44280743926339255,-0.3557175469053388,-0.4413246768066931,0.2195600656914201,2.2676231138692478,-0.5441544160849001,Botnet,0,TON_IoT
1.5431412876129431,-0.4745770469399664,-0.3140259786587905,-0.4413246768066931,0.5929343995627366,-0.4510436552109942,-0.5527996136427513,Botnet,0,TON_IoT
-0.30459654123120966,-0.5193803398171859,-0.36587920513268146,-0.4413246768066931,-0.05290922539937974,-0.42771975306807225,-0.5812079765688273,Normal,5,TON_IoT
-0.572996403885302,2.767552146720646,0.7419357021685533,-1.369062067613279,-0.831341563063427,-0.42771975306807225,1.2961167518127354,DDoS,2,TON_IoT
1.117688897140715,-0.4908691534407735,-0.3801931503051705,-0.4413246768066931,1.3282317571068685,2.845810372254314,-0.5066502804056988,Botnet,0,TON_IoT
-0.5643472043061599,3.4901070700314407,-0.10223886094528442,-1.369062067613279,0.28015444252653954,-0.42771975306807225,2.3293871401030377,DDoS,2,TON_IoT
-0.5758904406521638,1.8576379986505696,1.0173827623010707,1.5996975829677962,0.022320233976425338,-0.42771975306807225,1.4953504734536727,DDoS,2,TON_IoT
3.1568134165019917,-0.49860790402865685,-0.3704634360175721,-0.4413246768066931,0.30947595877472023,2.2676231138692478,-0.5723735179777113,Botnet,0,TON_IoT
-0.4105594404928088,-0.5153073131919842,-0.344926813152852,-0.4413246768066931,-1.159526870142451,-0.42771975306807225,-0.5810926891061172,Normal,5,TON_IoT
-0.559247127633434,1.654393970053001,0.9576105742231142,-0.4413246768066931,1.3160101794062256,-0.42771975306807225,2.1950035186983627,DDoS,2,TON_IoT
2.965418349491266,-0.46072875641428035,-0.37167161392849685,-0.4413246768066931,-1.484785160713338,2.2676231138692478,-0.4982267676161937,Botnet,0,TON_IoT
0.026863973213246763,-0.365827236047079,-0.3397822774652582,-0.4413246768066931,-0.4341916389593475,2.845810372254314,-0.513628556159868,Botnet,0,TON_IoT
-0.5746344879119263,-0.538116262293114,-0.3745740623964404,1.5996975829677962,-0.5285750835550674,-0.2137127211251212,0.16518693514782548,Reconnaissance,7,TON_IoT
-0.5689778622609891,0.5314605294848719,6.799323508633077,-0.4413246768066931,1.6309468854484186,-0.42771975306807225,1.2681301272656462,DDoS,2,TON_IoT
-0.425856752758441,-0.08723221488327765,-0.2866965965123782,-0.4413246768066931,1.284018402483955,-0.27836494110023835,-0.4104209140163803,Ransomware,6,TON_IoT
-0.5321199314140709,-0.5250825770924684,-0.3801173788357759,1.5996975829677962,-0.8774035596914797,-0.42771975306807225,-0.5867803829126734,Normal,5,TON_IoT
-0.4613546237051231,-0.05098227791898185,1.8197927205891802,-0.4413246768066931,0.39800537035416594,-0.27836494110023835,-0.3680450959299547,Ransomware,6,TON_IoT
-0.3025398324334262,-0.5087904705916613,-0.3595413809248412,1.5996975829677962,1.2272753631595423,-0.42771975306807225,-0.5824701073411181,Normal,5,TON_IoT
-0.4625536361807284,-0.5226387611173473,-0.3811809556774112,1.5996975829677962,0.5791209356910018,-0.1871152888568768,0.5457577609303627,Reconnaissance,7,TON_IoT
-0.4137906504132399,-0.5112342865667824,-0.37803639327156513,1.5996975829677962,-0.8367334355784164,-0.27918332363156895,-0.5856473233947173,Normal,5,TON_IoT
-0.484682620905381,-0.5124561945543429,-0.3535258278261721,-0.4413246768066931,0.44216737381026994,-0.27918332363156895,-0.5824272417637573,Normal,5,TON_IoT
2.3885440112742358,-0.38293394787292645,-0.3764073548013926,-0.4413246768066931,1.3537532870111517,2.845810372254314,-0.5749153485953049,Botnet,0,TON_IoT
-0.4907781079273355,-0.5120488918918227,-0.3501625572058343,-0.4413246768066931,1.6442468376520591,-0.42771975306807225,-0.5861416096171478,Normal,5,TON_IoT
-0.4548282216701187,-0.5177511291671052,-0.372564978776045,-0.4413246768066931,1.6610900203655499,-0.27918332363156895,-0.56916330512872,Normal,5,TON_IoT
-0.558121733585057,-0.5063466546165403,-0.37943193545918064,1.5996975829677962,-0.40327823654007466,-0.4514528464766595,-0.5857072427885551,Normal,5,TON_IoT
1.7686619116005766,-0.49534948272849544,-0.36937553863869876,-0.4413246768066931,1.0605381245293448,-0.4510436552109942,-0.5375567386526725,Botnet,0,TON_IoT
-0.19424088498164774,0.4263764425546661,6.909496404491152,-0.4413246768066931,1.2132564946205697,-0.27836494110023835,-0.3593191870195908,Ransomware,6,TON_IoT
-0.5072536977449288,-0.517343826504585,-0.38008330206894836,-0.4413246768066931,-0.42782409427497897,-0.27918332363156895,-0.5860537652364374,Normal,5,TON_IoT
3.3999206656313374,-0.4998298120162174,-0.3389043257493014,-0.4413246768066931,1.5869389354927428,2.845810372254314,-0.5291053579580952,Botnet,0,TON_IoT
-0.5559811713645503,3.217621588805442,0.15449769636051544,-0.4413246768066931,1.1964133119070788,-0.42771975306807225,0.5375069985052835,DDoS,2,TON_IoT
-0.5580872478792066,-0.531192117030271,-0.3733913166771493,1.5996975829677962,-0.21261135417668608,-0.42771975306807225,-0.5765105838938945,Normal,5,TON_IoT
0.7947553091903061,-0.5303775117052307,-0.3580380049801579,-0.4413246768066931,0.28236254269934474,-0.4510436552109942,-0.5556201815391392,Botnet,0,TON_IoT
-0.575827621085253,0.7053787663809876,-0.3425638653252761,1.5996975829677962,-1.1905429748953427,-0.42771975306807225,1.857945288133886,DDoS,2,TON_IoT
-0.4743276393970629,-0.5385235649556342,-0.3797736142365419,-0.4413246768066931,0.34619204304345785,-0.42771975306807225,-0.5869142258047909,Normal,5,TON_IoT
-0.43406424429925017,-0.5185657344921456,-0.37452455125648965,-0.4413246768066931,-1.111000017507546,-0.4514528464766595,-0.5848655491234839,Normal,5,TON_IoT
-0.18475275272668112,-0.40818671294917747,2.991087604469005,-0.4413246768066931,-0.5375615377467166,-0.27836494110023835,-0.3925909573949821,Ransomware,6,TON_IoT
-0.43146333315002733,-0.5144927078669438,-0.38113341560347364,-0.4413246768066931,-1.1324134540670756,-0.27918332363156895,-0.5806680383008324,Normal,5,TON_IoT
-0.5658589631418898,0.7603646258212117,0.43462786279887333,-1.369062067613279,-0.7265338316053941,-0.42771975306807225,3.0699415762942506,DDoS,2,TON_IoT
-0.0754622431750093,0.23575879649522308,0.2723719856055333,-0.4413246768066931,-1.332888409291064,-0.27836494110023835,-0.36785197452675467,Ransomware,6,TON_IoT
-0.5583266738126855,2.1191263079885236,0.0646704707675259,-0.4413246768066931,0.9871059559918697,-0.42771975306807225,2.998611859359043,DDoS,2,TON_IoT
3.160247869881743,-0.4847596135029708,-0.37316232047590797,-0.4413246768066931,0.9246115859848015,2.2676231138692478,-0.546030763584828,Botnet,0,TON_IoT
0.4781550737881373,-0.3739732892974826,-0.29054742606274,-0.4413246768066931,-0.24244638209296102,2.845810372254314,-0.5160826217072058,Botnet,0,TON_IoT
-0.5257382346087133,-0.5279336957301096,-0.37475851033307955,1.5996975829677962,1.6303306714467054,-0.42771975306807225,-0.5868012800958672,Normal,5,TON_IoT
0.48381457230355013,0.4695505247818049,2.6661350557082133,-0.4413246768066931,-0.43557812046320193,-0.27836494110023835,-0.52545870159218,Ransomware,6,TON_IoT
1.9616234383827074,-0.4652090857020023,-0.3555269017380514,-0.4413246768066931,1.5613147032548405,2.845810372254314,-0.5752741356427404,Botnet,0,TON_IoT
-0.4944732417338483,0.04473384777325985,10.383136906600248,-0.4413246768066931,-0.4123673930653426,-0.27836494110023835,-0.46147681494033993,Ransomware,6,TON_IoT
-0.3287414727830965,0.37383439908956323,1.8446292077989839,-0.4413246768066931,-0.22021132686448075,-0.27836494110023835,-0.329719019572201,Ransomware,6,TON_IoT
1.195282086505462,-0.4982006013661367,-0.37196558612562786,-0.4413246768066931,0.28123281702953745,-0.4510436552109942,-0.5660348604812105,Botnet,0,TON_IoT
-0.5732718089741534,3.077509472898501,0.8828781379217681,-0.4413246768066931,1.6163631540745422,-0.42771975306807225,0.6338103190856411,DDoS,2,TON_IoT
-0.5726832376012196,0.4251545345671056,2.477874512968645,-0.4413246768066931,0.9123386571173494,-0.27836494110023835,-0.5389374166433077,Ransomware,6,TON_IoT
-0.3578713169702294,-0.540152775605715,-0.3612223594575676,1.5996975829677962,0.5249968058738697,-0.27918332363156895,-0.5865117451954409,Normal,5,TON_IoT
0.17680841310994014,-0.23060275209038011,7.817887193561672,-0.4413246768066931,1.5036986940946677,-0.27836494110023835,-0.36351088822676997,Ransomware,6,TON_IoT
-0.23746782539121758,-0.5348578409929526,-0.36717822718628357,1.5996975829677962,0.4139755832318966,-0.4514528464766595,-0.5845004139460058,Normal,5,TON_IoT
-0.35717325586562665,-0.5246752744299482,-0.38063445648596084,1.5996975829677962,0.2923760202271823,-0.4514528464766595,-0.577913256002943,Normal,5,TON_IoT
1.5952206261658428,-0.46439448037696196,-0.37459343139320983,-0.4413246768066931,1.1835241690379137,2.2676231138692478,-0.5537950652970854,Botnet,0,TON_IoT
-0.4663866928308806,-0.5169365238420649,-0.38091449227348123,-0.4413246768066931,1.457739399800234,-0.42771975306807225,-0.5822902360613499,Normal,5,TON_IoT
-0.3088372911028399,-0.5413746835932755,-0.37150543300207,1.5996975829677962,-0.7186771030835524,-0.4514528464766595,-0.5846320550602454,Normal,5,TON_IoT
-0.5012799632727476,-0.5267117877425491,-0.37818687823587027,1.5996975829677962,-0.9339411943486546,-0.3250127453860824,1.286706686539646,Reconnaissance,7,TON_IoT
-0.5601558930344965,0.5945924421754994,0.4787218016544384,-0.4413246768066931,0.6728368151181993,-0.42771975306807225,2.7128401027969167,DDoS,2,TON_IoT
-0.4683912749825759,0.4141573626790608,0.6501702863297282,-0.4413246768066931,1.5774389696329996,-0.27836494110023835,-0.4881951755589306,Ransomware,6,TON_IoT
0.4868613006375092,-0.4982006013661367,-0.30627465747529653,-0.4413246768066931,0.8920549462276272,2.845810372254314,-0.5223842316103243,Botnet,0,TON_IoT
-0.23705229104496472,0.5286094108472307,0.8021567150967509,-0.4413246768066931,0.05877956241111586,-0.27836494110023835,-0.452633974539425,Ransomware,6,TON_IoT
-0.5297522856411058,-0.4982006013661367,-0.3809323345341359,-0.4413246768066931,0.18926287727386037,-0.19488992290451748,-0.043799051337955,Reconnaissance,7,TON_IoT
2.5828818202353765,-0.5091977732541815,-0.35338688860996387,-0.4413246768066931,1.6189820635818228,2.2676231138692478,-0.5372998103533043,Botnet,0,TON_IoT
-0.4527320059787867,-0.5177511291671052,-0.35910685673293813,1.5996975829677962,1.2137186551218544,-0.27918332363156895,-0.583256914979625,Normal,5,TON_IoT
-0.5669086461313423,2.3146315859982085,2.96572193906773,-0.4413246768066931,-1.2297752663377421,-0.42771975306807225,3.008242375129323,DDoS,2,TON_IoT
0.05715394216925295,-0.4102232262617784,-0.29361188636983415,-0.4413246768066931,1.646763044825721,2.2676231138692478,-0.561321891074819,Botnet,0,TON_IoT
-0.5654563233832274,1.0752095839493088,0.004763787946872024,1.5996975829677962,0.7131474810635965,-0.42771975306807225,0.36014516278553116,DDoS,2,TON_IoT
-0.5619503949422201,1.3322175639995406,-0.31979638660240456,-1.369062067613279,1.7145465850141597,-0.42771975306807225,1.0418534567248234,DDoS,2,TON_IoT
-0.43816853237825426,-0.4831304028528901,-0.37932941739695675,-0.4413246768066931,0.4679456595486004,-0.20757485214014174,0.6366976695248012,Reconnaissance,7,TON_IoT
-0.20023109492138041,0.4377809171052311,10.728832819829139,-0.4413246768066931,0.44930518599677977,-0.27836494110023835,-0.5188118035485475,Ransomware,6,TON_IoT
-0.5046949093726335,-0.531192117030271,-0.3550536213530131,-0.4413246768066931,-0.6255260864912585,-0.27918332363156895,-0.5863245280037624,Normal,5,TON_IoT
-0.5674091457168183,1.7028629868929022,-0.13153582555871773,1.5996975829677962,-0.8992278055854845,-0.42771975306807225,0.5542568870069536,DDoS,2,TON_IoT
0.012286165191035557,0.64183955102784,1.982076014847824,-0.4413246768066931,1.5402093736961675,-0.27836494110023835,-0.547750917301857,Ransomware,6,TON_IoT
-0.5746421324914648,1.7896184540097,0.6230522105948902,-0.4413246768066931,-0.8024822073165311,-0.42771975306807225,2.378361412114985,DDoS,2,TON_IoT
-0.560206892442488,3.348365743474419,1.4633297607634388,1.5996975829677962,-0.3455595250462829,-0.42771975306807225,0.35398672280235277,DDoS,2,TON_IoT
-0.5572614192879791,3.1398267802640882,-0.1754629756969122,1.5996975829677962,-0.18996548961373044,-0.42771975306807225,2.7213530908206347,DDoS,2,TON_IoT
-0.25942345479698986,-0.5112342865667824,-0.3669268627544904,1.5996975829677962,1.1363324467400537,-0.27918332363156895,-0.5834227562158479,Normal,5,TON_IoT
-0.45482812364417813,-0.517343826504585,-0.37594806623100047,1.5996975829677962,-0.28727595071758755,-0.42771975306807225,-0.5821313983805324,Normal,5,TON_IoT
1.8825218488504085,-0.347498616233671,-0.3709991425367322,-0.4413246768066931,-0.19597357613043295,2.2676231138692478,-0.5324821589536458,Botnet,0,TON_IoT
-0.5062399062932865,-0.5352651436554728,-0.3803816242682976,-0.4413246768066931,-0.14405754648610603,-0.4514528464766595,-0.5869787673727466,Normal,5,TON_IoT
-0.011794628567307609,-0.5136781025419034,-0.3207555346805465,-0.4413246768066931,-0.4832833544291561,2.2676231138692478,-0.547711309495779,Botnet,0,TON_IoT
-0.14373241004803128,-0.5360797489805131,-0.3571488447357642,1.5996975829677962,0.6941989005109194,-0.4514528464766595,-0.5806115862351978,Normal,5,TON_IoT
-0.49144656368605427,-0.05953563383190558,0.9323714509014374,-0.4413246768066931,-0.5671398098289443,-0.27836494110023835,-0.3295439899725963,Ransomware,6,TON_IoT
-0.5643566093202602,1.041403462960134,0.7767034694830752,1.5996975829677962,-1.266029190105195,-0.42771975306807225,2.728321447308865,DDoS,2,TON_IoT
-0.5750081847968609,-0.5059393519540201,-0.3803929610763416,-0.4413246768066931,-0.743017556151219,-0.14783292735300818,0.37551114240471717,Reconnaissance,7,TON_IoT
-0.42646821424533304,-0.5067539572790604,-0.38065541918551477,-0.4413246768066931,-1.5264823081625898,-0.27918332363156895,-0.58353996319068,Normal,5,TON_IoT
-0.45450135402367187,-0.5210095504672666,-0.37150937534289963,-0.4413246768066931,-0.03832549402550354,-0.4514528464766595,-0.5834891035946537,Normal,5,TON_IoT
-0.012170039404470147,-0.5373016569680737,-0.3783902038259865,-0.4413246768066931,1.2158754041278503,-0.4514528464766595,-0.5857399727526236,Normal,5,TON_IoT
-0.043287109509933884,0.42189611326694415,9.04634910117807,-0.4413246768066931,-0.7652012602128898,-0.27836494110023835,-0.3612237242013619,Ransomware,6,TON_IoT
-0.568803002363832,1.1733695256166714,-0.06559530761964485,-0.4413246768066931,-1.3972314213032713,-0.42771975306807225,1.2572109415392028,DDoS,2,TON_IoT
-0.5652986439156235,1.4079758592282936,3.1366741970893455,1.5996975829677962,-1.5177526098049878,-0.42771975306807225,2.2007483078949908,DDoS,2,TON_IoT
-0.5571510957154071,1.8169077323985519,3.1886758693527364,1.5996975829677962,-0.646323309049075,-0.42771975306807225,2.2139956101554126,DDoS,2,TON_IoT
2.9860417533387773,-0.3430182869459491,-0.3482743025857784,-0.4413246768066931,-1.38578011110477,-0.4510436552109942,-0.546450501595673,Botnet,0,TON_IoT
-0.24016154974548515,0.4361517064551504,1.8990763043423042,-0.4413246768066931,1.4611799279764652,-0.27836494110023835,-0.48491477073775496,Ransomware,6,TON_IoT
-0.21640588214488474,-0.5181584318296254,-0.38108309487688785,1.5996975829677962,0.06401738142567703,-0.27918332363156895,-0.5870000884071602,Normal,5,TON_IoT
-0.5238402276095102,-0.5246752744299482,-0.37642757344575667,1.5996975829677962,-0.32044880447647495,-0.4514528464766595,-0.5872212105345035,Normal,5,TON_IoT
0.21738608062822107,-0.17846801128779738,3.0466900480729175,-0.4413246768066931,-0.6699448457814097,-0.27836494110023835,-0.48496398972647475,Ransomware,6,TON_IoT
3.4280706393007625,-0.35645927480911493,-0.37862638476342503,-0.4413246768066931,0.614809996623551,-0.4510436552109942,-0.5407028269330021,Botnet,0,TON_IoT
0.967447323624148,-0.5230460637798675,-0.3659867850802979,1.5996975829677962,-0.5809532737006792,-0.27918332363156895,-0.5848165784944376,Normal,5,TON_IoT
-0.5522113112834571,-0.5230460637798675,-0.37132038704918596,1.5996975829677962,-0.2664787281597711,-0.27918332363156895,-0.5845142030400781,Normal,5,TON_IoT
-0.458034818481099,-0.5254898797549886,-0.36427436003123753,1.5996975829677962,-0.46746719505185375,-0.27918332363156895,-0.5857522202294673,Normal,5,TON_IoT
-0.4935277560710424,-0.5112342865667824,-0.37585532820343426,-0.4413246768066931,-1.418542155529182,-0.27918332363156895,-0.5838291043438676,Normal,5,TON_IoT
2.904352829237206,-0.47946467889020855,-0.31185630742769666,-0.4413246768066931,0.939349370859106,2.2676231138692478,-0.5069520100677161,Botnet,0,TON_IoT
-0.09896312966276115,-0.5210095504672666,-0.36890865843280907,1.5996975829677962,-1.452639330290639,-0.27918332363156895,-0.5841581723871976,Normal,5,TON_IoT
1.9225446348748567,-0.52874830105515,-0.26948127938607735,-0.4413246768066931,0.20980334399762968,2.2676231138692478,-0.5327443561535002,Botnet,0,TON_IoT
-0.39134562335395195,-0.5250825770924684,-0.3692972029475944,1.5996975829677962,-1.5702335022842184,-0.27918332363156895,-0.5819116977083655,Normal,5,TON_IoT
-0.35115974698577795,-0.5434111969058764,-0.3575655509019301,1.5996975829677962,1.3728559210642572,-0.42771975306807225,-0.5763673384712842,Normal,5,TON_IoT
-0.4901464993355305,-0.5067539572790604,-0.37254134908402126,-0.4413246768066931,0.6337072260094188,-0.04962702359333659,-0.0936893458217186,Reconnaissance,7,TON_IoT
-0.5039125108557336,0.1738487917921561,0.3066025344159385,-0.4413246768066931,-1.2624859595953448,-0.27836494110023835,-0.5614388072220838,Ransomware,6,TON_IoT
-0.5417917649212871,-0.5116415892293026,-0.3710736179543314,1.5996975829677962,0.44216737381026994,-0.27918332363156895,-0.5844957315372991,Normal,5,TON_IoT
-0.39468321873590057,-0.5340432356679123,-0.37567172356081235,1.5996975829677962,1.5080635432734686,-0.4514528464766595,-0.5802868766308277,Normal,5,TON_IoT
-0.5648176500072247,0.09768319390088293,2.1697994833391805,-0.4413246768066931,-1.2764534769675078,-0.42771975306807225,0.47993752455938193,DDoS,2,TON_IoT
-0.5645780740169681,0.446741575680675,0.34899075545987995,-0.4413246768066931,0.8662253093224873,-0.42771975306807225,2.300476451138511,DDoS,2,TON_IoT
2.1213781629499704,-0.36012499877179655,-0.36870689696821324,-0.4413246768066931,0.18351154659120497,2.2676231138692478,-0.5612444800432522,Botnet,0,TON_IoT
-0.39794801785959594,-0.5307848143677509,-0.3807224241809156,1.5996975829677962,0.4036539987032025,-0.42771975306807225,-0.5846577061639265,Normal,5,TON_IoT
-0.5735811884654453,-0.0953782681336812,-0.3203437606171877,1.5996975829677962,-1.5577038175827191,-0.42771975306807225,1.527323021014468,DDoS,2,TON_IoT
0.049877515832977073,-0.38456315852300715,-0.2057513718575974,-0.4413246768066931,-1.4354366894094823,-0.4510436552109942,-0.5169411207908182,Botnet,0,TON_IoT
-0.49837726390898635,0.27771097073480133,0.3910972384135055,-0.4413246768066931,-1.4713311550092691,-0.27836494110023835,-0.47486220790739514,Ransomware,6,TON_IoT
-0.5134304082709298,0.17710721309231753,6.181134876799616,-0.4413246768066931,-1.4054476079927791,-0.27836494110023835,-0.4141801949789642,Ransomware,6,TON_IoT
-0.540104655400525,-0.5442258022309168,-0.38085327271488834,-0.4413246768066931,0.19162503094709385,-0.4514528464766595,-0.5851249144521834,Normal,5,TON_IoT
0.2583099732459339,-0.5193803398171859,-0.3720560238533015,-0.4413246768066931,-0.7024501343717746,2.2676231138692478,-0.5307862752339644,Botnet,0,TON_IoT
-0.41294094915198987,-0.5299702090427105,-0.36625142120979737,-0.4413246768066931,0.44925383482997033,-0.4514528464766595,-0.582132650625589,Normal,5,TON_IoT
-0.012981631276265487,-0.5206022478047464,-0.38101912263192966,-0.4413246768066931,-0.07206321061929462,2.845810372254314,-0.5434113576403694,Botnet,0,TON_IoT
-0.5561966310615463,-0.5108269839042622,-0.3710041474271147,-0.4413246768066931,-0.6313801195075328,-0.4514528464766595,-0.5789060216667968,Normal,5,TON_IoT
3.6206903160129285,-0.47946467889020855,-0.3524481257162143,-0.4413246768066931,1.0546840915130706,2.845810372254314,-0.5309953115083805,Botnet,0,TON_IoT
-0.5667144364597921,1.9733119548063,2.1507625204347462,-0.4413246768066931,0.7915093616147764,-0.42771975306807225,2.2441581499930687,DDoS,2,TON_IoT
-0.5644945479795487,3.30396975325972,-0.19594911093357695,-1.369062067613279,-0.8727306035118222,-0.42771975306807225,1.0460291735587983,DDoS,2,TON_IoT
-0.5179800475800452,-0.5389308676181545,-0.38091709717674266,-0.4413246768066931,-0.5984126704158831,-0.4514528464766595,-0.5756351909106022,Normal,5,TON_IoT
-0.5597634407357948,-0.06768168708230912,-0.26091107713647543,1.5996975829677962,-0.4622293760372926,-0.42771975306807225,2.1071061101833224,DDoS,2,TON_IoT
-0.12042625817153375,-0.5075685626041008,-0.37973846319282345,1.5996975829677962,0.8799360708606033,-0.4514528464766595,-0.5867602986325829,Normal,5,TON_IoT
2.599610950302632,-0.3479059188961912,-0.3392041614198731,-0.4413246768066931,1.536255333851842,2.845810372254314,-0.5513868460817057,Botnet,0,TON_IoT
-0.5600667496740688,0.21335715005661332,1.5472892669873164,1.5996975829677962,0.909873801110497,-0.42771975306807225,0.960803247901148,DDoS,2,TON_IoT
-0.5419412400971293,-0.5267117877425491,-0.35527847215406316,1.5996975829677962,-0.5965640284107439,-0.42771975306807225,-0.5851697727941114,Normal,5,TON_IoT
-0.5605070248590592,3.1500093468270927,0.5802767798988014,-1.369062067613279,-1.4711771015088408,-0.42771975306807225,1.01802316404487,DDoS,2,TON_IoT
-0.3980868134824205,-0.5197876424797061,-0.3734254627375935,1.5996975829677962,-0.3539811164030283,-0.4514528464766595,-0.5795727265257601,Normal,5,TON_IoT
-0.294704535485702,-0.09374905748360048,6.990673162273854,-0.4413246768066931,-0.48728874544029116,-0.27836494110023835,-0.5182993007664569,Ransomware,6,TON_IoT
2.8757633836184784,-0.36541993338455886,-0.2902412862735358,-0.4413246768066931,0.3418271938646569,2.2676231138692478,-0.508281164045415,Botnet,0,TON_IoT
-0.5654459440417493,2.9451361075794433,0.3737440970169284,-1.369062067613279,-1.2319320153437379,-0.42771975306807225,2.4367423340074406,DDoS,2,TON_IoT
-0.5729402670785854,0.23331498052010202,1.053347519734089,1.5996975829677962,0.1862331584321044,-0.42771975306807225,2.78969256112879,DDoS,2,TON_IoT
-0.5763033224478632,2.189589668604514,0.5326200883207778,1.5996975829677962,0.4028323800342517,-0.42771975306807225,0.43513708897977743,DDoS,2,TON_IoT
-0.5588594465423936,1.5892255440497727,1.6065606896894924,-0.4413246768066931,-1.096775744301336,-0.42771975306807225,2.4037452431536743,DDoS,2,TON_IoT
-0.2623708511198057,-0.5373016569680737,-0.379265178112672,1.5996975829677962,0.33571640501433553,-0.27918332363156895,-0.5847235929971178,Normal,5,TON_IoT
1.3151637700342558,-0.39311651443593093,-0.36849701466191453,-0.4413246768066931,-1.3397181144767174,-0.4510436552109942,-0.5469538842190488,Botnet,0,TON_IoT
0.9803080507876598,-0.3462767082461105,-0.35681349053482564,-0.4413246768066931,-0.13902513213878256,-0.4510436552109942,-0.5097046210518937,Botnet,0,TON_IoT
0.9464433666904235,-0.3967822383986125,-0.354221119050468,-0.4413246768066931,0.2694220486633701,2.2676231138692478,-0.5485476864959667,Botnet,0,TON_IoT
-0.562717713766254,2.407903895715329,0.49903076983475025,-0.4413246768066931,1.133816239566392,-0.42771975306807225,1.1990339325494401,DDoS,2,TON_IoT
-0.5765042984156478,3.274643961558267,-0.3501844496716333,1.5996975829677962,0.9462304272115687,-0.42771975306807225,2.5217899125358776,DDoS,2,TON_IoT
1.105148964519512,-0.3694929600097606,-0.3419306891172531,-0.4413246768066931,-0.7369067673008977,2.845810372254314,-0.5687604875419939,Botnet,0,TON_IoT
-0.4777260063156689,-0.4778354682401278,-0.3807935958084194,-0.4413246768066931,1.1903538742235669,-0.1723844032929261,0.3352605141102454,Reconnaissance,7,TON_IoT
-0.5764603670954347,2.826611032786072,-0.3100188083685558,-1.369062067613279,1.2389834291920907,-0.42771975306807225,0.6407207039922375,DDoS,2,TON_IoT
-0.47493351883418794,0.331882224849985,0.7788177916967737,-0.4413246768066931,-0.44369160481909076,-0.27836494110023835,-0.5203635186567318,Ransomware,6,TON_IoT
-0.5107480139568765,-0.535672446317993,-0.37157747066990493,1.5996975829677962,1.175102577681168,-0.27918332363156895,-0.5869914646723006,Normal,5,TON_IoT
-0.1238864688690176,0.4874718419326927,3.4148698719446617,-0.4413246768066931,0.14438195748242444,-0.27836494110023835,-0.360915559190599,Ransomware,6,TON_IoT
-0.050180178954836306,-0.5153073131919842,-0.35982536347325556,-0.4413246768066931,1.2792427439706786,-0.42771975306807225,-0.5761645749880403,Normal,5,TON_IoT
-0.4908418373078438,-0.5096050759167017,-0.3775308017713937,1.5996975829677962,-1.255604903242882,-0.12491821647575148,1.2702818307302497,Reconnaissance,7,TON_IoT
3.4801608708543705,-0.514900010529464,-0.3736025202606935,-0.4413246768066931,-1.5446606212131255,2.2676231138692478,-0.5219329206562796,Botnet,0,TON_IoT
1.1904807246260065,-0.3593103934467562,-0.34635566221347946,-0.4413246768066931,-1.070843405062577,2.2676231138692478,-0.5095865271660831,Botnet,0,TON_IoT
-0.39255101359112693,0.3579495952512763,1.1978809457697843,-0.4413246768066931,0.2852895592074819,-0.27836494110023835,-0.39297991293135454,Ransomware,6,TON_IoT
-0.5728984582982127,2.813984650247946,0.45243000013212925,-0.4413246768066931,-1.5183174726398914,-0.42771975306807225,0.36289739766986207,DDoS,2,TON_IoT
-0.5144586819898158,-0.24078531865338454,0.7309040812980995,-0.4413246768066931,-0.15309535184456452,-0.27836494110023835,-0.3837678662428825,Ransomware,6,TON_IoT
-0.332258104669473,-0.5360797489805131,-0.35891331233400303,-0.4413246768066931,0.8280200412162764,-0.27918332363156895,-0.5838854784195311,Normal,5,TON_IoT
-0.5650372943453106,3.187888494441469,0.17703704140565332,-1.369062067613279,0.6021262584216234,-0.42771975306807225,2.5688992210446653,DDoS,2,TON_IoT
-0.3117487906776678,-0.5067539572790604,-0.3553610364430955,-0.4413246768066931,1.1227243875355564,-0.42771975306807225,-0.5869523571263123,Normal,5,TON_IoT
0.8262863983637195,-0.4916837587658138,-0.356930302208135,-0.4413246768066931,-1.059546148364504,-0.4510436552109942,-0.5277352697083457,Botnet,0,TON_IoT
-0.3361635204354679,-0.5344505383304324,-0.3782816338778387,1.5996975829677962,-1.5557011220771515,-0.42771975306807225,-0.5860878334654411,Normal,5,TON_IoT
0.26841718326081687,0.2561239296212319,0.1497463422483865,-0.4413246768066931,-1.4082719221672975,-0.27836494110023835,-0.3983640273481944,Ransomware,6,TON_IoT
-0.5759847761134529,1.7175258827436286,4.909853461171866,-1.369062067613279,0.7149961230687357,-0.42771975306807225,1.046246027621871,DDoS,2,TON_IoT
-0.5602766764747444,2.6095187136628173,2.1274049869863916,-1.369062067613279,1.0072356133811635,-0.42771975306807225,1.4151412319403278,DDoS,2,TON_IoT
-0.5245848566898493,0.18199484504255964,0.28555968645036744,-0.4413246768066931,0.30043815341626173,-0.27836494110023835,-0.44546602684120595,Ransomware,6,TON_IoT
2.972081690307891,-0.3511643401963526,-0.3332726599485216,-0.4413246768066931,-1.5132850582925679,2.2676231138692478,-0.5393414745918726,Botnet,0,TON_IoT
-0.5736322670612031,3.0693634196480977,-0.18511976428599725,-0.4413246768066931,-0.5525560784550682,-0.42771975306807225,0.8049573222754056,DDoS,2,TON_IoT
-0.4231290273942817,-0.5238606691049079,-0.37021064169142365,-0.4413246768066931,-0.6607016357557135,-0.27918332363156895,-0.5842661108644993,Normal,5,TON_IoT
-0.4940214224313424,-0.5340432356679123,-0.38089362968940427,1.5996975829677962,-0.37498374362808246,-0.36756863701527337,1.2666771969043993,Reconnaissance,7,TON_IoT
-0.4964698036697789,-0.540152775605715,-0.3808175284093424,-0.4413246768066931,-0.29569754207433296,-0.10077593180149888,0.8713589240210313,Reconnaissance,7,TON_IoT
1.556494267114022,-0.43629059666306974,-0.3578482629147842,-0.4413246768066931,0.33094074650105915,2.845810372254314,-0.508880542885473,Botnet,0,TON_IoT
2.509304435892487,-0.3825266452104063,-0.2783962241923367,-0.4413246768066931,1.2108943409473363,2.845810372254314,-0.5352464827502076,Botnet,0,TON_IoT
-0.5603076589509325,3.024560126770878,-0.284260752052665,-0.4413246768066931,0.9644087402621045,-0.42771975306807225,0.45571984042781544,DDoS,2,TON_IoT
-0.4172156001446935,0.4027528881284958,-0.057448314999479354,-0.4413246768066931,-0.6932582755128879,-0.27836494110023835,-0.5408982097078117,Ransomware,6,TON_IoT
-0.3947777959456602,-0.5116415892293026,-0.38048424295097216,1.5996975829677962,-0.17050339739295903,-0.27918332363156895,-0.5740239288442571,Normal,5,TON_IoT
-0.567125174074617,1.396978687340249,0.2625784754118978,-0.4413246768066931,-0.9645978409338803,-0.42771975306807225,0.962382865559235,DDoS,2,TON_IoT
3.6252729315112813,-0.42651533276258546,-0.34624647361493777,-0.4413246768066931,-0.6914609846745581,2.845810372254314,-0.5444468655574333,Botnet,0,TON_IoT
-0.30598439363160645,0.43818821976775124,-0.3515785184878108,-0.4413246768066931,0.7868364054351189,-0.27836494110023835,-0.5637891310728503,Ransomware,6,TON_IoT
1.2368779940559091,-0.5096050759167017,-0.2779802079696282,-0.4413246768066931,1.6672008092158714,2.845810372254314,-0.5042750538711818,Botnet,0,TON_IoT
2.644988169339267,-0.4815011922028094,-0.36715461978364755,-0.4413246768066931,-1.1142351410165399,-0.4510436552109942,-0.49760181381711266,Botnet,0,TON_IoT
1.223675059809731,-0.40818671294917747,-0.3639780582467385,-0.4413246768066931,0.7613148755308355,-0.4510436552109942,-0.5244759763563834,Botnet,0,TON_IoT
-0.5695549974200659,-0.5014590226662982,-0.37994439796413165,1.5996975829677962,-0.5893748650574245,-0.2579053778169734,-0.2965454925471625,Reconnaissance,7,TON_IoT
-0.43907429336932124,-0.48231579752784975,-0.38101703696907196,-0.4413246768066931,-1.2664399994396702,-0.13801233697704102,0.5962619581872554,Reconnaissance,7,TON_IoT
-0.5714315916079572,0.06428437557422836,-0.23390942168350948,-0.4413246768066931,0.9793519298036467,-0.42771975306807225,2.4594969025961486,DDoS,2,TON_IoT
-0.21640091401078085,-0.40859401561169767,0.37229895486244086,-0.4413246768066931,0.5227373545342551,-0.27836494110023835,-0.4058274338428918,Ransomware,6,TON_IoT
-0.5703903682263082,2.207103683092882,0.32800870665834686,-0.4413246768066931,-1.0646812650454462,-0.42771975306807225,1.8602842639048829,DDoS,2,TON_IoT
0.431941493243329,-0.44321474192591276,-0.3302526724483376,-0.4413246768066931,-0.2894326997235833,2.2676231138692478,-0.5029727611201308,Botnet,0,TON_IoT
-0.5727177444535244,0.09035174597551973,-0.1358054841522862,-0.4413246768066931,-0.6394422526966123,-0.27836494110023835,-0.4679546226546639,Ransomware,6,TON_IoT
-0.49454871562993746,-0.4961640880535358,-0.3779536298141823,-0.4413246768066931,1.1429567472584692,-0.4199451190204316,0.2633246960840213,Reconnaissance,7,TON_IoT
-0.4781770183998855,-0.4994225093536972,-0.38137597558980796,-0.4413246768066931,1.2119727154503341,-0.04430753713968771,1.075924190118578,Reconnaissance,7,TON_IoT
3.058007039575044,-0.34872052422123156,-0.3307429789961449,-0.4413246768066931,-0.04731194821715261,2.2676231138692478,-0.5411445067545573,Botnet,0,TON_IoT
-0.5690660558306812,0.6638338948039296,3.4687942472171414,1.5996975829677962,1.61389829806769,-0.42771975306807225,1.2894423828893302,DDoS,2,TON_IoT
2.9390800633643233,-0.38700697449812826,-0.3694884641354484,-0.4413246768066931,-0.09958743602914549,2.845810372254314,-0.4988014430504949,Botnet,0,TON_IoT
-0.5066529159878692,-0.5263044850800289,-0.3799729260023856,-0.4413246768066931,1.1957970979053658,-0.4514528464766595,-0.5830352732149029,Normal,5,TON_IoT
-0.5630529873502707,2.853085705849883,-0.21024215009408298,1.5996975829677962,-0.3043758892651255,-0.42771975306807225,1.7257575930300564,DDoS,2,TON_IoT
-0.5621899590462701,3.4754441741807143,0.04474581690809244,1.5996975829677962,0.9301061608334098,-0.42771975306807225,0.35133728790924984,DDoS,2,TON_IoT
-0.42183736295714636,-0.5100123785792219,-0.3786357669689357,-0.4413246768066931,0.36508927242932565,-0.4514528464766595,-0.5873907950673161,Normal,5,TON_IoT
-0.008120555010852083,0.5355335561100737,0.542322742452302,-0.4413246768066931,0.8668928744910097,-0.27836494110023835,-0.5411624163217458,Ransomware,6,TON_IoT
-0.5722433554185548,2.848198073899641,1.4685098172954016,1.5996975829677962,-0.5090102890006771,-0.42771975306807225,1.098190721168508,DDoS,2,TON_IoT
-0.4889636423985963,-0.4733551389524059,-0.3775941312853534,-0.4413246768066931,0.4215755559196912,-0.22230573770409248,1.133521388475007,Reconnaissance,7,TON_IoT
-0.39957696914648927,-0.5397454729431947,-0.37869377347381533,-0.4413246768066931,-0.891268374730024,-0.27918332363156895,-0.5859245835833701,Normal,5,TON_IoT
-0.24513409809213296,-0.5181584318296254,-0.377176587489425,1.5996975829677962,-0.023228250983533098,-0.42771975306807225,-0.5740777934373932,Normal,5,TON_IoT
-0.5070478017961116,-0.5177511291671052,-0.37294024058849395,-0.4413246768066931,0.7672202597139192,-0.27918332363156895,-0.5862490360592482,Normal,5,TON_IoT
-0.5400144289334323,-0.5128634972168631,-0.379419828134659,-0.4413246768066931,-1.2708048486184713,-0.27918332363156895,-0.5807668229092757,Normal,5,TON_IoT
-0.13775259277920135,-0.4183692795121819,0.5228898162841181,-0.4413246768066931,1.2357996568499066,-0.27836494110023835,-0.4022808229343062,Ransomware,6,TON_IoT
-0.5754219639789138,1.792062269984821,0.5544508415683749,-0.4413246768066931,-0.7568823711897633,-0.42771975306807225,2.52299380129996,DDoS,2,TON_IoT
-0.42758179529512924,-0.540152775605715,-0.3658301620919351,1.5996975829677962,1.6129739770651204,-0.27918332363156895,-0.5868727065996526,Normal,5,TON_IoT
-0.302867624797931,-0.5059393519540201,-0.3775975576513353,-0.4413246768066931,-1.1439161154323865,-0.4514528464766595,-0.5872636173654454,Normal,5,TON_IoT
-0.46586657334159004,-0.4961640880535358,-0.3794214374447462,-0.4413246768066931,-0.6152558531293739,-0.1920255840448604,0.40217933355850105,Reconnaissance,7,TON_IoT
-0.33646757315598813,-0.5128634972168631,-0.38086066318541073,-0.4413246768066931,-1.0381327118049746,-0.27918332363156895,-0.5826960223130738,Normal,5,TON_IoT
-0.5587249066987154,2.1411206517646133,0.8421565279295228,1.5996975829677962,0.18648991426615152,-0.42771975306807225,2.403342487047248,DDoS,2,TON_IoT
-0.5128415529947513,-0.5234533664423877,-0.37493340676088666,1.5996975829677962,1.3780937400788185,-0.19693587923284397,-0.3464607048120125,Reconnaissance,7,TON_IoT
-0.5024790073239513,-0.5144927078669438,-0.3671426817707784,-0.4413246768066931,0.7367690177959312,-0.42771975306807225,-0.5872572774349648,Normal,5,TON_IoT
-0.4644049259932789,-0.5116415892293026,-0.3785338205362942,1.5996975829677962,0.5067157904897149,-0.4514528464766595,-0.5852070884468502,Normal,5,TON_IoT
2.2755400525068095,-0.4705040203147646,-0.3809986168752409,-0.4413246768066931,-0.1574088498565561,-0.4510436552109942,-0.5573491176652993,Botnet,0,TON_IoT
0.5842181197860499,0.6064042193885846,5.524250180122293,-0.4413246768066931,0.797517448131479,-0.27836494110023835,-0.4718127354347362,Ransomware,6,TON_IoT
0.19156985122521283,-0.5226387611173473,-0.3799827568817428,1.5996975829677962,1.3581694873567622,-0.27918332363156895,-0.5762985766739172,Normal,5,TON_IoT
2.171083833793755,-0.38008282923528525,-0.3415009521156073,-0.4413246768066931,0.3710460077792187,2.2676231138692478,-0.511063069558114,Botnet,0,TON_IoT
-0.5584206052890591,0.6935669891679025,1.6880361861358246,1.5996975829677962,-1.5736226792936403,-0.42771975306807225,1.7824202792765793,DDoS,2,TON_IoT
-0.4113208279725067,-0.39800414638617304,1.4464977366717056,-0.4413246768066931,0.813539012176019,-0.27836494110023835,-0.5562160654509075,Ransomware,6,TON_IoT
0.17756991921288995,-0.5336359330053921,-0.3780541005163784,-0.4413246768066931,1.0007653663631761,-0.27918332363156895,-0.585820049172219,Normal,5,TON_IoT
-0.07650351327550234,-0.5360797489805131,-0.3810970304418203,-0.4413246768066931,1.5217743048115846,2.845810372254314,-0.513303950818735,Botnet,0,TON_IoT
3.579929488826357,-0.3967822383986125,-0.33891378595780786,-0.4413246768066931,-0.10087121519938107,-0.4510436552109942,-0.524037924911559,Botnet,0,TON_IoT
-0.4902105336827137,-0.5246752744299482,-0.3788017904826875,-0.4413246768066931,0.46311864986851464,-0.17402116835558729,0.087245524630183,Reconnaissance,7,TON_IoT
-0.48122266841045086,-0.48272310019036996,-0.3809359676587233,1.5996975829677962,-1.524941773158307,-0.20143698315516226,0.9119886961891638,Reconnaissance,7,TON_IoT
-0.49724767780984,-0.5100123785792219,-0.3692324159071666,-0.4413246768066931,-0.11124415089488457,-0.4514528464766595,-0.5835487848780895,Normal,5,TON_IoT
2.1676592405702464,-0.4387344126381908,-0.33622492897883816,-0.4413246768066931,0.900887346918848,2.845810372254314,-0.538106732741508,Botnet,0,TON_IoT
-0.5419116226059887,0.0031889761962017506,0.7992855340290771,-0.4413246768066931,1.13756487474348,-0.27836494110023835,-0.31688230772283543,Ransomware,6,TON_IoT
-0.4417224876635027,-0.5193803398171859,-0.3804221997929428,1.5996975829677962,-0.6985474456942584,-0.4514528464766595,-0.5871985616106594,Normal,5,TON_IoT
-0.5356050511568925,-0.5250825770924684,-0.37432648177334565,1.5996975829677962,-0.269867905169193,-0.42771975306807225,-0.5871364323410526,Normal,5,TON_IoT
-0.3741702770563516,-0.4603214537517602,2.3495713515947276,-0.4413246768066931,0.3330461443402455,-0.27836494110023835,-0.4011375290462699,Ransomware,6,TON_IoT
2.299011604039973,-0.441585531275832,-0.3797783839393577,-0.4413246768066931,-0.4900103572811906,-0.4510436552109942,-0.5136468067925464,Botnet,0,TON_IoT
-0.5672305735603017,2.826611032786072,5.059548182303183,1.5996975829677962,-1.4485312369458851,-0.42771975306807225,0.6664305838441342,DDoS,2,TON_IoT
-0.5763413505115601,3.5076210845198084,1.230839271075978,1.5996975829677962,-0.2771084196893217,-0.42771975306807225,0.6031027087133519,DDoS,2,TON_IoT
-0.37336406355093027,-0.540152775605715,-0.37881041520510955,-0.4413246768066931,-0.3626594635938209,-0.4514528464766595,-0.5832454223700594,Normal,5,TON_IoT
1.6467012983496674,-0.538116262293114,-0.2592042309926169,-0.4413246768066931,-0.5098832588364374,-0.4510436552109942,-0.5451671018603248,Botnet,0,TON_IoT
0.06580285439620787,0.29033735327292687,-0.3124474564664853,-0.4413246768066931,0.1127496387278197,-0.27836494110023835,-0.45914325859259275,Ransomware,6,TON_IoT
-0.37627797187287115,-0.5165292211795447,-0.3396104307102326,-0.4413246768066931,-1.354712655185069,-0.27918332363156895,-0.5871855763120281,Normal,5,TON_IoT
-0.5271148290822859,-0.5161219185170245,-0.37504070082187907,1.5996975829677962,0.9448952968745237,-0.42771975306807225,-0.5857542145138916,Normal,5,TON_IoT
-0.38395002372888176,-0.5206022478047464,-0.3635287587495494,-0.4413246768066931,-0.8572739023021858,-0.27918332363156895,-0.5861687933444371,Normal,5,TON_IoT
-0.37276728997872954,-0.38822888248568876,2.254217799505752,-0.4413246768066931,-0.9370222643572201,-0.27836494110023835,-0.45615364322614255,Ransomware,6,TON_IoT
-0.5405047288796041,-0.5373016569680737,-0.36363465698149006,1.5996975829677962,0.41233234589399503,-0.4514528464766595,-0.5867790139032438,Normal,5,TON_IoT
0.12562322680091217,-0.22938084410281956,-0.27903720379929575,-0.4413246768066931,0.6224613204781551,-0.27836494110023835,-0.4586730609270936,Ransomware,6,TON_IoT
1.3290845581940052,-0.409408620936738,-0.3789842332518129,-0.4413246768066931,-0.44399971181994735,-0.4510436552109942,-0.522768304664866,Botnet,0,TON_IoT
-0.4673735819999076,-0.47213323096484533,-0.3801207452842756,-0.4413246768066931,1.3142642397347053,-0.20307374821782345,-0.04594650927418906,Reconnaissance,7,TON_IoT
0.3757287592853617,0.6169940886141092,2.2418053626103194,-0.4413246768066931,-0.4096971323912526,-0.27836494110023835,-0.3666022787104472,Ransomware,6,TON_IoT
-0.44497338415992443,-0.20575728967664927,1.3336534683980712,-0.4413246768066931,-0.9935598990143951,-0.27836494110023835,-0.4376129118839838,Ransomware,6,TON_IoT
-0.33195251104038986,-0.5181584318296254,-0.3749503141332873,1.5996975829677962,0.1706224037220397,-0.42771975306807225,-0.5873616803334759,Normal,5,TON_IoT
-0.012379855982102126,0.47647467004464794,0.08453384783305573,-0.4413246768066931,-0.9521195073991905,-0.27836494110023835,-0.48734200201339056,Ransomware,6,TON_IoT
-0.5426765307546427,-0.47539165226500674,-0.37351164320963387,1.5996975829677962,-1.2057942714377414,-0.22680684162641077,1.035696864549409,Reconnaissance,7,TON_IoT
-0.46985813912293384,-0.5250825770924684,-0.3751059921211264,-0.4413246768066931,1.6888196504426387,-0.04307996334269181,-0.34470448541953763,Reconnaissance,7,TON_IoT
-0.454645583760451,-0.5206022478047464,-0.37708328758699333,-0.4413246768066931,-0.36307027292829624,-0.4514528464766595,-0.586998191809071,Normal,5,TON_IoT
-0.22931759484051503,-0.15402985153658674,2.549709769499218,-0.4413246768066931,-1.2021996897610818,-0.27836494110023835,-0.3393885879298172,Ransomware,6,TON_IoT
-0.5487693980008516,-0.537708959630594,-0.3626302422229105,-0.4413246768066931,-0.019582318140064045,-0.27918332363156895,-0.587223508552526,Normal,5,TON_IoT
-0.5384944017028378,-0.11981642788489184,0.4387511512134194,-0.4413246768066931,0.4617321683646602,-0.27836494110023835,-0.4067340173063443,Ransomware,6,TON_IoT
-0.5738627276482321,-0.5340432356679123,-0.3782601589075721,-0.4413246768066931,-1.2141645116276774,-0.27713736730324245,0.2873032885283605,Reconnaissance,7,TON_IoT
-0.5703385072339723,0.5864463889250958,-0.03411754866135143,-1.369062067613279,-1.351580234009694,-0.42771975306807225,1.84683013874005,DDoS,2,TON_IoT
2.59074293994651,-0.48068658687776905,-0.352241280831998,-0.4413246768066931,-1.1596809236428793,-0.4510436552109942,-0.5710760638223069,Botnet,0,TON_IoT
-0.5334847603565377,-0.5324140250178316,-0.3717637894367317,-0.4413246768066931,1.558439037913513,-0.27918332363156895,-0.5846726409173402,Normal,5,TON_IoT
2.2265860960973276,-0.46806020433964357,-0.37753928661208025,-0.4413246768066931,1.4311394953929526,2.845810372254314,-0.5520548335741411,Botnet,0,TON_IoT
-0.5348156541140584,-0.514900010529464,-0.380333744913738,-0.4413246768066931,-0.7133879329021817,-0.1907980102478645,0.6648895992056698,Reconnaissance,7,TON_IoT
-0.44463935762798373,-0.5373016569680737,-0.37797939947248715,-0.4413246768066931,0.882452278034265,-0.27918332363156895,-0.5784449252581316,Normal,5,TON_IoT
-0.5644346056847975,1.3411782225749846,0.1676856437792379,-1.369062067613279,0.8094309188312652,-0.42771975306807225,2.155128936248978,DDoS,2,TON_IoT
3.244666361199523,-0.3446474975960298,-0.3528417365713893,-0.4413246768066931,1.0732218627312724,2.2676231138692478,-0.5011735139166552,Botnet,0,TON_IoT
-0.4140195159210099,0.17099767315451486,0.22818254376105068,-0.4413246768066931,-0.8044849028220986,-0.27836494110023835,-0.520007204291803,Ransomware,6,TON_IoT
-0.4741535661610064,-0.5128634972168631,-0.37761003640913404,-0.4413246768066931,0.9656411682655307,-0.27918332363156895,-0.5808120146339472,Normal,5,TON_IoT
-0.4009356757536539,-0.517343826504585,-0.38026673002171957,-0.4413246768066931,-1.311526323898344,-0.42771975306807225,-0.5872082790354746,Normal,5,TON_IoT
-0.36505741954113263,-0.5409673809307554,-0.35266730332899826,-0.4413246768066931,0.08039840363788305,-0.27918332363156895,-0.5849424427497752,Normal,5,TON_IoT
0.45107468954128277,-0.3939311197609713,-0.35145386286594676,-0.4413246768066931,-1.5709010674527408,2.2676231138692478,-0.5766005564809635,Botnet,0,TON_IoT
-0.3918950950485238,-0.5185657344921456,-0.3592440463938848,1.5996975829677962,-0.03452550768160622,-0.27918332363156895,-0.5859350838033334,Normal,5,TON_IoT
0.15553408512778383,-0.4749843496024866,-0.2869608492235392,-0.4413246768066931,-0.9473438488859142,2.2676231138692478,-0.5134745720874233,Botnet,0,TON_IoT
-0.5563018503264605,1.0886505718124746,4.291386136434139,-0.4413246768066931,0.23111407822354033,-0.42771975306807225,2.656157668079335,DDoS,2,TON_IoT
-0.4385073158838392,0.4035674934535362,3.7584075341486414,-0.4413246768066931,-1.571517281454454,-0.27836494110023835,-0.4715780814929826,Ransomware,6,TON_IoT
-0.5718917242505747,1.7957279939475026,1.5907376168141276,1.5996975829677962,-0.9506816747285267,-0.42771975306807225,2.075759415379426,DDoS,2,TON_IoT
-0.3349542257152729,0.27934018138488204,0.8655986161463332,-0.4413246768066931,0.6827475903124179,-0.27836494110023835,-0.5446889434595589,Ransomware,6,TON_IoT
-0.43784314315479456,-0.4892399427906928,-0.3797131266885199,-0.4413246768066931,-0.12141168192315038,-0.2603605254109652,0.9209319052826814,Reconnaissance,7,TON_IoT
-0.47820883746369425,-0.5279336957301096,-0.3787451061727709,-0.4413246768066931,0.9416088221987207,-0.4514528464766595,-0.5829987226736157,Normal,5,TON_IoT
-0.5701764430180888,0.6214744179018311,0.10871861739782808,-0.4413246768066931,0.5433291724248338,-0.27836494110023835,-0.39958351939217907,Ransomware,6,TON_IoT
-0.46514289733889225,-0.4733551389524059,-0.38056034184876997,-0.4413246768066931,-0.48893198277819266,-0.07867960345557276,1.1862632545057932,Reconnaissance,7,TON_IoT
-0.1071925231639471,-0.3918946064483704,-0.3442229883812314,-0.4413246768066931,1.3058939995447691,-0.27836494110023835,-0.5412769760908415,Ransomware,6,TON_IoT
-0.5662648008339801,0.8063898266859917,0.44721133902083127,-0.4413246768066931,-0.8248713160454397,-0.42771975306807225,1.3342462179921115,DDoS,2,TON_IoT
0.22193984658213264,-0.5083831679291412,-0.37766247895983407,-0.4413246768066931,0.40822425254924116,-0.27918332363156895,-0.586037687098325,Normal,5,TON_IoT
-0.36814143846541886,-0.5336359330053921,-0.3639501981836959,1.5996975829677962,0.8509740127800886,-0.42771975306807225,-0.5868033105260605,Normal,5,TON_IoT
-0.2924845913730596,-0.5165292211795447,-0.37284242481725494,1.5996975829677962,0.2598193804700079,-0.42771975306807225,-0.5856243827203471,Normal,5,TON_IoT
-0.5735988204750502,-0.4399563206257513,0.11900915924685292,-0.4413246768066931,0.8643253161505386,-0.27836494110023835,-0.4377646142695557,Ransomware,6,TON_IoT
-0.1475890702449847,-0.5393381702806747,-0.3529839065091591,-0.4413246768066931,0.9919329656719554,-0.27918332363156895,-0.5846488717937423,Normal,5,TON_IoT
-0.37486564732204186,-0.021656486217529074,3.489345433099669,-0.4413246768066931,-1.1633268564863484,-0.27836494110023835,-0.5599943681075681,Ransomware,6,TON_IoT
3.121477219756233,-0.4452512552385136,-0.22012976118544525,-0.4413246768066931,0.30947595877472023,-0.4510436552109942,-0.5122011050956708,Botnet,0,TON_IoT
-0.5543133243479059,0.4544803262685584,0.34477685212360965,-0.4413246768066931,-0.17430338373685633,-0.27836494110023835,-0.48351729298524604,Ransomware,6,TON_IoT
-0.5560592631108656,-0.4998298120162174,-0.38132581519288095,1.5996975829677962,-0.3524405813987456,-0.2849120013508831,1.163013591138068,Reconnaissance,7,TON_IoT
3.5718076299447383,-0.4892399427906928,-0.3519758583059447,-0.4413246768066931,-1.4951067452420321,2.845810372254314,-0.5235079146157839,Botnet,0,TON_IoT
0.17754576494019764,0.21335715005661332,4.815052418369006,-0.4413246768066931,-0.5611830744790512,-0.27836494110023835,-0.5443896895121879,Ransomware,6,TON_IoT
-0.44756520627539326,-0.5360797489805131,-0.37954203798598823,1.5996975829677962,-1.127124283885705,-0.4514528464766595,-0.5796921471171546,Normal,5,TON_IoT
-0.5748520460035557,2.036851170159448,-0.08877670339458299,1.5996975829677962,0.832230836894649,-0.42771975306807225,3.1311351801421474,DDoS,2,TON_IoT
-0.5427442868919176,-0.5267117877425491,-0.3794100358419222,-0.4413246768066931,1.6387522628034508,-0.23458147567405144,0.6518713734575373,Reconnaissance,7,TON_IoT
-0.5356294290383515,-0.5320067223553114,-0.3772443437062954,1.5996975829677962,-1.4888419028912825,-0.42771975306807225,-0.5873672188994455,Normal,5,TON_IoT
-0.2010595225104853,-0.5096050759167017,-0.37305492948387675,1.5996975829677962,1.211099745614574,-0.4514528464766595,-0.5791055981563595,Normal,5,TON_IoT
-0.029040770924651467,-0.07012550305743019,5.0174426778378125,-0.4413246768066931,-0.22904372755570154,-0.27836494110023835,-0.3686112552604709,Ransomware,6,TON_IoT
-0.5765800790064006,0.6104772460137863,2.538924267677336,-1.369062067613279,-1.2229969123188982,-0.42771975306807225,3.061551740427002,DDoS,2,TON_IoT
-0.025907684004691876,-0.5226387611173473,-0.36582936368445007,1.5996975829677962,-1.0180030544156806,-0.27918332363156895,-0.5806856869717185,Normal,5,TON_IoT
-0.37260768286738793,-0.5271190904050693,-0.36373705501223685,1.5996975829677962,0.45495381434581633,-0.27918332363156895,-0.5873408045608637,Normal,5,TON_IoT
-0.5028953280622668,-0.5283409983926298,-0.35877524107035214,1.5996975829677962,-1.2282860825002688,-0.42771975306807225,-0.5867814186981283,Normal,5,TON_IoT
-0.5644820999605187,1.8262756936365159,1.637638155185394,1.5996975829677962,1.6715656583946723,-0.42771975306807225,2.3010949954763666,DDoS,2,TON_IoT
-0.5401173886490956,0.6622046841538488,-0.3379221790113251,-0.4413246768066931,0.9079738079385484,-0.27836494110023835,-0.5399829624799645,Ransomware,6,TON_IoT
-0.5215799470703392,-0.49860790402865685,-0.3758826184930282,1.5996975829677962,1.2139240597890921,-0.3389252484187025,0.5268495321901232,Reconnaissance,7,TON_IoT
-0.575505489105183,2.59363390982453,-0.16954860851523745,-1.369062067613279,1.2534644582323482,-0.42771975306807225,2.1286779923620713,DDoS,2,TON_IoT
-0.35266618701671054,-0.521824155792307,-0.3757490715185299,-0.4413246768066931,0.3629325234233298,-0.42771975306807225,-0.5868875626324273,Normal,5,TON_IoT
3.2741312779903193,-0.36867835468472027,-0.37277142521103307,-0.4413246768066931,1.3829207497589042,2.845810372254314,-0.5520377084415989,Botnet,0,TON_IoT
-0.3913853344212998,0.2496070870209091,4.695251098965337,-0.4413246768066931,-0.5102427170041033,-0.27836494110023835,-0.3889261375464669,Ransomware,6,TON_IoT
1.8037426728117605,-0.4151108582120205,-0.3284288860481549,-0.4413246768066931,-0.9834437191529387,2.845810372254314,-0.5580916455648447,Botnet,0,TON_IoT
-0.5172167305208887,-0.5120488918918227,-0.37870104025046114,-0.4413246768066931,0.9718546594494709,-0.4514528464766595,-0.5843522895526897,Normal,5,TON_IoT
-0.5720525306836894,2.051514066010174,0.05893935239827642,-1.369062067613279,0.24492754209527517,-0.42771975306807225,2.0123450918001575,DDoS,2,TON_IoT
1.4932640828812198,-0.45380461115143733,-0.29945723597157636,-0.4413246768066931,-0.6665556687719878,-0.4510436552109942,-0.5640640127005329,Botnet,0,TON_IoT
-0.47694464756679084,-0.5267117877425491,-0.3809785141809993,-0.4413246768066931,0.3473217687132652,-0.05167297992166308,0.3078376405575561,Reconnaissance,7,TON_IoT
1.1039156829851644,-0.4073721076241371,-0.34333677460802925,-0.4413246768066931,-0.2890218903891079,-0.4510436552109942,-0.5582185964318828,Botnet,0,TON_IoT
-0.10704607144468052,-0.5185657344921456,-0.3757547259750427,-0.4413246768066931,1.1562053482953005,-0.4514528464766595,-0.5861850921672717,Normal,5,TON_IoT
-0.5743896861100105,0.7273731101570773,-0.12140943955108408,-1.369062067613279,-1.3090101167246821,-0.42771975306807225,0.6834793297840835,DDoS,2,TON_IoT
-0.38480804042901995,-0.5230460637798675,-0.3517008008684049,1.5996975829677962,0.07967948730255112,-0.27918332363156895,-0.583545266452564,Normal,5,TON_IoT
-0.37199600509749037,-0.5438184995683966,-0.3719534844282089,1.5996975829677962,0.05744443207407085,-0.27918332363156895,-0.5739796064526725,Normal,5,TON_IoT
-0.5669986172091174,0.09646128591332238,-0.24437669712275317,1.5996975829677962,0.3770027431291118,-0.42771975306807225,2.6558413260083094,DDoS,2,TON_IoT
-0.5551165744249831,-0.46765290167712337,-0.3806834533945333,-0.4413246768066931,-0.7406040513111761,-0.1723844032929261,0.47547191995106264,Reconnaissance,7,TON_IoT
-0.4806574787721671,-0.5018663253288183,-0.3766096455043107,-0.4413246768066931,-1.3350451582970597,-0.258723760348304,0.2216123325709457,Reconnaissance,7,TON_IoT
-0.34463976023778486,-0.5303775117052307,-0.3639336217478461,1.5996975829677962,-1.3953314281313227,-0.27918332363156895,-0.5873641938505233,Normal,5,TON_IoT
-0.5584936787943984,2.3573983655628274,-0.10798635932493451,1.5996975829677962,0.23727621824067113,-0.42771975306807225,1.1888226826545352,DDoS,2,TON_IoT
0.3468777901344836,0.5151684229840648,0.9527104876223729,-0.4413246768066931,-0.5711965520068888,-0.27836494110023835,-0.37060242346591005,Ransomware,6,TON_IoT
-0.44838555900955845,-0.5352651436554728,-0.37802679721826404,1.5996975829677962,-1.2128807324574418,-0.09177372395686231,0.6051688775945996,Reconnaissance,7,TON_IoT
-0.4479475425266122,-0.5368943543055535,-0.3797511373988671,1.5996975829677962,-0.2599057788081649,-0.18302337620022383,1.0903976341049777,Reconnaissance,7,TON_IoT
1.2398395886012603,-0.4945348774034551,-0.28267900577856614,-0.4413246768066931,1.4334502978993766,-0.4510436552109942,-0.5660402562652783,Botnet,0,TON_IoT
-0.3900390358937694,-0.5214168531297868,-0.3595730692043935,-0.4413246768066931,1.1630350534809537,-0.42771975306807225,-0.5865339253707403,Normal,5,TON_IoT
2.121455005497449,-0.524267971767428,-0.32189836928084836,-0.4413246768066931,-0.5291399463899711,2.845810372254314,-0.525203368194038,Botnet,0,TON_IoT
3.425010728600223,-0.507975865266621,-0.3773452917755684,-0.4413246768066931,0.7439068299824411,2.2676231138692478,-0.4938740979844794,Botnet,0,TON_IoT
1.5441609478768943,-0.36134690675935704,-0.36998886455122415,-0.4413246768066931,0.17462779473317475,2.845810372254314,-0.5148106685261364,Botnet,0,TON_IoT
3.655411738239653,-0.4717259283023252,-0.380456586155532,-0.4413246768066931,0.004450027926746041,2.2676231138692478,-0.5107073036380259,Botnet,0,TON_IoT
-0.5627415580554107,1.4438184935300693,-0.3119035821492746,-1.369062067613279,-0.03847954752593181,-0.42771975306807225,1.7592154745195767,DDoS,2,TON_IoT
1.6958998891538404,-0.3527935508464333,-0.37528357382891003,-0.4413246768066931,-1.5491281727255455,-0.4510436552109942,-0.5648545242419055,Botnet,0,TON_IoT
-0.043983959999049596,-0.517343826504585,-0.37976326378783626,-0.4413246768066931,1.069421876387375,-0.4514528464766595,-0.58493023544835,Normal,5,TON_IoT
-0.5623830243665194,0.15470556665370777,0.09715867819607395,-1.369062067613279,-0.933735789681417,-0.42771975306807225,1.7922846613546652,DDoS,2,TON_IoT
-0.21217831436902373,-0.5014590226662982,-0.32617562288626545,-0.4413246768066931,-0.7351608276293772,2.2676231138692478,-0.5372666510373941,Botnet,0,TON_IoT
1.8430275724093987,-0.4204057928247828,-0.353549864767213,-0.4413246768066931,0.5125184723391798,2.845810372254314,-0.49464493098617807,Botnet,0,TON_IoT
-0.5486241898898409,-0.5307848143677509,-0.38128428050419577,-0.4413246768066931,-0.6982393386934019,-0.06722224801694442,0.5193819718262496,Reconnaissance,7,TON_IoT
-0.5244520108050521,-0.5161219185170245,-0.35574383750140715,1.5996975829677962,-1.2873399243311057,-0.42771975306807225,-0.5867823001469645,Normal,5,TON_IoT
2.595055690312098,-0.4582849404391593,-0.36500807652977807,-0.4413246768066931,0.8134876610092096,2.845810372254314,-0.5403927185066265,Botnet,0,TON_IoT
-0.561052092457698,-0.4717259283023252,-0.3813823480637552,-0.4413246768066931,1.6416279281447785,-0.3266495104487436,0.19682803503466934,Reconnaissance,7,TON_IoT
-0.572642523784606,2.361471392188029,5.5465165020422775,-1.369062067613279,-0.5316048023968234,-0.42771975306807225,3.0222047793747255,DDoS,2,TON_IoT
-0.5279506017127447,0.40723321741621776,-0.04530675493295051,-0.4413246768066931,1.5230067328150108,-0.27836494110023835,-0.5480672546295347,Ransomware,6,TON_IoT
-0.46528870062720457,-0.538116262293114,-0.3805098367511184,-0.4413246768066931,-1.5071742694422465,-0.4514528464766595,-0.5852893819834932,Normal,5,TON_IoT
-0.37216978593857586,-0.5136781025419034,-0.36728002906026996,1.5996975829677962,-0.8808440878677111,-0.42771975306807225,-0.5853097402445435,Normal,5,TON_IoT
0.7563023887434993,-0.40859401561169767,-0.2877132593527715,-0.4413246768066931,-0.4704455627268003,2.845810372254314,-0.4985668853695599,Botnet,0,TON_IoT
-0.2968786033332897,-0.5271190904050693,-0.3639361291088547,1.5996975829677962,-0.4100565905589185,-0.4514528464766595,-0.5872066990078021,Normal,5,TON_IoT
-0.45853846903260076,-0.5132707998793833,-0.3796679128467952,1.5996975829677962,-0.5471642059400786,-0.4514528464766595,-0.5841589192305936,Normal,5,TON_IoT
-0.4096318725225951,-0.10108050540896367,0.09780528947689679,-0.4413246768066931,1.3373722647989457,-0.27836494110023835,-0.37353148892233584,Ransomware,6,TON_IoT
-0.11209486108772472,-0.19353820980104397,1.5824348408014457,-0.4413246768066931,1.373061325731495,-0.27836494110023835,-0.3813072211525096,Ransomware,6,TON_IoT
-0.2554019077333145,0.2027672808310887,3.4052223311536522,-0.4413246768066931,-1.2741940256278932,-0.27836494110023835,-0.5035968764304827,Ransomware,6,TON_IoT
-0.5063087685015866,-0.16502702342463155,1.2446326016511675,-0.4413246768066931,-1.2452319675473784,-0.27836494110023835,-0.4454197195458666,Ransomware,6,TON_IoT
-0.5330112269189816,0.4430758517179934,3.4457147960043857,-0.4413246768066931,-0.8796116598642849,-0.27836494110023835,-0.4910766440249931,Ransomware,6,TON_IoT
-0.20977275813463883,-0.5059393519540201,-0.37945912761961703,1.5996975829677962,1.4272368067154364,-0.42771975306807225,-0.5860506409079569,Normal,5,TON_IoT
-0.021960048269579868,0.40723321741621776,3.6666818994678705,-0.4413246768066931,1.0257733845993653,-0.27836494110023835,-0.31245434272123646,Ransomware,6,TON_IoT
-0.4298769156415345,-0.5393381702806747,-0.37261149171444685,1.5996975829677962,-0.7498472613368723,-0.42771975306807225,-0.5869704284708955,Normal,5,TON_IoT
-0.4319996211184644,-0.5368943543055535,-0.3773860278118134,1.5996975829677962,-0.7197041264197408,-0.42771975306807225,-0.5860343624206349,Normal,5,TON_IoT
-0.5733599412780866,3.129644213701084,1.2955034282304163,1.5996975829677962,1.3557046313499097,-0.42771975306807225,1.9301380830829584,DDoS,2,TON_IoT
0.31151689282454714,-0.27703525561768033,6.316262475654288,-0.4413246768066931,-1.222483400650804,-0.27836494110023835,-0.44135939008987163,Ransomware,6,TON_IoT
-0.2700326730388371,-0.3678637493596799,0.6490755929824248,-0.4413246768066931,-0.7306932761169574,-0.27836494110023835,-0.47284043077993193,Ransomware,6,TON_IoT
2.153169492078488,-0.5295629063801903,-0.3476204260328486,-0.4413246768066931,1.571328180782678,2.845810372254314,-0.5218363371577467,Botnet,0,TON_IoT
-0.5562960247040947,-0.48435231084045066,-0.38112834563656384,-0.4413246768066931,0.6933772818419686,-0.4166715888951092,0.5034910407311636,Reconnaissance,7,TON_IoT
1.1348156191674734,-0.5128634972168631,-0.36237926987377644,-0.4413246768066931,-1.5114364162874288,-0.4510436552109942,-0.5229644659535619,Botnet,0,TON_IoT
-0.16299268892206117,0.14452300009070332,0.7401996977269261,-0.4413246768066931,-0.6433962925409379,-0.27836494110023835,-0.5072995713150114,Ransomware,6,TON_IoT
-0.11811107839331399,0.3001126171734111,2.807358010940102,-0.4413246768066931,1.5307094078364243,-0.27836494110023835,-0.5271653801967467,Ransomware,6,TON_IoT
-0.14127100348411317,-0.4118524369118591,-0.3513665823572093,-0.4413246768066931,-1.4362069569116236,2.2676231138692478,-0.551704044748277,Botnet,0,TON_IoT
-0.46545020826650507,-0.5430038942433562,-0.3783241976580837,1.5996975829677962,0.5557561547927142,-0.4514528464766595,-0.5854170954915937,Normal,5,TON_IoT
0.5109792425172903,-0.538116262293114,-0.36188463116927916,-0.4413246768066931,-0.5358669492420055,2.2676231138692478,-0.5350790419265083,Botnet,0,TON_IoT
-0.5502131533874033,0.46221907685644176,2.510827576498824,-0.4413246768066931,-1.506147246106058,-0.27836494110023835,-0.5346893445312154,Ransomware,6,TON_IoT
-0.5451541097529276,-0.537708959630594,-0.3811620319510406,-0.4413246768066931,0.752636528340043,-0.4514528464766595,-0.5832717395567498,Normal,5,TON_IoT
3.3425433975196173,-0.3923019091108906,-0.3708302661646831,-0.4413246768066931,0.847636186937476,-0.4510436552109942,-0.5094195188311264,Botnet,0,TON_IoT
-0.4405319889191772,-0.5254898797549886,-0.3806953631858531,-0.4413246768066931,1.0518597773385523,-0.2141219123907865,-0.06606712434459852,Reconnaissance,7,TON_IoT
-0.4815170750425606,-0.5177511291671052,-0.37873613292862435,1.5996975829677962,-1.0700731375604358,-0.42771975306807225,-0.5854577685458937,Normal,5,TON_IoT
-0.3147239130848892,-0.24770946391622756,0.4729980651458009,-0.4413246768066931,0.3019786884205444,-0.27836494110023835,-0.5005167217975559,Ransomware,6,TON_IoT
-0.530684564012562,0.655687841553526,-0.23393736724864156,-0.4413246768066931,0.25319507995159235,-0.27836494110023835,-0.41961689056466783,Ransomware,6,TON_IoT
-0.5387651903722871,-0.47376244161492603,-0.37780959073016734,-0.4413246768066931,0.25612209645972944,-0.10609541825514776,0.2003586139644557,Reconnaissance,7,TON_IoT
-0.5582255743272471,-0.5360797489805131,-0.36666577195995864,-0.4413246768066931,0.9094116406092122,-0.42771975306807225,-0.5865642590612731,Normal,5,TON_IoT
-0.4443035426368468,-0.5413746835932755,-0.3733877550800087,1.5996975829677962,1.6140523515681182,-0.27918332363156895,-0.5836412578049824,Normal,5,TON_IoT
-0.5624065399223307,1.37620625155172,-0.2944490800034157,-0.4413246768066931,-1.1132081176803512,-0.42771975306807225,1.8164449613114133,DDoS,2,TON_IoT
-0.5733390562650671,2.530909299796423,2.9368589345690093,1.5996975829677962,-0.05265246956533263,-0.42771975306807225,1.0920689990616295,DDoS,2,TON_IoT
-0.5241418873127527,-0.5108269839042622,-0.37436546979728774,-0.4413246768066931,-1.432150214733679,-0.4514528464766595,-0.586467467571358,Normal,5,TON_IoT
-0.5720841895440532,2.183887431329232,0.0560576547918905,-1.369062067613279,-0.10944686005655475,-0.42771975306807225,2.2473100308686638,DDoS,2,TON_IoT
-0.4321039880661295,-0.5083831679291412,-0.37770160048894785,-0.4413246768066931,-0.017476920300877694,-0.42771975306807225,-0.5865780142641169,Normal,5,TON_IoT
-0.3284106443673259,-0.5193803398171859,-0.3781120010739651,-0.4413246768066931,-0.15597101718589224,-0.27918332363156895,-0.5839442675097769,Normal,5,TON_IoT
-0.31596774423158447,-0.5250825770924684,-0.37725538265468805,1.5996975829677962,-1.113772980515255,-0.42771975306807225,-0.5815431648891607,Normal,5,TON_IoT
-0.49150670964410154,-0.5389308676181545,-0.3783421901816646,-0.4413246768066931,0.32847589049420683,-0.43385762205305173,-0.173311318655335,Reconnaissance,7,TON_IoT
-0.4189557191043518,-0.5373016569680737,-0.3775324651788539,1.5996975829677962,1.2136159527882355,-0.27918332363156895,-0.5860303507359623,Normal,5,TON_IoT
-0.4483530571032515,-0.3788609212477247,3.032554384494849,-0.4413246768066931,-0.026360672158907916,-0.27836494110023835,-0.39173961651038225,Ransomware,6,TON_IoT
2.6338325551243913,-0.40655750229909676,-0.34598848115504627,-0.4413246768066931,-1.3472667359977026,-0.4510436552109942,-0.5239540486974147,Botnet,0,TON_IoT
-0.5656469647384457,3.2620175790201413,-0.12521046230545355,-0.4413246768066931,-1.0831676850968386,-0.42771975306807225,0.5296423681854243,DDoS,2,TON_IoT
0.4279000296031481,-0.214310645589573,2.420719735620008,-0.4413246768066931,-0.9690140412794908,-0.27836494110023835,-0.3387473806416684,Ransomware,6,TON_IoT
-0.5729322161318945,2.34110625906202,-0.13572501612703788,1.5996975829677962,-1.3923017092895666,-0.42771975306807225,0.9457672666946387,DDoS,2,TON_IoT
-0.5630740739557407,0.45488762893107854,0.8395572673700962,-0.4413246768066931,0.4325647056169078,-0.42771975306807225,2.3658601721435053,DDoS,2,TON_IoT
-0.5760974548569654,2.528872786483822,-0.28207552927927315,-1.369062067613279,1.452296176118435,-0.42771975306807225,1.1514079446430296,DDoS,2,TON_IoT
-0.04879299559222366,0.46669940614416366,-0.3550994044264478,-0.4413246768066931,-0.8955305215752061,-0.27836494110023835,-0.43354616084700826,Ransomware,6,TON_IoT
0.6688798599496426,-0.4615433617393207,-0.371510717251051,-0.4413246768066931,-0.9064683201056133,-0.4510436552109942,-0.5215019917087812,Botnet,0,TON_IoT
-0.4162598476445313,-0.5087904705916613,-0.38104411882545025,-0.4413246768066931,0.341108277529325,-0.27918332363156895,-0.5777300116462589,Normal,5,TON_IoT
0.143586334371042,-0.14303267964854197,2.4876190782119374,-0.4413246768066931,-0.37405942262551284,-0.27836494110023835,-0.421400648700939,Ransomware,6,TON_IoT
-0.4624165999623521,-0.35197894552139297,0.8249515117087142,-0.4413246768066931,-0.41955655641866185,-0.27836494110023835,-0.44751316089538806,Ransomware,6,TON_IoT
-0.5580948174141368,0.7147467276189517,1.2092049320983622,-1.369062067613279,1.433501649066186,-0.42771975306807225,2.629266186634863,DDoS,2,TON_IoT
-0.4510448951288008,-0.5226387611173473,-0.37613990379915024,-0.4413246768066931,-0.05835244908117861,-0.4514528464766595,-0.5806411658885142,Normal,5,TON_IoT
-0.40641513198740925,-0.4615433617393207,3.342321697259383,-0.4413246768066931,0.3475785245473123,-0.27836494110023835,-0.5366168692783605,Ransomware,6,TON_IoT
-0.3507310291564575,-0.5352651436554728,-0.3639542552179749,1.5996975829677962,-0.4216619542578482,-0.4514528464766595,-0.5858075600777137,Normal,5,TON_IoT
-0.4136213081767463,-0.5136781025419034,-0.37828749436210146,-0.4413246768066931,0.0167229567941982,-0.42771975306807225,-0.5844752374893946,Normal,5,TON_IoT
-0.10761027261959463,-0.41633276619958104,-0.32843418298008636,-0.4413246768066931,1.5428282832034481,2.2676231138692478,-0.5384467443181765,Botnet,0,TON_IoT
-0.4357112585760516,-0.4582849404391593,0.5601377507941946,-0.4413246768066931,-1.4788797765302544,-0.27836494110023835,-0.3099885158338026,Ransomware,6,TON_IoT
-0.11342763774750778,-0.2766279529551602,4.877349849996027,-0.4413246768066931,1.0906812594464763,-0.27836494110023835,-0.42816868248271733,Ransomware,6,TON_IoT
-0.5592354319186094,3.12109085778816,0.8549975021590108,1.5996975829677962,1.371264034893165,-0.42771975306807225,1.4105216397201388,DDoS,2,TON_IoT
-0.5200877102533644,-0.5389308676181545,-0.3767610259860451,-0.4413246768066931,-0.1311170524501314,-0.42771975306807225,-0.5780581796242211,Normal,5,TON_IoT
2.7009225591383235,-0.478242770902648,-0.3512520758557148,-0.4413246768066931,-0.21112217033921282,2.2676231138692478,-0.5329647231804573,Botnet,0,TON_IoT
-0.14924461979537215,0.039438913160497545,0.06706244391964233,-0.4413246768066931,-0.33903792686148615,-0.27836494110023835,-0.46153058498290717,Ransomware,6,TON_IoT
-0.3184558049589284,-0.5197876424797061,-0.37088007719582794,1.5996975829677962,-0.3023218425927485,-0.27918332363156895,-0.5816313763326436,Normal,5,TON_IoT
-0.485562160024605,-0.5393381702806747,-0.3664054023720565,1.5996975829677962,-0.08577397215741063,-0.27918332363156895,-0.5844947815800019,Normal,5,TON_IoT
-0.5255196960861674,0.4308567718423881,3.872836149318339,-0.4413246768066931,1.0815921029212083,-0.27836494110023835,-0.5659895644690282,Ransomware,6,TON_IoT
0.2470667115823393,0.4198595999543433,-0.11316051681488912,-0.4413246768066931,1.0796407585824503,-0.27836494110023835,-0.338752680228866,Ransomware,6,TON_IoT
-0.5721784380959327,2.015264129045878,0.673773885534811,-0.4413246768066931,-0.9179196303041146,-0.42771975306807225,1.4139326830973855,DDoS,2,TON_IoT
-0.36260516708112617,-0.5348578409929526,-0.3759642943244706,-0.4413246768066931,0.7410311646411133,-0.4514528464766595,-0.586987709550505,Normal,5,TON_IoT
-0.2716521992010804,-0.5071612599415806,-0.3690392981985036,1.5996975829677962,-1.2203780028116176,-0.42771975306807225,-0.5813332638214819,Normal,5,TON_IoT
-0.39239836166513087,-0.5067539572790604,-0.36377621566259316,-0.4413246768066931,-0.2500977059475651,-0.42771975306807225,-0.5834670676497479,Normal,5,TON_IoT
2.300776313739947,-0.4350686886755092,-0.34331226212390553,-0.4413246768066931,-0.4852346987679142,2.2676231138692478,-0.5409776127878592,Botnet,0,TON_IoT
-0.557932525765242,0.1991015568684071,1.3688849035181714,-0.4413246768066931,-0.4399429696420029,-0.27836494110023835,-0.500510872376897,Ransomware,6,TON_IoT
3.1008504234334695,-0.496571390716056,-0.36476491761626695,-0.4413246768066931,-0.5448534034336546,-0.4510436552109942,-0.552986245358038,Botnet,0,TON_IoT
-0.1199333646546417,-0.35808848545919564,-0.33903214994012887,-0.4413246768066931,1.2555698560715345,2.2676231138692478,-0.562076351435522,Botnet,0,TON_IoT
-0.493205102436513,-0.5409673809307554,-0.3775862081530826,1.5996975829677962,0.4912590892800786,-0.42771975306807225,-0.5857239618607758,Normal,5,TON_IoT
-0.5679873750808525,0.34776702868827186,-0.025003813198233013,1.5996975829677962,0.5777858053539567,-0.42771975306807225,1.380894613398486,DDoS,2,TON_IoT
-0.5577176399555754,-0.5320067223553114,-0.3706387298699211,-0.4413246768066931,-0.7326446204557155,-0.42771975306807225,-0.5867750135730527,Normal,5,TON_IoT
0.022943489050072603,0.17669991042979735,0.11776355105837405,-0.4413246768066931,0.7589013706907927,-0.27836494110023835,-0.5629176307811221,Ransomware,6,TON_IoT
-0.5673005530893221,2.2087328937429627,2.376822637679392,-0.4413246768066931,-0.6022640079265899,-0.42771975306807225,2.960556959260272,DDoS,2,TON_IoT
-0.4600229238985045,-0.46928211232720407,-0.3813244160404317,-0.4413246768066931,-0.40923497188996777,-0.13351123305472273,-0.0382220634719225,Reconnaissance,7,TON_IoT
3.1181126223778968,-0.3711221706598413,-0.3389720336857333,-0.4413246768066931,1.5515066303942406,2.845810372254314,-0.5360168275972171,Botnet,0,TON_IoT
1.2593742563632315,-0.3532008535089535,-0.33914864245456305,-0.4413246768066931,1.5865794773250768,-0.4510436552109942,-0.5243564595350401,Botnet,0,TON_IoT
-0.33577979675071645,-0.5303775117052307,-0.37179830643151573,1.5996975829677962,-1.3283695066118348,-0.4514528464766595,-0.5867976169004435,Normal,5,TON_IoT
-0.4274080767172545,-0.5430038942433562,-0.37446045920983584,1.5996975829677962,-1.286158847494489,-0.42771975306807225,-0.5853483347630287,Normal,5,TON_IoT
-0.5664502208313532,2.003045049170273,1.314989393591229,-0.4413246768066931,-1.2173996351366712,-0.42771975306807225,2.0876197765591353,DDoS,2,TON_IoT
-0.12899014893869823,0.384831570977608,3.808679077068864,-0.4413246768066931,1.4538880622895272,-0.27836494110023835,-0.3708430923284963,Ransomware,6,TON_IoT
-0.5672863108428712,2.68446240356653,1.0072518275926985,-1.369062067613279,-0.10949821122336419,-0.42771975306807225,0.6204768442616571,DDoS,2,TON_IoT
-0.5357859631023133,-0.3263188777826218,1.1313467561179196,-0.4413246768066931,1.3731640280651136,-0.27836494110023835,-0.44802100744099693,Ransomware,6,TON_IoT
-0.1310697383411878,-0.5197876424797061,-0.3646289715514462,1.5996975829677962,-1.5582686804176227,-0.27918332363156895,-0.5851619932398843,Normal,5,TON_IoT
-0.5616622350012864,1.0719511626491474,0.08967747721572493,-1.369062067613279,-1.5006013200906405,-0.42771975306807225,1.434584099748485,DDoS,2,TON_IoT
-0.44905603774082803,-0.49697869337857614,-0.3809042608564703,1.5996975829677962,0.30357057459163655,-0.2685443507242712,0.05605867285080681,Reconnaissance,7,TON_IoT
-0.4051479837363452,-0.5132707998793833,-0.37532430014353874,-0.4413246768066931,0.9020170725886553,-0.27918332363156895,-0.586444373536035,Normal,5,TON_IoT
-0.4085669987439676,0.21457905804417385,0.8825616644345573,-0.4413246768066931,-0.6141774786263761,-0.27836494110023835,-0.38662640417078026,Ransomware,6,TON_IoT
-0.5674150306942078,0.8845919378898657,1.014066045691116,-0.4413246768066931,1.6085064255527006,-0.42771975306807225,1.6481333583315136,DDoS,2,TON_IoT
1.1177749610791916,-0.43384678068794863,-0.3478444424673583,-0.4413246768066931,-0.06821187310858788,2.2676231138692478,-0.5246209348150158,Botnet,0,TON_IoT
-0.5607545422910972,2.9015547226897844,0.5540342410909563,1.5996975829677962,0.7152015277359735,-0.42771975306807225,2.128780718995702,DDoS,2,TON_IoT
0.22180856726358,-0.5254898797549886,-0.3669021846943027,-0.4413246768066931,-1.2610994780914904,2.2676231138692478,-0.5643734552175986,Botnet,0,TON_IoT
-0.5416172860697444,-0.38822888248568876,-0.17106403188755115,-0.4413246768066931,-0.7635580228749883,-0.27836494110023835,-0.31646672516915303,Ransomware,6,TON_IoT
-0.30641400795859075,-0.5258971824175087,-0.377703231668268,-0.4413246768066931,-0.8982521334161055,-0.27918332363156895,-0.5854112911582982,Normal,5,TON_IoT
-0.5641896712441684,-0.478242770902648,-0.38067604762833307,-0.4413246768066931,-0.05686326524370534,-0.05535570131265077,1.1196720347397489,Reconnaissance,7,TON_IoT
-0.43169335842918977,0.6744237640294541,8.513193588275984,-0.4413246768066931,1.3387587463028001,-0.27836494110023835,-0.49232948589147435,Ransomware,6,TON_IoT
-0.5392574081640422,-0.34872052422123156,-0.32312749089109766,-0.4413246768066931,-1.2140618092940585,-0.27836494110023835,-0.39900193205352297,Ransomware,6,TON_IoT
-0.5726604440188903,3.4233094333781318,-0.11755910652575231,-0.4413246768066931,-0.8869548767180324,-0.42771975306807225,2.030724245339092,DDoS,2,TON_IoT
-0.5379920841440607,-0.5405600782682352,-0.3790557997856989,-0.4413246768066931,0.126614453766364,-0.4514528464766595,-0.5770968022663381,Normal,5,TON_IoT
-0.2981911427274248,0.1233432616396541,-0.1910754639517958,-0.4413246768066931,-1.1999915895882767,-0.27836494110023835,-0.4763452575443715,Ransomware,6,TON_IoT
-0.5580398008178695,0.906178979003435,5.272895596476352,-0.4413246768066931,-0.9578194869150365,-0.42771975306807225,2.6610784930291986,DDoS,2,TON_IoT
-0.407676213347258,-0.5157146158545043,-0.36063545835480665,-0.4413246768066931,-0.741682425814174,-0.42771975306807225,-0.5815991623763742,Normal,5,TON_IoT
-0.5603209836536344,3.472593055543073,1.6187800818361222,1.5996975829677962,-0.5590263254730554,-0.42771975306807225,1.7542515857514063,DDoS,2,TON_IoT
-0.15141934348744793,-0.5096050759167017,-0.3741282056998741,-0.4413246768066931,-0.9947409758510118,-0.42771975306807225,-0.5862359673976911,Normal,5,TON_IoT
-0.5622925009794936,2.5093222586828534,0.19647440171062366,-1.369062067613279,-0.11889547474948864,-0.42771975306807225,2.3381499075196857,DDoS,2,TON_IoT
-0.5630162112862779,0.6748310666919743,-0.2928702725928535,-0.4413246768066931,1.0217166424214208,-0.42771975306807225,2.4712193580073767,DDoS,2,TON_IoT
0.03900888486789116,-0.5409673809307554,-0.3807694470370788,1.5996975829677962,-0.26077874864392514,-0.42771975306807225,-0.5867769015197547,Normal,5,TON_IoT
-0.5691238865801753,1.4792538251693248,2.4505479659799034,-1.369062067613279,-1.0257570806039036,-0.42771975306807225,2.6042987986016595,DDoS,2,TON_IoT
0.5443731626954633,-0.44117822861331185,-0.35405945633758124,-0.4413246768066931,-1.2444103488784277,2.845810372254314,-0.5346020046616587,Botnet,0,TON_IoT
-0.09721244685781276,-0.17113656336243419,2.178310424939416,-0.4413246768066931,-0.8741170850156765,-0.27836494110023835,-0.3352096969564602,Ransomware,6,TON_IoT
-0.49484868064027654,-0.5425965915808361,-0.37609184826917064,1.5996975829677962,-0.582750564539009,-0.42771975306807225,-0.5842221691995265,Normal,5,TON_IoT
-0.5736970885929363,0.8051679186984312,0.29435406758047994,-1.369062067613279,-1.3892206392810014,-0.42771975306807225,0.4386491885715823,DDoS,2,TON_IoT
-0.08776829600903728,0.15307635600362704,1.5584536253868178,-0.4413246768066931,-0.5208724085336539,-0.27836494110023835,-0.5033595541626242,Ransomware,6,TON_IoT
-0.4798725571267887,-0.5071612599415806,-0.3789435498584682,-0.4413246768066931,1.6678683743843938,-0.42771975306807225,-0.5869701384119795,Normal,5,TON_IoT
-0.2537291776443846,-0.537708959630594,-0.378484664934452,-0.4413246768066931,-0.24696528477219026,-0.42771975306807225,-0.5873511153285285,Normal,5,TON_IoT
3.1135433426987422,-0.4880180348031323,-0.3559527247575038,-0.4413246768066931,-0.4684428672212328,2.2676231138692478,-0.5498615210159984,Botnet,0,TON_IoT
-0.406594275932458,-0.538116262293114,-0.36921996372519117,-0.4413246768066931,-1.2065645389398827,-0.4514528464766595,-0.5864734358974037,Normal,5,TON_IoT
-0.5099097414362035,-0.4977932987036165,-0.38121243700230584,-0.4413246768066931,0.9400682871944379,-0.11427924356845372,0.7475624562134427,Reconnaissance,7,TON_IoT
-0.3386910067867073,-0.5438184995683966,-0.3444273670991418,1.5996975829677962,1.5010797845873871,-0.27918332363156895,-0.5870073074588149,Normal,5,TON_IoT
-0.3236378860352415,-0.4322175700378679,-0.3802172873620821,-0.4413246768066931,0.1533684116740735,2.2676231138692478,-0.532048748210547,Botnet,0,TON_IoT
-0.551519840139329,-0.5206022478047464,-0.38126789797768923,1.5996975829677962,-0.5888613533893303,-0.27509141097491596,1.0328806216282154,Reconnaissance,7,TON_IoT
-0.4209906491013572,-0.5071612599415806,-0.3738776970599935,-0.4413246768066931,1.5290148193317132,-0.42771975306807225,-0.5873496407684747,Normal,5,TON_IoT
-0.44173379985333283,0.4051967041036169,0.6913672957717512,-0.4413246768066931,1.2875102818269957,-0.27836494110023835,-0.5015587658394512,Ransomware,6,TON_IoT
-0.5562449053092113,1.9773849814315017,2.9323261686098636,-1.369062067613279,-0.17764120957946886,-0.42771975306807225,1.5485852665854194,DDoS,2,TON_IoT
-0.5748018295353516,0.9318390467422062,-0.04823125959050198,-0.4413246768066931,0.34259746136679825,-0.42771975306807225,2.5089753613308465,DDoS,2,TON_IoT
-0.5685613557082198,3.4530425277421046,0.5567785367621929,-1.369062067613279,-0.7760363564096782,-0.42771975306807225,0.7717660196122378,DDoS,2,TON_IoT
-0.3531652462636713,-0.5332286303428719,-0.3726914781963536,1.5996975829677962,1.4297016627222887,-0.4514528464766595,-0.5838437118491516,Normal,5,TON_IoT
1.5214554018323494,-0.5328213276803517,-0.3491927954417939,-0.4413246768066931,-0.6065775059385814,2.2676231138692478,-0.5432812665492487,Botnet,0,TON_IoT
-0.21117450068180138,-0.5161219185170245,-0.3673889874351182,1.5996975829677962,-0.0210201508107279,-0.42771975306807225,-0.5844299114699703,Normal,5,TON_IoT
-0.2890352947305391,-0.5206022478047464,-0.36368919367073793,-0.4413246768066931,0.5581183084659477,-0.42771975306807225,-0.586984726638486,Normal,5,TON_IoT
-0.4530252890335761,-0.5157146158545043,-0.3767306864340458,-0.4413246768066931,-0.6996771713640657,-0.27918332363156895,-0.5834073687554903,Normal,5,TON_IoT
1.4798990980933606,-0.4749843496024866,-0.37926877458170416,-0.4413246768066931,0.07017952144280781,2.2676231138692478,-0.5234713364102913,Botnet,0,TON_IoT
-0.5592641243136619,2.675501744991086,0.027114577020651936,-0.4413246768066931,-1.0098382188929822,-0.42771975306807225,1.2077320226451063,DDoS,2,TON_IoT
-0.1684898304092276,-0.5352651436554728,-0.36628135340294504,1.5996975829677962,0.7157663905708771,-0.27918332363156895,-0.580786805336732,Normal,5,TON_IoT
0.9340277713847395,-0.48598152149053137,-0.3406470973272616,-0.4413246768066931,-0.998027450526815,2.845810372254314,-0.5091731007704263,Botnet,0,TON_IoT
-0.5447615574224723,0.27160143079699867,4.076720170525145,-0.4413246768066931,0.3814189434747222,-0.27836494110023835,-0.3731272648398893,Ransomware,6,TON_IoT
-0.1997674290722116,-0.501051720003778,-0.3681390814498388,-0.4413246768066931,0.3727919474507391,-0.4510436552109942,-0.5509971426648453,Botnet,0,TON_IoT
0.9271327876055612,-0.4562484271265584,-0.3414593386006245,-0.4413246768066931,-0.3117704572856824,2.845810372254314,-0.5778045201988842,Botnet,0,TON_IoT
-0.4976208524323611,-0.5136781025419034,-0.35787990847699896,-0.4413246768066931,-0.19689789713300257,-0.27918332363156895,-0.5774153370325837,Normal,5,TON_IoT
-0.563858907896089,0.5709688877493291,-0.10885183244329863,-0.4413246768066931,0.1491062648288914,-0.42771975306807225,1.347815855449868,DDoS,2,TON_IoT
-0.5729152606580444,2.4844767962691225,-0.08522828401611585,-1.369062067613279,1.431653007061047,-0.42771975306807225,1.686242925601444,DDoS,2,TON_IoT
-0.021374728350832928,0.08464950870023724,4.047901932706652,-0.4413246768066931,1.346872230658689,-0.27836494110023835,-0.31230701718495324,Ransomware,6,TON_IoT
-0.4333404643167049,0.09523937792576186,1.0895284256821325,-0.4413246768066931,-0.11309279290002382,-0.27836494110023835,-0.4763646488221883,Ransomware,6,TON_IoT
-0.5638728397777655,0.28626432664772505,0.31703878944415254,-1.369062067613279,0.5075887603254752,-0.42771975306807225,0.7979328619935959,DDoS,2,TON_IoT
-0.5615875192066484,1.9484664923925692,4.698145208170132,-0.4413246768066931,-1.495825661577364,-0.42771975306807225,0.6850280104234958,DDoS,2,TON_IoT
-0.574985596039801,-0.5275263930675894,-0.3806095325776637,-0.4413246768066931,-0.12017925391972423,-0.14783292735300818,0.07243352582662176,Reconnaissance,7,TON_IoT
-0.5765575223232279,2.735782539044072,0.7738363652155386,1.5996975829677962,0.5283346317164822,-0.42771975306807225,0.7754648416979668,DDoS,2,TON_IoT
0.07837555800200935,-0.5405600782682352,-0.3739082759310803,-0.4413246768066931,1.4444394475965932,-0.4514528464766595,-0.5861966517637861,Normal,5,TON_IoT
-0.4341565908967823,0.09401746993820133,0.8871916749978248,-0.4413246768066931,0.82057412202891,-0.27836494110023835,-0.5001745233247211,Ransomware,6,TON_IoT
1.3346069805708582,-0.5014590226662982,-0.33467821989605406,-0.4413246768066931,-0.04874978088781646,2.845810372254314,-0.5261973736839369,Botnet,0,TON_IoT
2.861355381137126,-0.43751250465063024,-0.3802690761157766,-0.4413246768066931,0.5312616482246193,2.845810372254314,-0.5667511808217797,Botnet,0,TON_IoT
-0.027480356945220483,-0.5320067223553114,-0.3792978239130062,-0.4413246768066931,0.3048030025950627,-0.27918332363156895,-0.5862680847508674,Normal,5,TON_IoT
-0.5641964870478471,0.02884904393497293,0.2757155177691437,-1.369062067613279,1.3675667508828866,-0.42771975306807225,0.8955983630913457,DDoS,2,TON_IoT
-0.5550650337787997,-0.5222314584548272,-0.3661956877717678,1.5996975829677962,-1.2226374541512324,-0.4514528464766595,-0.5871932961851923,Normal,5,TON_IoT
-0.3887957802951087,-0.5222314584548272,-0.38113982137651015,-0.4413246768066931,-0.7426067468167437,-0.4514528464766595,-0.5860516002586975,Normal,5,TON_IoT
-0.5594781114757434,-0.48598152149053137,-0.38095897720012467,-0.4413246768066931,-1.3970260166360338,-0.32787708424573947,-0.2215204063230118,Reconnaissance,7,TON_IoT
-0.4662600146926595,-0.5336359330053921,-0.36959109069478246,1.5996975829677962,-0.5060319213257306,-0.4514528464766595,-0.5839840913181868,Normal,5,TON_IoT
-0.5020166345289322,-0.5373016569680737,-0.3784898134352892,1.5996975829677962,1.7229168252040958,-0.3937568780178525,0.03089995422871459,Reconnaissance,7,TON_IoT
-0.5147467156769086,-0.524267971767428,-0.3802710204284254,1.5996975829677962,0.615426210625264,-0.4166715888951092,1.0787128301763484,Reconnaissance,7,TON_IoT
-0.12783852723515254,-0.5336359330053921,-0.3799980176849387,-0.4413246768066931,-0.996230159688485,-0.4514528464766595,-0.5841434457234316,Normal,5,TON_IoT
-0.31509422744767124,0.46344098484400226,-0.0014517782843818227,-0.4413246768066931,-0.8735522221807729,-0.27836494110023835,-0.5398450798953068,Ransomware,6,TON_IoT
-0.5088544915492894,0.6544659335659655,3.0681050250575237,-0.4413246768066931,0.028636427493984398,-0.27836494110023835,-0.4547421973356638,Ransomware,6,TON_IoT
2.3163338349480123,-0.5051247466289797,-0.38122887003285216,-0.4413246768066931,1.1931268372312758,-0.4510436552109942,-0.5408922663700511,Botnet,0,TON_IoT
0.6638152330119105,-0.4436220445884329,-0.36092777291975486,-0.4413246768066931,0.47975642791476775,2.2676231138692478,-0.556099489593304,Botnet,0,TON_IoT
-0.5614723982714203,1.5859671227496113,3.7714039912717823,1.5996975829677962,1.1758728451833096,-0.42771975306807225,1.0419624423827811,DDoS,2,TON_IoT
2.3962590414111253,-0.42610803010006526,-0.3521275024048887,-0.4413246768066931,1.5297337356670453,2.2676231138692478,-0.5605490072264822,Botnet,0,TON_IoT
0.04464905428186691,0.540828490722836,0.8906134686481431,-0.4413246768066931,0.06740655843509896,-0.27836494110023835,-0.3938523000202678,Ransomware,6,TON_IoT
-0.5639117944443888,0.17832912107987806,0.6013459711070573,1.5996975829677962,1.4440799894289273,-0.42771975306807225,2.876899249296922,DDoS,2,TON_IoT
-0.38150347114165,-0.5096050759167017,-0.3653876360056487,1.5996975829677962,0.8473280799366195,-0.42771975306807225,-0.5863021815347302,Normal,5,TON_IoT
-0.5579259268386187,1.764365688933449,-0.31820789904176777,1.5996975829677962,-0.23510316523921349,-0.42771975306807225,1.109332905748661,DDoS,2,TON_IoT
-0.45812231010167753,-0.5307848143677509,-0.37813844798053026,1.5996975829677962,0.954395262734267,-0.4514528464766595,-0.5873698884626124,Normal,5,TON_IoT
-0.31535098059688366,0.15307635600362704,0.005508678520133373,-0.4413246768066931,0.6300099419991403,-0.27836494110023835,-0.34986722012876803,Ransomware,6,TON_IoT
-0.5726444626170211,2.1419352570896533,-0.2354745533955275,1.5996975829677962,0.612037033615842,-0.42771975306807225,2.5896761006667712,DDoS,2,TON_IoT
-0.325459564389226,-0.5295629063801903,-0.3713911144708923,1.5996975829677962,-0.4080025438865416,-0.42771975306807225,-0.5849368074279838,Normal,5,TON_IoT
-0.47768651382099186,-0.5307848143677509,-0.379763905393721,1.5996975829677962,0.34311097303489246,-0.1204171125534332,1.1769760908012965,Reconnaissance,7,TON_IoT
0.7250571435881019,-0.441585531275832,-0.3586981660758328,-0.4413246768066931,0.40899452005138254,2.845810372254314,-0.5769119585564014,Botnet,0,TON_IoT
-0.29778094360956203,0.01622266139684743,1.5677416722716948,-0.4413246768066931,-0.4871860431066723,-0.27836494110023835,-0.4202070838501578,Ransomware,6,TON_IoT
-0.4832730981472137,0.5945924421754994,0.4681019196635885,-0.4413246768066931,-0.0034580517619051416,-0.27836494110023835,-0.5524974929596481,Ransomware,6,TON_IoT
-0.561480733887719,-0.5067539572790604,-0.3712205779659871,-0.4413246768066931,-0.6198261069754126,-0.42771975306807225,-0.5873296611247684,Normal,5,TON_IoT
-0.5629628895750135,0.028034438609932575,-0.23581084344531758,-1.369062067613279,0.05307958289526987,-0.42771975306807225,1.1964568791643184,DDoS,2,TON_IoT
-0.4845878565354887,-0.5364870516430333,-0.367698498215624,-0.4413246768066931,1.064902973708146,-0.4514528464766595,-0.586942393548798,Normal,5,TON_IoT
-0.5560167231149061,-0.5275263930675894,-0.3741983431267573,-0.4413246768066931,-1.2595075919203982,-0.42771975306807225,-0.5770006519524018,Normal,5,TON_IoT
-0.5611077959739136,1.401866319290491,0.12299199354546012,1.5996975829677962,-1.2328563363463074,-0.42771975306807225,1.04617519737315,DDoS,2,TON_IoT
-0.5716017237748625,2.113831373375761,0.4497787640839319,-0.4413246768066931,1.5175121579664026,-0.42771975306807225,2.590051850236889,DDoS,2,TON_IoT
-0.5550869898125453,-0.5144927078669438,-0.37808129736421603,-0.4413246768066931,-1.4343583149064845,-0.30700832969680925,0.08214413679069812,Reconnaissance,7,TON_IoT
-0.5459532846716174,-0.5250825770924684,-0.3750372604454565,1.5996975829677962,-0.46828881372080455,-0.27918332363156895,-0.5848441740145679,Normal,5,TON_IoT
-0.5457792312946513,-0.5022736279913385,-0.37365571874955533,-0.4413246768066931,-1.192391616900482,-0.1932531578418563,0.5833266015305653,Reconnaissance,7,TON_IoT
-0.5767348529820148,0.912695821603758,3.2305547624319466,-0.4413246768066931,0.8363902814062123,-0.42771975306807225,2.7820874988502857,DDoS,2,TON_IoT
-0.5580742231666188,3.4852194380811987,-0.34172321932188077,-0.4413246768066931,0.643207191869162,-0.42771975306807225,1.382086002610173,DDoS,2,TON_IoT
-0.13283650415168122,-0.5214168531297868,-0.3689919387228274,1.5996975829677962,0.1511089603344589,-0.27918332363156895,-0.5802462965083459,Normal,5,TON_IoT
-0.5696236922221614,1.0194091191840444,0.042750246150912115,-0.4413246768066931,-1.216783421134958,-0.42771975306807225,2.1081071682338095,DDoS,2,TON_IoT
-0.47732411677778663,-0.5112342865667824,-0.3651024749273077,1.5996975829677962,1.0857001962659623,-0.27918332363156895,-0.5847466299940716,Normal,5,TON_IoT
1.5310564868436605,-0.41918388483722224,-0.35933429678234374,-0.4413246768066931,1.3383479369683247,-0.4510436552109942,-0.4952168606445691,Botnet,0,TON_IoT
-0.5462542882507354,-0.5124561945543429,-0.3382405597621871,-0.4413246768066931,0.24436267926037153,-0.4514528464766595,-0.5732032352053349,Normal,5,TON_IoT
-0.17659340989909325,-0.5307848143677509,-0.37590032901713016,-0.4413246768066931,1.3491316819983037,-0.4514528464766595,-0.572023875011202,Normal,5,TON_IoT
-0.5751661635611698,1.803466744535386,-0.13770642596661617,-0.4413246768066931,-0.890549458394692,-0.42771975306807225,1.092547116218649,DDoS,2,TON_IoT
-0.3457606232726537,0.2642699828716355,-0.3396269737877059,-0.4413246768066931,-1.4183881020287537,-0.27836494110023835,-0.5167941882579064,Ransomware,6,TON_IoT
-0.22225586614365833,0.5550840839110422,0.017557309788285878,-0.4413246768066931,1.5577714727449903,-0.27836494110023835,-0.44307061265927117,Ransomware,6,TON_IoT
-0.4600709607789279,-0.5320067223553114,-0.3731512870037636,1.5996975829677962,-1.096056827966004,-0.42771975306807225,-0.5868515550032011,Normal,5,TON_IoT
-0.08184633966938692,-0.29699308608116903,4.160103902043784,-0.4413246768066931,1.3815856194218592,-0.27836494110023835,-0.33869842761508145,Ransomware,6,TON_IoT
-0.5574412352313104,-0.1422180743235016,2.5653931344914267,-0.4413246768066931,1.490398741891027,-0.27836494110023835,-0.3516705982430704,Ransomware,6,TON_IoT
-0.415605579192263,-0.5324140250178316,-0.3726649526458153,-0.4413246768066931,1.3261777104344914,-0.4514528464766595,-0.5840452534390785,Normal,5,TON_IoT
3.3909480222399084,-0.37641710527260364,-0.3437171298522541,-0.4413246768066931,-0.2998056354190868,2.2676231138692478,-0.5463690548361964,Botnet,0,TON_IoT
-0.3406284745601954,-0.5210095504672666,-0.37911965896058875,1.5996975829677962,0.0721308657815659,-0.42771975306807225,-0.5869007725959596,Normal,5,TON_IoT
-0.3960184345369778,-0.3515716428588728,3.1743921665634125,-0.4413246768066931,0.5340859623991376,-0.27836494110023835,-0.5084208781945614,Ransomware,6,TON_IoT
-0.24981103732752066,-0.5132707998793833,-0.3726075638390434,1.5996975829677962,-1.0863001062722135,-0.4514528464766595,-0.5819932144096309,Normal,5,TON_IoT
-0.5005226659526573,-0.5222314584548272,-0.357818167166833,-0.4413246768066931,0.18838990743810016,-0.4514528464766595,-0.5832062262464618,Normal,5,TON_IoT
-0.5651831779232802,0.5416430960478763,0.2988730333361728,1.5996975829677962,0.6383288310222668,-0.42771975306807225,1.6903595355898902,DDoS,2,TON_IoT
2.2769808268635594,-0.44117822861331185,-0.3180770596229673,-0.4413246768066931,0.3555379554027729,-0.4510436552109942,-0.519367054260625,Botnet,0,TON_IoT
-0.5010550508523434,-0.5132707998793833,-0.37838720196705855,1.5996975829677962,0.6065938099340432,-0.27918332363156895,-0.5861106737169339,Normal,5,TON_IoT
-0.5726946238547196,1.2552373607832272,0.8488860718208673,-1.369062067613279,-0.0400200825302145,-0.42771975306807225,0.7214518049336401,DDoS,2,TON_IoT
-0.45883733602642784,-0.5059393519540201,-0.3798985360948974,-0.4413246768066931,0.583999296537897,-0.27918332363156895,-0.5873076730625403,Normal,5,TON_IoT
-0.5615513850026247,1.895517146264946,0.4349718604617462,-1.369062067613279,-0.585420825213099,-0.42771975306807225,2.499431459078684,DDoS,2,TON_IoT
-0.5562704525287592,2.7936195171219373,1.0522073820054394,-0.4413246768066931,0.5148292748456038,-0.42771975306807225,1.245740157865093,DDoS,2,TON_IoT
-0.45819970028558854,-0.5434111969058764,-0.37978414430334756,-0.4413246768066931,-0.3128488317886803,-0.4514528464766595,-0.5856064310913311,Normal,5,TON_IoT
2.5667410443528045,-0.35483006415903423,-0.3482419400713511,-0.4413246768066931,0.7395933319704495,2.2676231138692478,-0.505993502273192,Botnet,0,TON_IoT
-0.4555027192400495,-0.5043101413039394,-0.3790112321563747,-0.4413246768066931,1.2620914542563313,-0.2673167769272753,0.12196824038443986,Reconnaissance,7,TON_IoT
-0.5757318298799287,-0.5083831679291412,-0.3808862464685398,1.5996975829677962,1.4678555796616901,-0.22557926782941487,0.2822890682595959,Reconnaissance,7,TON_IoT
-0.5595406544430148,-0.517343826504585,-0.37781137957740635,1.5996975829677962,0.07243897278242244,-0.4514528464766595,-0.5869177205948202,Normal,5,TON_IoT
0.054389870169685696,-0.5124561945543429,-0.38046743986738507,-0.4413246768066931,-0.8907035118951203,-0.27918332363156895,-0.5806348848191951,Normal,5,TON_IoT
-0.5654048958242133,2.3435500750371414,-0.2632665188270166,-0.4413246768066931,1.0255166287653181,-0.42771975306807225,0.8639129055816397,DDoS,2,TON_IoT
-0.5134084222311583,-0.5161219185170245,-0.3538037358077727,1.5996975829677962,-0.913349376458076,-0.27918332363156895,-0.5833719213757661,Normal,5,TON_IoT
-0.16183095154729552,-0.5434111969058764,-0.37060247758595943,-0.4413246768066931,1.4365313679079421,-0.42771975306807225,-0.5717743550389531,Normal,5,TON_IoT
-0.3653070586251286,-0.5279336957301096,-0.3794135580151582,-0.4413246768066931,-1.4655798243266138,-0.4514528464766595,-0.5872073005012689,Normal,5,TON_IoT
-0.36413965948770405,-0.5067539572790604,-0.3730101253009953,-0.4413246768066931,0.8539010292882256,-0.27918332363156895,-0.5852382997522367,Normal,5,TON_IoT
-0.5071517597777543,-0.496571390716056,-0.3785299800007413,-0.4413246768066931,0.2089303741618695,-0.2660892031302794,0.9410510537441726,Reconnaissance,7,TON_IoT
-0.36362902317369356,-0.5112342865667824,-0.37002026412538,-0.4413246768066931,-0.40250796903793334,-0.4514528464766595,-0.5821683704638453,Normal,5,TON_IoT
-0.44635925017295885,-0.531192117030271,-0.38104475728160236,1.5996975829677962,1.3309533689477677,-0.4514528464766595,-0.5771901791670329,Normal,5,TON_IoT
-0.5704574047656096,0.5803368489872932,5.107205499032227,-0.4413246768066931,0.6985637496897203,-0.27836494110023835,-0.38202875924187407,Ransomware,6,TON_IoT
-0.004949309162938524,0.37424170175208343,0.475225810287894,-0.4413246768066931,1.2348239846805273,-0.27836494110023835,-0.33899321458249604,Ransomware,6,TON_IoT
0.09849825034621695,-0.4945348774034551,-0.30683772284530325,-0.4413246768066931,0.12584418626422264,2.845810372254314,-0.505591525214323,Botnet,0,TON_IoT
-0.38403765655423117,-0.535672446317993,-0.3633621408050635,1.5996975829677962,-1.199426726753373,-0.42771975306807225,-0.5855139742853989,Normal,5,TON_IoT
-0.5414229179185343,-0.5299702090427105,-0.37015705106212765,1.5996975829677962,0.9257413116546088,-0.4514528464766595,-0.5856562093292754,Normal,5,TON_IoT
-0.5197329991846439,0.07731806077487405,2.8964828470962867,-0.4413246768066931,-0.10770092038503437,-0.27836494110023835,-0.548339285633215,Ransomware,6,TON_IoT
0.36994177342365697,-0.4318102673753478,-0.31388553972307115,-0.4413246768066931,-0.8675954868308798,-0.4510436552109942,-0.5465715000134357,Botnet,0,TON_IoT
0.18762581242371495,-0.5059393519540201,-0.3744303032615004,-0.4413246768066931,0.5519561684488169,-0.4510436552109942,-0.5179061352152073,Botnet,0,TON_IoT
-0.5702020695430223,3.183000862491227,4.676827296923579,1.5996975829677962,-0.6965961013555003,-0.42771975306807225,0.5141753029276103,DDoS,2,TON_IoT
-0.28566975943255124,0.06102595427406695,0.33655599929067087,-0.4413246768066931,-1.0630380277075449,-0.27836494110023835,-0.40659369656503286,Ransomware,6,TON_IoT
3.3132520263982688,-0.40166987034885465,-0.28312430996894017,-0.4413246768066931,0.3804946224721526,2.2676231138692478,-0.5319607877216059,Botnet,0,TON_IoT
-0.4553431388277494,-0.5393381702806747,-0.37553883966461016,1.5996975829677962,1.4774582478550524,-0.42771975306807225,-0.5826282528733681,Normal,5,TON_IoT
-0.4218580810698681,-0.5360797489805131,-0.3731391004592151,-0.4413246768066931,-0.9346087595171771,-0.42771975306807225,-0.5833649598052365,Normal,5,TON_IoT
-0.307896101807145,-0.5169365238420649,-0.3728597591295844,1.5996975829677962,-1.3162506312448108,-0.42771975306807225,-0.5836847108712456,Normal,5,TON_IoT
0.5558819045839797,0.15266905334110686,3.2604498544421254,-0.4413246768066931,1.6807061660867497,-0.27836494110023835,-0.31643555179188254,Ransomware,6,TON_IoT
-0.5043132879509001,-0.52874830105515,-0.3793679351984748,1.5996975829677962,-1.1208080903681459,-0.4514528464766595,-0.5850493246671933,Normal,5,TON_IoT
-0.4332685367065883,-0.5108269839042622,-0.37628131676188786,1.5996975829677962,-0.4097998347248714,-0.4514528464766595,-0.5774341006573008,Normal,5,TON_IoT
-0.2366740856373942,-0.5206022478047464,-0.35854991575663187,1.5996975829677962,-1.374020693905412,-0.27918332363156895,-0.5850350210552261,Normal,5,TON_IoT
1.5788766594892556,-0.45258270316387683,-0.2881849275375842,-0.4413246768066931,-1.1772430226917021,-0.4510436552109942,-0.5136616764352213,Botnet,0,TON_IoT
0.12368481602428226,0.1416718814530621,0.8961786791890912,-0.4413246768066931,1.5882227146629784,-0.27836494110023835,-0.5222404059455723,Ransomware,6,TON_IoT
-0.4606181629360984,-0.5120488918918227,-0.37882583709870843,1.5996975829677962,-0.5735587056801222,-0.15110645747833057,1.2306615159799776,Reconnaissance,7,TON_IoT
1.723310962472535,-0.44280743926339255,-0.34988833010450165,-0.4413246768066931,0.8964197954064281,-0.4510436552109942,-0.5290495936629708,Botnet,0,TON_IoT
0.8590688598088136,-0.4314029647128276,-0.36428921226282307,-0.4413246768066931,-1.4687122455019885,-0.4510436552109942,-0.533643395118434,Botnet,0,TON_IoT
-0.216800093543663,-0.5275263930675894,-0.33552682874183026,-0.4413246768066931,-1.0165138705782073,-0.4514528464766595,-0.5849387198888206,Normal,5,TON_IoT
1.4666714555301235,-0.42814454341266617,-0.24109233663931073,-0.4413246768066931,-1.0128165865679288,2.2676231138692478,-0.5082253160856702,Botnet,0,TON_IoT
-0.5188296265095632,-0.5303775117052307,-0.3612986103215312,-0.4413246768066931,-0.6930528708456501,-0.4514528464766595,-0.5872353888277984,Normal,5,TON_IoT
-0.5508334544694565,-0.5389308676181545,-0.3810379636880911,1.5996975829677962,-0.6999852783649223,-0.39743959940884016,-0.3626531972955753,Reconnaissance,7,TON_IoT
-0.5585292960479202,-0.5340432356679123,-0.3804960999075678,-0.4413246768066931,1.2563914747404852,-0.27918332363156895,-0.5854340245847207,Normal,5,TON_IoT
-0.5527508206023437,-0.5059393519540201,-0.36966594675320424,-0.4413246768066931,-0.3192163764730488,-0.27918332363156895,-0.5764007415763012,Normal,5,TON_IoT
3.2596649955265926,-0.5373016569680737,-0.3633238459621793,-0.4413246768066931,-1.4350258800750069,2.845810372254314,-0.5121329563388651,Botnet,0,TON_IoT
2.6602857194463483,-0.35971769610927634,-0.3355083363836143,-0.4413246768066931,-0.9369195620236013,-0.4510436552109942,-0.5123413563077422,Botnet,0,TON_IoT
-0.5763949412749252,2.1647442061907833,0.8927265070748931,-1.369062067613279,1.7131601035103052,-0.42771975306807225,0.47955871403535233,DDoS,2,TON_IoT
-0.44644034111510705,-0.5063466546165403,-0.3809848773394311,-0.4413246768066931,-1.0815244477589372,-0.40439585092515024,0.8459743233496142,Reconnaissance,7,TON_IoT
-0.4282307214523675,0.08383490337519689,5.489047503085316,-0.4413246768066931,-1.575265916631542,-0.27836494110023835,-0.5313863991269155,Ransomware,6,TON_IoT
-0.3778236745572908,-0.5197876424797061,-0.3331153349310625,1.5996975829677962,0.31327594511861756,-0.4514528464766595,-0.586992201571271,Normal,5,TON_IoT
-0.08517159123180294,-0.5430038942433562,-0.3698356808159233,1.5996975829677962,-0.5196913316970372,-0.27918332363156895,-0.5829284333048045,Normal,5,TON_IoT
-0.48294964631952886,0.45325841828099783,0.6216175039621012,-0.4413246768066931,1.6680224278848221,-0.27836494110023835,-0.48608580207607627,Ransomware,6,TON_IoT
-0.28671041909868733,-0.52874830105515,-0.35136249707489253,-0.4413246768066931,-1.379463917587211,-0.42771975306807225,-0.5835003411884607,Normal,5,TON_IoT
-0.39149236554970634,-0.5393381702806747,-0.38072965432956796,-0.4413246768066931,0.4696402480533114,-0.42771975306807225,-0.5799371619985247,Normal,5,TON_IoT
-0.5404886727044337,-0.5006444173412578,-0.3746951657803263,1.5996975829677962,-0.28029219203150596,-0.1441502059620205,1.268952207796624,Reconnaissance,7,TON_IoT
-0.3522780297098924,-0.26074314911687324,0.8246206300713433,-0.4413246768066931,-0.14831969333128817,-0.27836494110023835,-0.4011287337174226,Ransomware,6,TON_IoT
-0.5130336734601698,-0.5189730371546657,-0.3789934788678209,-0.4413246768066931,0.4728753715623051,-0.4551355678676472,0.23334550740596735,Reconnaissance,7,TON_IoT
-0.549298770091797,-0.5258971824175087,-0.3641780258171709,1.5996975829677962,-0.37328915512337146,-0.27918332363156895,-0.5841519438622883,Normal,5,TON_IoT
-0.429210039372596,-0.5430038942433562,-0.3730924767111249,-0.4413246768066931,-0.44708078182851274,-0.27918332363156895,-0.5811858722605838,Normal,5,TON_IoT
-0.5704842406255201,0.9000694390656324,0.27631500573638734,1.5996975829677962,0.739644683137259,-0.42771975306807225,2.1443005773802355,DDoS,2,TON_IoT
-0.46788407696298384,0.5216852655843877,0.97251315563533,-0.4413246768066931,-0.13168191528503503,-0.27836494110023835,-0.5257380700004135,Ransomware,6,TON_IoT
-0.5113993828579274,-0.009030103679403573,-0.3438928539940448,-0.4413246768066931,0.5302859760552403,-0.27836494110023835,-0.46868199717216963,Ransomware,6,TON_IoT
-0.3615708514317635,-0.5344505383304324,-0.3706131939718787,1.5996975829677962,1.1505567199462639,-0.42771975306807225,-0.5865694765767832,Normal,5,TON_IoT
-0.3825858113951605,0.6283985631646741,-0.12243861582004828,-0.4413246768066931,1.070500250890373,-0.27836494110023835,-0.42205703389348,Ransomware,6,TON_IoT
-0.5413502231150668,-0.507975865266621,-0.38056370511211435,-0.4413246768066931,0.3230840179792174,-0.1200079212877679,-0.07654859727815848,Reconnaissance,7,TON_IoT
-0.5683813299547652,1.1697038016539898,0.39720096960789053,-0.4413246768066931,-0.46284559003900566,-0.42771975306807225,2.5219672244249796,DDoS,2,TON_IoT
0.27762382246200157,-0.365827236047079,-0.3127795906349564,-0.4413246768066931,1.3212479984207868,2.845810372254314,-0.5776754441366658,Botnet,0,TON_IoT
2.451532612322616,-0.36827105202220006,-0.3500411740468277,-0.4413246768066931,0.4363133407939957,2.845810372254314,-0.5039985273967877,Botnet,0,TON_IoT
-0.5737209053682456,3.3467365328243384,-0.10588192339816123,-1.369062067613279,0.8247849177072827,-0.42771975306807225,1.9311961050362023,DDoS,2,TON_IoT
-0.5602006834574662,0.08953714065047937,0.052617082382557,1.5996975829677962,0.6699611497768715,-0.42771975306807225,1.3926699501082542,DDoS,2,TON_IoT
-0.5735671581589024,1.9879748506570263,-0.16470086173015727,-0.4413246768066931,1.323456098593592,-0.42771975306807225,0.9477048834028678,DDoS,2,TON_IoT
-0.5604636920820235,2.376948893363796,0.2578902993311165,1.5996975829677962,0.26012748747086445,-0.42771975306807225,1.1806016533396755,DDoS,2,TON_IoT
-0.29573223213584765,-0.5254898797549886,-0.31615316228427504,-0.4413246768066931,1.1817268781995838,-0.4514528464766595,-0.5854797392019016,Normal,5,TON_IoT
-0.5725327035580843,2.8461615605870403,1.4037334678728943,-1.369062067613279,-1.4238313257105526,-0.42771975306807225,2.996376534595113,DDoS,2,TON_IoT
2.543089686263261,-0.3808974345603256,-0.37961846622901646,-0.4413246768066931,-1.3195884570874234,2.2676231138692478,-0.543723146718617,Botnet,0,TON_IoT
-0.22899290775893882,-0.5393381702806747,-0.3658889610874708,1.5996975829677962,0.28133551936315626,-0.27918332363156895,-0.5839284141052691,Normal,5,TON_IoT
-0.5650318774781371,-0.5267117877425491,-0.3803250329037335,1.5996975829677962,-1.4808824720358218,-0.34465392613801665,-0.07357202248619168,Reconnaissance,7,TON_IoT
-0.4663437356415243,-0.49372027207841473,-0.3805645529430471,-0.4413246768066931,0.3917405280034163,-0.23949177086203502,0.2538138282949217,Reconnaissance,7,TON_IoT
-0.5712696615450014,0.31925584231185944,0.07273157909570412,-1.369062067613279,0.7956174549595303,-0.42771975306807225,0.74954343689421,DDoS,2,TON_IoT
-0.5236773260413399,-0.5373016569680737,-0.3323481260776561,-0.4413246768066931,0.672323303450105,-0.27918332363156895,-0.582624195990117,Normal,5,TON_IoT
3.3790602633655276,-0.4696894149897243,-0.3341571741656643,-0.4413246768066931,-1.0591353390300287,2.845810372254314,-0.5042046484114949,Botnet,0,TON_IoT
-0.5321071577482436,0.04351193978569932,5.405154895101676,-0.4413246768066931,0.979146525136409,-0.27836494110023835,-0.3579867230395699,Ransomware,6,TON_IoT
-0.5621800573134161,0.0997197072134838,-0.30798916400835114,-1.369062067613279,0.7525338260064242,-0.42771975306807225,2.8148006602373066,DDoS,2,TON_IoT
-0.5703987383719393,2.9475799235545646,-0.008123565022940224,1.5996975829677962,-1.3006398765347462,-0.42771975306807225,0.4808533794240379,DDoS,2,TON_IoT
-0.0034909201084415507,-0.4847596135029708,-0.37874425184823196,-0.4413246768066931,0.5104130744999935,2.845810372254314,-0.4974002253032264,Botnet,0,TON_IoT
-0.39290364677210243,-0.5087904705916613,-0.3796443047472065,-0.4413246768066931,0.8086606513291238,-0.42771975306807225,-0.5873617854713169,Normal,5,TON_IoT
-0.33982837665290466,-0.510419681241742,-0.3750453828183046,1.5996975829677962,-0.3436595318743343,-0.27918332363156895,-0.5837566026614341,Normal,5,TON_IoT
-0.5687322456801968,1.8951098436024258,1.1490080837123247,-1.369062067613279,-0.08336046731736774,-0.42771975306807225,0.6808727311130641,DDoS,2,TON_IoT
-0.46097767745545715,-0.5108269839042622,-0.3711329158420551,1.5996975829677962,1.0138085627327698,-0.42771975306807225,-0.5837525238033772,Normal,5,TON_IoT
-0.5704779559441866,0.749774756595687,3.3038260215153885,-1.369062067613279,-1.189618653892773,-0.42771975306807225,2.498598332820288,DDoS,2,TON_IoT
-0.18074985062370416,-0.4077794102866573,-0.3507222829150417,-0.4413246768066931,1.4373529865768928,-0.4510436552109942,-0.49709057806141843,Botnet,0,TON_IoT
-0.4612468311865895,-0.49575678539101564,-0.38041717681299553,1.5996975829677962,0.4563402958496708,-0.04880864106200599,0.25448524459261107,Reconnaissance,7,TON_IoT
-0.5714212657997091,0.5379773720851947,0.2366986719845741,-1.369062067613279,-0.626193651659781,-0.42771975306807225,2.2409789303929823,DDoS,2,TON_IoT
-0.5714903315631656,0.4324859824924688,1.4480506898647036,-1.369062067613279,-1.2713697114533749,-0.42771975306807225,1.2077308891316751,DDoS,2,TON_IoT
-0.5740469789916371,0.4141573626790608,0.17410572756633738,1.5996975829677962,-1.5232985358204054,-0.42771975306807225,0.5898693507907442,DDoS,2,TON_IoT
-0.2616830040207561,-0.12266754652253307,-0.056188678928504945,-0.4413246768066931,1.7141871268464939,-0.27836494110023835,-0.4647750351613594,Ransomware,6,TON_IoT
1.867010650773843,-0.4684675070021637,-0.25795505661974316,-0.4413246768066931,1.3987369091362065,-0.4510436552109942,-0.533852277389299,Botnet,0,TON_IoT
-0.416984702399483,-0.5214168531297868,-0.3499104412988982,1.5996975829677962,1.190610630057614,-0.4514528464766595,-0.576793072321107,Normal,5,TON_IoT
2.211169505515515,-0.4945348774034551,-0.2986555064393084,-0.4413246768066931,0.225978961542598,-0.4510436552109942,-0.5002398427594649,Botnet,0,TON_IoT
-0.5751586769666998,1.828312206949117,1.6526337387600245,-1.369062067613279,-0.8171172898572168,-0.42771975306807225,2.2229681610371124,DDoS,2,TON_IoT
-0.5288107120162849,0.37709282038972464,6.973220520050582,-0.4413246768066931,-1.1672295451638646,-0.27836494110023835,-0.3326168219354459,Ransomware,6,TON_IoT
-0.2848975369385117,-0.21553255357713355,5.184056911174632,-0.4413246768066931,1.2686644036079373,-0.27836494110023835,-0.3411701074717439,Ransomware,6,TON_IoT
-0.5069791307326359,-0.535672446317993,-0.34543348126816353,1.5996975829677962,-0.8539874276263827,-0.27918332363156895,-0.5855496029631726,Normal,5,TON_IoT
3.2136112704342845,-0.38293394787292645,-0.3607784535813329,-0.4413246768066931,-0.21456269851544418,2.2676231138692478,-0.5058058381674332,Botnet,0,TON_IoT
0.27577529690921315,-0.5197876424797061,-0.35273017300293064,-0.4413246768066931,-0.04233088503663855,2.845810372254314,-0.5584102554529824,Botnet,0,TON_IoT
3.2954235119442044,-0.5324140250178316,-0.3043970366822312,-0.4413246768066931,-1.0495326708366663,2.845810372254314,-0.5247239209106337,Botnet,0,TON_IoT
-0.21380349484476513,-0.5230460637798675,-0.36460856997137153,1.5996975829677962,1.5990578108597666,-0.42771975306807225,-0.5860014877879336,Normal,5,TON_IoT
-0.388926804064449,0.1591858959414297,7.827554474795315,-0.4413246768066931,1.1331486743978694,-0.27836494110023835,-0.5124502695422779,Ransomware,6,TON_IoT
-0.3281588806749885,0.20602570213125013,1.8357855262638736,-0.4413246768066931,1.1668863909916605,-0.27836494110023835,-0.47238747515110907,Ransomware,6,TON_IoT
-0.43339728504286956,-0.5360797489805131,-0.35560188533279036,1.5996975829677962,0.06720115376786127,-0.42771975306807225,-0.5868243487801267,Normal,5,TON_IoT
-0.08516868942738755,-0.5434111969058764,-0.3739574260930574,1.5996975829677962,0.21878979818927874,-0.27918332363156895,-0.5765627133472069,Normal,5,TON_IoT
-0.4848486817276282,0.29155926126048737,0.8551314657485816,-0.4413246768066931,1.5940767476792526,-0.27836494110023835,-0.5004526944362138,Ransomware,6,TON_IoT
-0.4286339378245334,-0.5421892889183159,-0.37517083373493376,1.5996975829677962,0.3873756788246153,-0.42771975306807225,-0.5867826708139208,Normal,5,TON_IoT
-0.2899527132799817,-0.5421892889183159,-0.37431961845906103,1.5996975829677962,0.8356713650708805,-0.4514528464766595,-0.5855957952925102,Normal,5,TON_IoT
-0.2108732335912036,0.15674207996630865,8.583996956925823,-0.4413246768066931,1.237442894187808,-0.27836494110023835,-0.3862113907956582,Ransomware,6,TON_IoT
-0.5766380714946656,1.640545679527315,0.5513237885176869,-1.369062067613279,-0.3113082967843976,-0.42771975306807225,1.9411187032180033,DDoS,2,TON_IoT
0.44335255988685157,-0.5197876424797061,-0.36693110090381637,-0.4413246768066931,-0.7138500934034666,-0.4510436552109942,-0.5547862996328643,Botnet,0,TON_IoT
-0.545134239641734,-0.5063466546165403,-0.37923692077380544,-0.4413246768066931,-1.0763379799111854,-0.42771975306807225,-0.5872169896869046,Normal,5,TON_IoT
-0.47622811283644484,-0.4908691534407735,-0.3805512003743637,1.5996975829677962,1.5053932825993785,-0.08850019383153993,0.9974409980234841,Reconnaissance,7,TON_IoT
-0.4377864909630209,-0.5360797489805131,-0.37819210114550295,1.5996975829677962,-0.04926329255591069,-0.27918332363156895,-0.5822958427499907,Normal,5,TON_IoT
2.5183794773867656,-0.4220350034748635,-0.33364591900660934,-0.4413246768066931,1.6315117482833221,2.845810372254314,-0.5346642851749666,Botnet,0,TON_IoT
-0.5653111794772293,1.5045065902455756,-0.11247538120482592,-1.369062067613279,-0.6251666283235926,-0.42771975306807225,1.1592733895863956,DDoS,2,TON_IoT
-0.5738740968554166,3.4856267407437187,0.028126032432213253,-1.369062067613279,-0.519537278196609,-0.42771975306807225,2.80058211665535,DDoS,2,TON_IoT
-0.12368679427538762,-0.5307848143677509,-0.3654497174534226,1.5996975829677962,-0.8304685932276669,-0.4514528464766595,-0.5850777997197406,Normal,5,TON_IoT
1.4799921393800908,-0.5039028386414192,-0.37998877235578193,-0.4413246768066931,-0.5363804609100997,-0.4510436552109942,-0.5507049810407494,Botnet,0,TON_IoT
-0.51649446414882,-0.5385235649556342,-0.3800269622634209,-0.4413246768066931,1.0075950715488295,-0.4514528464766595,-0.5856848061330184,Normal,5,TON_IoT
-0.5739738911138431,-0.5087904705916613,-0.3812636781735339,1.5996975829677962,-1.3942017024615154,-0.37698003612557524,0.5477947896328286,Reconnaissance,7,TON_IoT
-0.5561222153196985,2.266977174483348,0.30673383895042494,-0.4413246768066931,0.8636577509820161,-0.42771975306807225,2.1118878156496215,DDoS,2,TON_IoT
0.7949150438075709,-0.42773724075014596,-0.37711511286486665,-0.4413246768066931,-0.47404014440345993,2.845810372254314,-0.4948572524211987,Botnet,0,TON_IoT
-0.5249012800577539,-0.5409673809307554,-0.370976309135646,1.5996975829677962,1.3783504959128654,-0.27918332363156895,-0.5773977172472256,Normal,5,TON_IoT
0.22505286888809942,-0.35645927480911493,-0.3299408986442278,-0.4413246768066931,1.0284949964402648,2.845810372254314,-0.49804923597423234,Botnet,0,TON_IoT
-0.5645651071652052,0.3139609076990971,1.2711311513906756,1.5996975829677962,-0.2762354498535615,-0.42771975306807225,2.5418567534252685,DDoS,2,TON_IoT
-0.5403119422682723,-0.5226387611173473,-0.3748369958954041,-0.4413246768066931,1.4504475341132956,-0.42771975306807225,-0.5810843669502848,Normal,5,TON_IoT
0.13766785478198293,-0.5230460637798675,-0.3785212635006157,1.5996975829677962,-1.327547887942884,-0.27918332363156895,-0.5865656575876127,Normal,5,TON_IoT
-0.571395167089095,3.1548969787773347,0.8050752298550282,-1.369062067613279,1.2210105208087927,-0.42771975306807225,2.0623284747168187,DDoS,2,TON_IoT
-0.2618877609524981,-0.5201949451422263,-0.3655804698426983,-0.4413246768066931,-1.193367289069861,-0.42771975306807225,-0.5856423059658432,Normal,5,TON_IoT
-0.5518772688463316,0.2622334695590346,-0.05765104010025201,-0.4413246768066931,1.3130318117312791,-0.27836494110023835,-0.4589028375092551,Ransomware,6,TON_IoT
-0.46514630304659277,-0.5393381702806747,-0.3746402777340015,-0.4413246768066931,-1.454950132797063,-0.42771975306807225,-0.5862087733995388,Normal,5,TON_IoT
-0.2435218775624961,-0.5234533664423877,-0.374514775870525,-0.4413246768066931,1.65395220817904,-0.4514528464766595,-0.5865968457292438,Normal,5,TON_IoT
0.0288522848623879,-0.018805367579887832,0.432262868467439,-0.4413246768066931,-0.6597773147531438,-0.27836494110023835,-0.46552990575529496,Ransomware,6,TON_IoT
-0.5699956703627338,1.6523574567404002,2.208990286472667,-0.4413246768066931,-0.35998920291973086,-0.42771975306807225,0.7406796981223666,DDoS,2,TON_IoT
-0.5704256081347708,0.49806171115821735,0.6544486021111547,-0.4413246768066931,1.1319675975612526,-0.42771975306807225,0.861215964078324,DDoS,2,TON_IoT
-0.3863547362982166,0.28463511599764435,0.3762905247693161,-0.4413246768066931,0.8586766878015021,-0.27836494110023835,-0.4128514741282825,Ransomware,6,TON_IoT
-0.5718350098770054,1.5036919849205355,1.2045675955576192,-0.4413246768066931,0.5929857507295461,-0.42771975306807225,3.0077481385937754,DDoS,2,TON_IoT
2.8737016274772023,-0.40818671294917747,-0.34957114586729343,-0.4413246768066931,-0.8932197190687821,2.845810372254314,-0.5776129726035354,Botnet,0,TON_IoT
3.329431375081684,-0.5263044850800289,-0.3541714285930589,-0.4413246768066931,1.2365699243520478,-0.4510436552109942,-0.51548040961525,Botnet,0,TON_IoT
-0.10383271391327877,-0.5283409983926298,-0.33105388033771443,-0.4413246768066931,-1.1412972059251059,2.845810372254314,-0.5234367070726373,Botnet,0,TON_IoT
-0.388280713752366,-0.026136815505251026,1.8710863436242335,-0.4413246768066931,0.704469133872804,-0.27836494110023835,-0.5280909464276937,Ransomware,6,TON_IoT
0.18315013047660234,-0.4350686886755092,-0.3750857820383082,-0.4413246768066931,1.260140109917573,2.2676231138692478,-0.5621952422263832,Botnet,0,TON_IoT
-0.5567664080629481,-0.537708959630594,-0.37396572679562795,1.5996975829677962,0.14124953630704962,-0.42771975306807225,-0.5861699878927374,Normal,5,TON_IoT
-0.5665046337104013,1.6918658150048573,2.124646568158281,-0.4413246768066931,-0.17209528356405115,-0.42771975306807225,1.5338968550064855,DDoS,2,TON_IoT
2.4222117280414435,-0.5254898797549886,-0.21046337132707815,-0.4413246768066931,-0.8459766456041127,2.2676231138692478,-0.5176697674172389,Botnet,0,TON_IoT
-0.36517550284981354,-0.5271190904050693,-0.3803863851089396,1.5996975829677962,1.0315247152820208,-0.4514528464766595,-0.584561222787237,Normal,5,TON_IoT
-0.577018086261957,2.451077977942468,0.5639824822058505,1.5996975829677962,-0.8464388061053975,-0.42771975306807225,1.0143380620282787,DDoS,2,TON_IoT
2.2184557875871613,-0.42977375406274687,-0.3626458861624554,-0.4413246768066931,-0.0927577308434922,2.845810372254314,-0.562717950405227,Botnet,0,TON_IoT
-0.5358150265895648,-0.48394500817793046,-0.3799755105886493,1.5996975829677962,-0.899895370754007,-0.10691380078647836,0.17202432122893424,Reconnaissance,7,TON_IoT
-0.5063983780029864,-0.23182466007794064,0.018430817135869478,-0.4413246768066931,0.08553352031882537,-0.27836494110023835,-0.40203654232258773,Ransomware,6,TON_IoT
-0.17130981970983677,-0.06564517376970824,1.420306582439348,-0.4413246768066931,1.0523219378398372,-0.27836494110023835,-0.33150801028379956,Ransomware,6,TON_IoT
0.012220259692711883,-0.5197876424797061,-0.37262045039521696,1.5996975829677962,0.01307702395072915,-0.42771975306807225,-0.587368995669657,Normal,5,TON_IoT
-0.5507971417994749,-0.52874830105515,-0.38093926387039007,1.5996975829677962,0.9645627937625328,-0.30455318210281745,-0.04673214897295427,Reconnaissance,7,TON_IoT
-0.3705810141116004,-0.5328213276803517,-0.3693674775290102,1.5996975829677962,1.0384571228012929,-0.4514528464766595,-0.5869330116790429,Normal,5,TON_IoT
-0.035440346849899856,-0.5067539572790604,-0.367610048758792,-0.4413246768066931,-0.5362264074096715,-0.42771975306807225,-0.5843002251596618,Normal,5,TON_IoT
-0.49950397065244934,-0.0970074787837619,3.683948289473343,-0.4413246768066931,-0.6878664029978984,-0.27836494110023835,-0.5416885742966143,Ransomware,6,TON_IoT
-0.39614582147606237,-0.5413746835932755,-0.37823783348732115,-0.4413246768066931,0.1619440565312472,-0.42771975306807225,-0.5777978426388879,Normal,5,TON_IoT
-0.5008131000082856,0.09523937792576186,0.02667274025225493,-0.4413246768066931,0.6343234400111318,-0.27836494110023835,-0.4497786185748898,Ransomware,6,TON_IoT
-0.23415917065726452,-0.5332286303428719,-0.3774902835725961,-0.4413246768066931,-0.09820095452529107,-0.42771975306807225,-0.582256523068363,Normal,5,TON_IoT
-0.06514342700622165,-0.5413746835932755,-0.37535952386692434,1.5996975829677962,-0.9334790338473699,-0.4514528464766595,-0.5872303458010731,Normal,5,TON_IoT
-0.5239054260165427,-0.5210095504672666,-0.3810599667405135,-0.4413246768066931,1.4094179518325665,-0.27918332363156895,-0.585061648147289,Normal,5,TON_IoT
-0.5239621842328408,-0.5417819862557957,-0.3809035554520263,1.5996975829677962,-0.16223585953664188,-0.42771975306807225,-0.58462079382735,Normal,5,TON_IoT
0.11843151304880972,-0.5328213276803517,-0.35826703807544025,-0.4413246768066931,0.4608591985289,-0.27918332363156895,-0.578800988745587,Normal,5,TON_IoT
-0.34532017953246485,0.2553093242961916,5.510902644036922,-0.4413246768066931,-1.4156664901878544,-0.27836494110023835,-0.5156814456850825,Ransomware,6,TON_IoT
-0.5681857272469312,-0.49372027207841473,-0.37293672210877227,-0.4413246768066931,-1.4528960861246862,-0.4461333600230107,1.1949560036537143,Reconnaissance,7,TON_IoT
-0.3438831947860142,0.24838517903334859,4.858475045238061,-0.4413246768066931,1.0454408814873744,-0.27836494110023835,-0.5618596747610566,Ransomware,6,TON_IoT
-0.542162210170712,-0.46643099368956287,-0.379445126426254,1.5996975829677962,-0.27721112202294057,-0.08481747244055224,0.6206298668667677,Reconnaissance,7,TON_IoT
-0.5717518448882352,2.2140278283557246,-0.03711137273368414,-1.369062067613279,-0.4437429559859002,-0.42771975306807225,2.4144733280302386,DDoS,2,TON_IoT
-0.5646333436135101,3.2188434967930024,0.645198820747331,1.5996975829677962,0.8573415574644571,-0.42771975306807225,1.7703805827820023,DDoS,2,TON_IoT
-0.44996636177442567,-0.5124561945543429,-0.36892578938208853,1.5996975829677962,-0.5956397074081742,-0.27918332363156895,-0.5813865346658065,Normal,5,TON_IoT
-0.5645121905173667,0.24390484974562662,0.5098609174514283,1.5996975829677962,-0.38294317448354304,-0.42771975306807225,0.8061546438754902,DDoS,2,TON_IoT
-0.048246691445545276,-0.3189874298572586,2.2795944968813693,-0.4413246768066931,-0.2688408818330046,-0.27836494110023835,-0.5560265761099838,Ransomware,6,TON_IoT
2.4877198311563884,-0.5234533664423877,-0.3350024960064154,-0.4413246768066931,0.5695182674976397,2.2676231138692478,-0.5206127847428248,Botnet,0,TON_IoT
-0.4821250921467036,-0.010252011666964106,0.03824047755674951,-0.4413246768066931,1.0477003328269892,-0.27836494110023835,-0.4004779177717063,Ransomware,6,TON_IoT
1.6615792323311833,-0.3442401949335096,-0.306288553538672,-0.4413246768066931,0.27666256318349874,2.2676231138692478,-0.4963965239483095,Botnet,0,TON_IoT
1.7529527930413757,-0.384155855860487,-0.3497037868200314,-0.4413246768066931,0.14032521530448,-0.4510436552109942,-0.5750912712870934,Botnet,0,TON_IoT
-0.5593985426776684,-0.0644232657821477,-0.008065758255228745,-1.369062067613279,-0.132041373452701,-0.42771975306807225,0.38178836236661684,DDoS,2,TON_IoT
-0.14109554725926213,-0.39108000112333,-0.3773400741607187,-0.4413246768066931,1.506266252435139,2.2676231138692478,-0.5377590906214196,Botnet,0,TON_IoT
-0.4139277379923289,-0.5214168531297868,-0.3795109781836714,-0.4413246768066931,-0.04340925953963644,-0.42771975306807225,-0.5793475456739733,Normal,5,TON_IoT
-0.416676720872616,0.26019695624643374,2.9851974776256953,-0.4413246768066931,-0.29528673273985756,-0.27836494110023835,-0.46868408166671693,Ransomware,6,TON_IoT
-0.5266468081168795,-0.5438184995683966,-0.3688583590104432,1.5996975829677962,0.6561476859051367,-0.42771975306807225,-0.5779076199917851,Normal,5,TON_IoT
-0.5747105551489755,1.0743949786242684,0.7618709191585162,-0.4413246768066931,-0.11432522090344997,-0.42771975306807225,0.4973796323778972,DDoS,2,TON_IoT
3.1381039683777296,-0.45706303245159874,-0.36468411875389634,-0.4413246768066931,-0.9439033207096827,2.845810372254314,-0.547757180108834,Botnet,0,TON_IoT
-0.334244472220924,-0.5128634972168631,-0.3767834600600972,1.5996975829677962,-1.5712605256204069,-0.4514528464766595,-0.5859920965688515,Normal,5,TON_IoT
1.8018455107814633,-0.42122039814982315,-0.31334909567513525,-0.4413246768066931,0.5185265588558824,2.2676231138692478,-0.5396722729924346,Botnet,0,TON_IoT
-0.4461915090888699,-0.5267117877425491,-0.3794880882591044,1.5996975829677962,0.5964262789057774,-0.4514528464766595,-0.5871768502794588,Normal,5,TON_IoT
-0.3831491725765082,-0.3299846017453034,3.74144876415591,-0.4413246768066931,-1.5071742694422465,-0.27836494110023835,-0.5449593304277097,Ransomware,6,TON_IoT
-0.4263757126460691,-0.5222314584548272,-0.37189931807212095,-0.4413246768066931,-0.7340824531263793,-0.4514528464766595,-0.5795452969482351,Normal,5,TON_IoT
-0.14257633259726707,-0.452990005826397,-0.3680592029440465,-0.4413246768066931,1.3176534167441272,2.2676231138692478,-0.5175030442751769,Botnet,0,TON_IoT
0.23840646584865877,-0.38537776384804756,1.488815380267843,-0.4413246768066931,-0.44009702314243115,-0.27836494110023835,-0.4546966611143062,Ransomware,6,TON_IoT
0.5839283907283516,-0.39148730378585017,-0.33332664936785616,-0.4413246768066931,0.49916716896872976,2.2676231138692478,-0.5091472760731223,Botnet,0,TON_IoT
-0.5607733495559774,0.4707724327693655,0.9257744991640704,-0.4413246768066931,1.1790566175254937,-0.42771975306807225,2.1417438984226758,DDoS,2,TON_IoT
-0.3317342140527481,-0.5201949451422263,-0.3720975450812838,-0.4413246768066931,1.2905913518355612,-0.27918332363156895,-0.5866753506588102,Normal,5,TON_IoT
-0.5026099396301199,-0.5340432356679123,-0.3699065221485563,1.5996975829677962,1.024027444927845,-0.42771975306807225,-0.5814689227050744,Normal,5,TON_IoT
-0.4680734039623449,-0.5201949451422263,-0.38047237469439127,1.5996975829677962,0.187157479434674,-0.27918332363156895,-0.5868874792106186,Normal,5,TON_IoT
-0.5732344136814117,-0.3576811827966755,9.49051031595289,-0.4413246768066931,0.914238650289298,-0.27836494110023835,-0.45892717559464563,Ransomware,6,TON_IoT
0.27389380764177507,0.13882076281542083,0.11254523771820749,-0.4413246768066931,-0.6329206545118156,-0.27836494110023835,-0.36965439477133494,Ransomware,6,TON_IoT
-0.5138785528387019,-0.5267117877425491,-0.3769694058961463,1.5996975829677962,-0.8773522085246702,-0.4514528464766595,-0.5840910812957892,Normal,5,TON_IoT
1.2448257196750188,-0.38130473722284575,-0.3779097525199611,-0.4413246768066931,0.09595780718113829,2.845810372254314,-0.5700593038272237,Botnet,0,TON_IoT
-0.5582427465935921,2.1309380852016084,-0.1726150586201252,-0.4413246768066931,0.002293278920750264,-0.42771975306807225,1.9743364372199028,DDoS,2,TON_IoT
-0.5624005574236615,1.071136557324107,0.3251674886912263,-0.4413246768066931,-0.17219798589767,-0.42771975306807225,0.4220547860067847,DDoS,2,TON_IoT
3.466679493451789,-0.36867835468472027,-0.3546762963589648,-0.4413246768066931,0.28831927804923785,2.845810372254314,-0.5648509801828605,Botnet,0,TON_IoT
-0.5716170200766243,1.4079758592282936,1.7197179187117377,-1.369062067613279,0.8005471669732349,-0.42771975306807225,2.494225197621183,DDoS,2,TON_IoT
1.1537025368176088,-0.34505480025854995,-0.36340994400864535,-0.4413246768066931,0.005477051262934506,2.2676231138692478,-0.5227157298327284,Botnet,0,TON_IoT
-0.5750181018280363,0.9245075988168431,1.749170430619972,-0.4413246768066931,-0.5657019771582804,-0.42771975306807225,0.8664586806065617,DDoS,2,TON_IoT
-0.41144722111743465,-0.5303775117052307,-0.3664024307909659,-0.4413246768066931,-1.1182405320276747,-0.4514528464766595,-0.5779409834528592,Normal,5,TON_IoT
2.804501052016639,-0.5226387611173473,-0.3678980193616254,-0.4413246768066931,0.34875960138392903,-0.4510436552109942,-0.5267968376907535,Botnet,0,TON_IoT
3.163162921892813,-0.5230460637798675,-0.33847532017107657,-0.4413246768066931,-0.2373112654120187,2.845810372254314,-0.5081413564119984,Botnet,0,TON_IoT
1.9811445189572388,-0.4533973084889172,-0.3707955631674094,-0.4413246768066931,-1.1189080971961973,-0.4510436552109942,-0.5280755514639115,Botnet,0,TON_IoT
-0.5722430128771878,0.31640472367421824,0.1485736987103308,-0.4413246768066931,0.7308636336128476,-0.42771975306807225,2.420694057963591,DDoS,2,TON_IoT
0.21101544231557598,0.10460733916372593,0.41932932423047403,-0.4413246768066931,1.4249773553758218,-0.27836494110023835,-0.47476056553494184,Ransomware,6,TON_IoT
-0.4621386091030189,-0.5417819862557957,-0.3686205773887533,-0.4413246768066931,-1.1904916237285332,-0.42771975306807225,-0.5771324576834698,Normal,5,TON_IoT
-0.4998498515473731,-0.5087904705916613,-0.3666188961070396,1.5996975829677962,-1.2598670500880642,-0.27918332363156895,-0.5869663188498582,Normal,5,TON_IoT
-0.26443111296343325,0.5005055271333384,2.2471707340905693,-0.4413246768066931,1.0952001621257057,-0.27836494110023835,-0.4171427540914418,Ransomware,6,TON_IoT
-0.522009074279042,-0.5438184995683966,-0.34225556221414466,1.5996975829677962,-0.30807317327540396,-0.42771975306807225,-0.5794535564624617,Normal,5,TON_IoT
-0.5383516917807487,-0.00780819569184304,0.42308272744009817,-0.4413246768066931,0.5919587273933576,-0.27836494110023835,-0.3279446028545595,Ransomware,6,TON_IoT
-0.5627199050408263,-0.5116415892293026,-0.36368047123293895,-0.4413246768066931,0.5182698030218352,-0.27918332363156895,-0.5779865402618061,Normal,5,TON_IoT
-0.47821691624365087,-0.5071612599415806,-0.37657411402763835,1.5996975829677962,0.6711935777802978,-0.10364027066115597,0.5977064918095355,Reconnaissance,7,TON_IoT
-0.2876192642056194,-0.5206022478047464,-0.36677674675002775,1.5996975829677962,0.31959213863617664,-0.27918332363156895,-0.5832729282812711,Normal,5,TON_IoT
-0.5562373841736474,3.2139558648427604,0.01973508499822009,1.5996975829677962,1.5911497311711156,-0.42771975306807225,1.8701790401669143,DDoS,2,TON_IoT
-0.5721377309877694,2.5243924571961003,-0.1973067502097607,-0.4413246768066931,0.6169153944627374,-0.42771975306807225,1.864716421872666,DDoS,2,TON_IoT
-0.5077161880716222,-0.5291556037176701,-0.37880689060818634,1.5996975829677962,0.4186998905783635,-0.3209208327294294,0.10989238620598392,Reconnaissance,7,TON_IoT
1.3703084047465288,-0.36297611740943775,-0.2898600744554415,-0.4413246768066931,-1.179297069364079,2.845810372254314,-0.5067326985982398,Botnet,0,TON_IoT
-0.4631663757139076,-0.5332286303428719,-0.3808403914713307,1.5996975829677962,1.6568792246871773,-0.42403703167708456,0.5052473866722624,Reconnaissance,7,TON_IoT
-0.2087788148690223,-0.5234533664423877,-0.3807840403846471,1.5996975829677962,-0.04967410189038608,-0.27918332363156895,-0.5809913018271862,Normal,5,TON_IoT
-0.4941642881365426,-0.5169365238420649,-0.38084899592389027,-0.4413246768066931,-0.07786589246875945,-0.27918332363156895,-0.5868187051520674,Normal,5,TON_IoT
-0.5412699465825342,-0.5100123785792219,-0.3544946275540464,1.5996975829677962,-1.0848622736015496,-0.27918332363156895,-0.58596481093601,Normal,5,TON_IoT
-0.44261492036194655,-0.5055320492914999,-0.3784580096836104,1.5996975829677962,-1.3964098026343206,-0.0950472540821847,0.39884788816242017,Reconnaissance,7,TON_IoT
2.66379095036287,-0.3641980253969983,-0.3695278784063841,-0.4413246768066931,-0.8559387719651408,-0.4510436552109942,-0.5665221852746198,Botnet,0,TON_IoT
-0.5281096258105841,0.6703507374042524,2.0881361353700556,-0.4413246768066931,1.6765980727419958,-0.27836494110023835,-0.5633121487704947,Ransomware,6,TON_IoT
-0.3862423384067679,-0.5157146158545043,-0.36699373381776873,1.5996975829677962,1.14110810525333,-0.4514528464766595,-0.5871562456161332,Normal,5,TON_IoT
-0.26602134822150536,0.24879248169586876,-0.10835648652652057,-0.4413246768066931,-0.09840635919252876,-0.27836494110023835,-0.33664228085831754,Ransomware,6,TON_IoT
1.3339483068983489,-0.4114451342493389,-0.37725855206313635,-0.4413246768066931,-0.7790660752514341,2.2676231138692478,-0.5326121140023716,Botnet,0,TON_IoT
-0.4483999820042608,-0.5434111969058764,-0.3726008630490193,-0.4413246768066931,-0.6095558736135279,-0.42771975306807225,-0.5823881839205691,Normal,5,TON_IoT
-0.40271495900904697,-0.5283409983926298,-0.3675490736919451,1.5996975829677962,-0.28429758304264097,-0.27918332363156895,-0.5796765032366171,Normal,5,TON_IoT
-0.3614189371621733,-0.517343826504585,-0.3652571466127418,-0.4413246768066931,1.1309405742250642,-0.42771975306807225,-0.5816130945047822,Normal,5,TON_IoT
-0.5686241567930861,1.2988187456728861,2.847903705740915,1.5996975829677962,-1.1125405525118288,-0.42771975306807225,2.352872854070229,DDoS,2,TON_IoT
-0.572752557127364,0.37750012305224484,2.2956596026516003,-0.4413246768066931,-1.1277404978874181,-0.27836494110023835,-0.4131746641916624,Ransomware,6,TON_IoT
-0.4952603256544009,-0.5263044850800289,-0.2946124791888808,-0.4413246768066931,1.3459992608229288,-0.42771975306807225,-0.5869480491087495,Normal,5,TON_IoT
-0.5500544126764791,-0.5153073131919842,-0.37616123000908824,-0.4413246768066931,-0.20850326083193224,-0.42771975306807225,-0.5852829193103739,Normal,5,TON_IoT
-0.5285494326350084,-0.5299702090427105,-0.3788083185724522,-0.4413246768066931,0.7722013228944332,-0.4514528464766595,-0.5821053107763995,Normal,5,TON_IoT
-0.4991310336148674,0.34817433135079207,8.601095273600244,-0.4413246768066931,1.2951102545147903,-0.27836494110023835,-0.46348090011615833,Ransomware,6,TON_IoT
-0.4888019868171526,-0.5169365238420649,-0.3564467051472898,1.5996975829677962,1.086265059100866,-0.42771975306807225,-0.5830117018648937,Normal,5,TON_IoT
-0.5442502036517999,-0.5438184995683966,-0.36690816078603994,1.5996975829677962,-0.9871923543300266,-0.42771975306807225,-0.5731439569397738,Normal,5,TON_IoT
-0.3818201709096287,-0.4472877685511145,-0.3744971123006201,-0.4413246768066931,1.4433610730935953,-0.4510436552109942,-0.49877723378092864,Botnet,0,TON_IoT
-0.26025978640782466,-0.524267971767428,-0.3800291877379397,1.5996975829677962,-1.577114558636681,-0.4514528464766595,-0.5767579000582586,Normal,5,TON_IoT
-0.3129923483038081,-0.4151108582120205,-0.2189992307884289,-0.4413246768066931,-1.3645207280456688,-0.4510436552109942,-0.510334023995975,Botnet,0,TON_IoT
-0.25783322481160514,-0.5214168531297868,-0.3799583756218454,-0.4413246768066931,-0.5988234797503584,-0.4514528464766595,-0.5868454636442366,Normal,5,TON_IoT
-0.5325609907352117,-0.517343826504585,-0.37265807575696214,1.5996975829677962,-1.3866017297737208,-0.42771975306807225,-0.5870603758736358,Normal,5,TON_IoT
-0.5731022180411843,0.5835952702874546,1.9724715518390568,1.5996975829677962,-0.17671688857689924,-0.42771975306807225,0.8547392407064156,DDoS,2,TON_IoT
-0.3422600884059532,0.5599717158612844,0.4948556423321127,-0.4413246768066931,0.1701602432207549,-0.27836494110023835,-0.4576224427053079,Ransomware,6,TON_IoT
-0.5309459787409728,-0.517343826504585,-0.3787034096057108,-0.4413246768066931,-0.14097647647754064,-0.42771975306807225,-0.5867581992709351,Normal,5,TON_IoT
-0.2116600201311676,-0.34872052422123156,-0.37577146332622857,-0.4413246768066931,0.03608234668135077,2.2676231138692478,-0.5528301678029168,Botnet,0,TON_IoT
-0.565104520723744,3.1377902669514874,0.06227415985823307,1.5996975829677962,-0.8744765431833426,-0.42771975306807225,0.8606621767957537,DDoS,2,TON_IoT
-0.18944200635243622,-0.5153073131919842,-0.3728333881524183,-0.4413246768066931,0.8777793218546075,-0.42771975306807225,-0.5852366275194146,Normal,5,TON_IoT
-0.5681138850451625,1.8026521392103456,0.8877779993046166,-0.4413246768066931,-0.7293581457799124,-0.42771975306807225,0.4973814360328285,DDoS,2,TON_IoT
-0.5683226027881658,2.3647298134881907,0.8524522250179088,1.5996975829677962,1.1240595178726014,-0.42771975306807225,1.626950243879392,DDoS,2,TON_IoT
-0.4376459190544629,-0.47254053362736553,-0.3802555918271917,-0.4413246768066931,0.9976842963546109,-0.25299508262898984,-0.05389420031941905,Reconnaissance,7,TON_IoT
-0.5514528414342877,-0.5132707998793833,-0.3806106072228645,1.5996975829677962,0.5990965395798674,-0.4514528464766595,-0.5839066596558459,Normal,5,TON_IoT
3.0714140318352463,-0.39596763307357213,-0.3763162019799487,-0.4413246768066931,-0.5428507079280871,2.2676231138692478,-0.5077182701544348,Botnet,0,TON_IoT
-0.5716765806407049,-0.13814504769829983,0.313941153500268,-0.4413246768066931,-1.5449687282139821,-0.42771975306807225,0.6926345005200147,DDoS,2,TON_IoT
2.4407477554131445,-0.36012499877179655,-0.3717460223292354,-0.4413246768066931,-0.7761904099101065,2.845810372254314,-0.5494816546376862,Botnet,0,TON_IoT
1.5596012639221855,-0.39922605437373354,-0.31807778142391535,-0.4413246768066931,-0.02528229765591003,2.2676231138692478,-0.5214421665411622,Botnet,0,TON_IoT
-0.5006646839339719,-0.5136781025419034,-0.3712857193731628,1.5996975829677962,-1.3478315988326062,-0.42771975306807225,-0.581634422265384,Normal,5,TON_IoT
-0.4658413720213334,-0.5263044850800289,-0.3797151992829203,-0.4413246768066931,-1.5145688374628035,-0.4514528464766595,-0.5868880934395712,Normal,5,TON_IoT
-0.48226830268200743,-0.5307848143677509,-0.379774731441412,1.5996975829677962,-1.453615002460018,-0.4514528464766595,-0.5864467262401428,Normal,5,TON_IoT
0.3231449407822599,-0.40452098898649586,-0.3552878526809816,-0.4413246768066931,1.1171271103533293,2.845810372254314,-0.49516489382037976,Botnet,0,TON_IoT
-0.3690778878872325,-0.5128634972168631,-0.376822882422769,-0.4413246768066931,0.7483743814948609,-0.27918332363156895,-0.5844570448007138,Normal,5,TON_IoT
-0.520797531439265,-0.5197876424797061,-0.3801073064486024,-0.4413246768066931,1.02536257526489,-0.11305166977145782,0.24686413110472558,Reconnaissance,7,TON_IoT
-0.5767594314305455,-0.12511136249765414,1.4806304303759483,1.5996975829677962,-0.5689884518340835,-0.42771975306807225,1.713421247760771,DDoS,2,TON_IoT
3.5634585597704764,-0.4305883593877872,-0.3813610051333538,-0.4413246768066931,-1.219813139976714,-0.4510436552109942,-0.5219921822877779,Botnet,0,TON_IoT
1.2392761065510574,-0.42447881944998456,-0.3597194286084604,-0.4413246768066931,-1.562530827262805,2.845810372254314,-0.5751857038648298,Botnet,0,TON_IoT
-0.16799030622688724,0.5835952702874546,5.434500046569777,-0.4413246768066931,-0.35357030706855297,-0.27836494110023835,-0.3768916287462772,Ransomware,6,TON_IoT
-0.552566124936029,-0.5360797489805131,-0.37336761505701066,-0.4413246768066931,1.2535671605659668,-0.42771975306807225,-0.5862920090352701,Normal,5,TON_IoT
-0.5713651102254677,0.09483207526324168,-0.03745985561287765,-1.369062067613279,-0.6576719169139575,-0.42771975306807225,2.645680602999165,DDoS,2,TON_IoT
3.232152379446872,-0.4550265191389979,-0.3559644697528844,-0.4413246768066931,0.43271875911733604,2.845810372254314,-0.5011661988881946,Botnet,0,TON_IoT
-0.4580946306838854,-0.531192117030271,-0.37825526357313916,1.5996975829677962,-1.4394420804206174,-0.4514528464766595,-0.584267807369113,Normal,5,TON_IoT
1.6706804628971634,-0.36338342007195795,-0.3159330073127335,-0.4413246768066931,-1.1910051353966276,2.2676231138692478,-0.5731949892256606,Botnet,0,TON_IoT
-0.4971567961791836,-0.46113605907680055,1.0799168419874616,-0.4413246768066931,1.0870353266030073,-0.27836494110023835,-0.5257452198132078,Ransomware,6,TON_IoT
-0.31622047819812815,0.2968541958732497,0.6578202275383719,-0.4413246768066931,-1.255142742741597,-0.27836494110023835,-0.4898781706374502,Ransomware,6,TON_IoT
-0.5565317837525254,2.9797568338936586,-0.022148495574601763,-1.369062067613279,1.5455498950443476,-0.42771975306807225,2.368528894309079,DDoS,2,TON_IoT
-0.4779416257614468,-0.5153073131919842,-0.38070604102050565,-0.4413246768066931,-0.632253089343293,-0.27918332363156895,-0.587003852587343,Normal,5,TON_IoT
-0.5662432060978038,2.285305794296756,-0.34086229012686525,-0.4413246768066931,1.4828501203700417,-0.42771975306807225,0.5713038958876213,DDoS,2,TON_IoT
-0.5647976384835159,3.16670875599042,2.1635372253860683,-0.4413246768066931,0.6517828367263357,-0.42771975306807225,0.48703118349957875,DDoS,2,TON_IoT
0.2255330696488064,-0.037541290055815996,0.6984778492066696,-0.4413246768066931,-0.5230805087064592,-0.27836494110023835,-0.5676998300793049,Ransomware,6,TON_IoT
-0.5656622573999013,2.497510481469768,-0.19706749958434833,1.5996975829677962,-0.4339862342921098,-0.42771975306807225,0.8995411986000247,DDoS,2,TON_IoT
-0.5388945805732446,-0.5303775117052307,-0.36933519401527454,1.5996975829677962,-0.7717228583976866,-0.42771975306807225,-0.584494356646722,Normal,5,TON_IoT
-0.5501255803040154,-0.5254898797549886,-0.3790997646698316,-0.4413246768066931,1.2965994383522637,-0.052900553718658976,1.0873702717414004,Reconnaissance,7,TON_IoT
0.17877795680833575,-0.1980185390887659,5.402039231573741,-0.4413246768066931,1.0222301540895151,-0.27836494110023835,-0.43485288539816197,Ransomware,6,TON_IoT
0.8154369525057958,-0.4020771730113748,-0.3492695336099277,-0.4413246768066931,1.2048862544306338,2.845810372254314,-0.5770302864176831,Botnet,0,TON_IoT
-0.529834864185955,-0.514900010529464,-0.3619259790271994,1.5996975829677962,-1.3693477377257546,-0.27918332363156895,-0.5835409780365739,Normal,5,TON_IoT
-0.5596037601707169,3.4848121354186783,-0.023177290122595774,1.5996975829677962,1.6541062616794684,-0.42771975306807225,2.375246795238492,DDoS,2,TON_IoT
-0.565244398158816,2.1517105209901377,0.8113531778302866,-1.369062067613279,0.8708982655021448,-0.42771975306807225,1.743005484738553,DDoS,2,TON_IoT
-0.5564501840104514,-0.07094010838247054,-0.11527714226920224,-1.369062067613279,0.11233882939334432,-0.42771975306807225,2.905491296563602,DDoS,2,TON_IoT
3.5649205140114586,-0.3739732892974826,-0.3695028999404745,-0.4413246768066931,1.3304398572796736,2.2676231138692478,-0.4951605071938751,Botnet,0,TON_IoT
2.6593953947270133,-0.5206022478047464,-0.3760831237960208,-0.4413246768066931,-1.5072769717758654,-0.4510436552109942,-0.4979431787505067,Botnet,0,TON_IoT
2.1981417997458954,-0.3556446694840746,-0.29756960808057553,-0.4413246768066931,1.6913358576163005,2.845810372254314,-0.5630038695917189,Botnet,0,TON_IoT
-0.5682198887805415,0.24227563909554592,2.674573034186321,-1.369062067613279,1.5351256081820348,-0.42771975306807225,1.3733445895536533,DDoS,2,TON_IoT
-0.23519220817132375,0.23983182312042484,1.472946010753075,-0.4413246768066931,1.0884218081068617,-0.27836494110023835,-0.5439782118940472,Ransomware,6,TON_IoT
-0.5753996123855858,1.6490990354402388,-0.2518557404691484,-0.4413246768066931,0.7731256438970029,-0.42771975306807225,0.5886841801319082,DDoS,2,TON_IoT
0.8729143378749211,-0.47254053362736553,-0.3532477711873489,-0.4413246768066931,1.1035704023156416,-0.4510436552109942,-0.5315877576102122,Botnet,0,TON_IoT
-0.5685211252489849,2.6384372027017498,-0.3036474416682464,-0.4413246768066931,-0.04987950655762377,-0.42771975306807225,1.8851724465072137,DDoS,2,TON_IoT
-0.5491898042218122,-0.5153073131919842,-0.38097625694407594,-0.4413246768066931,-1.2941696295167588,-0.2996428869148339,-0.23692168227912203,Reconnaissance,7,TON_IoT
1.614546658069792,-0.38863618514820897,-0.34830515821572655,-0.4413246768066931,0.31481648012290026,-0.4510436552109942,-0.5366257318610722,Botnet,0,TON_IoT
-0.0028379812803807866,-0.5222314584548272,-0.38057933022407875,-0.4413246768066931,0.4873564006025624,-0.27918332363156895,-0.5795586542855778,Normal,5,TON_IoT
-0.5650183115030046,-0.4916837587658138,-0.37672632480857765,-0.4413246768066931,-0.07257672228738886,-0.2186230163131048,0.4039179951721583,Reconnaissance,7,TON_IoT
-0.5205071729163655,-0.4440293472509531,2.427824311833874,-0.4413246768066931,-0.5758181570197368,-0.27836494110023835,-0.3968207021442779,Ransomware,6,TON_IoT
0.06974567284885817,-0.5116415892293026,-0.38064575571769727,-0.4413246768066931,-1.2612535315919187,-0.4514528464766595,-0.5870145308989526,Normal,5,TON_IoT
-0.5294406025123467,0.5021347377834191,0.25672697241173725,-0.4413246768066931,1.0421544068115713,-0.27836494110023835,-0.4518575478050853,Ransomware,6,TON_IoT
1.5242572040377336,-0.46928211232720407,-0.38129397696621314,-0.4413246768066931,1.0321922804505432,2.845810372254314,-0.5677590576516566,Botnet,0,TON_IoT
-0.5686267621769646,-0.5421892889183159,-0.3807410207287331,-0.4413246768066931,0.30315976525716115,-0.06026599650063434,0.14950146109356574,Reconnaissance,7,TON_IoT
-0.5586427064358055,-0.5096050759167017,-0.3803694651998906,1.5996975829677962,1.6246306919308595,-0.1204171125534332,0.8950881512383123,Reconnaissance,7,TON_IoT
0.26734981721753376,-0.5067539572790604,-0.36688082862870425,-0.4413246768066931,-0.01978772280730174,-0.42771975306807225,-0.5860293320590648,Normal,5,TON_IoT
-0.4894583039560401,-0.5128634972168631,-0.37981644324993474,1.5996975829677962,0.2191492563569447,-0.42771975306807225,-0.5870933987255911,Normal,5,TON_IoT
-0.5592064033263776,-0.34179637895838855,1.2143586000977726,-0.4413246768066931,1.27020493861222,-0.27836494110023835,-0.4425640692306506,Ransomware,6,TON_IoT
-0.5608655593694319,0.4125281520289801,-0.08890650702288909,1.5996975829677962,0.8785495893567489,-0.42771975306807225,0.454324183339817,DDoS,2,TON_IoT
-0.34623013860418067,-0.5430038942433562,-0.3575941322727048,-0.4413246768066931,-0.060817305088030925,-0.4514528464766595,-0.586269383478818,Normal,5,TON_IoT
-0.56752870534475,1.2747878885841957,0.03369420594853078,-1.369062067613279,-0.6970582618567852,-0.42771975306807225,2.7086674865292606,DDoS,2,TON_IoT
-0.2979389857113619,-0.5083831679291412,-0.36354527891682553,-0.4413246768066931,-0.4397375649747652,-0.42771975306807225,-0.5837152558196802,Normal,5,TON_IoT
3.155352549825926,-0.44484395257599346,-0.37029598608174213,-0.4413246768066931,1.546936376548202,-0.4510436552109942,-0.5228453173675858,Botnet,0,TON_IoT
0.1039046413331855,-0.28070097958036194,1.6101922032592884,-0.4413246768066931,-0.8401226125878384,-0.27836494110023835,-0.5133836912828447,Ransomware,6,TON_IoT
-0.48842170187308864,-0.5091977732541815,-0.376171036550172,1.5996975829677962,1.358631647858047,-0.27918332363156895,-0.5874155186328828,Normal,5,TON_IoT
-0.29013211170310904,-0.5283409983926298,-0.3561698104138602,1.5996975829677962,-0.17281419989938307,-0.42771975306807225,-0.5871968678263376,Normal,5,TON_IoT
0.2891574084847818,0.2773036680722812,1.619009451978053,-0.4413246768066931,-1.295761515687851,-0.27836494110023835,-0.5415251568964276,Ransomware,6,TON_IoT
-0.48820128716264827,0.22924195389490024,-0.22754379043972126,-0.4413246768066931,-0.9683464761109682,-0.27836494110023835,-0.4953441003933228,Ransomware,6,TON_IoT
-0.5454131554234797,-0.5336359330053921,-0.37740678672979816,1.5996975829677962,-1.0718704283987657,-0.059038422703638446,0.7910233637350953,Reconnaissance,7,TON_IoT
-0.5635231363196326,0.011742332109125477,0.7467534487949975,-1.369062067613279,-0.35156761156298544,-0.42771975306807225,2.594632055361192,DDoS,2,TON_IoT
-0.26134288879464557,-0.5120488918918227,-0.3805012942094742,1.5996975829677962,1.0880109987723863,-0.42771975306807225,-0.5867624713121603,Normal,5,TON_IoT
-0.4991406996606889,-0.5059393519540201,-0.3700697842117942,1.5996975829677962,-1.2694183671146169,-0.27918332363156895,-0.5860034350524378,Normal,5,TON_IoT
-0.18076042170871687,-0.5116415892293026,-0.3703267737486753,-0.4413246768066931,1.1214919595321302,-0.42771975306807225,-0.5811802324548772,Normal,5,TON_IoT
-0.3627166362320701,0.4198595999543433,0.3889624736829014,-0.4413246768066931,1.719784404028721,-0.27836494110023835,-0.39951356160410734,Ransomware,6,TON_IoT
-0.15849538039625716,-0.538116262293114,-0.3807216679517331,-0.4413246768066931,0.3443434010383186,-0.4514528464766595,-0.5861057178449507,Normal,5,TON_IoT
-0.5726534763398384,-0.4961640880535358,-0.3794122963830943,1.5996975829677962,-1.027759776109471,-0.3205116414637641,0.7181830963521709,Reconnaissance,7,TON_IoT
-0.5347890012758102,-0.5002371146787375,-0.3734273016530406,1.5996975829677962,0.18905747260662267,-0.15437998760365296,0.17468826903823473,Reconnaissance,7,TON_IoT
-0.574303057750801,0.676460277342055,0.9308505423737405,-1.369062067613279,-0.7246851896002549,-0.42771975306807225,2.5329292735037963,DDoS,2,TON_IoT
-0.572161333460581,0.8389740396876058,0.33752260471699996,-1.369062067613279,-0.7506175288390137,-0.42771975306807225,2.7386441784674114,DDoS,2,TON_IoT
-0.3867215823756676,-0.4501388871887558,2.059056962739955,-0.4413246768066931,1.2213699789764585,-0.27836494110023835,-0.47098410198989354,Ransomware,6,TON_IoT
-0.4678472464508265,0.5163903309716253,1.4665514151881482,-0.4413246768066931,-0.9864734379946947,-0.27836494110023835,-0.43192722814318435,Ransomware,6,TON_IoT
0.4289323202150838,-0.5373016569680737,-0.36593336120016423,-0.4413246768066931,-1.0711001608966242,-0.42771975306807225,-0.5867226049806616,Normal,5,TON_IoT
-0.5250587428823394,0.34450860738811045,3.309470462124529,-0.4413246768066931,-0.1349170387940287,-0.27836494110023835,-0.3610667557458124,Ransomware,6,TON_IoT
0.0633946108254774,-0.49372027207841473,-0.3265895013517897,-0.4413246768066931,1.711054705671119,2.2676231138692478,-0.5719425252229745,Botnet,0,TON_IoT
-0.48321335337494725,-0.5059393519540201,-0.3805573597245583,-0.4413246768066931,-0.3783729206375044,-0.42771975306807225,-0.583527196713644,Normal,5,TON_IoT
3.4405136696633125,-0.5373016569680737,-0.369347745532228,-0.4413246768066931,-1.0870190226075453,2.2676231138692478,-0.5423125327671403,Botnet,0,TON_IoT
-0.29528245737417785,-0.5291556037176701,-0.3399125794883015,-0.4413246768066931,0.4646078337059879,-0.4510436552109942,-0.5692183389627721,Botnet,0,TON_IoT
-0.38344529184254933,-0.5246752744299482,-0.3569580240651164,1.5996975829677962,-1.058211018027459,-0.27918332363156895,-0.5800124779418211,Normal,5,TON_IoT
3.5958513385327637,-0.38008282923528525,-0.33529012327405455,-0.4413246768066931,-0.20809245149745684,2.845810372254314,-0.5029653414364993,Botnet,0,TON_IoT
2.2578885048595474,-0.4916837587658138,-0.35005412072716807,-0.4413246768066931,-0.4458483538250866,2.845810372254314,-0.49848645358330496,Botnet,0,TON_IoT
-0.5613502377331737,-0.11207767729700847,-0.2863888637925395,-0.4413246768066931,-1.4235745698765054,-0.42771975306807225,2.8571890714116455,DDoS,2,TON_IoT
2.3664924198237056,-0.4904618507782533,-0.3763552307787648,-0.4413246768066931,0.20066283630555234,-0.4510436552109942,-0.5199576439653983,Botnet,0,TON_IoT
-0.5046904994222696,-0.5421892889183159,-0.3648575745811,-0.4413246768066931,0.33715423768499936,-0.42771975306807225,-0.5837179374736046,Normal,5,TON_IoT
0.2676903296398177,-0.5214168531297868,-0.37993686675624144,-0.4413246768066931,0.5363967649055617,-0.42771975306807225,-0.5756854269606106,Normal,5,TON_IoT
-0.4016551775918721,0.3819804523399668,0.2391982916754248,-0.4413246768066931,0.5491318542742986,-0.27836494110023835,-0.4535504748511106,Ransomware,6,TON_IoT
-0.557935887364968,1.1778498549043934,1.8491002534807948,-0.4413246768066931,0.048098519714755816,-0.42771975306807225,1.5236671928990095,DDoS,2,TON_IoT
-0.3289407388852986,-0.5226387611173473,-0.376321473739006,1.5996975829677962,-1.0518434733430906,-0.42771975306807225,-0.5831906929303328,Normal,5,TON_IoT
0.6310670365893596,-0.5153073131919842,-0.3717842683947836,-0.4413246768066931,-0.6249612236563549,-0.4510436552109942,-0.5646312178585994,Botnet,0,TON_IoT
0.9247110333052507,-0.44484395257599346,-0.3040632767193691,-0.4413246768066931,-1.0915892764535842,-0.4510436552109942,-0.5081035056194845,Botnet,0,TON_IoT
-0.5660198950046748,0.9823445768947082,0.9756166884129327,1.5996975829677962,1.4210233155314962,-0.42771975306807225,2.6272522751592,DDoS,2,TON_IoT
3.5009129532054604,-0.47865007356516814,-0.3308793922725484,-0.4413246768066931,1.307793992716718,2.845810372254314,-0.5307896444602936,Botnet,0,TON_IoT
0.35663023253968745,-0.4513607951763163,-0.3548168981919595,-0.4413246768066931,-0.9641356804325956,-0.4510436552109942,-0.5527481577384573,Botnet,0,TON_IoT
-0.546190110705971,-0.4904618507782533,-0.37856483814445546,1.5996975829677962,-0.7940092647929763,-0.27877413236590365,0.6489479254732784,Reconnaissance,7,TON_IoT
0.37611807935217395,-0.34546210292107016,-0.278213827575523,-0.4413246768066931,0.7497095118319059,2.845810372254314,-0.5358966599857672,Botnet,0,TON_IoT
-0.329536956833332,-0.531192117030271,-0.38075394889348535,1.5996975829677962,-0.8837711043758482,-0.4514528464766595,-0.5814557125738101,Normal,5,TON_IoT
-0.5270300414158646,-0.4884253374656524,-0.37387126348554744,1.5996975829677962,-0.004279670430855914,-0.3336057619650536,0.8049355114018178,Reconnaissance,7,TON_IoT
1.3654653976838858,-0.48761073214061207,-0.34394018381971814,-0.4413246768066931,-0.9723005159552939,2.845810372254314,-0.5747724427804648,Botnet,0,TON_IoT
3.3106749287297847,-0.4130743448994196,-0.3547690308848027,-0.4413246768066931,0.02663373198841689,-0.4510436552109942,-0.5449693893219077,Botnet,0,TON_IoT
-0.11094408230501679,0.02559062263481151,1.3003589518256156,-0.4413246768066931,0.8292524692197025,-0.27836494110023835,-0.32405238929176255,Ransomware,6,TON_IoT
-0.36060382988986445,-0.5340432356679123,-0.36521502085468727,-0.4413246768066931,1.1389000050805247,-0.27918332363156895,-0.5837446575277251,Normal,5,TON_IoT
-0.5666424951086652,0.0035962788587219283,0.18175809255150072,-1.369062067613279,-1.4462204344394611,-0.42771975306807225,0.8201058918527514,DDoS,2,TON_IoT
-0.4518867771124672,-0.4945348774034551,-0.3810015624862219,-0.4413246768066931,-1.535006601852954,-0.10855056584913954,0.8554283351065513,Reconnaissance,7,TON_IoT
2.0245621239837006,-0.4745770469399664,-0.3572372515736781,-0.4413246768066931,1.5531498677321423,2.2676231138692478,-0.5742229587392594,Botnet,0,TON_IoT
-0.5589500927858551,2.354139944262666,0.49733125584385246,-1.369062067613279,-1.5618632620942823,-0.42771975306807225,1.6975244138177485,DDoS,2,TON_IoT
-0.5241630979085048,-0.5210095504672666,-0.363816458759119,1.5996975829677962,-1.559295703753811,-0.27918332363156895,-0.5812698240724984,Normal,5,TON_IoT
-0.3653922705120522,-0.5157146158545043,-0.3807809956923023,-0.4413246768066931,-1.5496416843936396,-0.42771975306807225,-0.5856905869043053,Normal,5,TON_IoT
-0.5015186489581004,0.5974435608131407,0.532063789646983,-0.4413246768066931,-0.5682695354987516,-0.27836494110023835,-0.47232191119825856,Ransomware,6,TON_IoT
-0.5743101378811267,-0.478242770902648,-0.37939987712818946,1.5996975829677962,1.6089172348871759,-0.356111281576645,1.2470738592818966,Reconnaissance,7,TON_IoT
0.0039445978716562136,-0.5291556037176701,-0.37930347968375244,-0.4413246768066931,-1.2901128873388144,-0.42771975306807225,-0.5853733524704106,Normal,5,TON_IoT
-0.46783761632718923,0.15714938262882883,1.0696117541309043,-0.4413246768066931,0.6819259716434671,-0.27836494110023835,-0.4537533167006889,Ransomware,6,TON_IoT
-0.33646234545708115,-0.39759684372365284,-0.32906481913809943,-0.4413246768066931,-1.0560029178546537,2.845810372254314,-0.515338259084761,Botnet,0,TON_IoT
0.14104176273239763,-0.5144927078669438,-0.37062816665528164,1.5996975829677962,1.374550509568968,-0.4514528464766595,-0.5837295917398311,Normal,5,TON_IoT
-0.48762517486462637,-0.5254898797549886,-0.3676887260863717,-0.4413246768066931,0.6929151213406838,-0.42771975306807225,-0.5869488568480201,Normal,5,TON_IoT
2.1479787780266024,-0.41755467418714154,-0.37568454799390866,-0.4413246768066931,-1.0865568621062607,2.845810372254314,-0.5677478427354354,Botnet,0,TON_IoT
-0.5760951313121048,1.0357012256848515,0.15740606618587263,-0.4413246768066931,-0.502437339649071,-0.42771975306807225,1.2323449734679026,DDoS,2,TON_IoT
-0.5381146066327229,-0.5271190904050693,-0.3775164918737739,1.5996975829677962,-0.12408194259724038,-0.42771975306807225,-0.5838095776657174,Normal,5,TON_IoT
-0.5213668384938448,-0.5030882333163789,-0.3810120165024063,1.5996975829677962,-0.9428249462066849,-0.09177372395686231,0.2365540136547297,Reconnaissance,7,TON_IoT
-0.33279216274282375,-0.5108269839042622,-0.36519452032158845,1.5996975829677962,-0.9827761539844162,-0.42771975306807225,-0.5858512355837282,Normal,5,TON_IoT
-0.5623532844808116,-0.5063466546165403,-0.3805336885996324,-0.4413246768066931,-1.3203073734227553,-0.42771975306807225,-0.5859107335012474,Normal,5,TON_IoT
-0.5704214991438711,1.519169486096302,0.15375413863287116,1.5996975829677962,0.764036487371735,-0.42771975306807225,0.6848811156251369,DDoS,2,TON_IoT
-0.45116282034117616,-0.5425965915808361,-0.36128793384330393,-0.4413246768066931,1.1281162600505459,-0.27918332363156895,-0.5851948625391794,Normal,5,TON_IoT
-0.5580774038766808,0.07202312616211173,-0.35383493980075414,-0.4413246768066931,1.0815921029212083,-0.27836494110023835,-0.34805581091309307,Ransomware,6,TON_IoT
1.5364782337912026,-0.3906726984608098,-0.3783528296277652,-0.4413246768066931,-0.49632655079874965,2.2676231138692478,-0.5709701554111921,Botnet,0,TON_IoT
-0.4380011936062906,-0.5332286303428719,-0.3780776081809204,1.5996975829677962,0.17842778107707205,-0.27918332363156895,-0.5845910005332094,Normal,5,TON_IoT
-0.46273302188520693,-0.024914907517690495,0.23928657716238005,-0.4413246768066931,0.1606602773610116,-0.27836494110023835,-0.381393096789489,Ransomware,6,TON_IoT
-0.5762359382503784,2.999307361694627,-0.2884963257532609,-0.4413246768066931,0.45978082402590215,-0.42771975306807225,1.3754427754506737,DDoS,2,TON_IoT
-0.4141772003181971,-0.5193803398171859,-0.3647179054800145,-0.4413246768066931,0.3285785928278257,-0.4514528464766595,-0.5867245525132744,Normal,5,TON_IoT
-0.5608242658645014,0.667092316104091,-0.2901624081798951,1.5996975829677962,-0.2223167247036671,-0.42771975306807225,2.648104746808835,DDoS,2,TON_IoT
-0.46386242361537183,-0.540152775605715,-0.3719804555736271,1.5996975829677962,1.3136993768998015,-0.4514528464766595,-0.5810494880161123,Normal,5,TON_IoT
0.3051433379575093,-0.5120488918918227,-0.36908207242961516,-0.4413246768066931,0.3553325507355352,2.845810372254314,-0.5212559105127927,Botnet,0,TON_IoT
-0.526162525400065,-0.4656163883645225,-0.3791681307129625,-0.4413246768066931,0.4063242593772925,-0.457590715461639,1.208400114854591,Reconnaissance,7,TON_IoT
-0.45232193828938516,-0.5075685626041008,-0.3665234414728331,1.5996975829677962,0.03069047416636133,-0.4514528464766595,-0.5845456644762929,Normal,5,TON_IoT
-0.569890442469473,2.3761342880387555,0.07059670693657463,1.5996975829677962,-1.4208016068687968,-0.42771975306807225,1.3780130886886632,DDoS,2,TON_IoT
-0.4287322580587421,-0.5100123785792219,-0.3701478955440339,-0.4413246768066931,-0.9910436918407334,-0.27918332363156895,-0.5869762843943189,Normal,5,TON_IoT
-0.5086712654716607,-0.5315994196927912,-0.37228046114315233,1.5996975829677962,-0.16326288287283033,-0.27918332363156895,-0.5835294274388902,Normal,5,TON_IoT
-0.5194796736060123,0.023146806659690447,0.9846040536106974,-0.4413246768066931,1.2416536898661807,-0.27836494110023835,-0.5309485016574769,Ransomware,6,TON_IoT
3.6426136554201474,-0.5002371146787375,-0.3122534062910685,-0.4413246768066931,-0.47393744206984106,-0.4510436552109942,-0.5148357403823135,Botnet,0,TON_IoT
-0.4568176987522473,-0.5124561945543429,-0.3480147334422829,-0.4413246768066931,-1.2502130307278925,-0.42771975306807225,-0.5848938879536261,Normal,5,TON_IoT
-0.40531591829889335,-0.5389308676181545,-0.36970507935973623,-0.4413246768066931,1.727076269715659,-0.42771975306807225,-0.5857149062843767,Normal,5,TON_IoT
-0.5597268611031067,1.4307848083294237,-0.14841876263876652,-1.369062067613279,0.30577867476444176,-0.42771975306807225,1.287821720943006,DDoS,2,TON_IoT
-0.4135301350219717,-0.5128634972168631,-0.35516361487332376,1.5996975829677962,1.4634907304828892,-0.42771975306807225,-0.5866851032689424,Normal,5,TON_IoT
-0.5038122126231325,-0.33690874700814644,3.9878175790751196,-0.4413246768066931,0.5907262993899315,-0.27836494110023835,-0.5154525059661315,Ransomware,6,TON_IoT
-0.2106188206213884,-0.5405600782682352,-0.3742869998706779,-0.4413246768066931,1.6763413169079486,-0.27918332363156895,-0.5802500877891583,Normal,5,TON_IoT
-0.5292063414058421,-0.47376244161492603,-0.3800268113558377,-0.4413246768066931,0.9700573686111411,-0.27918332363156895,0.1458101768613825,Reconnaissance,7,TON_IoT
-0.3993396198727512,0.4707724327693655,2.8634350059845475,-0.4413246768066931,-1.5656632484381796,-0.27836494110023835,-0.5050759461707609,Ransomware,6,TON_IoT
-0.5720598215666648,1.2808974285219983,0.12757091008661461,1.5996975829677962,1.5997767271950987,-0.42771975306807225,0.7863674915237874,DDoS,2,TON_IoT
-0.5655066073674183,1.8226099696738343,0.8050684715483956,-1.369062067613279,0.7770796837413285,-0.42771975306807225,2.9224333503766946,DDoS,2,TON_IoT
-0.41189189910162693,-0.535672446317993,-0.3760200858789723,1.5996975829677962,-0.15910343836126706,-0.4514528464766595,-0.5850799344050764,Normal,5,TON_IoT
-0.4585668051791555,-0.5096050759167017,-0.37276887807945713,-0.4413246768066931,-0.7954470974636402,-0.42771975306807225,-0.5808607130870759,Normal,5,TON_IoT
-0.41278867634787664,0.11845562968941196,4.292755787294339,-0.4413246768066931,-0.7879498271094644,-0.27836494110023835,-0.5654600914795426,Ransomware,6,TON_IoT
-0.5731277343785476,2.693830364804494,-0.15774230443648313,-0.4413246768066931,-0.8344739842388018,-0.42771975306807225,1.421774140595834,DDoS,2,TON_IoT
3.1113360266105072,-0.5234533664423877,-0.33343883853338613,-0.4413246768066931,-0.4085160555546358,-0.4510436552109942,-0.552497507996453,Botnet,0,TON_IoT
-0.5652404198543226,2.778549318608691,-0.13315234319248728,-0.4413246768066931,-0.8580955209711365,-0.42771975306807225,1.7005742430778632,DDoS,2,TON_IoT
-0.42265371433677207,-0.5263044850800289,-0.3757366671500537,1.5996975829677962,-1.5408092837024188,-0.42771975306807225,-0.5802902610341304,Normal,5,TON_IoT
-0.5672535275026479,1.149338668527981,0.16235434852801414,1.5996975829677962,0.07711192896207995,-0.42771975306807225,2.8077701364119445,DDoS,2,TON_IoT
0.38952165852339166,-0.514900010529464,-0.3662343803344144,-0.4413246768066931,0.9879789258276298,-0.42771975306807225,-0.583643193897033,Normal,5,TON_IoT
-0.4793409710077765,-0.5324140250178316,-0.3775073332835688,-0.4413246768066931,0.053644445730173525,-0.453498802804986,-0.3173226171025491,Reconnaissance,7,TON_IoT
-0.5596293732167619,1.9321743858917622,0.7802996423063983,-1.369062067613279,-0.8036119329863385,-0.42771975306807225,1.7122158439842683,DDoS,2,TON_IoT
1.4212302851378418,-0.5360797489805131,-0.36321702328533556,-0.4413246768066931,0.06735520726828954,2.2676231138692478,-0.5613580933393624,Botnet,0,TON_IoT
-0.5523251939634956,-0.4961640880535358,-0.38019713582336606,1.5996975829677962,1.0873947847706733,-0.3172381113384417,1.133122528444957,Reconnaissance,7,TON_IoT
0.0355420234020712,-0.45991415108924,-0.37430349528040696,-0.4413246768066931,0.9751924852920835,2.2676231138692478,-0.5322583382878957,Botnet,0,TON_IoT
-0.3599851386743324,-0.5263044850800289,-0.3808208653342171,-0.4413246768066931,1.486752809047558,-0.42771975306807225,-0.568202049001922,Normal,5,TON_IoT
-0.2307993203597191,-0.5405600782682352,-0.36822231437562947,1.5996975829677962,-1.089381176280779,-0.27918332363156895,-0.5861049461058587,Normal,5,TON_IoT
-0.5558619100700117,-0.501051720003778,-0.3771760761759978,1.5996975829677962,-1.1511052787857057,-0.3299230405740659,0.14784640305092286,Reconnaissance,7,TON_IoT
-0.5718481876691865,2.571639566048441,2.332030616138874,-1.369062067613279,0.3396704448586611,-0.42771975306807225,2.502178184300686,DDoS,2,TON_IoT
-0.3544615924433951,-0.5279336957301096,-0.37464545113646947,-0.4413246768066931,-0.28917594388953616,-0.42771975306807225,-0.5808036681654742,Normal,5,TON_IoT
0.0033321662011651324,0.04595575576082038,0.4947486813718682,-0.4413246768066931,0.7359987502937899,-0.27836494110023835,-0.32306922341430927,Ransomware,6,TON_IoT
-0.4958147664597629,-0.5291556037176701,-0.3789501625722198,1.5996975829677962,-0.12731706610623406,-0.27918332363156895,-0.585969454838666,Normal,5,TON_IoT
-0.2943374241128951,0.00033785755856050866,2.502690827762081,-0.4413246768066931,1.4488556479422037,-0.27836494110023835,-0.3255672295938166,Ransomware,6,TON_IoT
0.03273887276748817,-0.5438184995683966,-0.3768733644370613,1.5996975829677962,0.9196305228042875,-0.42771975306807225,-0.5873691450790668,Normal,5,TON_IoT
-0.5337988624517905,0.4886937499202533,2.2378876404661954,-0.4413246768066931,0.8952900697366208,-0.27836494110023835,-0.32476582114612274,Ransomware,6,TON_IoT
-0.3598501451068566,-0.5336359330053921,-0.35938985492149805,1.5996975829677962,-0.566729000494469,-0.27918332363156895,-0.587130182728133,Normal,5,TON_IoT
-0.5576932238444656,0.5082442777212218,1.7461464619373668,-1.369062067613279,0.8605253298066413,-0.42771975306807225,2.9640787171533565,DDoS,2,TON_IoT
-0.5750456140051415,3.2937871866967154,0.38031140277269293,-0.4413246768066931,-0.28866243222144194,-0.42771975306807225,2.4778786059660907,DDoS,2,TON_IoT
-0.5616382693128137,2.8917794587893,0.3400925159916287,-0.4413246768066931,0.26623827632118585,-0.42771975306807225,0.5000584236104166,DDoS,2,TON_IoT
-0.44570065565985423,-0.3047318366690524,-0.12161701670807253,-0.4413246768066931,1.7068439099927464,-0.27836494110023835,-0.39699062541877483,Ransomware,6,TON_IoT
-0.35425092345989173,-0.5283409983926298,-0.35716422289764993,1.5996975829677962,0.101503733196556,-0.27918332363156895,-0.5795218474206698,Normal,5,TON_IoT
-0.5538110885519101,-0.5417819862557957,-0.37672293583399163,-0.4413246768066931,1.372239707062544,-0.3131461986817887,0.18952562391578773,Reconnaissance,7,TON_IoT
3.231862141559269,-0.34668401090863066,-0.30281809588133357,-0.4413246768066931,-1.0316111136201778,2.2676231138692478,-0.5596662859965937,Botnet,0,TON_IoT
-0.572316870213933,0.7603646258212117,1.9912848984698721,1.5996975829677962,1.3532397753430574,-0.42771975306807225,2.770413250726426,DDoS,2,TON_IoT
-0.551319525396478,0.18932629296792283,-0.13468023478854912,-0.4413246768066931,0.6611801002524602,-0.27836494110023835,-0.5025019501581702,Ransomware,6,TON_IoT
-0.5364403024686253,-0.48231579752784975,-0.38135766978707947,-0.4413246768066931,-1.5147228909632318,-0.4481793163513371,1.1487660358612275,Reconnaissance,7,TON_IoT
-0.5440382448459932,-0.5393381702806747,-0.3805452142281994,-0.4413246768066931,-0.3975782570242287,-0.43385762205305173,0.2952913292172728,Reconnaissance,7,TON_IoT
-0.4391841554009732,-0.48231579752784975,-0.3779704530115768,-0.4413246768066931,0.29309493656251423,-0.34465392613801665,1.0959224387073605,Reconnaissance,7,TON_IoT
-0.5007082307393993,0.07324503414967228,-0.03643467748402665,-0.4413246768066931,-1.0656569372148255,-0.27836494110023835,-0.34769203954161104,Ransomware,6,TON_IoT
-0.5694032140888408,-0.002920563741600911,3.2791043166418903,-1.369062067613279,1.6157469400728293,-0.42771975306807225,1.6104331180219353,DDoS,2,TON_IoT
0.3963292235066932,0.0402535184855379,0.7318564922612375,-0.4413246768066931,-1.1065324659951263,-0.27836494110023835,-0.49449446924142193,Ransomware,6,TON_IoT
-0.5702986509319314,1.4633690213310377,1.0002487205254047,-0.4413246768066931,-1.3808503990910654,-0.42771975306807225,1.3771751806258543,DDoS,2,TON_IoT
1.6403279045077335,-0.5181584318296254,-0.3188517826177338,-0.4413246768066931,-0.6140234251259478,2.845810372254314,-0.5257220693019099,Botnet,0,TON_IoT
0.3578446808943658,-0.45217540050135663,2.673483278519567,-0.4413246768066931,1.2617319960886653,-0.27836494110023835,-0.3560772643513106,Ransomware,6,TON_IoT
-0.5622401686275057,2.3406989563995,0.2503192579403159,-1.369062067613279,-0.24213827509210448,-0.42771975306807225,0.6235676045966159,DDoS,2,TON_IoT
-0.5689771226423604,0.43655900911767054,0.16735031337408,1.5996975829677962,0.9757059969601777,-0.42771975306807225,3.1557685564505387,DDoS,2,TON_IoT
-0.31589516541322243,-0.5389308676181545,-0.3777473408665573,-0.4413246768066931,1.2683049454402715,-0.27918332363156895,-0.5837896797193634,Normal,5,TON_IoT
2.110785442901056,-0.5014590226662982,-0.341668797578907,-0.4413246768066931,1.0961758342950847,2.845810372254314,-0.5005377886436496,Botnet,0,TON_IoT
-0.5048730767432363,-0.5230460637798675,-0.3699421919618329,-0.4413246768066931,0.6577395720762288,-0.42771975306807225,-0.5852311503646678,Normal,5,TON_IoT
-0.5649623222752074,-0.5324140250178316,-0.3779993039070001,1.5996975829677962,0.021909424641949952,-0.30823590349380514,0.9687985489684158,Reconnaissance,7,TON_IoT
-0.4848734180622972,-0.5222314584548272,-0.3807699360112979,-0.4413246768066931,-0.5613371279794794,-0.2153494861877824,0.6647429469890689,Reconnaissance,7,TON_IoT
-0.559716528946159,-0.5344505383304324,-0.38036226579342924,1.5996975829677962,1.5854497516552695,-0.4514528464766595,-0.5833875950397229,Normal,5,TON_IoT
-0.35357199054515837,-0.510419681241742,-0.3696041431220438,-0.4413246768066931,1.3647937878751777,-0.4514528464766595,-0.5780897788554269,Normal,5,TON_IoT
0.03633969812706098,-0.5263044850800289,-0.3786531177602631,1.5996975829677962,0.30937325644110136,-0.27918332363156895,-0.5849519334036372,Normal,5,TON_IoT
-0.48860307213694953,-0.5075685626041008,-0.3723830450872519,1.5996975829677962,0.0026013859216068034,-0.42771975306807225,-0.5872956652520201,Normal,5,TON_IoT
1.3884460562607899,-0.40696480496161697,-0.3542595853525711,-0.4413246768066931,-0.3172650321342907,-0.4510436552109942,-0.5280912756842049,Botnet,0,TON_IoT
-0.5665482683424008,1.1574847217783846,2.7008626032676046,1.5996975829677962,0.885481996876021,-0.42771975306807225,2.640285089021557,DDoS,2,TON_IoT
2.9919606148456497,-0.5295629063801903,-0.34266307584461003,-0.4413246768066931,-0.6509449140619231,2.845810372254314,-0.5093421525120922,Botnet,0,TON_IoT
-0.4609893782880881,-0.5128634972168631,-0.37003743985515986,1.5996975829677962,-1.4778014020272565,-0.42771975306807225,-0.5848316873399557,Normal,5,TON_IoT
-0.5463070202817804,-0.503495535978899,-0.37693520988736207,1.5996975829677962,0.10550912420769103,-0.4449057862260148,0.9834847081709664,Reconnaissance,7,TON_IoT
-0.5657049193441758,1.027962475096968,1.9635565033381999,-1.369062067613279,1.6080956162182252,-0.42771975306807225,1.2117002973267923,DDoS,2,TON_IoT
-0.5458802921290139,-0.5299702090427105,-0.37876000153926626,1.5996975829677962,0.8722333958391898,-0.4514528464766595,-0.5838685922333194,Normal,5,TON_IoT
-0.5677747832602407,1.9219918193287575,0.6290873930900756,-1.369062067613279,1.2467374553803137,-0.42771975306807225,1.7551284914847969,DDoS,2,TON_IoT
-0.3947782266290813,-0.5279336957301096,-0.36962565099337696,1.5996975829677962,1.5498633930563392,-0.42771975306807225,-0.5861714336707122,Normal,5,TON_IoT
3.45064560384001,-0.4053355943115362,-0.3670772541157388,-0.4413246768066931,1.5033392359270017,2.845810372254314,-0.5540561590373144,Botnet,0,TON_IoT
-0.27326439134066327,-0.5283409983926298,-0.37816620970849113,-0.4413246768066931,-0.4548861591835451,-0.4514528464766595,-0.5844039330555865,Normal,5,TON_IoT
-0.4511303243680261,-0.514900010529464,-0.37917523312170354,-0.4413246768066931,1.2562374212400569,-0.36879621081226927,-0.17009984450453572,Reconnaissance,7,TON_IoT
-0.4936806556659633,-0.5283409983926298,-0.37943441416770973,1.5996975829677962,1.4968689889090143,-0.43303923952172113,0.5439685592674636,Reconnaissance,7,TON_IoT
-0.4402725787409947,-0.4798719815527287,-0.37414984988374667,-0.4413246768066931,1.0378922599663893,-0.43303923952172113,0.3846182439506756,Reconnaissance,7,TON_IoT
2.2957085914691575,-0.49209106142833403,-0.35599428912616565,-0.4413246768066931,1.4598961488062296,2.2676231138692478,-0.5704561303044638,Botnet,0,TON_IoT
1.1902554642996064,-0.45095349251379613,-0.34161188165880313,-0.4413246768066931,1.0536570681768822,2.2676231138692478,-0.5339599044977937,Botnet,0,TON_IoT
-0.4706129381252861,-0.521824155792307,-0.38011413073991207,1.5996975829677962,-1.0710488097298148,-0.04880864106200599,0.3734416827992062,Reconnaissance,7,TON_IoT
0.41200684668372145,-0.478242770902648,-0.3532510597473359,-0.4413246768066931,0.15177652550298137,-0.4510436552109942,-0.5574013969452817,Botnet,0,TON_IoT
-0.5680969567316057,1.2206166344690121,0.5225607874503707,-1.369062067613279,1.2488942043863094,-0.42771975306807225,0.7510818180720997,DDoS,2,TON_IoT
-0.3826642847017455,0.5000982244708182,5.865225198555187,-0.4413246768066931,-1.1082784056666466,-0.27836494110023835,-0.35684523141452157,Ransomware,6,TON_IoT
-0.5748588439488891,2.3647298134881907,1.7264496652285872,-0.4413246768066931,1.056686787018638,-0.42771975306807225,1.459039690521129,DDoS,2,TON_IoT
-0.2389537919710484,-0.5226387611173473,-0.3704497801872955,-0.4413246768066931,1.3690045835535505,-0.4514528464766595,-0.5813757762752512,Normal,5,TON_IoT
-0.2113722579906437,-0.5320067223553114,-0.3810199819467742,1.5996975829677962,0.13626847312653556,-0.27918332363156895,-0.5649173189146396,Normal,5,TON_IoT
-0.5388286733956351,-0.5222314584548272,-0.36941370146026586,-0.4413246768066931,-1.321488450259372,-0.27918332363156895,-0.5783414255744771,Normal,5,TON_IoT
-0.3879926738687676,-0.4501388871887558,-0.37122878951498445,-0.4413246768066931,-0.9902220731717826,2.2676231138692478,-0.4943489926968363,Botnet,0,TON_IoT
-0.5629952204675299,2.4799964669814005,-0.0076309811055989855,1.5996975829677962,0.28020579369334897,-0.42771975306807225,3.0170252356674676,DDoS,2,TON_IoT
0.7329417524611116,-0.538116262293114,-0.3754317719949539,-0.4413246768066931,-1.4345123684069128,2.845810372254314,-0.5051892671956693,Botnet,0,TON_IoT
-0.5139667001831035,-0.5075685626041008,-0.37170594906043275,1.5996975829677962,-0.6830393933178126,-0.27918332363156895,-0.5867485651170279,Normal,5,TON_IoT
-0.4834777225427688,-0.5389308676181545,-0.36648090810300765,-0.4413246768066931,0.41325666689656465,-0.4514528464766595,-0.5810264980927762,Normal,5,TON_IoT
-0.4727259533459268,0.40926973072881867,0.9499113208219104,-0.4413246768066931,-1.149205285613757,-0.27836494110023835,-0.33636109749298226,Ransomware,6,TON_IoT
0.3396768638019689,-0.4949421800659753,-0.3504596414919769,-0.4413246768066931,0.4758023880704422,-0.4510436552109942,-0.5737615646291478,Botnet,0,TON_IoT
-0.5705131434617414,1.9708681388311788,0.37485612658659084,-0.4413246768066931,-0.8560414742987595,-0.42771975306807225,2.3665460323670455,DDoS,2,TON_IoT
-0.2191199395458037,-0.4354759913380294,-0.3396576718767966,-0.4413246768066931,1.7022736561467076,2.2676231138692478,-0.5294906253357546,Botnet,0,TON_IoT
-0.46299567319519946,-0.5071612599415806,-0.38093385434800786,-0.4413246768066931,-0.8636414469865542,-0.42362784041141927,0.2171861667621782,Reconnaissance,7,TON_IoT
0.36341367916101563,-0.5018663253288183,-0.35592265189789196,-0.4413246768066931,0.05826605074302162,2.845810372254314,-0.5378204870399137,Botnet,0,TON_IoT
-0.09207280067419242,-0.38863618514820897,-0.3706209633677031,-0.4413246768066931,-1.1352891194084034,2.2676231138692478,-0.5624064462255921,Botnet,0,TON_IoT
-0.38140407073088334,-0.5295629063801903,-0.37324790983123785,-0.4413246768066931,0.3155353964582322,-0.27918332363156895,-0.587005106320362,Normal,5,TON_IoT
-0.5574666870478842,0.38035124168988604,6.913293039040454,-0.4413246768066931,0.5165238633503149,-0.27836494110023835,-0.4001372458172469,Ransomware,6,TON_IoT
-0.36606311032617517,-0.5059393519540201,-0.3711637028626578,-0.4413246768066931,1.437507040077321,-0.4514528464766595,-0.5851826671931962,Normal,5,TON_IoT
-0.5380921451442537,-0.521824155792307,-0.37988214815130944,-0.4413246768066931,0.574293926010916,-0.42771975306807225,-0.5793543128426372,Normal,5,TON_IoT
-0.20257361449249675,0.4862499339451322,0.8092022215981637,-0.4413246768066931,-1.5606821852576656,-0.27836494110023835,-0.5308191260837746,Ransomware,6,TON_IoT
-0.4416195645498295,-0.5210095504672666,-0.3627402907688094,-0.4413246768066931,-0.3364190173542056,-0.42771975306807225,-0.5874128326762427,Normal,5,TON_IoT
-0.34835950419214995,-0.5091977732541815,-0.3803679504978991,1.5996975829677962,-1.046092142660435,-0.4514528464766595,-0.5862606307594121,Normal,5,TON_IoT
0.026686674039561945,0.19462122758068515,0.5898780896236034,-0.4413246768066931,-0.7213473637576424,-0.27836494110023835,-0.525757977451268,Ransomware,6,TON_IoT
-0.5561746117410877,-0.11574340125969007,0.3554988060170135,-1.369062067613279,-0.8612279421465113,-0.42771975306807225,1.28206756711205,DDoS,2,TON_IoT
-0.5568418252503782,-0.5364870516430333,-0.38016948624285807,1.5996975829677962,0.9491574437197058,-0.27918332363156895,-0.5869080245509278,Normal,5,TON_IoT
-0.46400102095313384,-0.2106449216268914,-0.04785282898306621,-0.4413246768066931,0.7171015209079221,-0.27836494110023835,-0.3149195503469608,Ransomware,6,TON_IoT
-0.2653084479500782,-0.11126307197196811,0.05030354772611312,-0.4413246768066931,-0.21887619652743573,-0.27836494110023835,-0.36311442884289946,Ransomware,6,TON_IoT
0.2921523597679038,0.4267837452171863,3.379822540487815,-0.4413246768066931,0.4592673123578079,-0.27836494110023835,-0.5225352303083142,Ransomware,6,TON_IoT
-0.5180376185779806,0.3982725588407739,3.2117689178238957,-0.4413246768066931,-0.1353278481285041,-0.27836494110023835,-0.4110857046375579,Ransomware,6,TON_IoT
-0.5565561249384742,0.08342760071267671,3.604044080149577,-0.4413246768066931,0.1668737685449518,-0.27836494110023835,-0.5300726732320103,Ransomware,6,TON_IoT
-0.48966334633502945,-0.4982006013661367,-0.3809151322944318,1.5996975829677962,0.7326609244511774,-0.37247893220325695,1.0520887520508682,Reconnaissance,7,TON_IoT
-0.40247785349295223,-0.5332286303428719,-0.37163311170452096,-0.4413246768066931,-1.3464964684955611,-0.4514528464766595,-0.5863561082296587,Normal,5,TON_IoT
-0.45780090747089575,-0.4945348774034551,-0.3768816296777001,-0.4413246768066931,0.8451199797638143,-0.4101245286444644,0.5878429965645627,Reconnaissance,7,TON_IoT
-0.5149078339021742,-0.5303775117052307,-0.3782550767207443,-0.4413246768066931,-1.2023537432615101,-0.42771975306807225,-0.5834589537265591,Normal,5,TON_IoT
-0.3127186391274429,-0.45909954576419965,1.294473767661994,-0.4413246768066931,0.7224420422561021,-0.27836494110023835,-0.44790995289119534,Ransomware,6,TON_IoT
-0.20374290954145768,-0.5197876424797061,-0.3693827515651208,-0.4413246768066931,1.6398306373064486,-0.4514528464766595,-0.5813703359331256,Normal,5,TON_IoT
2.7407755262797213,-0.4240715167874644,-0.36495358363870045,-0.4413246768066931,-0.4282349036094544,2.845810372254314,-0.560883968793608,Botnet,0,TON_IoT
-0.528350431333437,-0.5193803398171859,-0.3787085796099392,-0.4413246768066931,-0.4149863025726232,-0.42771975306807225,-0.5862713075644065,Normal,5,TON_IoT
-0.5608453383852543,1.8873710930145426,1.2185002847544335,-1.369062067613279,0.6600503745826528,-0.42771975306807225,0.374623619027971,DDoS,2,TON_IoT
-0.1745453563981237,0.36935406980184127,2.6138905306495914,-0.4413246768066931,-1.5266877128298275,-0.27836494110023835,-0.32382235147226257,Ransomware,6,TON_IoT
2.1992623539929133,-0.4236642141249442,-0.36834675762094155,-0.4413246768066931,-0.928754726500903,2.845810372254314,-0.5170883364376859,Botnet,0,TON_IoT
2.2994911387786776,-0.4314029647128276,-0.31968861560753326,-0.4413246768066931,0.5674642208252627,2.845810372254314,-0.5384103690694786,Botnet,0,TON_IoT
2.2163157365884767,-0.4546192164764777,-0.32762144331593623,-0.4413246768066931,-0.36235135659296436,-0.4510436552109942,-0.5502341736380028,Botnet,0,TON_IoT
1.1915683185599952,-0.3874142771606484,-0.3029937068760836,-0.4413246768066931,0.6257991463207675,2.2676231138692478,-0.5538029585199257,Botnet,0,TON_IoT
1.1735841193836238,-0.5030882333163789,-0.36858575507255703,-0.4413246768066931,0.6095208264421803,2.2676231138692478,-0.5529183284998265,Botnet,0,TON_IoT
-0.574215456541189,2.7638864227579645,-0.050881934817751634,1.5996975829677962,0.6728881662850087,-0.42771975306807225,1.876460859307181,DDoS,2,TON_IoT
0.3287716711181267,0.32780919822478316,0.4077950635704592,-0.4413246768066931,-1.006757148884417,-0.27836494110023835,-0.436480953410929,Ransomware,6,TON_IoT
-0.5572212369292416,0.410084336053859,0.6730482481815167,-1.369062067613279,1.1639593744835233,-0.42771975306807225,1.7364439404586494,DDoS,2,TON_IoT
-0.49347129235229004,0.006040094833842993,-0.08331896989627414,-0.4413246768066931,-0.11180901372978823,-0.27836494110023835,-0.3492287174996019,Ransomware,6,TON_IoT
0.10221308909334549,-0.09252714949603995,0.2678729490123645,-0.4413246768066931,0.620509976139397,-0.27836494110023835,-0.38146609208017856,Ransomware,6,TON_IoT
0.3395205742802666,-0.3878215798231686,-0.377817432819578,-0.4413246768066931,0.8708982655021448,-0.4510436552109942,-0.5060138159902111,Botnet,0,TON_IoT
-0.4372409427088706,-0.5210095504672666,-0.3798717997376002,1.5996975829677962,-1.1994780779201824,-0.4395862997723659,-0.18851049063965933,Reconnaissance,7,TON_IoT
-0.49460354180477406,0.2940030772356084,0.7658559352014712,-0.4413246768066931,-0.19468979696019736,-0.27836494110023835,-0.5503828749152252,Ransomware,6,TON_IoT
-0.5510417729510811,-0.5246752744299482,-0.3790135296400176,-0.4413246768066931,-0.351875718563842,-0.11223328724012722,0.8999164258893751,Reconnaissance,7,TON_IoT
-0.5427524978439233,-0.535672446317993,-0.3639868972360156,1.5996975829677962,0.38521892981861955,-0.27918332363156895,-0.5814563410498453,Normal,5,TON_IoT
-0.5617478887402503,0.6133283646514276,0.1145246238888067,1.5996975829677962,-0.70019068303216,-0.42771975306807225,1.1709097459125237,DDoS,2,TON_IoT
0.30798016581819504,0.20724761011881065,0.23942885772467734,-0.4413246768066931,0.0617579300860624,-0.27836494110023835,-0.38549403197991833,Ransomware,6,TON_IoT
1.309620838450737,-0.4004479623612941,-0.34708054411539185,-0.4413246768066931,0.8368524419074972,2.845810372254314,-0.5583755000606964,Botnet,0,TON_IoT
-0.32156315999716883,-0.5295629063801903,-0.3746737029543749,-0.4413246768066931,1.0630543317030066,-0.42771975306807225,-0.5846231961897858,Normal,5,TON_IoT
-0.5526262160700818,-0.46928211232720407,-0.37745666617342954,-0.4413246768066931,-1.2964290808563734,-0.30905428602513574,-0.23297274142153376,Reconnaissance,7,TON_IoT
-0.2883834747888273,-0.5267117877425491,-0.36507227050093144,-0.4413246768066931,-0.4896508991135246,-0.27918332363156895,-0.5821862858835082,Normal,5,TON_IoT
-0.562133804407537,-0.5144927078669438,-0.36762227799014746,-0.4413246768066931,0.2619247783091943,-0.42771975306807225,-0.5849033666389958,Normal,5,TON_IoT
-0.5691251400461664,0.8658560154139375,1.4348738736396867,1.5996975829677962,-1.1238891603767114,-0.42771975306807225,1.2792679838602548,DDoS,2,TON_IoT
0.999412167974629,-0.4762062575900471,-0.3798184909889818,-0.4413246768066931,1.6752629424049508,-0.4510436552109942,-0.5509084618739499,Botnet,0,TON_IoT
-0.4604134843306345,-0.017583459592327298,0.045480718833468284,-0.4413246768066931,1.2403699106959452,-0.27836494110023835,-0.404254593699892,Ransomware,6,TON_IoT
-0.14074422873988057,-0.5250825770924684,-0.3799094510021458,1.5996975829677962,0.21596548401476046,-0.27918332363156895,-0.5728145905837922,Normal,5,TON_IoT
-0.33643239597107605,-0.5295629063801903,-0.37130573196057465,1.5996975829677962,-0.7564202106884784,-0.4514528464766595,-0.5854512046047432,Normal,5,TON_IoT
-0.511437584688552,-0.4994225093536972,-0.38121521736878083,1.5996975829677962,0.9753465387925117,-0.23703662326804323,0.6184865709496719,Reconnaissance,7,TON_IoT
0.5828765255213351,-0.4912764561032937,-0.23957419858242784,-0.4413246768066931,0.5998154559151994,2.2676231138692478,-0.5214690097936822,Botnet,0,TON_IoT
-0.46122284064733376,-0.4933129694158946,-0.38066142080406473,-0.4413246768066931,1.0402030624728134,-0.12164468635042909,-0.06505381050653841,Reconnaissance,7,TON_IoT
-0.5404484067742148,-0.5230460637798675,-0.3602887324471763,1.5996975829677962,-0.30150022392379777,-0.42771975306807225,-0.5841589712583403,Normal,5,TON_IoT
-0.5063821178342202,-0.5385235649556342,-0.3766014047257559,-0.4413246768066931,-0.6254747353244492,-0.4514528464766595,-0.5863841672483502,Normal,5,TON_IoT
3.1452463476576193,-0.4419928339383522,-0.36073207752037584,-0.4413246768066931,-1.074951498407331,2.2676231138692478,-0.5309653084871798,Botnet,0,TON_IoT
-0.5769480456609014,2.8290548487611926,0.06978654290264792,-1.369062067613279,-1.370836921563228,-0.42771975306807225,2.622726773824996,DDoS,2,TON_IoT
-0.19354771693873118,-0.503495535978899,-0.33084539124758405,-0.4413246768066931,1.7219411530347166,2.2676231138692478,-0.5636022439992733,Botnet,0,TON_IoT
-0.5685630040315431,0.06876470486195033,0.632609951197028,1.5996975829677962,-1.2745021326287498,-0.42771975306807225,2.397437652872998,DDoS,2,TON_IoT
2.48261694983309,-0.5132707998793833,-0.37942700096107906,-0.4413246768066931,-0.3080218221085945,-0.4510436552109942,-0.5133277993103366,Botnet,0,TON_IoT
1.1764472413583584,-0.4436220445884329,-0.3573755266120298,-0.4413246768066931,1.4469043036034455,2.845810372254314,-0.5756339605569788,Botnet,0,TON_IoT
0.2699620502793771,-0.524267971767428,-0.37840887765632464,1.5996975829677962,0.5664885486558837,-0.42771975306807225,-0.5845258699458679,Normal,5,TON_IoT
1.9264746045930812,-0.48272310019036996,-0.33857142222642034,-0.4413246768066931,-0.22888967405527327,-0.4510436552109942,-0.5542638837084269,Botnet,0,TON_IoT
1.5886257882539936,-0.5201949451422263,-0.3355454551433452,-0.4413246768066931,-0.4491861796676991,2.2676231138692478,-0.4991601945654043,Botnet,0,TON_IoT
3.5326792357023957,-0.44932428186371537,-0.3668553996365871,-0.4413246768066931,-0.2830138038724054,2.845810372254314,-0.5368799902516795,Botnet,0,TON_IoT
-0.298546120822259,-0.00943740634192375,1.380671881018672,-0.4413246768066931,-1.4515096046208318,-0.27836494110023835,-0.34577033511226524,Ransomware,6,TON_IoT
-0.5566314766183577,1.1477094578779004,0.30393606660157657,1.5996975829677962,0.09020647649848289,-0.42771975306807225,1.1813147655733218,DDoS,2,TON_IoT
3.204719642641413,-0.4318102673753478,-0.36473197827457,-0.4413246768066931,-1.2933993620146176,2.845810372254314,-0.5260502528289128,Botnet,0,TON_IoT
-0.5162004048056292,0.13067470956501728,1.8872043735546953,-0.4413246768066931,-1.2679291832771435,-0.27836494110023835,-0.44166010358371166,Ransomware,6,TON_IoT
-0.5713479653093486,-0.3010661127063708,1.8570997854796734,-0.4413246768066931,-1.0247814084345244,-0.27836494110023835,-0.4681876511387295,Ransomware,6,TON_IoT
-0.5633926694769305,2.3007832954725225,0.24492638481565293,-0.4413246768066931,-0.8555279626306653,-0.42771975306807225,0.8333141923707008,DDoS,2,TON_IoT
-0.453864503640949,-0.5421892889183159,-0.37986728131545017,-0.4413246768066931,1.3694153928880257,-0.10282188812982537,0.007266713407229807,Reconnaissance,7,TON_IoT
1.2149429479580622,-0.365827236047079,-0.3709515733850879,-0.4413246768066931,0.4515646373363944,2.2676231138692478,-0.5305965964857371,Botnet,0,TON_IoT
0.29642876642146665,-0.5157146158545043,-0.3528680921857083,1.5996975829677962,-0.24604096376962065,-0.42771975306807225,-0.5783486806389806,Normal,5,TON_IoT
-0.5575964739051427,-0.5360797489805131,-0.38064798675517697,1.5996975829677962,-0.5324264210657742,-0.27918332363156895,-0.5849094136689841,Normal,5,TON_IoT
-0.32387597156885617,-0.5185657344921456,-0.37943977001048634,-0.4413246768066931,0.07172005644709052,-0.42771975306807225,-0.5759662246472855,Normal,5,TON_IoT
-0.3112022267138633,-0.221234790852416,0.22305335890083858,-0.4413246768066931,1.327461489604727,-0.27836494110023835,-0.35269437039232127,Ransomware,6,TON_IoT
1.6152572894908008,-0.43425408335046883,-0.374379661920523,-0.4413246768066931,0.5833830825361839,2.845810372254314,-0.541566643030248,Botnet,0,TON_IoT
-0.5094360719792066,-0.4749843496024866,-0.3748393703675543,1.5996975829677962,-0.3636864869300093,-0.2685443507242712,-0.001537509835044388,Reconnaissance,7,TON_IoT
-0.5469148535094116,-0.3389452603207473,1.0576254348214709,-0.4413246768066931,-1.082243364094269,-0.27836494110023835,-0.5636663866236924,Ransomware,6,TON_IoT
-0.5760617709645899,1.6246608756890282,1.8026130174231496,-0.4413246768066931,0.7457554719875803,-0.42771975306807225,0.7556888401773624,DDoS,2,TON_IoT
3.0405502502982333,-0.4672455990146032,-0.3018714348518263,-0.4413246768066931,1.0290598592751685,2.2676231138692478,-0.5644793628603343,Botnet,0,TON_IoT
-0.5191487189725214,0.08750062733787849,0.13242127256839278,-0.4413246768066931,1.502055456756766,-0.27836494110023835,-0.5195160533696722,Ransomware,6,TON_IoT
-0.5683325244853507,-0.5336359330053921,-0.3813284363131505,1.5996975829677962,0.2133979256742893,-0.1891612451852033,0.863359233601093,Reconnaissance,7,TON_IoT
2.9101550075739255,-0.46235796706436105,-0.29898139640979166,-0.4413246768066931,0.7826769609235557,-0.4510436552109942,-0.5281070281383079,Botnet,0,TON_IoT
-0.40133872411120486,-0.5112342865667824,-0.36936585418699225,-0.4413246768066931,-0.2800867873642683,-0.42771975306807225,-0.5846254871182567,Normal,5,TON_IoT
-0.5759020565089967,0.34247209407550955,5.121194388520935,-0.4413246768066931,0.703134003535759,-0.27836494110023835,-0.3699063418119239,Ransomware,6,TON_IoT
-0.48409735487789024,-0.5185657344921456,-0.3769615021466389,1.5996975829677962,-1.0798812104210356,-0.27918332363156895,-0.5868155460595685,Normal,5,TON_IoT
-0.06384267296168641,-0.5263044850800289,-0.3737903398828053,-0.4413246768066931,-1.2305455338398834,-0.4514528464766595,-0.5849900629614927,Normal,5,TON_IoT
-0.5065886034026155,-0.5087904705916613,-0.37956133158377414,-0.4413246768066931,1.3116966813942341,-0.27918332363156895,-0.5860042939552029,Normal,5,TON_IoT
-0.335958927330615,-0.5177511291671052,-0.375221666495575,-0.4413246768066931,1.6521549173407104,-0.42771975306807225,-0.5755149789882313,Normal,5,TON_IoT
-0.24432402351039625,-0.5336359330053921,-0.37853504385593245,1.5996975829677962,1.6965223254640522,-0.42771975306807225,-0.5866760386595533,Normal,5,TON_IoT
0.451866173210092,-0.3939311197609713,-0.20747616566035043,-0.4413246768066931,-1.3942017024615154,-0.4510436552109942,-0.562209776264732,Botnet,0,TON_IoT
-0.05392799742207304,-0.3532008535089535,2.7218976041518603,-0.4413246768066931,0.7861688402665964,-0.27836494110023835,-0.48098761794525174,Ransomware,6,TON_IoT
-0.30705213471984627,-0.4566557297890786,1.5248872855176077,-0.4413246768066931,-0.06436053559788113,-0.27836494110023835,-0.318800428485029,Ransomware,6,TON_IoT
1.8119033256230637,-0.4501388871887558,-0.3158308092304931,-0.4413246768066931,-1.0820379594270313,2.845810372254314,-0.5107346617355455,Botnet,0,TON_IoT
-0.015433488940537882,-0.4933129694158946,-0.2316914759650459,-0.4413246768066931,1.32273718225826,2.2676231138692478,-0.5443510264140317,Botnet,0,TON_IoT
-0.5726452890449897,3.0758802622484205,0.45459917549762235,-0.4413246768066931,1.3852315522653282,-0.42771975306807225,1.9227008947312225,DDoS,2,TON_IoT
-0.5708891464845717,1.6112198878258621,1.1532923734600824,-1.369062067613279,-1.1253269930473753,-0.42771975306807225,2.444401859115766,DDoS,2,TON_IoT
-0.27958233087015705,-0.19924044707632643,0.7300386474735826,-0.4413246768066931,-1.352555906179073,-0.27836494110023835,-0.4619722230751508,Ransomware,6,TON_IoT
3.191710771597519,-0.34342558960846925,-0.3789026987839327,-0.4413246768066931,1.269845480444554,-0.4510436552109942,-0.5024961022101381,Botnet,0,TON_IoT
-0.5356267324179425,-0.5193803398171859,-0.38042499783274386,-0.4413246768066931,-0.3466378995492808,-0.2881855314762055,0.8177070391780584,Reconnaissance,7,TON_IoT
1.6242973543349501,-0.43914171530071094,-0.37234220257453843,-0.4413246768066931,0.35230283189377926,2.845810372254314,-0.5391078248115966,Botnet,0,TON_IoT
-0.5657799547687072,1.8270902989615563,1.3148438068601445,-0.4413246768066931,-0.5174318803574226,-0.42771975306807225,0.7780543862660914,DDoS,2,TON_IoT
3.0686543200888012,-0.45095349251379613,-0.37257632942266056,-0.4413246768066931,-0.008541817276038045,2.845810372254314,-0.5691687844044797,Botnet,0,TON_IoT
