flow_duration,packet_count,protocol,src_port,dst_port,flow_bytes,packet_rate,label
0.8800397409990917,3404,17,1558,22,226896.44134628613,3868.0071381043613,DDoS
1.7012467509343412,115,6,38518,364,4600.0,67.59748398451953,Reconnaissance
37.33058750049508,159,6,21998,9999,30068.604104658334,4.259241834806145,Botnet
11.677819802773467,829,6,30087,8080,38110.50336158856,70.98927830716428,DoS
15.819724432947943,14,17,10065,19084,8940.097983140637,0.8849711674396818,Normal
2.361637888908614,55,17,49267,56064,23273.85810349421,23.288921751427864,Normal
7.646586148750639,14,17,59229,20197,5524.11950840197,1.8308824000220587,Normal
10.292398340755419,372,6,19823,3389,34456.9484874483,36.14317943048994,Brute Force
2.9582055161026024,99,1,446,22822,16563.25805367724,33.46623466865521,Spoofing
5.331767873072593,73,6,56024,9999,10744.171347487734,13.691518786606803,Botnet
28.052350237263315,99,1,42906,1726,70218.6808077549,3.5291160691589196,Normal
0.2955080453138133,251,6,39547,817,10040.0,849.3846579826677,Reconnaissance
2.5561123169663658,568,6,19255,3389,154656.74836673713,222.21245765683383,Brute Force
7.011021285360351,57,1,44178,34152,13300.953240154635,8.130056618002454,Normal
0.781528915483186,72,1,58909,18284,22359.744227783027,92.12710953309445,Normal
5.936891210027922,89,6,49924,20771,40158.377840602225,14.991010758235102,Normal
0.05038891198098733,4555,1,49804,443,469203.15734577266,90396.87147280906,DDoS
36.26375748817768,1901,6,17003,443,99292.56591147078,52.42148447026604,DoS
1.3642094554153152,2094,1,44250,80,260710.92699477405,1534.9549086379186,DDoS
0.09528267334004596,4309,17,4467,443,352633.20366950514,45223.332311657425,DDoS
4.798472178633009,129,1,530,14255,10991.837521584706,26.883556931812738,Spoofing
8.73074456526,69,6,18814,16143,54970.42959437061,7.903106027698245,Normal
0.04582144367599235,1257,17,63037,22,139429.28610034924,27432.57084801524,DDoS
1.4931780542589297,2396,1,52986,22,235125.96612298326,1604.6311377038985,DDoS
27.31048926959806,928,6,53635,443,56125.08038143821,33.979618264585476,DoS
4.539156211705693,83,6,56289,9999,30257.397752636534,18.285336773816564,Botnet
23.562504864897427,28,6,15464,23926,6013.856904344273,1.1883286671152435,Normal
51.46386696534803,1029,6,31664,443,50761.024724029994,19.994610989742622,DoS
12.227681057039765,1212,6,14514,80,57817.16206360244,99.11936648872788,DoS
20.789191587789176,27,1,50259,6490,6063.3252466929425,1.2987518002315601,Normal
1.6164007905341446,83,6,122,38084,12367.426427870721,51.34865095715054,Spoofing
18.416070295395446,38,6,9629,8877,12816.72039223915,2.063415234112193,Normal
28.62256144367999,21,17,58062,29572,3648.680764741415,0.7336869567498792,Normal
2.93054676183446,268,6,43486,461,10720.0,91.45051138246902,Reconnaissance
2.542349051961,164,17,34146,770,6560.0,64.50727128656911,Reconnaissance
10.707285539263934,538,6,19851,3389,49262.70572491033,50.24616164639843,Brute Force
0.9184260433309083,2143,17,6690,443,208299.3047274766,2333.3397561635547,DDoS
10.022888906711584,54,17,55017,37883,24899.565115721438,5.3876682164800025,Normal
2.929031665976372,31,1,166,9590,5536.271195990386,10.583702579967284,Spoofing
0.6536957328062404,2323,1,8801,80,271800.0495640564,3553.6410648232763,DDoS
27.032669403936094,63,17,29873,24610,50244.53283251681,2.330513463491951,Normal
56.186974055931906,1965,6,57894,443,102850.9458513035,34.9725186845606,DoS
22.677940327334063,88,17,64765,54456,37139.690062246365,3.880422945373583,Normal
2.9190762951667235,186,17,24805,257,7440.0,63.7187867641454,Reconnaissance
1.076446530352085,1524,1,44186,80,183086.82193390894,1415.7693457393827,DDoS
3.8241710188355524,40,6,797,20982,2779.191370065115,10.459783258380497,Spoofing
0.6009199558356313,4164,1,54644,22,531599.5462941277,6929.3754676687295,DDoS
45.43756849558778,1487,6,7721,443,83612.07379597217,32.7262230183905,DoS
57.950292112362646,1341,6,18355,80,77698.20417304951,23.14052183550464,DoS
25.600156341001814,88,1,20953,6097,80805.25657573626,3.4374790070737626,Normal
2.7673744465334833,33,17,35792,243,1320.0,11.924660228519864,Reconnaissance
31.387464851762633,25,6,60755,8080,4005.946525947519,0.7964963120809698,Botnet
1.095917216044392,48,17,33358,928,1920.0,43.79892869394953,Reconnaissance
3.663191031481926,155,6,34338,22,29902.183205852085,42.312835630986875,Brute Force
45.35035622004467,856,6,63843,80,36800.09185815738,18.87526518747942,DoS
2.0475165772735635,94,6,38558,479,3760.0,45.90927421216229,Reconnaissance
5.910997483189703,52,1,41184,50712,17573.714784277352,8.797161587005052,Normal
28.252150347416602,85,6,33337,41069,29162.84418927187,3.008620545861298,Normal
18.98922378199877,18,17,15053,24117,14638.971675437182,0.9479060443251753,Normal
0.9976610835756519,1519,17,22082,443,133994.33006617788,1522.561143265057,DDoS
0.6051540957559731,1514,17,50646,443,102382.79000765586,2501.8421103284027,DDoS
0.1893634427632454,4916,1,4919,80,497809.8750920649,25960.660242887036,DDoS
7.64346987671417,225,6,55493,23,38341.65634133044,29.43689235767939,Brute Force
1.3662228159003003,2581,1,52604,443,192028.227810095,1889.150122485107,DDoS
0.9998656562424666,3890,17,63386,22,377925.1012642651,3890.522667433912,DDoS
46.0530906505417,728,6,9582,80,36810.83070299736,15.80784242091767,DoS
24.983217999767078,30,6,23388,37003,15812.825234452523,1.2008060771146334,Normal
8.921925023749406,468,6,7813,23,111499.1907052257,52.455047397755955,Brute Force
6.922884514567616,62,17,10887,6702,11374.446107008871,8.955804458320124,Normal
2.793310002518553,192,17,26497,781,7680.0,68.73565763445004,Reconnaissance
42.10189492265668,145,6,17610,6667,17316.89990264994,3.4440255068417316,Botnet
7.740906644898448,73,1,55421,4190,50905.5394847808,9.430419891203542,Normal
7.550431566240764,19,17,14523,30525,15816.023698454988,2.5164124505084136,Normal
3.23532889114011,355,6,35252,22,91734.03854773089,109.72609337250414,Brute Force
7.990000564440315,114,6,11040,8080,15254.921174252951,14.267833785564381,Botnet
42.457679502272484,113,6,39680,6667,44541.48572800526,2.661473762218961,Botnet
13.084474992771625,119,6,12786,6667,43683.09534664391,9.094747788179522,Botnet
4.20467202994974,36,6,34606,52590,3959.3704966843966,8.561904410991675,Normal
0.38726637144908727,4963,1,40135,80,401072.48975107865,12815.468540243419,DDoS
4.302626259668219,91,1,46289,53573,37282.870904399446,21.14987324207358,Normal
1.6231265498663987,573,6,32525,22,110574.06228146753,353.0223814324054,Brute Force
2.693410495903592,28,1,488,5650,5306.740300385933,10.395741771477166,Spoofing
1.3774812522167148,4703,1,59209,443,393422.95404948795,3414.2025471720117,DDoS
16.551204406214325,44,6,11020,16513,32637.87714765177,2.658416808838379,Normal
0.041513236790630265,1102,1,10360,443,128425.79029769768,26545.749866672086,DDoS
1.359808390139625,3279,1,14359,22,217127.65935873034,2411.3691486072626,DDoS
32.203145006465746,162,6,15993,6667,57380.42432079243,5.030564560308431,Botnet
2.981817720792489,110,6,130,53332,15634.961146300862,36.89024960612444,Spoofing
9.923634736929102,511,6,9338,3389,59779.83653193626,51.49322940095742,Brute Force
27.19942423984434,1434,6,1318,80,91625.22555597508,52.72170423002331,DoS
15.057659943149892,27,17,22942,47757,8320.479458368422,1.7931073023257496,Normal
24.66132785700595,81,6,39283,8080,10646.64354939351,3.2844946739957877,Botnet
43.715026115992586,174,6,48231,8080,22213.50817760254,3.9803247409325992,Botnet
5.120127857148683,1547,6,22347,8080,81250.11576115094,302.1408924076165,DoS
22.798705395312137,132,6,62460,6667,12625.02833460489,5.789802434446203,Botnet
19.736851255876633,1805,6,55736,8080,74245.78164975278,91.45329093274503,DoS
57.57467448135003,1887,6,30530,8080,85240.14629262335,32.774827074554274,DoS
0.9140071409353058,1815,17,15219,22,219759.98278177687,1985.7612908173846,DDoS
1.0333922200677204,67,1,60750,39776,56872.05891492034,64.83501491390108,Normal
25.97492568845014,98,6,50883,30314,81711.7270620699,3.7728693115598064,Normal
13.611008251309212,36,17,25181,2797,31441.47240500569,2.644917946952037,Normal
4.41812834024126,55,6,675,4657,5510.476125172675,12.44871035072662,Spoofing
0.9056258394204911,2918,1,11996,80,245497.48431398728,3222.0812094619832,DDoS
15.633657848662871,1535,6,62640,8080,66031.00559590635,98.1855951344929,DoS
2.0112130726129993,189,17,42826,440,7560.0,93.97313620005873,Reconnaissance
18.089627969364713,97,1,46732,26712,78450.7463045602,5.3621887727194935,Normal
0.7602351318340149,3404,1,57178,80,424333.2900631957,4477.562082389016,DDoS
9.467880389036614,57,6,30454,6667,19567.254366642097,6.02035489020367,Botnet
19.637686596834158,85,17,55867,20952,57283.403769952805,4.328412085652852,Normal
9.327828368174734,80,1,52907,9613,23891.293900511104,8.576487135306754,Normal
0.511155132806217,1209,1,54104,443,133198.84998051025,2365.231066667859,DDoS
15.698170671077303,62,17,27139,40159,45709.584341952046,3.9495047734593896,Normal
0.6980622934586878,276,17,18245,379,11040.0,395.3801868204389,Reconnaissance
8.65888187285819,274,6,28961,22,59414.713901405354,31.64380852207607,Brute Force
2.7463886774187594,49,1,323,43602,4780.7490009143285,17.841611568998125,Spoofing
6.6813692908038025,402,6,5381,23,75708.01158403145,60.167307404084134,Brute Force
12.714215606013003,276,6,33648,22,40230.79583397079,21.707984869272615,Brute Force
12.619083669239119,5,6,37311,19167,2886.1609070946747,0.39622528315492817,Normal
4.910832673037172,182,6,39913,22,16655.407606318542,37.06092471838174,Brute Force
48.056673989266166,1919,6,6433,8080,80945.40985115252,39.9320186084585,DoS
12.96545057937969,289,6,36748,3389,69353.01144327801,22.290008220742198,Brute Force
14.730656441443923,174,6,27169,3389,37933.58516475285,11.81210088577317,Brute Force
0.7128311626679021,2020,1,43430,80,246634.0234551872,2833.7706118792244,DDoS
22.028230091423595,23,1,45665,18753,18693.66769210761,1.0441147520496779,Normal
29.036179284927357,96,17,60866,53980,55370.034259627166,3.306220114498104,Normal
0.7591473283515541,3577,1,17499,22,305413.9097928728,4711.865360531869,DDoS
8.305632254272652,439,6,9152,3389,108617.95783326805,52.85569918824253,Brute Force
10.98220008606437,574,6,64912,3389,46122.19796369135,52.266394301845324,Brute Force
8.85496297238519,30,6,24204,50961,12563.072523303546,3.387930598191891,Normal
48.59809150671578,1905,6,1888,443,116127.77312534333,39.19907018852268,DoS
0.07204959328657068,4003,17,58678,80,411821.40357734414,55558.95345693949,DDoS
15.933161023776487,58,17,30397,12676,47864.20736536087,3.6402067306951,Normal
20.01325305704773,13,17,20642,33295,657.4467120283811,0.6495695608776609,Normal
0.6307876957464883,1036,17,58199,22,132247.58847521074,1642.390945457448,DDoS
2.2554115278933553,114,17,45672,191,4560.0,50.54509945973388,Reconnaissance
0.42787804649248246,4041,17,51641,80,486548.69643689884,9444.279820210402,DDoS
11.206229948428643,1993,6,48231,80,107852.08978029013,177.84750171751222,DoS
25.749824387093952,29,6,42060,9999,9513.619375116838,1.1262212729705088,Botnet
1.111817234287329,1716,1,29642,443,135694.79320090648,1543.4191403769255,DDoS
2.585533778093449,274,17,48989,350,10960.0,105.97424884622676,Reconnaissance
1.5590006403880046,17,6,55461,299,680.0,10.904421434855239,Reconnaissance
1.4523530363481507,1788,17,17229,22,183370.54108366463,1231.1056301405974,DDoS
22.985372267285616,1165,6,23710,8080,60665.90990359419,50.68440860790883,DoS
0.1335427262777769,2253,1,27752,22,278540.2175981035,16871.00497943725,DDoS
0.31823909437920883,4746,1,43338,80,448644.5361088779,14913.315440574812,DDoS
15.006269319060188,34,6,58302,2905,3260.219594139086,2.2657196986871986,Normal
0.9465108595773278,111,6,752,16219,14490.181626607238,117.27282246879656,Spoofing
26.023052600797026,1315,6,29285,8080,82507.00266291226,50.532119354810995,DoS
23.105970098007553,14,6,12217,22625,13039.144186124384,0.6059040127125946,Normal
0.8738083012602602,1009,17,65482,80,86926.30250661679,1154.7155120233556,DDoS
0.6642838353942326,176,6,9023,550,7040.0,264.946985945472,Reconnaissance
18.312190825890724,37,6,58765,14906,15503.554687835654,2.0205119284628403,Normal
28.016752757229796,93,6,51404,30528,45480.601737449964,3.319442506626722,Normal
11.586073367529254,1869,6,16728,443,105131.71881025514,161.31435911997568,DoS
1.3776531951339819,224,6,3455,575,8960.0,162.5953475019634,Reconnaissance
10.400472705106589,36,17,9875,40118,4405.050486126356,3.4613811334098448,Normal
3.477468674006602,26,6,210,40367,4741.355799628781,7.476702865605925,Spoofing
2.3941186579041087,67,6,27357,8080,15092.086841480423,27.98524616931645,Botnet
26.50383167787286,34,1,23248,15748,30979.598075947328,1.2828333809705497,Normal
24.963552867800235,175,6,34853,8080,37921.68974854429,7.01022009674462,Botnet
0.734799156841393,2257,17,15134,443,256347.9564300364,3071.587629063074,DDoS
1.3975999767137623,130,6,981,4508,10823.250682308155,93.01660143532247,Spoofing
1.6407271184758867,110,6,538,4019,5314.603327108773,67.04344601933673,Spoofing
18.297047911382485,512,6,26699,8080,24859.326455397222,27.982656135555498,DoS
28.875703042408386,86,6,38591,36970,15405.629438160364,2.978282463761864,Normal
11.603951447226548,264,6,58917,3389,28990.820016408594,22.750870787476316,Brute Force
1.4016412535837997,1797,1,31201,80,185353.2959446968,1282.0684289973085,DDoS
28.162286153691348,94,6,14956,13581,72761.43599269749,3.3377972046377717,Normal
11.351595490920024,7,6,16363,23714,1374.705838088088,0.6166534039729655,Normal
29.212194944089084,805,6,63561,8080,37151.56869213329,27.556984387538705,DoS
0.10196756572416538,65,1,974,25216,5935.406515836657,637.457602703127,Spoofing
28.93552235615906,68,6,63028,6187,21227.349380886924,2.3500526157090746,Normal
57.16338355478211,1076,6,7435,80,67879.19851516272,18.823238462937088,DoS
16.648488977036145,69,6,5535,24977,65067.99354608818,4.14452026818615,Normal
0.16623463132862829,130,1,375,30783,10808.395503759448,782.0271802630809,Spoofing
25.563205161982513,42,6,60775,44364,25420.83009269892,1.6429864617470666,Normal
0.5371886234804691,63,1,770,56498,5800.216269280687,117.27724163594564,Spoofing
0.1511609830212228,4151,17,32639,22,448876.12768666365,27460.789927631027,DDoS
2.087315171540577,32,6,5335,569,1280.0,15.330698706310786,Reconnaissance
25.98666724928056,48,17,40822,45916,40471.45929374169,1.8471010360641331,Normal
0.9796745980618837,3372,1,37967,443,400079.1123306871,3441.959204281623,DDoS
4.634880284790546,81,1,53655,27528,66470.54309517019,17.476179539265157,Normal
2.657097945601194,198,17,19039,965,7920.0,74.51738853954839,Reconnaissance
12.660510328421212,221,6,58137,23,26720.093619312578,17.455852431468227,Brute Force
0.3443100717907442,4113,1,17129,80,360465.3330884591,11945.627900480622,DDoS
3.967958695457528,139,1,815,16800,16510.03290233585,35.03060658346206,Spoofing
12.04656845882866,584,6,18400,23,99258.97125001722,48.47853577522315,Brute Force
41.408341169784876,763,6,42960,8080,35193.816337712524,18.426239217637413,DoS
42.16042351256887,910,6,38060,443,48928.03241747311,21.584223406311626,DoS
24.73529954774574,41,1,36415,7638,38344.62033717553,1.6575501711980096,Normal
14.89908118949064,63,6,48619,20689,41868.682526287215,4.22844866732039,Normal
13.455623776003309,588,6,54993,23,61615.447405476436,43.69920040783514,Brute Force
1.7518056611819903,182,6,28727,226,7280.0,103.89280274228575,Reconnaissance
4.44320637076815,76,1,999,32350,4311.059116568442,17.104764815787966,Spoofing
0.20183333228481248,4994,1,26761,80,631033.6758963846,24743.187576930213,DDoS
0.07893025683659993,1694,1,16612,80,190374.7934777302,21461.98514857097,DDoS
29.528336347092374,132,6,30067,6667,22263.173450548726,4.470282322999816,Botnet
9.285310707286563,475,6,12465,22,131054.07048131648,51.156069513888006,Brute Force
8.969939361307343,235,6,59450,22,57746.278578157595,26.198616348923615,Brute Force
32.8019897694692,109,6,19340,6667,30342.82873957368,3.322969148092745,Botnet
0.2879716184610758,78,1,81,37406,7581.766338771917,270.86002577904395,Spoofing
8.684088676628884,84,6,56284,18792,31098.517872552093,9.672862994371028,Normal
3.4495648007714124,82,6,21289,23381,36764.063386373105,23.771114542235203,Normal
4.460885032344276,416,6,27821,23,121265.72366755283,93.25503728155587,Brute Force
3.0530828086280755,91,6,592,527,4818.627661445505,29.80593901443882,Spoofing
17.52656298540789,47,6,64052,46785,14887.906701488046,2.681643859045886,Normal
19.33442458423824,51,1,19113,56204,28526.686091454976,2.637782147474722,Normal
3.6048087042952974,63,1,995,42846,11890.197593543495,17.476655536515036,Spoofing
5.934487029242599,48,6,42004,11579,19571.83655699743,8.088314923173082,Normal
26.138422527379493,66,1,32037,34020,18485.225230387354,2.5250184830728126,Normal
21.26640590411812,1758,6,11940,443,94411.27637738569,82.66559041175704,DoS
2.0986247899652173,114,1,619,47607,5569.262741859433,54.32128722823742,Spoofing
1.0708406349355275,134,6,428,31417,12143.088734391922,125.13533352053622,Spoofing
29.207768987093804,78,17,42020,10904,29008.281284211684,2.6705223543251897,Normal
9.370127429964356,168,6,17630,9999,13343.420928891008,17.929318598459986,Botnet
26.866338538977374,84,17,5210,3906,15481.048597107241,3.126589054110733,Normal
0.06750142728781942,3758,1,31452,22,353182.54905428935,55672.89687040629,DDoS
27.72716125492881,147,6,30534,6667,43222.771501387186,5.301660658603092,Botnet
3.0602400813970223,46,1,734,35955,3747.82485656182,15.031500397511511,Spoofing
1.2649869671604883,221,6,54570,3389,25155.291554443877,174.70535723864248,Brute Force
4.616460680313141,50,6,589,56783,8437.807869931448,10.830808158558481,Spoofing
38.852002781669555,1494,6,64602,8080,67638.37892795839,38.45361610817324,DoS
13.44081505568994,14,6,8378,20214,13167.443791764814,1.0416034996384642,Normal
0.23817085290056178,1577,17,11014,80,183716.90290273077,6621.297193987083,DDoS
0.32188950591005544,4926,1,4170,443,540815.2791897752,15303.38799356962,DDoS
2.5406386199098066,67,1,22468,55098,26215.938085801172,26.371322341930913,Normal
0.7627272630181178,141,17,34426,560,5640.0,184.86293441519567,Reconnaissance
0.16734161007895004,1690,1,28770,443,202251.5814688588,10099.102065545296,DDoS
2.7667312743673125,465,6,46863,3389,135692.88585642888,168.06836439376815,Brute Force
0.7206137769512503,104,1,297,54865,10421.828634131161,144.3214150581465,Spoofing
17.617132319797676,197,6,53870,9999,19065.18557814986,11.182296665764184,Botnet
59.26832378442331,1332,6,38467,443,59638.169959522544,22.474062280635504,DoS
18.21717706631709,1391,6,57272,443,88436.12627201444,76.35650655072729,DoS
15.891702064710152,990,6,50516,80,60230.73715151315,62.296662495230116,DoS
9.19408798226583,87,6,60272,30515,86247.16487636315,9.462602508025963,Normal
24.512288535854513,31,6,52940,8080,5341.443026849499,1.2646717973581214,Botnet
0.039391362230131476,3885,17,26929,80,278539.2053009475,98625.68289218144,DDoS
7.3066611598805045,84,6,60920,2993,16513.567401408975,11.496359029378306,Normal
1.3210984758973079,24,1,474,8931,3193.541117464346,18.16670024064548,Spoofing
29.275790461981064,83,17,49717,11706,51510.60438372704,2.8351070522856676,Normal
2.1032926506178855,185,17,3720,930,7400.0,87.95732726287635,Reconnaissance
2.626988949869912,134,17,12745,600,5360.0,51.00896979663187,Reconnaissance
2.3254032724897074,149,17,9089,809,5960.0,64.07490767847429,Reconnaissance
1.0659283127486054,3754,17,62033,443,335336.069839806,3521.812822777853,DDoS
5.570274224907782,67,1,38265,53152,45936.641040597126,12.028133139371468,Normal
0.37743470106934146,263,17,17140,170,10520.0,696.8092739085012,Reconnaissance
0.6990606574270705,2905,1,24110,22,340239.6765401316,4155.576442668087,DDoS
1.6677827633886397,277,6,62620,761,11080.0,166.08877731604863,Reconnaissance
1.1172215170302913,89,6,62861,583,3560.0,79.66191005394586,Reconnaissance
7.664822773027956,578,6,61134,3389,119420.70950852553,75.40944091152984,Brute Force
0.7772419882024014,2878,17,58459,80,360324.85510354576,3702.8364958205793,DDoS
1.1219189742679696,4183,1,25903,22,363115.62532668177,3728.4332433448026,DDoS
8.32609448044593,295,6,5947,3389,40061.396584755275,35.43077738221875,Brute Force
0.4708094861345461,2074,1,60672,443,141236.88118371656,4405.178869754762,DDoS
7.779048909687735,83,17,57383,38825,25508.11438013477,10.669684811550024,Normal
39.99203557681396,1579,6,41785,80,91918.85186492236,39.48286145543067,DoS
2.4204482416379616,240,17,31123,813,9600.0,99.15518781661186,Reconnaissance
3.554064550383547,31,1,470,16408,5863.384220375484,8.722407699841733,Spoofing
6.957018018640445,1850,6,15737,80,112515.97984322118,265.9185293243686,DoS
29.83149557995124,25,1,18522,4037,17580.484104155523,0.8380404506705883,Normal
3.021295080071647,148,1,850,45972,14361.367565675606,48.98561579641878,Spoofing
1.4929453935619263,128,6,63109,455,5120.0,85.73655845148676,Reconnaissance
23.55000844265841,39,1,59952,48988,26801.752846065632,1.6560503617211246,Normal
37.71579926381272,1049,6,36781,8080,52362.58419833924,27.81327773706991,DoS
6.678671463576193,295,6,50268,22,55094.71854045187,44.1704613872469,Brute Force
40.696110364250885,94,6,56045,8080,26712.126970368685,2.309803053870559,Botnet
1.4228708205917642,58,1,15,5807,5193.84857314419,40.76266036285579,Spoofing
16.954114196990822,132,6,64766,8080,28185.43038404601,7.785720826596097,Botnet
0.6179499360147709,1695,1,25533,443,178343.98789790372,2742.940651359634,DDoS
1.2741424123814615,3593,17,65339,22,435666.57017280266,2819.935954635111,DDoS
12.340248892647686,210,6,47383,22,42371.25048318567,17.017484965406,Brute Force
7.288074838250976,392,6,28219,3389,74441.11975395633,53.78649488375367,Brute Force
13.557917094599434,286,6,13833,3389,73891.16087229755,21.094685710530214,Brute Force
1.5180661857903939,76,17,16027,599,3040.0,50.06369334313969,Reconnaissance
38.34191532214213,1449,6,27675,443,79041.2895715529,37.79153930693741,DoS
6.346414619725998,1653,6,16725,8080,91014.42414949248,260.4620244731768,DoS
13.293245331741167,179,6,11626,8080,54777.121428777245,13.465485329800526,Botnet
3.3542161224884173,42,6,857,14168,3158.8452321531286,12.52155450521213,Spoofing
17.30664080578617,153,6,14295,9999,13340.688755087185,8.840537093070491,Botnet
14.36479862609977,29,6,44433,6667,6479.933280784076,2.018823984577769,Botnet
11.470931118359841,166,6,47523,3389,22527.13722957889,14.471362288481368,Brute Force
0.7407652252822534,1703,1,43268,443,142655.36712958058,2298.9740094118306,DDoS
0.8540010907790736,2652,1,46259,443,250623.8368086754,3105.382450484552,DDoS
10.500322119766412,76,6,8055,53442,28303.57106548741,7.237873194093085,Normal
44.01228621419159,506,6,50140,443,27325.076952382373,11.496789726793203,DoS
12.615661817303021,66,1,43820,33181,58161.883202476674,5.231592361605449,Normal
15.197649980494582,1285,6,45087,80,55846.13543982865,84.55254606134717,DoS
59.70075273353569,1970,6,22248,443,115863.71797253728,32.997908900625845,DoS
1.2506980031938764,2404,1,13998,22,275930.9787428619,1922.1266795509107,DDoS
25.546145732149434,833,6,31576,443,33465.397971418635,32.60765865559446,DoS
21.094449260463946,98,1,12105,65405,77351.4912033806,4.645771918002879,Normal
16.17883485548289,82,17,8939,35860,60075.627708925254,5.068350145882773,Normal
5.996598420446568,590,6,52107,3389,126305.99959308079,98.38911306588086,Brute Force
0.5560208119222552,3283,17,4117,22,383533.8176860054,5904.455246288589,DDoS
17.520294928568884,28,6,1617,8165,6281.864575477017,1.5981466130654418,Normal
40.10879628195993,612,6,56054,8080,33406.03143458735,15.258498302908789,DoS
9.233926257758373,114,6,32485,6667,24499.690654954742,12.345777605080704,Botnet
21.04696191256823,82,6,54958,24402,43815.24987729624,3.8960492417213697,Normal
1.932246561563241,70,6,582,64529,8379.05235086058,36.227260740144914,Spoofing
2.9749898385528244,5,1,8293,65256,2080.504361657615,1.6806780094523739,Normal
17.525106962476045,26,6,12672,13206,16086.076005378316,1.4835858095285814,Normal
56.57705076250233,977,6,4362,443,44815.76239397753,17.268485840685212,DoS
46.03720380312532,929,6,29792,80,45183.942399535554,20.179331567851065,DoS
2.0840629899222356,115,6,533,62566,12163.26836143147,55.18067378773954,Spoofing
17.270665853105804,119,6,17292,6667,33068.958359375174,6.890296008975247,Botnet
0.9656743811227424,270,17,64712,275,10800.0,279.59735214895545,Reconnaissance
50.12537095870733,1988,6,61546,80,100438.84188280429,39.66055436552659,DoS
1.1582573652519954,1910,1,47688,443,210361.9870969284,1649.0290131541294,DDoS
40.87121295333927,194,6,44168,8080,44988.441424922865,4.7466171415436245,Botnet
1.3164953725038193,3851,17,29040,443,390157.1079236716,2925.1906846249303,DDoS
1.1963170631664666,3943,1,63413,443,319572.9305701494,3295.948976572722,DDoS
27.03386599433814,15,6,49406,45227,5887.302927810607,0.5548595973340082,Normal
10.489976507711965,17,1,65463,33289,7238.023670459507,1.620594668396257,Normal
0.9472580007321222,39,6,52595,955,1560.0,41.171465397872026,Reconnaissance
9.865968752661937,227,6,26322,22,33629.67978829659,23.00838424394494,Brute Force
3.625404133435568,114,6,838,8016,21758.727855785637,31.444770239164857,Spoofing
1.4028504648135143,4533,1,5621,80,447109.4622338102,3231.278111029879,DDoS
8.321136212649314,35,6,13589,33041,13205.55940440554,4.206156359608079,Normal
21.395559447800125,67,1,4945,18432,7461.005383497446,3.1314909134983564,Normal
0.3199565984725408,2440,1,7789,22,275113.7410422796,7626.03431730571,DDoS
38.23130139248173,556,6,59572,8080,26184.51679101633,14.543057122019356,DoS
35.889114417644414,122,6,41481,9999,36741.645239344754,3.399359443096771,Botnet
4.0331278972590034,62,6,168,64716,3229.5005781266746,15.372683827392747,Spoofing
1.3157078151741082,2891,17,48630,22,347680.4900655719,2197.2963652400535,DDoS
0.2579896189263591,96,17,19814,249,3840.0,372.10799566087337,Reconnaissance
25.203481575878993,190,6,20139,6667,37703.423513487345,7.538641017828252,Botnet
17.775035063477542,1753,6,63507,443,107840.55719850743,98.62146509077208,DoS
1.3955810598552625,54,6,544,57758,4625.901708216551,38.69356037663653,Spoofing
1.2678722828065858,1388,17,38858,443,153285.6785672453,1094.7474905970003,DDoS
7.2798682328798145,58,17,11538,62762,33647.38293789618,7.9671771719769175,Normal
0.23486481424315941,4285,17,61499,22,513177.5924045601,18244.53787941036,DDoS
30.515356664192367,45,6,10497,8080,12825.39792136217,1.47466734520604,Botnet
13.722726428519625,8,17,9732,12608,3891.471293931567,0.5829745307298253,Normal
5.476698462710497,64,6,18492,5493,40295.44800161009,11.685872508001012,Normal
3.6378609083646896,85,6,56079,48129,41284.62533686614,23.365379309735523,Normal
13.116907746987103,25,1,29545,9098,1945.8288469693584,1.9059370152040898,Normal
1.8629863681155294,270,6,22270,22,32827.626595141934,144.92859669881196,Brute Force
24.76573684327489,67,6,13275,8080,12163.465097545091,2.705350558475056,Botnet
45.11843516904932,1777,6,9290,443,77290.77444063345,39.385231188580754,DoS
14.372348017198252,23,1,8985,64348,12117.736928699704,1.6002952316822359,Normal
53.49473879339433,1160,6,59168,80,69360.29288790147,21.684375438865395,DoS
13.573438364139314,564,6,42667,443,32277.9955517551,41.55174133991531,DoS
2.000192080595325,10,17,55281,16931,1627.3574751372835,4.999519844625953,Normal
0.23841127916792726,4357,1,13930,22,498563.7498477968,18275.142078874153,DDoS
0.984011052428568,4460,1,54279,22,315231.7889951627,4532.469415859293,DDoS
4.315214273789577,71,1,792,1455,9231.60172873841,16.453412390492613,Spoofing
2.1929494021371174,77,6,66,57802,3308.2227855101764,35.112529238002665,Spoofing
1.1379962776229164,21,1,54488,29020,10488.248045844713,18.453487426044557,Normal
0.5663340537098918,3996,1,64005,22,311827.45272891544,7055.906269141598,DDoS
3.560539242805732,92,1,21,43422,8474.411972480626,25.838782759069748,Spoofing
44.69066993384547,1409,6,58643,443,56700.56549548848,31.527833484834957,DoS
4.8470637019051965,134,6,48141,23,37258.92359709858,27.64560324373903,Brute Force
2.7067427595268314,126,1,464,33432,9432.954111478159,46.5504154602509,Spoofing
7.179673350085674,17,17,15682,63208,13394.381834346545,2.367795743771148,Normal
29.002251732618834,61,1,23264,48338,25592.077276042597,2.103284964297903,Normal
0.2615870240447077,89,1,165,642,14502.981410257264,340.2309435073089,Spoofing
7.801430792809219,66,6,1906,21309,54626.6547335217,8.459986604102662,Normal
46.548710534211516,1124,6,55442,443,55726.37246486112,24.14674836532589,DoS
1.8654322263922576,118,6,30746,769,4720.0,63.256117445881046,Reconnaissance
46.96493937415682,1788,6,60581,80,111443.2297131342,38.07095300933944,DoS
1.1794756452478135,1643,17,16354,443,174697.64824955628,1392.9918829776243,DDoS
1.5376411094503457,80,6,772,21088,15928.961133383482,52.02774529655836,Spoofing
53.51916984590682,1539,6,55351,80,98330.39554513224,28.756051419166464,DoS
5.82224841073314,899,6,18934,8080,44778.99660909325,154.40770241659914,DoS
1.7937313725800617,163,6,59813,631,6520.0,90.87202381120456,Reconnaissance
0.7871832743567713,2000,1,34918,22,244582.13261425507,2540.7043888658,DDoS
0.6555522253712152,92,17,6424,465,3680.0,140.33969596839333,Reconnaissance
2.036504863138014,72,17,5585,905,2880.0,35.35469092327945,Reconnaissance
6.997194383384386,81,1,25780,38452,5605.734443501697,11.576068287075671,Normal
22.749824038811685,62,6,41259,61855,51478.43290235165,2.7252958042324495,Normal
3.5397299562139892,86,1,45418,54296,78248.36569821945,24.295638668432083,Normal
25.133195856964974,18,6,57504,39079,7116.156029095204,0.7161842887963568,Normal
2.599080048536142,36,17,36374,44080,11124.279025594135,13.851054730028794,Normal
4.157491759391093,92,6,790,45435,4175.332889028034,22.1287269643258,Spoofing
20.39576041582361,83,6,55101,24785,21446.474184446888,4.069473180102971,Normal
1.2919515045479162,2550,1,19237,22,308620.20763498516,1973.7582958985013,DDoS
12.887851471839149,572,6,63633,23,162700.6772081422,44.38288268993942,Brute Force
7.408735555695981,55,6,22762,48684,38153.02673477695,7.423668936019038,Normal
13.47157455003976,570,6,56444,22,81081.62503188134,42.31131245146973,Brute Force
1.3032670255564158,3049,17,16491,80,283287.0788139893,2339.50521283101,DDoS
10.737887265636422,69,17,61983,22682,54912.463473177864,6.425845074832833,Normal
3.525234328806266,139,6,747,56646,26050.22278823313,39.43000295446145,Spoofing
3.0967250728490656,92,6,794,56625,8986.015789077042,29.708804571197426,Spoofing
14.958305263863759,567,6,64728,23,110520.84094721876,37.90536360892148,Brute Force
15.613642981743808,113,6,26603,9999,20917.986665516342,7.237260396700809,Botnet
11.138868779317182,450,6,51696,22,74547.43302775866,40.39907542815898,Brute Force
0.8364935916141161,2268,1,26745,443,216472.30315069473,2711.31784240405,DDoS
3.12559375048905,6,1,47233,7769,5018.049112061038,1.919635268998475,Normal
11.767439111167057,45,6,26449,6667,8467.334566799964,3.8241115653868927,Botnet
2.405144931330755,362,6,19933,3389,55901.06456359715,150.51068036873235,Brute Force
1.1268246469145282,178,17,4994,559,7120.0,157.96601581923122,Reconnaissance
0.37207285205189083,4728,17,47636,443,396256.93040153297,12707.188858112693,DDoS
0.75073929099078,2908,1,57331,80,279659.2993836068,3873.5151268853915,DDoS
13.984689751069405,176,6,11659,9999,24761.091419560842,12.585191601160929,Botnet
0.5803613183090649,2046,17,65061,443,240995.83001811177,3525.3900207567344,DDoS
2.5240386057527484,123,17,52346,974,4920.0,48.73142578709389,Reconnaissance
10.23952788922674,475,6,2959,23,79199.98560930538,46.38885748822065,Brute Force
0.08192511156739236,2547,17,16969,443,248423.07824208046,31089.36870845533,DDoS
2.7227130323091275,197,6,18753,9999,42749.379141222766,72.35430163307541,Botnet
14.66990283168752,41,6,45247,9999,8240.891769173488,2.7948378711438036,Botnet
28.144818570683423,46,17,13807,61689,34835.21137103096,1.634403856058789,Normal
0.1534415996052202,122,17,6550,367,4880.0,795.0907727362448,Reconnaissance
29.91489554564801,1219,6,41752,443,69412.88168777115,40.74893051656799,DoS
14.889770598931866,295,6,40401,22,26398.993455401982,19.812259567058888,Brute Force
1.2816861931244694,1796,17,61755,80,151806.4586197898,1401.2790413398668,DDoS
9.723860890537587,592,6,23357,3389,113768.06685429867,60.8811671273581,Brute Force
1.0679437280360913,1800,1,63838,443,177861.4746958389,1685.482064968098,DDoS
9.646192352576723,94,17,46630,30763,40743.824264609764,9.744777686803063,Normal
2.049712417370349,47,17,63161,953,1880.0,22.930045991670394,Reconnaissance
10.374319263982231,76,17,46637,8521,66424.5275399494,7.325781872152163,Normal
1.1302956041100944,2636,1,59939,80,217753.65315122023,2332.1332847926788,DDoS
0.12014127179056436,223,17,46847,709,8920.0,1856.1481552213263,Reconnaissance
2.5503286919023602,258,6,47150,43,10320.0,101.16343074490163,Reconnaissance
31.678043202578085,1964,6,26489,80,100727.5176378809,61.99877901044601,DoS
3.429028091750888,132,1,700,15156,11080.569833382473,38.49487273596519,Spoofing
1.0750679312756035,1008,17,56559,80,92711.76114751567,937.6151689353944,DDoS
0.8555539578975584,2304,17,28518,80,204625.67371865764,2692.992041860058,DDoS
1.2716157656911327,3875,1,29197,22,280983.64959451056,3047.3041500031327,DDoS
0.34405860015876716,57,1,976,50011,10854.405697305636,165.66945274350687,Spoofing
43.818122732868936,39,6,27229,8080,7572.781466953984,0.8900426939273061,Botnet
33.44822078642726,47,6,35743,9999,5138.86955299605,1.4051569528945418,Botnet
9.112238893558438,120,6,12808,8080,36764.05509840335,13.169101622744943,Botnet
5.888222752941281,89,6,52162,8923,69470.97825955648,15.114917307695736,Normal
16.766358054057598,1712,6,20779,443,88274.38353190439,102.10923531993174,DoS
11.142058479128673,50,6,35140,29894,11416.669133022977,4.487501128598463,Normal
18.883715675612198,1839,6,53872,8080,77469.04491994373,97.38549507896998,DoS
1.1668231392925619,2930,1,58146,80,306680.9303221343,2511.091785320989,DDoS
11.108296007040405,205,6,39905,23,45948.26365732416,18.454675664932914,Brute Force
1.387873739037899,3600,17,7665,443,345823.32714828325,2593.8958989854436,DDoS
23.910940317468544,68,6,25100,58053,5245.354075029463,2.843886484477628,Normal
22.728365082665587,84,17,4226,63358,11442.69865613571,3.69582236533436,Normal
27.80870952498097,65,6,65008,6667,14542.021794094295,2.337397207936224,Botnet
4.783571065446651,88,1,486,18729,9356.453277813749,18.39629824581341,Spoofing
3.6384579597152817,24,6,28178,23777,6857.796683742656,6.596200991113845,Normal
17.74634926294393,6,17,60422,59837,2278.4975592395062,0.3380977073706406,Normal
40.332567775924005,46,6,22985,8080,11782.865132447832,1.1405175156603615,Botnet
19.896079784555788,78,17,8353,49846,15728.69113693272,3.9203702862383487,Normal
11.7449416691303,272,6,18908,22,73572.00255877497,23.158905992262905,Brute Force
7.682165261304004,88,6,19597,6667,33319.37740710845,11.455103737909239,Botnet
5.427732549475502,28,6,19802,51158,2764.296778860568,5.15869191135914,Normal
5.099608609240449,83,17,37555,61286,60885.71720780786,16.275758859141597,Normal
2.514829728741092,85,17,3661,390,3400.0,33.799505003684864,Reconnaissance
0.6216697941402003,4361,1,18762,22,543966.9039943637,7014.978113954332,DDoS
1.4107816210326936,1190,1,46484,443,95655.81408070569,843.5040421981956,DDoS
10.249070447939946,451,6,54281,3389,112182.98322469194,44.003990634160445,Brute Force
2.828824574823591,122,17,3199,78,4880.0,43.127453390285986,Reconnaissance
0.10964168443600242,43,6,18603,499,1720.0,392.1866051328224,Reconnaissance
39.08338714860283,149,6,51576,6667,17148.055613022516,3.812361488360062,Botnet
1.1118914070581645,1046,1,6930,22,78892.43787309124,940.7393504078788,DDoS
22.828066425764543,49,6,28319,53188,31774.676709056606,2.146480524723588,Normal
26.469880924409853,104,6,45847,9999,9445.811449690204,3.9289938740938513,Botnet
41.69846557482818,585,6,16438,80,33851.58258505937,14.029293211046665,DoS
1.2532230168480476,3351,1,8612,80,254927.41426592882,2673.9055658489447,DDoS
1.7286787674872155,254,6,35076,690,10160.0,146.93302467595586,Reconnaissance
9.404254047301706,22,6,18869,25256,18662.51253658045,2.33936683221699,Normal
5.570004729094739,1122,6,41887,443,52914.79046918324,201.4360946839541,DoS
19.899018051194375,33,1,52520,40638,2305.0776231560144,1.6583732883251132,Normal
30.377065495406683,1790,6,25813,443,100424.394388831,58.92603419084921,DoS
1.0698929042630432,66,6,23172,62025,42970.56040447,61.68841735188598,Normal
26.505561286974995,43,1,53256,54201,4573.824102545962,1.622301053520058,Normal
4.84724986356988,50,17,18104,57571,12749.04479886539,10.31512742427027,Normal
4.280412051137099,73,1,1001,15497,4459.851695945045,17.054432874191964,Spoofing
30.56680453298272,79,6,50449,8080,10049.441364442864,2.584503064910042,Botnet
35.16659721620185,1766,6,22719,443,72807.16334951425,50.21810865415132,DoS
2.8650624024701643,145,17,55486,942,5800.0,50.609717915737434,Reconnaissance
0.1112100442920111,2439,1,47838,80,228660.49271337243,21931.472247198883,DDoS
1.4278546610654057,4175,17,29329,22,428081.60901002784,2923.967063205711,DDoS
7.369444443502154,152,6,33626,22,37980.77396512978,20.625706749716077,Brute Force
25.88775162087857,35,6,50875,18330,33923.77336948056,1.3519907218119462,Normal
0.9941632974136608,256,17,27217,644,10240.0,257.50296824072063,Reconnaissance
22.874444545619234,26,1,65354,41661,11658.762608638384,1.1366396219216328,Normal
2.278709238191934,283,17,1618,58,11320.0,124.1931156712865,Reconnaissance
8.828627346592302,92,6,24603,38069,81699.08808209014,10.420645972276812,Normal
3.245514250086033,588,6,29434,3389,75854.78092260634,181.17313765743384,Brute Force
23.571089284051673,1351,6,21575,8080,64919.149864329105,57.31597652188666,DoS
1.045308852183861,230,17,10078,374,9200.0,220.0306632049309,Reconnaissance
1.871633170893478,47,6,5713,9122,27733.47322240531,25.111758399517573,Normal
30.210737152626336,1989,6,5407,80,95928.29687263489,65.83751961931483,DoS
1.2841882848894213,27,17,3049,464,1080.0,21.02495429813465,Reconnaissance
44.36220640674173,1342,6,20165,80,54404.43295290149,30.250975068635363,DoS
4.296570918762606,47,6,557,5050,4892.9470202534085,10.938955946184125,Spoofing
4.932283526882606,127,6,184,45247,19858.58313750803,25.748722535476162,Spoofing
19.82589312888527,1122,6,30822,8080,59054.86677506008,56.59265853528212,DoS
3.42396443993622,123,1,313,6474,12423.309351672451,35.92327027855791,Spoofing
32.5516280462442,963,6,39809,80,59082.60137977056,29.583773771066753,DoS
1.8456282072542625,232,6,6409,667,9280.0,125.70245680474615,Reconnaissance
11.469873402326284,19,1,22327,24143,11195.959050823942,1.656513488295911,Normal
0.8584546978113334,1958,17,42996,22,218686.0749798315,2280.8425476521984,DDoS
0.4248159828051393,271,6,5281,487,10840.0,637.9232678830405,Reconnaissance
3.9237182863277735,280,6,14036,22,78096.78265213995,71.36088260354015,Brute Force
49.28864478298911,1856,6,15825,80,111362.58269547549,37.65573202857786,DoS
4.652767545236665,58,1,934,58195,11548.319703596844,12.46569905676425,Spoofing
0.06707812559109541,1532,1,44046,443,103986.06567092189,22839.04009690116,DDoS
26.661209686633892,53,6,61211,60351,37444.69909865671,1.9879067987890504,Normal
11.149020417866543,670,6,18482,8080,33995.94416823635,60.094965735851616,DoS
0.9966377883621234,3321,1,41114,22,415706.6649935683,3332.20357363505,DDoS
33.287651281500125,1347,6,16014,443,61622.19116462316,40.46545635223612,DoS
7.026034668377826,12,1,59247,4976,10363.669886179296,1.7079335025214963,Normal
2.0502781115236415,22,6,58096,276,880.0,10.730251606525197,Reconnaissance
2.1279963552795964,117,6,20708,664,4680.0,54.981297176435916,Reconnaissance
3.6872820121311896,73,6,876,6473,12476.71617600701,19.79778052230054,Spoofing
5.3108657662651595,1537,6,49426,8080,83147.06687184084,289.4066744753912,DoS
0.6798840326765498,3975,17,39434,443,354907.4171787562,5846.585313014813,DDoS
6.228499035098109,162,6,55836,22,14036.043426617403,26.009476615010545,Brute Force
4.830879719338877,17,1,1000,30695,1915.0304774979738,3.5190277936223406,Spoofing
29.973177650020666,78,1,14728,63092,7839.959899182145,2.6023266839025396,Normal
0.8994163571056745,297,17,33804,988,11880.0,330.2141412635047,Reconnaissance
9.77029115519356,356,6,4236,3389,77723.32608685452,36.4369898854818,Brute Force
1.430195075214308,290,6,4960,399,11600.0,202.76954173999297,Reconnaissance
38.82087104879303,183,6,36563,9999,38479.006858667984,4.713959142493007,Botnet
0.4151861164430999,146,6,491,1500,8681.00014330701,351.6495234734298,Spoofing
1.462560074812552,1780,17,61747,443,137063.29652468118,1217.0440248262162,DDoS
2.968093284879983,277,17,5989,388,11080.0,93.32590771694721,Reconnaissance
7.306173935963065,274,6,27607,23,63503.632565519925,37.502529011976314,Brute Force
17.18414760425465,28,1,7633,2347,4656.620735305536,1.6294087227851461,Normal
1.9541139712022308,39,6,62272,21243,11453.292994249232,19.957894255270077,Normal
1.365833044276188,4201,1,5413,22,423977.59387245454,3075.7785643019683,DDoS
12.968837419836794,448,6,4075,3389,86119.25469068921,34.54434545649797,Brute Force
2.0196381554744463,75,17,63326,459,3000.0,37.13536496461232,Reconnaissance
21.028706551517782,35,6,40417,38934,9405.617088221648,1.664391479060029,Normal
51.810053522767944,595,6,38102,443,26610.163107690896,11.48425758214141,DoS
0.9674440745487658,3086,1,34730,22,202270.3203228941,3189.8484689560673,DDoS
1.850714989243685,52,17,37200,496,2080.0,28.09724906440098,Reconnaissance
10.502943719315857,173,6,58740,3389,24411.699723104324,16.47157260129248,Brute Force
5.617421323989055,458,6,26301,23,109853.02421422527,81.53207202816043,Brute Force
33.03583475234414,1441,6,62282,80,65466.50743225429,43.61930039917488,DoS
0.03581569791598861,2813,1,54229,80,217537.51165241477,78540.97961732693,DDoS
0.19681803072795595,2138,17,22896,443,229088.43773199114,10862.825890963044,DDoS
12.341214931224481,11,6,19960,15116,8283.237921340653,0.8913222937369742,Normal
10.231587118675199,376,6,22033,23,111100.16712469277,36.74894184438954,Brute Force
12.161354050319202,406,6,24142,23,100267.80165026335,33.384440443072506,Brute Force
0.9263876221400953,266,17,62163,566,10640.0,287.1368244164358,Reconnaissance
2.1821479968771054,48,17,27910,150,1920.0,21.996674867466965,Reconnaissance
59.758479133293434,1312,6,31049,8080,65848.58426864806,21.955043351647838,DoS
38.00507965445427,132,6,14682,8080,44876.47227154806,3.473219927445392,Botnet
0.5050795996421927,112,17,24017,99,4480.0,221.7472257429181,Reconnaissance
4.17021266945449,462,6,65508,3389,105085.60112915642,110.78571684940823,Brute Force
14.173588670577253,38,17,50302,23463,30816.89012812558,2.6810429513087004,Normal
38.66272917964843,771,6,43765,80,41080.11409652551,19.94168586541078,DoS
2.717177677473503,94,1,22403,43513,58251.18623395793,34.59471965315255,Normal
2.478131961872119,42,6,21195,960,1680.0,16.948249990799866,Reconnaissance
1.5348945500552762,102,1,575,14879,14220.269149712292,66.45407659850423,Spoofing
19.233224701177484,51,17,43969,31098,28982.468815046024,2.6516614240397094,Normal
1.4292160737675663,149,6,968,50468,8411.534334969512,104.25295568305503,Spoofing
4.292452872564738,34,1,65,4711,3398.6449839979496,7.920879042682424,Spoofing
1.0435888843070955,3563,1,5494,80,408473.20756660466,3414.1797153825573,DDoS
2.791336191548738,25,17,45724,32107,18487.415769205603,8.956284117868677,Normal
3.2639806892536227,13,6,202,39070,543.7799674781845,3.982866701019828,Spoofing
27.230718378488472,1619,6,41177,80,78145.96408341549,59.45491328935949,DoS
44.53470703051683,169,6,42959,6667,11125.535572827446,3.7947931235787618,Botnet
24.317079686716333,573,6,25681,8080,26668.71662629756,23.563684759112427,DoS
10.164848362839333,442,6,52320,23,128376.27641328807,43.48318678474971,Brute Force
42.86682852213576,500,6,33854,8080,31679.361819600897,11.664030609164561,DoS
51.522679841265926,660,6,28151,80,29977.058302182297,12.80989269256503,DoS
6.510089482040611,521,6,55912,3389,79100.30429181029,80.02962193335178,Brute Force
1.1288833063399162,3931,17,19279,443,316933.1795084304,3482.2022594568716,DDoS
13.826111253843228,32,17,27540,39099,23923.3338522937,2.3144613414784287,Normal
7.297448168522948,65,1,46629,24128,43467.490649781284,8.907223251050022,Normal
43.797810049594815,96,6,51968,9999,5802.909635175647,2.191890413956625,Botnet
4.280443868848136,106,1,658,59005,13508.727142401902,24.76378694542361,Spoofing
32.14169514685918,19,6,62184,6667,2852.490456451327,0.5911324811335174,Botnet
17.33152152635649,14,6,39847,63200,3677.6559970006415,0.8077767424348659,Normal
21.00147543014985,54,17,1039,56458,52448.1455991253,2.571247919204632,Normal
23.444851622380867,74,6,35023,48218,51374.79259782368,3.156343285591891,Normal
0.5306769847676063,4726,17,37455,443,556536.3306185484,8905.605736924143,DDoS
22.78850454272184,1223,6,30497,8080,67312.69978481246,53.66740927239125,DoS
1.212005004386644,4558,1,2397,80,385454.323833971,3760.7105445135144,DDoS
0.5470135914634044,2674,17,54321,80,180469.6993693026,4888.361170051279,DDoS
1.2418593034453,296,6,28726,208,11840.0,238.35228288647906,Reconnaissance
0.8744627909968354,1244,17,5715,80,143252.27311006995,1422.5876879014077,DDoS
52.36216336746297,904,6,35865,80,42535.086589174054,17.264374538079753,DoS
19.67992153139301,79,6,22674,8080,8254.994306839151,4.0142436479729255,Botnet
0.9927001753546711,2776,17,36343,80,192848.3738194719,2796.413326922394,DDoS
1.1608037796039752,105,1,171,44541,5465.400060412401,90.45456419501171,Spoofing
7.138004488156529,214,6,64355,3389,45539.5842137419,29.980367812190593,Brute Force
2.605389187433821,36,17,19312,1012,1440.0,13.817513396322264,Reconnaissance
21.77012065943117,77,6,34510,8584,56212.8854538963,3.5369578885012904,Normal
0.685225056209758,230,6,47299,608,9200.0,335.6561437963434,Reconnaissance
23.996816413497786,1800,6,52140,80,112689.00216636132,75.009950027685,DoS
1.3870829757428833,3798,17,3463,80,378845.55876147165,2738.120261310176,DDoS
25.900405033241352,1023,6,59938,443,44064.00976037541,39.49745182312984,DoS
2.6687422336693136,77,17,62106,110,3080.0,28.852542980192947,Reconnaissance
45.37352192627093,1263,6,13345,80,75859.28944995147,27.83561747867609,DoS
1.102054166849548,3575,17,48201,22,337783.41486463597,3243.9421831867703,DDoS
2.0929481094730824,56,6,563,35185,2763.5416780569935,26.756516201492676,Spoofing
17.0279672301107,61,1,25527,45766,42549.89597701107,3.5823418717962516,Normal
27.95988825565424,70,1,16385,4645,53201.02004416832,2.5035865436924314,Normal
5.680658262769408,56,6,9936,51858,15700.05520600712,9.858012471374952,Normal
16.50968679407103,19,6,1070,51738,7994.095726401736,1.1508395184591445,Normal
15.463565197397488,71,1,62720,28464,35453.93701045809,4.591437944203791,Normal
16.359368348429186,34,6,19702,45862,18700.58768192168,2.0783198517114294,Normal
4.16017005487904,36,1,953,17505,2426.6335948857973,8.653492411392959,Spoofing
28.982770154411217,47,1,2928,10828,42462.13821648397,1.6216531321746874,Normal
1.18832277865372,1601,1,26311,443,135851.28892228537,1347.2770435435161,DDoS
9.039200600587273,236,6,32393,23,58581.27986750239,26.108503442734435,Brute Force
18.416291009561892,1742,6,36923,8080,95311.32713157656,94.59016471316288,DoS
0.37423123058383445,56,1,502,60549,6060.453457134049,149.64010329291585,Spoofing
28.214686187588825,27,17,1678,60023,15985.595604520264,0.9569484423993648,Normal
6.083844516563256,81,17,49377,62992,27492.57804879205,13.313949720358178,Normal
13.590279183629349,11,17,27210,6635,1099.4651958412155,0.8094020624131429,Normal
5.468034495795885,34,17,59697,23457,5216.597150186989,6.217956383805005,Normal
0.8193843708368185,3045,1,5097,80,384755.02113839623,3716.204638965973,DDoS
24.45364508685458,71,6,61209,12576,53723.19049609012,2.903452624253842,Normal
19.125995607627114,15,17,58172,24481,1210.0118201200612,0.7842728978782292,Normal
13.60225396549353,91,6,52451,18556,16762.773267990637,6.690067707223422,Normal
56.0201064554581,1078,6,51125,8080,43960.35676371266,19.243090886610933,DoS
5.391283962893623,81,17,5386,13478,42640.07076237006,15.024250356222284,Normal
1.2949467729411683,3081,17,1629,443,255730.39596079645,2379.248370959858,DDoS
24.70329075203412,1104,6,20347,8080,48660.06562474986,44.690402225423924,DoS
4.988486658039821,114,6,963,17334,11399.856723825795,22.85262201037844,Spoofing
11.922926783836541,69,17,65187,2874,7159.42263285025,5.787169648105252,Normal
6.512384754101827,66,6,31655,9999,12411.798274329072,10.134536347599838,Botnet
4.975758487148312,137,1,141,65392,7941.018862569698,27.533490693700635,Spoofing
28.357800954574603,91,1,40325,38117,26705.407080082405,3.208993537466809,Normal
8.527078495827508,509,6,10843,23,134044.89779542084,59.69219120582333,Brute Force
2.1912665987982654,142,6,5653,585,5680.0,64.80270364084208,Reconnaissance
27.915781478384254,9,17,42820,63978,5187.0076756176995,0.3223982823826329,Normal
1.4498145529415785,4774,1,49134,443,581848.80770272,3292.834928656129,DDoS
3.656689814044152,341,6,61107,23,79511.21912618125,93.25373967743457,Brute Force
39.445802715270055,82,6,31033,8080,21736.904396517984,2.078801655828811,Botnet
6.620046443656412,21,1,31017,61217,1785.468537454583,3.1721831831139222,Normal
22.52972811627316,76,1,50270,2039,15622.086237386915,3.3733207790068898,Normal
0.9059494620839091,2482,1,20474,80,229899.36652568722,2739.667171158513,DDoS
49.117940795636656,578,6,22578,443,27612.44207770636,11.767594297262276,DoS
4.206849375466269,65,6,516,37598,7428.4122116251865,15.450992940006483,Spoofing
1.0214811136930035,4389,17,11510,443,439992.88786239276,4296.70205465891,DDoS
36.427626617432885,1751,6,11049,80,97421.95286944212,48.067913355684766,DoS
43.31944955699664,93,6,22588,6667,11379.62325345805,2.1468416831482875,Botnet
12.086130414391944,73,6,39267,40285,34250.07381230092,6.039981159980942,Normal
0.04030783829072546,4475,17,2687,443,287146.7775156503,111020.59028131173,DDoS
27.30490503957412,50,6,36897,9999,19488.73475062104,1.8311728214228524,Botnet
14.166489263599948,404,6,17471,3389,71957.39323354358,28.518004177510434,Brute Force
53.21737352895794,850,6,22102,80,45193.879953894204,15.972227557180686,DoS
45.17566856294039,1538,6,21601,8080,74606.93574162888,34.04487523758951,DoS
6.84227059585754,73,6,42965,27335,22316.74810912149,10.668972964061929,Normal
0.582100588212894,3945,1,19079,443,303553.6595639784,6777.179202157376,DDoS
28.958357361453125,1221,6,27128,8080,65725.82668274059,42.16399379148799,DoS
6.05764563831452,36,1,14434,16027,11533.094487863946,5.942902927880186,Normal
0.4896181003756062,2431,1,13963,443,228028.87688385678,4965.094219627665,DDoS
0.7603368483475459,2140,1,64321,22,221424.92082186678,2814.542008125611,DDoS
3.264883548761634,52,1,41713,5186,35105.303243216404,15.927061171821435,Normal
1.3923210968766757,4943,1,20077,22,533773.3306709819,3550.186814728574,DDoS
6.362731584169625,49,17,5646,32302,33520.9661270777,7.701094938832752,Normal
0.09886298109686953,4389,17,64091,80,386190.5040195312,44394.77700656729,DDoS
14.335925701307243,5,1,3086,55347,4094.1864989409905,0.34877412900822075,Normal
13.5556066277699,584,6,27602,22,118169.72477027714,43.0818048971429,Brute Force
17.47232543429216,683,6,19530,8080,37356.25162934013,39.090389116694574,DoS
2.735405333431608,139,1,514,48449,25700.011552083688,50.81513818122975,Spoofing
41.08222720851181,81,6,53805,8080,11564.723489702428,1.9716555187937241,Botnet
15.2684441682445,1499,6,11512,8080,91801.48923084511,98.17634223123001,DoS
9.298586113106296,16,6,27042,63419,7612.410292372332,1.7206917057474045,Normal
32.34850141042598,1291,6,62503,443,56088.60412749128,39.909113056591494,DoS
41.35648820289019,1719,6,37587,80,73068.05243873192,41.565424790586256,DoS
21.524666203105372,48,6,58187,9999,11362.197378656203,2.229999738303724,Botnet
0.22480325765974907,4236,17,40021,80,511112.13026206533,18843.143307164155,DDoS
25.560771152684,86,1,45205,38652,66434.88148366149,3.364530728994442,Normal
0.8611078536577195,2733,17,5098,80,276587.116931644,3173.8184576891995,DDoS
0.8441632324201477,3902,1,56591,80,306688.17602126737,4622.3287749850015,DDoS
4.538758620918862,67,1,438,20743,9952.733870333659,14.76174557756852,Spoofing
20.22959293575157,1753,6,23793,80,90385.33867033484,86.65522858356381,DoS
1.466808032690239,4102,1,48108,443,464214.55256993213,2796.548633890841,DDoS
0.8264178873312636,209,6,50465,483,8360.0,252.89868867059488,Reconnaissance
1.1568629381583666,59,1,545,52197,9502.343224182277,50.99999148898597,Spoofing
7.8987219087764435,88,1,43657,64020,36381.2924232051,11.141042945469604,Normal
9.103933729777642,71,1,56324,28219,36269.72123473438,7.798826541077439,Normal
26.80040609708159,35,6,5925,58779,2344.216569552845,1.3059503603496254,Normal
8.732278176808128,36,6,10704,2374,6979.742455247841,4.1226354991314444,Normal
15.96643650955516,73,17,34504,24188,31102.705371740605,4.572090958199278,Normal
28.555471280083882,64,1,31851,27855,49524.68700544456,2.2412517507507235,Normal
1.0282075843613105,3562,1,61114,80,387981.22449162113,3464.281001401677,DDoS
11.621300443315729,6,1,26545,12260,4874.908518848017,0.5162933381909978,Normal
14.078049810645574,258,6,48545,22,52309.17056382111,18.32640198537335,Brute Force
1.561699951625702,91,17,34670,3060,27999.251301339864,58.26983596001947,Normal
16.598281233404368,1720,6,1613,443,109984.8999063349,103.62518719941112,DoS
1.1827806874784519,1637,1,28046,22,161891.2557375338,1384.026656277158,DDoS
2.3077883820629785,155,6,1945,842,6200.0,67.16387048514491,Reconnaissance
12.20415231108825,91,1,44408,30625,9978.524957491956,7.456478555853543,Normal
0.05053173798605878,4825,1,3335,443,459167.29224827985,95484.54480887181,DDoS
1.1956822891310654,138,6,4521,649,5520.0,115.4152748221171,Reconnaissance
14.515441851288015,529,6,52796,22,96259.53836062513,36.443947447115406,Brute Force
9.479145805502355,438,6,38245,22,85530.1541707954,46.206695095433005,Brute Force
0.6793633248561145,3712,17,14355,80,242152.8562449003,5463.939344659475,DDoS
10.245180207067262,37,1,52849,3458,35726.458669144624,3.611454288961838,Normal
2.284182942015323,105,1,472,52148,14161.631785180376,45.96829705214375,Spoofing
0.6021768965160463,220,17,38571,580,8800.0,365.3411502049176,Reconnaissance
35.343761392737925,1791,6,37312,443,86418.45384985069,50.6737237188342,DoS
35.95235389408424,1910,6,58761,8080,114421.83396667469,53.12586779788791,DoS
0.28849520689234515,2173,17,26922,22,228913.9431825393,7532.187530626381,DDoS
17.318674882766103,37,6,54451,9999,10907.152216227532,2.136422113727585,Botnet
19.878350422313197,85,17,9169,17299,31913.089195813107,4.276008732826672,Normal
0.8457815966059494,3472,17,49578,22,277217.45597733074,4105.078679806755,DDoS
1.1567281042586097,2801,17,5303,80,348648.58639539743,2421.4852130659224,DDoS
49.848622170636254,1066,6,32968,443,55961.685559701466,21.384743521114533,DoS
24.95660963490723,56,17,9451,12213,32827.82901500432,2.243894536126087,Normal
26.849594362249835,43,6,40811,10549,5192.064899503826,1.601513952868406,Normal
2.4314043934735454,89,6,503,32229,13802.383524708275,36.60435929082661,Spoofing
0.08277401874790845,2881,17,48243,80,366353.2456319982,34805.6074065245,DDoS
27.596374761450033,1163,6,28665,8080,69114.7199426263,42.14321663817306,DoS
1.6084001324159998,24,17,1183,56333,2241.963402725482,14.92166004982185,Normal
49.05422276666047,1942,6,64817,443,116230.6532921301,39.58884455753468,DoS
33.81136933052647,1494,6,9311,8080,89342.59517931125,44.186320447280664,DoS
13.910213414468679,53,1,29058,14233,41578.41081705143,3.8101500257984657,Normal
0.1402747192655273,4362,1,5414,80,444858.92373764317,31096.12354128566,DDoS
8.232865988140134,47,1,64570,51748,29540.907407230876,5.7088260719542765,Normal
2.9427261040791,14,6,21832,4967,7906.226901402968,4.757493393827482,Normal
1.5018882422728572,191,6,20584,543,7640.0,127.17324406971412,Reconnaissance
1.2076034353719147,1434,1,35325,443,128500.12545926284,1187.4759196576483,DDoS
8.619554730912082,529,6,33823,23,85563.67836911537,61.372079708811555,Brute Force
0.18034144003749658,4437,1,49249,22,515787.69314507477,24603.330211167544,DDoS
4.619395333282571,135,1,472,37098,26424.990628742533,29.22460414403808,Spoofing
13.273048147578374,125,6,20931,6667,9197.118043788392,9.417580544436273,Botnet
10.791107204076976,1048,6,23124,443,49936.00920274072,97.11700386073973,DoS
7.737195812371654,507,6,26304,8080,31646.802223273302,65.52761650277934,DoS
0.10371840383422018,2715,17,49994,80,310270.51351308246,26176.646570261146,DDoS
1.3167133581512385,4541,1,18523,80,442822.14161428023,3448.738460720027,DDoS
1.939884817894362,106,17,49800,77,4240.0,54.64241949945109,Reconnaissance
9.37471429925051,241,6,37118,23,28499.76312193277,25.70745009469435,Brute Force
2.740989706463794,72,17,55805,262,2880.0,26.26788412601835,Reconnaissance
21.7835739406535,62,17,30180,55041,58512.79351802919,2.8461812634102603,Normal
24.43882108527854,155,6,12321,6667,28005.44152858304,6.342368130571114,Botnet
2.948518846541818,143,17,16010,458,5720.0,48.4989268994221,Reconnaissance
14.799870043290916,12,6,51353,5556,3851.1860934394635,0.8108179304885076,Normal
28.944495895221916,79,6,3478,39235,47720.27752660903,2.729361751055444,Normal
21.081653244554424,16,6,42711,6667,4513.723299592235,0.7589537601436899,Botnet
47.85617252208093,1096,6,26892,8080,63616.23393571306,22.901956889559095,DoS
9.650028156871583,237,6,38308,23,56664.59419082792,24.559513832219988,Brute Force
15.73711764742495,19,6,11240,59211,7877.174442638218,1.2073367198286753,Normal
25.862544237798875,102,6,44505,9999,12736.675766702087,3.943927521675303,Botnet
24.311803220973488,67,1,59125,48265,61481.90935226982,2.755863042779153,Normal
16.539191879525067,79,17,5894,19753,8184.756217006524,4.7765332535865435,Normal
23.895320766654656,9,17,20960,28389,8416.176044936965,0.3766427782195451,Normal
14.498467655836116,108,6,16056,3389,11083.691576188481,7.449063070918837,Brute Force
3.009007864549719,30,1,126,44169,2153.051536978046,9.97006367229596,Spoofing
12.745056997358734,1328,6,1103,80,53917.60003704356,104.19725861368943,DoS
1.32744976213027,2717,1,28493,443,323331.27547969046,2046.7817897980576,DDoS
14.219764192470086,418,6,30424,22,115820.95686842731,29.39570546615303,Brute Force
0.9422060260217577,2867,17,46899,22,362258.07507763995,3042.858908582054,DDoS
11.227841132564514,220,6,4741,23,47525.17894564465,19.59414970362611,Brute Force
1.4563849643388338,4026,1,21263,80,329456.49081723916,2764.3789922177025,DDoS
0.7664488987062759,2369,17,23905,22,178124.0737753251,3090.8779489392487,DDoS
17.67061523013132,1891,6,31292,8080,93766.38329590613,107.01381787633133,DoS
1.0746671351605077,1040,17,42640,22,92556.63057255473,967.7415136033447,DDoS
8.497737949185545,63,6,22342,6667,19596.348863170348,7.413737676629362,Botnet
38.38657599115007,1010,6,37705,80,47224.67343837262,26.311281324827018,DoS
26.746554743669726,56,17,25011,30043,20044.70839090463,2.0937276047956743,Normal
6.523548915393957,159,6,28259,3389,22931.710388136107,24.373236418109695,Brute Force
1.4147801771045374,4654,17,64912,22,450211.83549563406,3289.5569752219662,DDoS
19.612315602656047,1105,6,54749,80,53157.282794809886,56.34214859617865,DoS
2.8333354301180553,92,6,30739,197,3680.0,32.47056420572367,Reconnaissance
2.3152582597128823,103,1,512,15750,17494.4872232149,44.48747761417041,Spoofing
15.344537767211436,87,1,14492,12111,66588.65843395486,5.669770006751433,Normal
2.668591288093558,199,6,59872,76,7960.0,74.57117951627791,Reconnaissance
3.868213870034975,140,6,1,12579,6594.61522957508,36.192414562314305,Spoofing
0.3841077458037246,1923,1,38717,22,240964.2134631523,5006.407761906043,DDoS
18.318530898967758,40,1,43027,32838,28034.433469193278,2.183581217326439,Normal
30.138914687714713,23,6,40858,8080,6143.018542264326,0.763132987312755,Botnet
1.9809872718279604,64,1,899,52310,4027.494771462253,32.30712327643774,Spoofing
29.497298571780917,1927,6,57074,8080,97945.61379250465,65.32801623547645,DoS
7.137332559973041,490,6,16987,22,91749.24533641564,68.6530991631208,Brute Force
18.150224701486863,42,6,56815,9999,5729.555348964473,2.31402093862559,Botnet
10.603749793740052,20,6,41427,27481,16303.975647807885,1.8861252282477512,Normal
0.5206832162473803,3103,1,7797,22,331549.0613143556,5959.47766928931,DDoS
7.159057669660206,70,6,14237,10153,30875.64475732281,9.777823175898853,Normal
9.582226712025722,24,6,24538,8080,3262.250785755882,2.5046370453623195,Botnet
28.551888900361043,76,17,13038,18704,22691.47533629817,2.661820388319001,Normal
11.295551128599927,738,6,61530,80,30576.30021617056,65.33545743787664,DoS
5.336303422642681,183,6,37470,8080,70361.43650574396,34.293402287340975,Botnet
3.953570055963791,559,6,28968,3389,97629.50134838806,141.39119633324125,Brute Force
0.6164122522972864,4766,17,32820,443,512869.5070811644,7731.838525658361,DDoS
5.412937860255401,513,6,43084,23,55228.184492578555,94.77293352408722,Brute Force
14.523130544941647,23,6,21998,8838,12744.02522833611,1.5836805934386382,Normal
13.00921312195627,253,6,48692,23,50264.47980131332,19.44775580415389,Brute Force
25.890709959993423,35,1,56095,36101,15059.68734660364,1.3518362398745474,Normal
1.3001037983757138,3109,17,14158,80,389832.48316157074,2391.3475246239823,DDoS
2.25549550130724,74,6,44131,8080,13217.370354740071,32.80875530769673,Botnet
24.982581914115283,87,1,25886,31497,38790.78108403924,3.482426288006868,Normal
2.440812139484545,94,6,26726,15068,58862.23421291898,38.511771749812375,Normal
43.574645986519116,112,6,26014,9999,42353.47315363605,2.5703020062320174,Botnet
26.322316554149186,114,6,37182,6667,39098.509460202964,4.3309258045538614,Botnet
2.9117379390258074,147,6,63,12057,12887.958729100605,50.485312579051126,Spoofing
0.9947259423267866,95,1,156,32222,5014.7096620684215,95.50369197950472,Spoofing
5.030480152188965,982,6,58581,8080,60884.34546949316,195.20999393520955,DoS
0.3575661938563944,1663,1,20240,443,175673.97616734993,4650.887104466854,DDoS
0.5406473514023026,3569,17,22585,443,422119.1414133656,6601.345573492436,DDoS
27.648857981896068,15,6,33973,22057,11286.13333283872,0.5425178866274226,Normal
2.103630478568696,96,6,25416,440,3840.0,45.63539128094308,Reconnaissance
24.167818990737505,937,6,13827,80,53027.898379995335,38.77056512046504,DoS
0.4954950363190484,1755,1,3868,443,220504.98295199726,3541.9123732048015,DDoS
24.194455940778663,1998,6,2712,80,127085.14565723269,82.58090220712346,DoS
2.6364120962383093,249,17,55481,48,9960.0,94.44653980888597,Reconnaissance
10.387902311953674,84,6,52205,9022,20922.666240998264,8.086329412564716,Normal
43.13494383460906,1428,6,18715,80,81561.56581885158,33.1054099774729,DoS
37.14570799321062,878,6,29274,80,40424.759351361485,23.636647339188638,DoS
2.386305079834536,42,1,696,55453,3637.5548744986104,17.60043187894158,Spoofing
24.353291998158387,51,6,61334,15054,32706.798305577177,2.094172730481639,Normal
7.235615089025128,394,6,4723,23,45710.35267948448,54.452868920240554,Brute Force
0.27592971439176395,141,17,50673,816,5640.0,510.999695378254,Reconnaissance
30.33263902237873,1828,6,7234,443,99245.89009233023,60.26511569439584,DoS
3.6510764885754505,114,6,721,32528,19108.212134693742,31.223667966616514,Spoofing
0.1532465817287577,89,6,37229,308,3560.0,580.7633618707893,Reconnaissance
31.920398934024195,180,6,62716,9999,31654.7255481519,5.639027268175418,Botnet
14.300521737338665,97,1,52549,25423,20763.874147851744,6.782969305709524,Normal
23.17460446990985,1330,6,50247,8080,70447.2336023664,57.39040775116081,DoS
3.557457352685274,61,6,574,35959,6927.589569562646,17.147078363133545,Spoofing
0.29871550438792643,3940,17,22188,80,359594.3627517707,13189.807499524113,DDoS
40.24362194020923,71,6,25762,9999,26917.81162328472,1.7642547210458877,Botnet
2.005269104808421,102,17,59793,908,4080.0,50.86599088143078,Reconnaissance
1.1684609815291478,71,6,24392,118,2840.0,60.763689265073566,Reconnaissance
21.060775524240373,1578,6,51352,8080,90556.76514937748,74.92601581474364,DoS
14.22262405137083,42,17,53460,59936,9963.108952528102,2.9530415659093427,Normal
0.6638364628837148,73,6,56261,632,2920.0,109.96684286200096,Reconnaissance
9.34858647005407,145,6,14503,22,30647.426697971052,15.510366242476588,Brute Force
14.923615447851178,91,1,43388,45720,86150.18995216375,6.097718097735017,Normal
2.131074159733694,200,17,25551,232,8000.0,93.84938533767057,Reconnaissance
3.360148048966672,282,6,62860,22,28883.855496666565,83.92487351464229,Brute Force
8.449687499576362,1588,6,10171,8080,98534.39953461094,187.93594438606362,DoS
54.32132505371856,1706,6,64902,80,89826.6902295266,31.405714023229923,DoS
0.3369293014497867,3036,17,59565,80,246223.44270290842,9010.792433119568,DDoS
7.3810024937651795,8,1,19860,42450,1503.9184611226224,1.0838636088739564,Normal
0.6852283837218848,1671,17,50286,80,154398.83461346742,2438.6030113402494,DDoS
10.236042516958967,443,6,2496,3389,99780.42565491243,43.27844469833359,Brute Force
23.941490335290055,95,17,52919,57900,58749.03398484777,3.968006948171009,Normal
0.9637958089324741,2304,1,55533,80,268015.2215152872,2390.5478511594397,DDoS
0.9321943107897351,2416,17,2951,443,155145.53802356112,2591.734332677075,DDoS
37.47456785440868,675,6,45815,443,35430.029906343676,18.012215714465935,DoS
2.5644328442173103,242,17,39594,284,9680.0,94.36784454921484,Reconnaissance
0.06117164268629538,3576,1,60361,22,404518.6523349646,58458.45955680296,DDoS
1.3839594495822147,1616,17,14637,22,181098.83301406563,1167.6642697066254,DDoS
16.605029335729085,125,6,41258,9999,9111.470123129417,7.527839757020915,Botnet
27.919551323517698,891,6,55995,8080,54545.28853559106,31.913120296080006,DoS
21.115701995929474,9,1,46421,1658,3357.8121459169597,0.42622310173419536,Normal
11.200550850818296,954,6,58328,80,43896.50256528711,85.17438228766241,DoS
26.435851473801463,6,17,54872,7097,4968.059502213247,0.2269645071181512,Normal
5.754911611402644,35,6,26431,50588,25355.41620280008,6.0817615218714804,Normal
25.03231635495771,1355,6,49717,8080,73286.61747630959,54.130028591286916,DoS
0.2810022402458652,4540,17,40656,22,549701.2254650381,16156.454824088556,DDoS
1.0031118045189293,134,6,58106,899,5360.0,133.5843117350847,Reconnaissance
0.8004540891334191,4276,17,9751,80,363014.46064512763,5341.967838067074,DDoS
56.505101469530786,1887,6,32461,443,77625.77863864243,33.39521478458942,DoS
4.379488938837716,149,6,136,56809,17947.79406173235,34.02223457596938,Spoofing
6.531314123859636,97,17,58466,5354,72532.60720902731,14.8515288287311,Normal
4.4649782821376345,129,6,826,25650,24417.42698141188,28.891517908624742,Spoofing
10.192738846255063,28,6,3675,35102,2403.572176187299,2.7470536057428316,Normal
0.9006072119943234,74,6,26216,1008,2960.0,82.16678593560545,Reconnaissance
4.69215531506118,74,17,5993,20871,60523.93487616977,15.771003948328408,Normal
1.142219269017797,4777,1,19675,80,481163.1564166455,4182.2092566410465,DDoS
18.198356596431882,90,17,11794,10400,18946.35240092947,4.945501508506879,Normal
1.09112253462465,70,6,31490,393,2800.0,64.15411448181688,Reconnaissance
45.97940941392199,630,6,46402,8080,28557.625439065847,13.701785386770188,DoS
8.362569650672299,1569,6,1581,80,94109.0782180449,187.62175569728882,DoS
1.6042433348655691,36,17,43981,37665,31704.170328895067,22.440485939757195,Normal
11.037959455726382,53,6,57407,8080,19315.924554076075,4.801612128816449,Botnet
1.5983618450201562,15,6,13517,39484,5697.671181809894,9.384608401867126,Normal
6.265213979698428,299,6,45609,23,28786.988802801316,47.723828901753194,Brute Force
8.073950579319458,80,17,48822,58739,35045.13365467166,9.908408432039609,Normal
11.201277255434709,73,17,57904,57498,25855.44554866802,6.5171139268587766,Normal
13.452064678566156,31,1,62552,52204,14018.467740766273,2.3044789584898324,Normal
7.554684950716886,1915,6,48931,8080,98180.73465514278,253.4850907076251,DoS
17.98945903655825,1267,6,13251,80,62252.254970658956,70.4301334145289,DoS
22.517993906374436,17,17,32226,10972,8054.333414990804,0.7549517985786295,Normal
21.11388536898008,150,6,14671,9999,54257.78117241713,7.104329562211972,Botnet
55.974899466061906,1574,6,47364,8080,83436.17800850997,28.119746797478943,DoS
28.16763535270228,1504,6,47770,80,94178.95813969786,53.39461339823518,DoS
1.4804239367700223,3064,17,34483,80,220246.29582730588,2069.6774240796267,DDoS
0.9720711345096187,3602,17,32074,22,292465.1209731436,3705.4901355723346,DDoS
14.707567238493061,1307,6,23474,80,69385.52476507405,88.86581844611817,DoS
1.6642931106928913,91,6,42611,19668,33562.85360356037,54.677868588973595,Normal
14.409732956183516,7,6,58564,57493,3646.858243945001,0.4857827706651673,Normal
14.747002140902472,114,6,24848,22,24122.90354650998,7.7303847189259,Brute Force
0.3358318754342959,255,17,44872,723,10200.0,759.3085071815635,Reconnaissance
0.9536574272239736,1926,1,3508,443,224995.6457904922,2019.5931421689272,DDoS
1.1046352018010652,3072,17,31973,22,278295.10210183566,2781.0086035563795,DDoS
3.191969548172203,29,1,663,36393,4103.987539524948,9.085299706761326,Spoofing
0.890682496292994,2525,1,46895,22,221161.99372424305,2834.9047056712225,DDoS
12.748330354686322,91,1,27705,25145,7230.436189239665,7.138189666268582,Normal
15.122099277759114,40,6,15122,14303,2479.746299820519,2.645135391937954,Normal
34.097769646536435,190,6,64911,9999,31733.269438805684,5.57221196487553,Botnet
0.1785783601501643,134,1,790,37841,25000.083617891876,750.3708729731928,Spoofing
3.381001765897372,64,6,13353,51548,13588.149897788298,18.929300967996795,Normal
22.810700253881617,66,17,53468,54333,40647.634779103784,2.8933789522208557,Normal
15.938780585364986,56,1,33989,4106,27786.15592239955,3.5134431834402244,Normal
2.350263217684046,73,6,303,50710,4691.542281546499,31.06035079421204,Spoofing
9.161558869410117,54,17,26143,52762,28047.88748670983,5.894193419452086,Normal
2.801551620521728,77,1,53066,52904,25301.87178452906,27.484769309965603,Normal
31.9101624950524,179,6,40297,6667,62927.799333798604,5.609498228902894,Botnet
18.491192088562496,47,17,31287,25623,23604.994776148673,2.541750676478629,Normal
2.6702659217586784,57,6,606,27730,2429.357387083722,21.34618860823379,Spoofing
25.37742891851773,55,17,43822,30639,22250.511424184915,2.167280230656735,Normal
15.391659979618094,27,6,14356,11088,24056.42255481172,1.754196755629599,Normal
9.410441531935536,24,1,55100,33954,12259.054720591992,2.5503585478484654,Normal
22.673600971811872,150,6,47845,6667,25349.95260557843,6.615623172802681,Botnet
6.697102768438854,158,6,35717,3389,34688.17798968669,23.59229139271981,Brute Force
6.730801493605225,182,6,11004,22,54013.71869538056,27.039870388825744,Brute Force
1.4878930715766434,1808,17,3790,80,116007.4808056742,1215.1410840862077,DDoS
1.0467019759210718,148,6,513,60974,27704.054448583433,141.3965038804514,Spoofing
10.076208648188583,29,17,8822,3618,18009.902690809547,2.8780666431727155,Normal
0.15409864794102543,1694,17,34740,80,179115.5891064723,10992.958229252634,DDoS
14.824392637441083,540,6,59766,23,157651.13335033806,36.426450189679564,Brute Force
6.837957343269488,29,6,52148,50526,10510.184153565568,4.241032598506091,Normal
21.072933066291853,15,1,50601,3443,8759.8475174697,0.7118135834633251,Normal
7.235157555942754,34,6,41265,44347,28951.738382819047,4.699275687793883,Normal
15.201380793658586,80,6,19274,45270,42478.80964487346,5.262679824017884,Normal
13.844357519278555,67,17,12966,27677,60621.83457175905,4.83951674223243,Normal
37.306097739775595,703,6,47647,443,31007.501914515597,18.844104384856756,DoS
1.4768468273810593,4454,17,26029,22,474279.05336222466,3015.8848686416745,DDoS
10.338021457532106,164,6,30588,22,20634.791419192887,15.863770516795784,Brute Force
11.121999434312487,577,6,37089,3389,162456.21134382012,51.87916106342327,Brute Force
1.0411918869432326,3289,1,58876,80,316910.38986267865,3158.879781186118,DDoS
0.5722183837103068,1026,1,12081,22,120984.08985195427,1793.0217364694565,DDoS
0.17561026292599233,4401,1,53182,22,416304.5483269524,25061.177670776106,DDoS
41.361228262941616,1306,6,26700,443,72573.90227376856,31.575464628310755,DoS
0.828337948831427,1338,1,59718,443,136021.62184851326,1615.282750099251,DDoS
0.8974891424494028,127,6,704,21022,7994.266200641107,141.50589014747862,Spoofing
0.4722544135466943,3634,1,62107,22,249011.72502909167,7695.004844334159,DDoS
46.63676299535682,804,6,13650,443,45842.99356363319,17.239618454652323,DoS
1.185177188992298,4975,1,48975,22,327629.43854185264,4197.684570886835,DDoS
1.308089544074618,4624,17,12745,80,452847.77382394986,3534.926199009684,DDoS
0.10051015310162761,139,6,61306,415,5560.0,1382.9448638831007,Reconnaissance
18.626575942486166,179,6,49585,9999,23747.06936074798,9.609925117354024,Botnet
20.274441942008057,83,6,59434,36760,25917.489212047534,4.0938241475355435,Normal
14.577332848468952,247,6,17761,22,66633.0993744897,16.944114713408787,Brute Force
37.230095004289126,1184,6,54448,80,63585.773812784224,31.802228811492324,DoS
14.183648918187288,542,6,21465,3389,122247.04022882575,38.21301578502898,Brute Force
23.83755312685515,150,6,54162,9999,17354.496843310084,6.292592163371479,Botnet
0.5688115287974038,1249,1,7056,443,115791.68097286948,2195.8064082151577,DDoS
20.719495379689473,28,1,27134,32851,23318.99371270207,1.3513842633178859,Normal
1.1887177250767647,2359,1,7885,443,182559.2986518986,1984.491313821085,DDoS
53.25041272432517,1764,6,46235,443,85273.19360958853,33.126503810067035,DoS
0.12889500618025512,40,1,266,31929,5499.503611465052,310.33009877870217,Spoofing
0.947922985803896,4237,17,15356,80,411176.52939253615,4469.772400768157,DDoS
25.06321931645289,90,17,18421,48785,10925.045890250778,3.5909193812511946,Normal
13.798637937869154,363,6,17311,22,74288.78356744225,26.30694432555392,Brute Force
2.1732961684070293,199,6,61208,34,7960.0,91.56598299524998,Reconnaissance
38.84731225852739,1324,6,2140,80,56234.1078738648,34.082151969454934,DoS
20.45920942738636,68,6,19966,12882,44832.49856755966,3.323686589227457,Normal
0.9505956623953271,4707,1,64620,22,525965.336734344,4951.632104168476,DDoS
13.095508628634773,47,1,3614,28451,46742.79947723822,3.589016763902497,Normal
1.0075001901066338,157,6,51182,596,6280.0,155.83123610466328,Reconnaissance
21.769453391324664,31,17,64459,62846,2319.491464374122,1.424013705936861,Normal
21.86565767857398,1102,6,34156,8080,63358.820293918645,50.398666996412494,DoS
0.448701859144687,1217,1,18845,443,96455.9105372176,2712.268681747472,DDoS
5.2233322457781615,1856,6,42034,443,117683.74264962025,355.3287274613137,DoS
4.67543438705308,145,6,499,34264,7022.01722396646,31.013161130337945,Spoofing
8.462606030440163,213,6,54129,23,46597.10914970985,25.169551700012352,Brute Force
11.63177947087447,5,6,20167,51246,835.9949900781758,0.42985684284333353,Normal
7.546366449180143,59,17,7177,18021,36531.69954781701,7.818332226155001,Normal
12.237394494527107,44,1,24558,54021,2172.779055158888,3.595536616857288,Normal
2.8982569324754026,264,17,40127,224,10560.0,91.08923264940402,Reconnaissance
9.842089767294691,302,6,38334,3389,43583.56286485466,30.68454028976116,Brute Force
37.27009931280787,1831,6,12073,8080,95903.50737238507,49.127854064257264,DoS
1.1858850223718396,93,6,443,35688,11861.01643770562,78.4224425180736,Spoofing
1.293126770007392,25,1,205,20429,3902.663054760036,19.332984653822525,Spoofing
23.1440559884687,78,6,33319,63545,48683.81256188363,3.3701957875863564,Normal
0.39489503791799463,107,17,12401,88,4280.0,270.95807676930093,Reconnaissance
0.2632944821545218,3589,17,31352,22,366681.3235776703,13631.125007373661,DDoS
1.0490153977736945,2216,17,50980,443,181524.73866180342,2112.4570761334626,DDoS
7.354144983745865,1604,6,60314,80,72531.35338737554,218.1082917926097,DoS
6.512675064637084,18,6,29131,26513,13183.2708035859,2.763841251306623,Normal
15.279406680059772,6,6,24836,23632,3041.204508954392,0.39268540497912374,Normal
8.078442628104437,140,6,32998,9999,11479.919769576916,17.330072941651906,Botnet
12.599847293733196,52,1,44001,62619,8939.781751337292,4.1270341447600964,Normal
4.881367748086162,47,1,787,12395,7521.25069915096,9.62844891545557,Spoofing
14.855204222908775,85,6,16461,53713,83571.17027439544,5.721900468316569,Normal
0.15731802102993994,2920,17,59849,80,199480.17211614404,18561.128476465394,DDoS
0.5726856606347039,4858,17,52033,22,528560.9837444652,8482.838551633908,DDoS
0.503452857010591,2411,17,53512,443,155531.36198800395,4788.92902568091,DDoS
41.64120488017466,29,6,25973,8080,10818.476045933534,0.6964255737423888,Botnet
0.9182456246381667,4917,1,16115,443,484966.59457312396,5354.776399765081,DDoS
35.86631092043781,1813,6,49546,80,82751.33805855624,50.548828509900986,DoS
54.24777319368608,514,6,2107,80,21424.872510069777,9.475043301128988,DoS
2.7761574969152627,80,1,117,46874,12041.253046130802,28.816808876618953,Spoofing
2.128506951930938,14,17,43522,887,560.0,6.577380443742261,Reconnaissance
41.868902061811944,15,6,43993,8080,4612.302153874224,0.3582611260704946,Botnet
11.38248933385751,49,1,59499,38951,29945.51836733482,4.304857976387312,Normal
11.206806469181549,62,6,34357,17106,5178.119097896607,5.532352162098857,Normal
1.1371609351588756,4116,1,42586,443,514133.34251165035,3619.5404473905387,DDoS
29.469502740129588,1539,6,49628,80,66369.58904394908,52.2234804425218,DoS
1.9481181234952225,82,6,13148,48985,25479.69627077497,42.0919034688099,Normal
13.042416206985257,1172,6,16664,443,48091.78152432665,89.86065015869531,DoS
29.645011203775592,1349,6,11024,80,56724.83568056539,45.50512700862772,DoS
0.42832040661204834,1697,17,9713,22,128449.4798424166,3961.9872735530425,DDoS
2.761741108885678,168,6,24512,8080,32839.538498542315,60.8311906787619,Botnet
29.18478180100936,51,6,46522,50366,23337.073137167165,1.7474860818810767,Normal
9.201391276830696,15,6,2722,62416,2677.2189232789183,1.630188256179294,Normal
8.824216631408467,67,6,34130,8080,11834.081543960072,7.592741973437462,Botnet
42.36960346991288,1915,6,18643,443,79006.21053053932,45.19749639290022,DoS
3.6486085312101504,69,1,1015,15149,9833.696286754199,18.911319043897116,Spoofing
0.26425894724063687,2411,17,4012,80,249188.19017376762,9123.626750107798,DDoS
16.895989113756787,39,6,34805,9393,8067.107737923982,2.3082401235832966,Normal
13.575340374802064,362,6,41173,22,106328.43387632462,26.66599805275808,Brute Force
11.732545972811899,120,6,54533,6667,18182.80675900484,10.2279590702716,Botnet
1.7227121956879683,69,6,269,30060,10231.50261528563,40.0531209871912,Spoofing
1.196460833059643,1547,1,13671,80,141655.72985734625,1292.9800602364414,DDoS
16.33120998248843,885,6,47799,80,48761.17438684358,54.19071832086934,DoS
1.215388247000071,3509,1,48149,80,380463.95155797806,2887.143271840274,DDoS
19.37104316181355,11,17,34974,57871,8692.055017019671,0.5678579056436401,Normal
1.4703156070302856,259,17,14249,220,10360.0,176.15265645117043,Reconnaissance
18.95724523278474,37,6,23086,37209,18339.50256440971,1.9517603715972427,Normal
2.7336435128980745,286,6,7765,583,11440.0,104.62227377146073,Reconnaissance
0.3703034843653576,2172,17,21335,22,230583.36753121883,5865.459256270487,DDoS
5.413704377489979,5,17,24521,26795,4829.40448774166,0.9235820154476574,Normal
43.13979626036476,1242,6,8850,80,73692.53348150216,28.79012206047675,DoS
14.51213573406254,556,6,20758,22,53850.06775037626,38.31276182836204,Brute Force
11.383162317080387,178,6,44819,6667,36694.26440910831,15.637130969564735,Botnet
1.665666524336289,180,6,12527,22,20288.49300458291,108.06484813742885,Brute Force
2.5202022874272942,41,1,915,25721,7353.239535175335,16.268535349142212,Spoofing
0.18979822587147335,34,6,919,57889,3300.756334835457,179.1376070239137,Spoofing
14.870670177551315,166,6,17903,23,23243.69261707016,11.162913171902147,Brute Force
27.984589370818497,90,1,46391,59261,85708.04016677242,3.2160557658155007,Normal
32.08022501719314,1995,6,45625,8080,123658.10597948896,62.18784310056415,DoS
27.379915884569172,34,1,43096,11653,30475.71457313833,1.2417861378150468,Normal
2.266015327531588,264,6,20672,244,10560.0,116.50406631961313,Reconnaissance
0.4298465538441221,13,17,49690,685,520.0,30.24335052529994,Reconnaissance
11.549253420397276,67,1,24584,64592,66254.97017372816,5.801240786843459,Normal
3.5266448549011913,115,6,57511,6667,29585.6207169959,32.60889733202865,Botnet
2.6993001786611828,155,6,42298,560,6200.0,57.42229086832349,Reconnaissance
3.3135273329918116,10,17,26419,61778,2143.7750709540746,3.0179319483599722,Normal
42.766293069081186,1221,6,52356,443,63348.18915459945,28.55052220747064,DoS
0.7510905440050574,187,17,14536,685,7480.0,248.97131443415012,Reconnaissance
4.556053958635953,92,6,20211,53256,62930.15235816702,20.192912734410214,Normal
0.29629675997685645,86,6,808,19321,9395.051042282497,290.2495457821321,Spoofing
0.993680116271809,3853,17,50639,22,278018.4379591478,3877.5053831771143,DDoS
2.9222626801236875,38,6,13675,796,1520.0,13.003622247398928,Reconnaissance
2.467140962906358,114,17,8952,722,4560.0,46.20733136614333,Reconnaissance
1.0121416655021167,130,17,54512,435,5200.0,128.44051819120386,Reconnaissance
48.76784509011124,983,6,11488,443,46749.34604525029,20.156724132133636,DoS
1.2892659223080423,537,6,28576,3389,50578.89159056034,416.5160892786674,Brute Force
3.962614582891341,108,6,64678,22,18854.230599082824,27.254732384595748,Brute Force
0.4655806465019912,2056,17,24105,443,221724.984400443,4415.991118718477,DDoS
10.401469406764804,209,6,28641,23,42099.77349859643,20.093314879537374,Brute Force
7.066252696380207,21,1,57836,46035,17207.231061015766,2.9718722075644934,Normal
52.86801765375806,608,6,56387,8080,27434.65265611334,11.500336630397207,DoS
23.999713466702122,89,6,31144,11731,54654.68909164224,3.708377607236066,Normal
5.56857725988767,88,1,46614,36411,20671.946118893466,15.80295933647065,Normal
16.54836259521174,49,1,2966,50472,33617.08773415241,2.9610180293111372,Normal
0.39043665516308834,35,1,205,45953,5155.89644558234,89.6432226256529,Spoofing
0.9169217949437222,1824,17,57566,80,132530.3384846983,1989.2645262205285,DDoS
44.52868739549922,104,6,22238,9999,9757.335221153573,2.3355729998569843,Botnet
19.942334776846693,55,17,45296,46251,15887.248699544512,2.757951895575222,Normal
1.2421955470592114,1749,1,56474,80,206098.14659192524,1407.990878843998,DDoS
52.134350329097536,1653,6,42811,443,101224.12214128702,31.706542607042284,DoS
40.88941086789128,43,6,55491,6667,4973.151950673602,1.0516170100598363,Botnet
0.5513659102522611,3176,1,25565,22,386285.27120444487,5760.240052829736,DDoS
3.352194937348951,135,6,387,501,15525.022905383343,40.27212096047236,Spoofing
14.508038862759982,438,6,2682,22,48182.544219985844,30.190158996904955,Brute Force
4.2324695314727485,13,1,736,23899,1494.7213226399851,3.071492872738168,Spoofing
29.725519194025825,63,17,59433,3336,14815.945126257791,2.119391072323528,Normal
2.418659330845747,18,1,34399,53874,10193.170936117027,7.442139440822297,Normal
3.2125924768692293,400,6,43581,3389,67364.5173771339,124.51003445971223,Brute Force
14.07304732569974,95,1,41790,48421,45358.35038492006,6.750492469851508,Normal
10.976695110876506,431,6,7610,23,56675.376393560146,39.26500605568737,Brute Force
23.418196141374356,1722,6,61319,80,99077.43434857656,73.53256372115005,DoS
0.3123589720286309,202,6,3727,375,8080.0,646.6918452449147,Reconnaissance
18.070541223753096,53,6,28535,6667,15832.086174093774,2.9329503385506435,Botnet
0.4489245296482543,27,17,25525,488,1080.0,60.14373957501343,Reconnaissance
0.4554147246863606,1198,17,24107,80,87735.95993148162,2630.569314211459,DDoS
16.24582863980894,28,6,37543,9999,3657.5903825609275,1.7235193489231149,Botnet
0.9128043253878115,1175,1,22524,80,135120.2713247551,1287.2419283298123,DDoS
25.010501145985764,573,6,57714,443,34373.615062805955,22.910376591632897,DoS
4.173743790200415,70,1,259,44125,11615.178430508035,16.771513422638414,Spoofing
12.800846168453365,124,6,56330,23,33400.43357241173,9.686859631638088,Brute Force
1.3936605472055772,264,6,48626,813,10560.0,189.42919818555907,Reconnaissance
28.576184758421007,114,6,42406,9999,34223.02864462406,3.9893359090354346,Botnet
1.0302365804597848,2350,17,43610,80,199714.46328302656,2281.029468931512,DDoS
1.2268513215211259,2474,1,28452,22,198127.88863275186,2016.5442679171445,DDoS
44.216522940953546,124,6,43520,6667,11407.591961975508,2.8043815242005525,Botnet
15.354977116602912,66,17,31097,15307,27219.56639501316,4.29828058347518,Normal
15.350421210911618,89,1,3520,10924,50849.754434244984,5.797886505989535,Normal
1.1600091360329348,1293,17,7196,80,102767.19612768838,1114.6463935808945,DDoS
0.6521465553328715,1528,1,28816,443,174506.05577043732,2343.031619970869,DDoS
0.47515299306405134,4143,17,2406,80,297958.75003899616,8719.296859067701,DDoS
24.640980901216874,80,1,6745,28404,17857.22877928331,3.246624000915859,Normal
25.007445570990186,18,1,34182,55797,10643.575061847967,0.719785631399348,Normal
15.027046695561795,66,6,46460,28782,41798.85476839402,4.3920805822406175,Normal
0.24613606889387235,77,6,50908,281,3080.0,312.8350929875314,Reconnaissance
1.3601450054751791,1000,1,23942,80,86951.94275233243,735.2157277162083,DDoS
1.1455602533078688,3644,17,42845,443,268123.1891391178,3180.976286037987,DDoS
1.572347118063665,97,6,481,58852,8690.783169533499,61.6912123828324,Spoofing
29.726606873085412,22,1,33976,13229,20743.10100479056,0.7400777389066523,Normal
0.2392656927318238,175,17,8226,444,7000.0,731.4044817789455,Reconnaissance
23.127431624491912,93,6,41612,9999,21813.394124961083,4.021198787223444,Botnet
14.22011555597908,69,1,57173,46505,42160.10283726001,4.852281244014773,Normal
0.929106278401124,1676,17,51178,443,204743.4790926033,1803.8840539148944,DDoS
1.0040106415007441,137,6,27419,3389,24885.336568561666,136.45273699013723,Brute Force
0.6052176605403191,287,6,14295,10,11480.0,474.2095591588909,Reconnaissance
47.13949241134495,1777,6,29006,8080,110148.76867665125,37.69662991900043,DoS
1.4766443464185335,149,6,200,14639,26219.28589752811,100.9044597376382,Spoofing
8.151709859024827,56,6,14238,13430,26152.60879812939,6.869724385246848,Normal
1.0140093956091945,46,17,62998,773,1840.0,45.364471176683935,Reconnaissance
12.875271836234488,36,6,24383,15435,12768.286550230314,2.7960574703119114,Normal
2.1328209026765963,51,6,19871,336,2040.0,23.911993705611778,Reconnaissance
2.100006858017619,14,6,39,58365,823.6887659450853,6.666644895253261,Spoofing
2.294915855283692,79,6,1003,11044,7459.760812910507,34.423920083219876,Spoofing
26.611971643160466,1213,6,33870,443,75415.02292349776,45.58098949845201,DoS
21.299770376914715,50,6,17940,43144,34066.934087778485,2.347443146813986,Normal
19.852430097949437,58,6,10961,64903,44246.35475341432,2.9215566917417752,Normal
11.713126962116217,86,1,32209,19209,84325.73632354662,7.342189688385512,Normal
18.078048579093597,69,1,45411,29421,36990.772409222314,3.816783636691585,Normal
13.538235800130991,59,6,24897,9999,7336.060337642357,4.358027210563812,Botnet
0.4413098361220789,1956,17,41209,22,158501.7149564515,4432.260148987285,DDoS
6.329122852811844,86,1,62796,57219,71245.84975468372,13.587980830833883,Normal
2.8517913944029214,275,6,45987,572,11000.0,96.43061569641094,Reconnaissance
8.606107045195053,206,6,4437,23,47633.662892414424,23.936490554694362,Brute Force
1.5960654042856497,288,6,29836,293,11520.0,180.44373321211108,Reconnaissance
2.877804160852349,120,17,1149,687,4800.0,41.69845941304719,Reconnaissance
1.1484898486650474,43,17,44545,29463,38768.243545913065,37.44047024009942,Normal
0.3171856185004986,3181,17,39043,22,241524.97917375842,10028.8279621196,DDoS
26.23732408430565,189,6,42253,9999,15441.779547598057,7.20347850233149,Botnet
1.6991703123006234,86,6,253,46479,4023.846944541349,50.61293701839617,Spoofing
16.830952464871952,92,6,7391,37610,77416.11639367745,5.466119650210771,Normal
7.210266529322125,386,6,65286,22,99371.9379420768,53.534775507985266,Brute Force
23.82133354691814,51,17,48080,3654,43137.187717074994,2.14093807550913,Normal
29.915908472865922,75,17,51529,48784,27303.51454322342,2.507027325211463,Normal
6.4494101726251065,1113,6,36010,443,69770.75329476742,172.57392074769763,DoS
24.67878158508306,1314,6,19788,443,60217.63001963426,53.2441196689483,DoS
58.40660221848049,1220,6,64896,8080,76671.98189730794,20.88804952968106,DoS
17.70795410819124,6,6,48460,14970,3981.426716579713,0.33883078549568607,Normal
6.616312244578378,145,6,5766,22,27549.47465819424,21.915531589189694,Brute Force
0.8601503566042781,4683,17,11312,22,381088.77654553426,5444.396975533043,DDoS
4.830415903390406,71,1,3077,59916,38966.479245988616,14.698527294547457,Normal
2.747920698065981,502,6,49129,22,76326.49214876296,182.6835833920948,Brute Force
1.3927968652014309,170,6,17999,72,6800.0,122.05656420357755,Reconnaissance
4.292383347744565,411,6,57459,3389,89235.07658214292,95.75100048227523,Brute Force
6.494227818476949,186,6,35163,23,42790.82421027693,28.640818462020235,Brute Force
3.0935453516613416,94,6,599,18788,6049.992356882626,30.38584837604489,Spoofing
59.81305016302008,1110,6,49636,80,65812.5407150228,18.55782303317925,DoS
13.267391264102383,62,6,47829,7577,41318.8811132862,4.673111598642121,Normal
1.39808895068484,4991,1,42295,443,458148.5597918051,3569.873002397457,DDoS
1.0249195677723648,3959,1,64750,80,487788.0272645224,3862.742135565604,DDoS
0.5226207750359445,3210,17,46308,443,228910.62238990385,6142.120928467156,DDoS
20.06550739681158,90,6,57769,9999,32321.733349299866,4.485308954325324,Botnet
7.40491324852888,1046,6,17962,8080,43917.29333765133,141.25756303867664,DoS
14.715791322477966,8,17,1814,24827,5841.227381697619,0.5436336942193669,Normal
14.957675390823663,59,17,22720,57288,26771.462894741122,3.944463190864252,Normal
3.49764542873542,54,1,799,4235,5459.896418709771,15.43895775036402,Spoofing
18.148461450253034,60,1,39680,41479,48306.77514119455,3.306065374437757,Normal
7.398215169814743,494,6,45934,23,110434.78601606432,66.77286192155589,Brute Force
10.509405396078828,1855,6,45788,443,92253.98285930765,176.50855877080548,DoS
18.43596619954405,1024,6,55620,8080,57904.65049547401,55.543603677540105,DoS
54.52077508845122,1237,6,7663,443,57134.14463575345,22.688598942204433,DoS
10.891928763482177,303,6,24406,23,62121.00180764023,27.818764387798854,Brute Force
0.4754720883308916,4397,17,46629,80,516534.7852280473,9247.651140649143,DDoS
0.5704539593568918,108,6,886,31054,15490.976033057173,189.32290367789736,Spoofing
36.76442087191157,841,6,5318,80,37309.8985039799,22.875377336421842,DoS
1.245553637918572,1789,1,31596,80,208895.09489481052,1436.3090801850765,DDoS
7.523415279017207,451,6,6981,23,112248.75646595884,59.946179131948,Brute Force
30.634991342489233,31,6,62760,9999,7430.549904023875,1.0119147628745864,Botnet
0.8993867034193018,37,6,842,14532,3426.2719821234627,41.13914499662142,Spoofing
9.198976976937836,372,6,44706,3389,58472.60086550613,40.43927938211144,Brute Force
6.201577142294241,538,6,36343,23,127078.29050036184,86.75212573441758,Brute Force
27.328629339458637,89,6,40697,8080,5873.629927124001,3.25665802314852,Botnet
9.098268581937749,180,6,36871,23,20585.38055785947,19.783983994201193,Brute Force
3.073612547654443,78,1,677,10204,10572.112227175812,25.37730399998657,Spoofing
2.687924615897284,32,6,798,3464,3893.272006241441,11.905095779376145,Spoofing
3.3360796979073255,139,1,137,20415,27163.85297784644,41.66567126294755,Spoofing
15.704267658213357,161,6,16444,9999,13545.948323626895,10.251990319064433,Botnet
17.701235932189054,59,17,41472,63239,55236.969329178806,3.3331005939935894,Normal
13.767778745507723,525,6,36480,3389,51515.09086355643,38.13251285515478,Brute Force
5.979078059643755,411,6,13809,3389,48510.04866948069,68.73969463186573,Brute Force
16.12688593085569,21,1,17928,9631,3167.1421820675455,1.302173283176794,Normal
2.7429741829696064,161,6,50805,3389,15083.92787031861,58.695412082113634,Brute Force
12.168396852653611,28,1,23542,58604,12902.999966626103,2.3010426384880707,Normal
0.5868107950959094,3698,1,59471,443,447899.97549390316,6301.8608909462755,DDoS
36.28905876541951,137,6,27195,8080,21349.02622343063,3.775242584427396,Botnet
24.777034440655378,56,6,1102,59500,24512.79014003424,2.2601574911690174,Normal
10.67884877858552,489,6,63570,22,72114.49234823328,45.79145281845363,Brute Force
9.46163964395219,342,6,47932,22,62537.72933295924,36.14595491581672,Brute Force
22.994803091062483,627,6,62876,80,36038.28780716431,27.267030620657916,DoS
28.473189542428265,41,6,5256,40593,7875.6926006272215,1.4399510788528056,Normal
1.4682141085901164,1365,1,56206,443,174473.26775858292,929.7009148827551,DDoS
3.7500651486524106,54,1,311,49824,3071.08311180213,14.399749833520879,Spoofing
1.5695005810170215,64,6,39877,235,2560.0,40.77730252162672,Reconnaissance
3.1921907244390386,145,1,353,9610,21147.247338014953,45.42335108297163,Spoofing
0.5942448970116824,4394,17,41532,22,534193.7562326047,7394.2578591694955,DDoS
3.7348832554059244,143,6,705,62307,27403.316250866257,38.28767600513877,Spoofing
42.612020876936434,1733,6,9677,80,97309.92588806663,40.66927510912721,DoS
24.824740907887897,196,6,58987,6667,13235.353818464604,7.895349269797306,Botnet
6.955622988836931,44,1,22673,25121,32351.40074384076,6.325817266205418,Normal
18.583323660371555,33,6,15736,8080,9969.03425681185,1.775785677691856,Botnet
16.907647162429114,1027,6,55133,443,42195.52692028135,60.74174544416335,DoS
0.6453678441834007,203,17,47533,161,8120.0,314.5492943746845,Reconnaissance
1.2885363276151662,1872,17,16314,443,147268.73774697966,1452.81119350722,DDoS
3.9046797959347823,30,6,402,1199,4054.0725789550934,7.68308838825489,Spoofing
1.5053125165498134,34,6,64710,79,1360.0,22.586671954291745,Reconnaissance
9.046604244683317,14,17,56151,31914,13279.653968297029,1.5475419971231514,Normal
2.5997991134899596,255,6,31397,313,10200.0,98.08450148199684,Reconnaissance
4.140616737650541,144,1,392,12670,19306.189172465613,34.777427886674715,Spoofing
15.220327556333997,45,6,54188,5044,10074.704128032934,2.956572375557915,Normal
0.7368590268792716,1951,17,36595,443,240340.9245035336,2647.724909149624,DDoS
40.393463850108375,188,6,21051,9999,55731.129169820306,4.654218333382558,Botnet
26.60929584800663,67,1,50740,47749,30320.95424920902,2.517917061116788,Normal
37.09804253940691,937,6,52894,443,42749.36810178401,25.25739731428374,DoS
0.29865589143291804,2708,1,59846,443,338490.08417410566,9067.291413564,DDoS
2.6977365694107753,129,1,699,21607,21223.789317923372,47.817863857691435,Spoofing
4.086707559044106,12,17,45075,21211,10128.068632553513,2.9363490845933784,Normal
4.942901106948395,573,6,10101,23,144058.04259190545,115.92382441042882,Brute Force
0.7658804834788234,47,17,2423,553,1880.0,61.36727728915885,Reconnaissance
0.2573484613882601,188,17,57224,631,7520.0,730.5270021271489,Reconnaissance
16.17622167039537,165,6,40519,6667,17865.76275268701,10.200156956427708,Botnet
10.40899896845171,18,17,59000,49364,15141.81436349732,1.7292729161137976,Normal
28.053947048568144,98,6,44904,9999,23216.95318350626,3.493269586284539,Botnet
24.549512626110012,39,1,18159,22327,14917.340813688506,1.588626242564219,Normal
21.12860646239401,35,17,10888,42244,12424.447653179042,1.6565219321158329,Normal
1.1037450854519983,4969,17,22740,22,441460.55996119353,4501.945300137058,DDoS
16.260689899090323,1991,6,57960,8080,108240.99937756099,122.44252933643259,DoS
9.682106985517844,129,6,38724,6667,27932.305196183373,13.323546227381465,Botnet
1.5890490830570272,75,1,570,65118,3030.261140433841,47.19803862553717,Spoofing
1.0129797877380222,1891,1,14998,22,158342.40867724465,1866.7697252109951,DDoS
0.8666197504250716,3282,1,40411,22,297604.5467963217,3787.128089788168,DDoS
2.524612173579913,102,17,33639,10,4080.0,40.40224517152806,Reconnaissance
0.17851472086342418,1553,1,21880,443,178303.1559196242,8699.562660651107,DDoS
59.38419388779582,603,6,37207,80,29645.112034114612,10.154217149757823,DoS
9.595540943682076,40,6,4969,24843,38800.13218980364,4.168602920332169,Normal
28.875988954054158,80,6,44771,6667,8489.331881361144,2.7704678834477834,Botnet
0.35494625005424063,75,1,712,51525,7578.238323671886,211.299598146308,Spoofing
7.388051710137644,64,17,15859,14916,10626.481813787434,8.662635632636583,Normal
13.848966425548806,78,17,24685,46624,42153.95487257931,5.6321892625939425,Normal
2.4084488993339828,69,6,638,31568,11032.51677427891,28.64914427666737,Spoofing
4.304770277676308,69,6,441,17523,8244.408978488515,16.028729885499448,Spoofing
0.4423987383047706,3698,1,46126,80,417865.2993796054,8358.975014644888,DDoS
2.4658977042184493,132,6,39895,55,5280.0,53.53020110046964,Reconnaissance
29.572612566460112,34,17,48009,58953,33630.94389333994,1.1497124213692647,Normal
1.0748268661511553,3414,1,4702,443,282931.1811885566,3176.3255157783537,DDoS
2.7212517898240454,262,6,8107,745,10480.0,96.27922009265478,Reconnaissance
0.8869422037103143,1735,1,45571,80,117270.61857483197,1956.1590290123022,DDoS
3.073754540561317,76,6,861,59319,11359.438946622611,24.725461645392535,Spoofing
0.07624035549576019,2537,1,34965,80,237021.9555170829,33276.340115453495,DDoS
1.4700375468873614,1269,17,1314,443,113864.51829333685,863.2432570766401,DDoS
1.5595932467573153,19,6,5104,685,760.0,12.18266367817669,Reconnaissance
1.2919471796611783,1612,17,13190,22,191975.13854537773,1247.7290290016017,DDoS
7.867374318356625,589,6,60760,22,107884.6715418033,74.86614671755355,Brute Force
20.69683078996165,93,6,21514,19579,17929.71836355935,4.493441577785269,Normal
24.03551496001887,10,17,46534,6433,1008.6591034221414,0.41605099855918165,Normal
9.311676589659422,36,17,28609,49780,6236.569741916657,3.8661136534722274,Normal
2.6894948635885854,80,1,662,4853,4194.7132888177985,29.745362626666715,Spoofing
0.2650756025898825,1202,17,6185,80,98082.51763247888,4534.55538063871,DDoS
9.8490235479385,299,6,40675,22,88438.11479654106,30.358339437880996,Brute Force
24.278058805321816,1353,6,63087,8080,72033.0728145758,55.72933202152961,DoS
0.8034222537851134,208,6,10873,413,8320.0,258.8925051802617,Reconnaissance
9.697238228775552,58,6,54184,51301,2577.3337522934926,5.981084369763238,Normal
11.530838023305716,141,6,17862,23,27489.34066727674,12.228079148715459,Brute Force
11.164280404539012,140,6,58215,8080,40997.59822239218,12.539993168129387,Botnet
2.8706905922102806,115,6,41395,9999,39846.544343304566,40.06004698383606,Botnet
5.929624099843836,557,6,4270,3389,102933.70514244905,93.9351282005666,Brute Force
29.91795319490939,126,6,32169,6667,12787.830110250572,4.211518053361992,Botnet
4.537853983657062,71,1,121,19955,11626.125684420382,15.646162317188756,Spoofing
21.767510176086386,86,17,14048,22923,70701.777228543,3.950842301407486,Normal
0.547281683095949,58,17,6395,10129,19169.08097219663,105.97833216689527,Normal
1.7871900915638979,188,6,58416,827,7520.0,105.19306305883153,Reconnaissance
1.6786599761669874,82,1,852,19590,3815.7361150321913,48.84848698617147,Spoofing
43.686718373290425,59,6,57145,9999,12187.569470251903,1.3505248779700503,Botnet
56.24273013797825,532,6,38299,443,25566.03171681556,9.45900027781126,DoS
22.9360180473463,48,6,16458,10916,21741.34669703074,2.0927782625961795,Normal
26.522412772227586,25,1,34523,17852,22299.134165706197,0.9425990091737901,Normal
2.7835743491104976,25,6,908,16451,1723.5974880974645,8.981258218588216,Spoofing
0.7662407065017021,1233,1,63436,443,87077.75273370255,1609.1549163830036,DDoS
10.00849405197305,75,17,46025,65227,14364.907526596779,7.493634867596757,Normal
59.075637536146054,1971,6,8028,80,102040.73478850095,33.36400726600746,DoS
24.50190278257812,48,17,47753,47154,25161.48448385213,1.959031526079273,Normal
6.711608013678662,609,6,50757,443,24486.85457826325,90.73831468685616,DoS
0.5028298479286605,2715,1,18084,443,316864.26643256313,5399.440807231463,DDoS
21.526022417986297,53,6,28134,6667,6632.523301611972,2.462136244720961,Botnet
0.12138919161545267,1295,1,27223,80,122617.97172714911,10668.165614797193,DDoS
47.895672409468744,563,6,20220,80,33954.23710193543,11.754715440401618,DoS
25.14414005432917,45,1,37056,19871,30370.020696207685,1.7896814089791138,Normal
14.677237373742711,36,17,34467,64819,34502.706561467196,2.452777664031195,Normal
1.378329074344169,3598,17,57403,22,282961.7972892348,2610.407098690845,DDoS
43.849811486068845,1373,6,31445,80,78325.35543330038,31.311423093260146,DoS
0.15904487699161868,105,6,681,56426,8552.109705940342,660.1910227233114,Spoofing
1.25659213593638,4014,17,43543,22,457918.56785284664,3194.353907848445,DDoS
3.2255768820600346,72,6,507,57966,3033.6542764935853,22.3215885507019,Spoofing
3.5344485932640186,185,6,8895,3389,47298.12926230806,52.341969367605046,Brute Force
4.515129244306474,42,6,57500,9999,5034.533188084208,9.302059304938284,Botnet
29.17940661953849,92,17,60874,22916,89735.35151807529,3.152908528934818,Normal
42.74577194393735,808,6,11440,80,32972.42100676863,18.902454283893192,DoS
6.885575129970045,89,6,50237,19588,53640.683696488966,12.92557242061306,Normal
5.002755844259909,68,6,63002,65531,44288.72781674794,13.592508232841752,Normal
0.937877770460707,228,6,35092,924,9120.0,243.10204077872663,Reconnaissance
17.129545724527425,38,1,36860,32539,5564.924601672734,2.2183892445897513,Normal
47.15656991275313,927,6,1809,80,43868.134883565246,19.65791832856147,DoS
2.0542255038969643,50,1,490,65163,3017.4175855350186,24.340073621492675,Spoofing
8.730605505193227,199,6,57948,8080,74998.10630925163,22.793378979456673,Botnet
26.684906913135432,1535,6,20715,443,81606.24067417352,57.52315363125395,DoS
17.91789978297799,33,1,50182,40895,22908.205355475926,1.8417337076162246,Normal
1.4071041404813875,1672,1,61915,22,122953.10621339396,1188.2560443806158,DDoS
45.519690399452095,1072,6,17017,443,48201.55211149687,23.550248048543477,DoS
29.157619978869864,28,6,24399,10105,23822.072449331088,0.9602978576540617,Normal
0.01651226073115823,3604,17,25621,22,402148.41749092,218262.05742980674,DDoS
1.7704890760298664,25,6,14910,23634,18351.40464420689,14.120392121288793,Normal
16.169035061527953,76,17,5278,62600,43772.74694007394,4.700342334022875,Normal
0.6213673051879774,4102,1,52732,22,389421.0829581567,6601.570384780792,DDoS
11.098281354405128,35,1,54540,39201,27001.109245389252,3.1536414407180087,Normal
15.563443829521685,1010,6,9118,80,54952.59757674014,64.89566262218717,DoS
2.4630433189470464,130,6,763,37207,7763.522462806045,52.78023289317345,Spoofing
13.082110340988812,440,6,29087,22,49439.28101671916,33.633717231492376,Brute Force
23.107198895920124,86,1,64689,13132,69477.1519898766,3.7217838642997276,Normal
12.137084508972501,84,17,32272,60567,61920.99279521706,6.920937226555676,Normal
25.871471451038403,28,6,10723,38623,24021.416424806634,1.082273192423161,Normal
2.179653879921444,32,6,846,61279,4401.25585305027,14.681230031418243,Spoofing
35.49749544741241,103,6,24072,8080,10846.642834272066,2.9016131617676755,Botnet
1.0178051679702074,22,17,59309,19059,9278.36500778203,21.61513882256488,Normal
0.3088963497127135,165,17,5826,105,6600.0,534.1597599112353,Reconnaissance
25.021009552817965,39,17,45248,34473,37766.16681817937,1.5586901047167245,Normal
15.339632579632646,525,6,64398,80,33127.06572533097,34.22507007743289,DoS
28.480952551620966,115,6,18213,6667,33005.52645427962,4.037786299161363,Botnet
11.503247982140156,411,6,41944,23,118073.39295752668,35.72903936680449,Brute Force
11.15751435006167,128,6,20174,8080,20238.959847685423,11.472089211276034,Botnet
8.145027136725062,251,6,55921,3389,22886.94848105429,30.816349139988453,Brute Force
1.144348918146414,2451,1,48674,80,164229.39841015142,2141.8292630276305,DDoS
3.894722032071809,186,6,53470,22,43833.0618502578,47.756938356151885,Brute Force
23.1010207324175,72,1,32481,28746,41039.54124695985,3.1167453955384277,Normal
1.3111001706453576,229,6,51013,3389,31450.36374192187,174.6624744067269,Brute Force
7.65826768839451,1400,6,64180,8080,73680.61153792693,182.8089663308045,DoS
5.973400054144973,175,6,33063,3389,28077.762722556465,29.296547764043797,Brute Force
43.92681682039721,1471,6,31221,80,59836.1779366072,33.487516430212814,DoS
1.7717913659009945,114,6,764,33788,9173.250098846778,64.34166132310308,Spoofing
34.66752037039926,1293,6,12163,443,81056.65899436607,37.29715844067185,DoS
33.36505970993304,39,6,23568,8080,9487.034040559402,1.1688874630843054,Botnet
21.357954495228157,99,1,16915,35527,13245.690048606408,4.63527535008649,Normal
14.324921258214811,57,6,37514,41940,21853.0355189005,3.9790794638618077,Normal
22.99599784376001,80,17,44818,4802,63581.56011335201,3.4788662159188752,Normal
4.702057698056847,92,6,43608,47728,72470.12061396662,19.56590197479277,Normal
6.2462481883437,417,6,9758,22,41350.02657714904,66.76007539664778,Brute Force
23.59559275895491,70,6,31672,15225,64726.08972507471,2.9666557104582107,Normal
0.9348921801003989,267,6,35274,498,10680.0,285.59443076240797,Reconnaissance
0.10286499855227517,3815,17,14356,443,395945.16512587474,37087.445231054444,DDoS
1.0828117109813113,21,6,56328,46629,9090.028296735409,19.393953525833677,Normal
8.661976534323102,35,6,38034,8080,2147.892878002981,4.040648212485039,Botnet
1.7696228429839633,137,1,763,35861,25301.835939631175,77.41762632821164,Spoofing
56.22026833760516,1728,6,24873,80,85338.40855616769,30.73624603894248,DoS
57.47112487846766,1651,6,41053,80,79941.99418024358,28.727469724862992,DoS
2.5940654882943908,123,6,22631,9999,15038.223088188532,47.415919357098815,Botnet
22.94245503372394,25,6,63378,20379,4057.0247806684242,1.0896828592777712,Normal
2.224795213488974,27,17,10917,582,1080.0,12.135948439792799,Reconnaissance
1.893642375424987,89,6,18129,831,3560.0,46.999370712765064,Reconnaissance
1.056907039978447,45,6,183,48827,1905.2931096721252,42.57706524588734,Spoofing
13.015724977042963,37,6,9302,29621,7111.592521336882,2.842715259062428,Normal
4.595579605218538,30,6,402,32507,4437.618138077941,6.528012258983245,Spoofing
2.6992806036718475,45,17,29454,33925,8359.636851875906,16.671108568255644,Normal
6.828336247945993,77,6,52440,28018,42386.422720954295,11.27653899925653,Normal
0.03892918421608278,2886,1,27463,80,314477.20896993636,74134.61283906661,DDoS
48.87386154180572,1072,6,60879,8080,50201.69325421791,21.934014751075743,DoS
4.849427545556646,139,6,9854,23,18888.166839189373,28.663176982066812,Brute Force
20.250816972038418,19,6,32172,8080,3471.090523764659,0.9382337525559833,Botnet
28.683764319579886,23,6,11672,8080,3763.6387126848854,0.8018473357870927,Botnet
0.678021148772689,3377,1,45436,80,396582.08591697324,4980.670597241446,DDoS
0.7247332643845242,3183,1,32537,22,249277.4034414619,4391.960679082594,DDoS
1.1607598473872853,1321,17,44306,80,145078.6572590263,1138.0476357563484,DDoS
2.293975432594289,39,6,20732,630,1560.0,17.00105391098036,Reconnaissance
0.8214164542476183,20,17,60332,31098,19873.59405969554,24.348185255576755,Normal
8.02017045998174,445,6,59140,23,106767.51841159444,55.485104988780144,Brute Force
35.4062004820229,1607,6,49698,8080,90651.64182621546,45.387530379486385,DoS
0.8316853602214239,2646,1,25529,80,179449.4102049271,3181.4916151650687,DDoS
38.75137794799334,193,6,54929,6667,32046.06983818487,4.98046805610416,Botnet
11.40242275556507,1731,6,44542,443,100556.95821577517,151.80984226840454,DoS
13.338973364280493,422,6,43188,3389,34252.28511500543,31.63661763730966,Brute Force
2.2252522189417787,218,17,23206,246,8720.0,97.96642292695708,Reconnaissance
0.07851379984949458,2831,17,65234,80,231794.31126140122,36057.35559133334,DDoS
1.0153969316732139,2087,1,43875,80,154315.11307475573,2055.353857097986,DDoS
50.25705380048824,618,6,36695,80,29843.70155508975,12.296781312596487,DoS
1.3321633427648665,247,17,31436,486,9880.0,185.41269833124116,Reconnaissance
22.998836507308347,5,1,11675,29214,4753.08320223565,0.21740230199954455,Normal
1.0474428606326156,72,6,32,1255,10911.105220727637,68.73883312022838,Spoofing
3.780163576946316,110,1,672,40691,20552.53837261235,29.099269849285193,Spoofing
19.537090187029733,94,6,13655,6667,18873.419609218392,4.811361318401685,Botnet
7.615719765165317,76,1,21719,64680,48183.13478323848,9.979358792536956,Normal
42.17036100206781,118,6,64588,9999,19324.376637730897,2.798173816776525,Botnet
2.399799094787455,190,17,56982,155,7600.0,79.17329430313328,Reconnaissance
3.28859853801462,41,6,58576,38097,34057.02325935786,12.46731686037675,Normal
3.5716804919031193,45,6,28479,44298,6471.301205061005,12.599111287253578,Normal
2.3027634700420347,292,17,32383,682,11680.0,126.80416542940462,Reconnaissance
0.8370430284106539,20,1,55078,30512,5429.8307400320755,23.893634283025154,Normal
14.345686714092158,158,6,44151,23,45865.445916483055,11.013763450221752,Brute Force
41.261031003351775,1882,6,30251,80,90515.97156520496,45.61204493041191,DoS
12.603428464268193,13,17,15240,56564,8796.914804684731,1.0314653696695404,Normal
7.9630948830340476,239,6,2041,23,64717.95977025787,30.01345626424807,Brute Force
0.6336409529984972,2606,1,38042,22,188707.09244065548,4112.739221901556,DDoS
48.85969060419706,779,6,24531,443,37214.11132210151,15.943613034935666,DoS
0.8825318195784769,4687,1,8888,443,558177.5690169464,5310.856669438444,DDoS
39.86361121207863,1012,6,29597,80,48703.01836161433,25.386561057302433,DoS
6.311295147248746,51,6,48345,60062,28854.692999506897,8.080750275517094,Normal
0.5082775325183724,1508,17,21969,80,110519.72207650177,2966.8830580180943,DDoS
1.6615077719832148,177,6,47194,723,7080.0,106.52974544243548,Reconnaissance
1.0141406123859593,3221,1,33140,80,309105.12218694115,3176.0881683083207,DDoS
3.6557117718549454,94,6,428,59537,12893.923493535982,25.713186888446472,Spoofing
0.9272665129892951,3954,1,24196,22,399098.9593389703,4264.146223994662,DDoS
5.709745782542461,68,6,13801,8080,23390.68676497206,11.909461925241908,Botnet
15.645075862707467,84,17,54431,39766,15707.075132238344,5.369101481970272,Normal
0.3333555227891852,166,6,33260,917,6640.0,497.9668511596215,Reconnaissance
44.086155738677114,1935,6,52721,8080,81660.59372286615,43.89132977413156,DoS
27.757687665761985,80,1,58549,7210,53784.219941104835,2.882084450380096,Normal
27.705419268276334,68,17,30011,37445,35109.74293252665,2.4543934651031383,Normal
24.427837420514468,85,1,59942,62659,22331.706024595464,3.479636716781859,Normal
26.947817026913476,1395,6,19977,443,80191.60620320188,51.7667163394637,DoS
0.9204037801967418,1769,17,20681,80,167228.76905524792,1921.9825451193449,DDoS
14.083918045899942,381,6,41269,3389,30640.5744919237,27.052131286074566,Brute Force
0.23834580160704366,3320,1,18551,80,253579.9977750267,13929.341224451786,DDoS
2.8857418135012582,79,1,63564,50223,55323.08066272151,27.37597647523069,Normal
3.992564948470531,91,1,269,39238,13183.024416061196,22.792365603184546,Spoofing
40.25398980601323,120,6,52981,9999,37392.225975249065,2.981070959134444,Botnet
24.00371314729107,55,1,2611,32055,54591.28595886911,2.291312167518008,Normal
19.579753020070342,71,17,24645,24945,60133.35696477014,3.626194872183578,Normal
9.889412016935813,17,17,2550,10322,11683.601380441993,1.719010186944094,Normal
4.775555616026979,130,6,52016,9999,33311.23203541334,27.22196335934486,Botnet
2.639436325924729,65,1,867,8824,9857.326368097627,24.626470190459013,Spoofing
18.494913079253976,1369,6,45954,8080,72276.23933033421,74.02035327949868,DoS
7.345250311398983,463,6,2387,23,45130.09804457424,63.03393082213649,Brute Force
13.126353565088895,500,6,36162,22,87403.04049631124,38.09130978536261,Brute Force
59.15835642093522,1543,6,38510,80,92103.05022919003,26.082536658404464,DoS
1.7444035930569532,178,6,36214,23,16870.589888370927,102.0406061466926,Brute Force
6.546251035852278,84,17,37131,11277,41516.69152684197,12.831771885916343,Normal
25.793010002821852,99,17,7597,9092,61153.80500765945,3.838249199654055,Normal
0.2836008467824379,4656,1,38783,443,360317.6616939812,16417.44040197388,DDoS
7.318389888455284,40,17,49694,14668,21492.961961397443,5.465683109217747,Normal
59.653391656993705,1363,6,12300,80,61300.89153325191,22.84865893019518,DoS
2.5868295998635635,106,6,31182,959,4240.0,40.97680032948082,Reconnaissance
26.78972383527058,30,17,53206,55520,19249.533780945945,1.1198323724600276,Normal
18.108118351899932,40,1,32963,10041,12590.967079387414,2.208953974271056,Normal
30.230332992520808,1427,6,13938,80,71069.10817801433,47.2042435110804,DoS
1.6078106646235744,45,6,57835,44,1800.0,27.988370142161944,Reconnaissance
0.7801448573604399,1399,17,30273,22,140814.20990709407,1793.256709700566,DDoS
50.43259525954854,1695,6,4146,80,70131.95133876403,33.609216247483936,DoS
11.471918938219195,41,1,18660,27279,20196.94416223256,3.5739443610786616,Normal
2.2698231857102313,21,17,55441,28342,17413.823072214833,9.251821962259614,Normal
2.359545467583387,140,6,41268,966,5600.0,59.33346143288606,Reconnaissance
1.5505901646653182,91,17,33771,286,3640.0,58.68733213565919,Reconnaissance
27.964730384649133,75,1,45586,39647,5114.3735616994345,2.6819496904990814,Normal
0.755600024368812,224,17,6002,507,8960.0,296.4531402538237,Reconnaissance
3.735062145555245,39,1,936,6175,5888.117629579136,10.441593333704052,Spoofing
8.794075588264333,185,6,18746,23,19011.284869165916,21.036889908802006,Brute Force
24.93360438180718,1190,6,47596,80,52305.99932778249,47.72675389316293,DoS
27.479188750673536,1200,6,16644,8080,76228.0403048642,43.66941145489919,DoS
9.372697076337591,579,6,2884,443,26237.233652783525,61.77517477458537,DoS
2.628322022425879,149,1,76,45677,13151.141619368886,56.69016152840987,Spoofing
2.497265940254689,24,1,55359,26426,7739.5294023581455,9.610510283719446,Normal
24.94290779045932,55,1,46306,1354,29792.692390317523,2.2050356142132532,Normal
0.12236842787712672,1552,17,26583,443,159483.4540633284,12683.010045355843,DDoS
5.911703482354811,185,6,56076,6667,56675.77113262518,31.293856424326083,Botnet
17.275164267280648,62,1,50360,52333,24858.72654307052,3.588967319832014,Normal
4.222598652362498,100,1,516,40124,16063.298532749017,23.682099160442608,Spoofing
2.7957315922883477,47,17,33108,59,1880.0,16.811342022118012,Reconnaissance
7.351394068869899,98,1,54816,1895,34619.19604994199,13.330804889781287,Normal
0.291813016684181,104,1,998,50116,11278.174266181773,356.39260092552877,Spoofing
1.103879621676159,4830,1,12251,22,350715.4501599956,4375.477094745172,DDoS
7.138539127907462,489,6,48447,3389,51038.13320944696,68.50141061611605,Brute Force
22.439074185841132,75,17,38375,51704,47183.57813347156,3.342383887091223,Normal
2.306463268594359,137,6,599,20956,10394.949306376042,59.398301228309904,Spoofing
2.2490969566345953,486,6,62237,23,140877.9627471383,216.0867269711748,Brute Force
0.38398329599919134,18,6,16451,424,720.0,46.8770391513018,Reconnaissance
3.309027308197187,131,1,898,5974,11157.073395438938,39.58867298419818,Spoofing
33.172268159614646,1315,6,11179,8080,79365.05074949906,39.64154617563769,DoS
0.40283406338727024,144,1,362,56299,17662.592172330995,357.4672876200232,Spoofing
2.096543785512223,323,6,41817,23,59775.171964959576,154.06308336226107,Brute Force
8.432127615227886,1942,6,15554,8080,119691.293847781,230.3096073276775,DoS
1.1290011676810243,80,17,26487,55333,18560.813269250306,70.85909411796315,Normal
1.3820082338933064,290,17,3776,166,11600.0,209.83956020510115,Reconnaissance
2.8055537157804795,19,6,72,8313,2574.652412618149,6.77228166872377,Spoofing
0.8811884137526799,46,6,431,47884,3853.4867813668175,52.202229718502245,Spoofing
29.013451956115667,74,17,24798,64804,41568.458344105165,2.5505410425456714,Normal
4.486176327211429,93,1,121,4722,7455.443215088997,20.730348790772574,Spoofing
0.3515663525303279,2265,1,2166,80,156232.8245265834,6442.596066711502,DDoS
4.882201951098947,110,1,968,12064,21337.74287573952,22.53081726273937,Spoofing
16.17365788823421,25,17,5027,16442,7641.941544964621,1.545723309640836,Normal
4.726883130988925,135,1,496,14264,12676.379403870678,28.56004607242241,Spoofing
0.6368388203125758,35,17,42315,891,1400.0,54.95896117454203,Reconnaissance
19.80817676889246,48,1,44986,13479,28193.88066757148,2.423241702657919,Normal
1.8052365542391686,178,17,16217,285,7120.0,98.60203616086177,Reconnaissance
0.07749333336844484,4601,1,44442,22,349383.50383983075,59372.8492504559,DDoS
14.698079135846552,550,6,38615,3389,115351.84725628655,37.41985567751008,Brute Force
3.0500644136890482,100,6,30688,6667,34174.370614194915,32.786192826350884,Botnet
55.64762741957351,1738,6,26229,8080,98953.03918682822,31.232239011661356,DoS
26.446717660585474,173,6,61356,8080,16682.707846553716,6.541454490506712,Botnet
12.242645771838228,178,6,53122,23,21884.379208308957,14.539340867760268,Brute Force
0.42106102077834556,2712,17,53503,443,305614.3537263454,6440.871669827751,DDoS
0.29234750357138056,3384,1,41990,22,398189.3006480506,11575.265595431196,DDoS
4.899375803557009,52,1,697,29237,2470.2613343711723,10.613596932541352,Spoofing
6.629298491753955,545,6,13157,3389,121125.25962641045,82.21081019023566,Brute Force
40.852374479014195,136,6,20004,8080,28482.103905949156,3.3290598584389017,Botnet
8.324697667626635,182,6,64137,9999,60301.20029743151,21.8626558304655,Botnet
0.5530451734300688,3184,17,11378,80,316099.51346502115,5757.215057591691,DDoS
13.77680597295601,478,6,22191,3389,109106.20919320142,34.695995642118945,Brute Force
21.51543524909812,11,17,13081,40792,5909.253507253625,0.5112608633125884,Normal
53.339634950522864,1113,6,5822,80,45422.54920796688,20.8662845374252,DoS
5.143762690559142,98,1,38505,52415,26081.659770974475,19.05220086841664,Normal
0.8266494334103678,3665,17,53296,443,270778.43489548174,4433.560166950008,DDoS
1.065728998272141,1356,17,35317,80,89919.8999033362,1272.3684934898772,DDoS
0.7891344616562248,4597,17,32133,443,444545.89019889163,5825.369722609602,DDoS
2.4742349760488778,23,1,178,58457,4441.820473936187,9.295802630972767,Spoofing
0.6687384284115662,1148,17,62751,80,122529.08994809787,1716.6652180087947,DDoS
0.49592748886299387,1249,1,24415,443,149431.36607354175,2518.5133473112473,DDoS
14.019271886798684,41,17,12390,43026,2899.3831095685314,2.9245456062955633,Normal
1.4654564496849947,3903,17,28415,22,436842.904091036,2663.3340082122295,DDoS
5.6873008086578585,9,1,5500,20808,7881.946275395098,1.5824730048214035,Normal
20.74916414036437,23,17,5867,5669,6941.648985669986,1.1084783871007589,Normal
3.3822282926427976,132,1,111,26222,6658.867590437786,39.0275252226863,Spoofing
4.439730783808223,130,1,624,29319,24339.73739056357,29.281054714874227,Spoofing
1.664099285545101,142,1,94,62642,11743.757752518066,85.33144700767403,Spoofing
17.613459930577836,1906,6,9072,80,106630.57699656195,108.21269685299535,DoS
1.0718973959056535,4256,17,3883,22,298317.66787913535,3970.5292841056644,DDoS
6.617310355483791,224,6,6545,23,64720.50107382643,33.8506111949805,Brute Force
8.953834027281745,1414,6,36420,443,89965.10482214647,157.92117607849718,DoS
59.596011098899375,1902,6,58828,8080,107236.43872205647,31.914887673331652,DoS
14.34192272956043,82,17,34018,33608,78733.77096403536,5.717503959980772,Normal
0.32012658260701127,1620,17,27100,22,146287.69355735232,5060.498215447227,DDoS
1.0850132600604585,1794,17,41118,443,119599.57905736653,1653.4360141368556,DDoS
0.2659307292720635,4468,1,8793,22,429626.23547032685,16801.367830751748,DDoS
31.438719156847966,1284,6,62063,8080,67904.07088647172,40.841358504273536,DoS
23.0117854880222,696,6,46305,443,28854.830299038287,30.245371458128403,DoS
4.534936641547267,46,6,32,50866,2857.615562650581,10.143471372580267,Spoofing
24.72472604126052,184,6,20057,6667,29226.18034175135,7.44194292357139,Botnet
13.747731511502352,206,6,12284,3389,43919.11936137042,14.984290304741943,Brute Force
33.186661735924034,18,6,56759,8080,6911.29092747244,0.5423865811882876,Botnet
2.8197284484226564,39,6,46303,586,1560.0,13.831119100073778,Reconnaissance
25.668709946018286,66,6,23627,58221,61567.883328327254,2.5712238807014094,Normal
25.86349982162965,51,6,62885,13075,17227.374355509823,1.9718909023035116,Normal
19.528226927487335,80,1,53832,34421,51702.63844317778,4.096634082400715,Normal
0.3582402634783429,112,6,623,39448,21232.19973095261,312.6393412971874,Spoofing
13.230788099604087,137,6,60547,3389,12036.041065754902,10.354636395703407,Brute Force
28.14079464645916,83,17,45687,65085,45905.89190102726,2.949454734407919,Normal
0.10005983188104599,133,6,37447,5,5320.0,1329.2047118179673,Reconnaissance
5.9485926051354605,31,6,3273,45278,22777.443716778835,5.211316702582303,Normal
2.1898272008889212,189,17,15272,123,7560.0,86.3081798980663,Reconnaissance
1.4647062211648532,4678,17,62603,443,440878.05308184895,3193.814522259402,DDoS
5.271574559255446,13,6,10208,30441,5158.886029006399,2.466056365868059,Normal
21.21978138079439,1472,6,49654,443,72895.29294950614,69.36923494095365,DoS
0.5007307759759945,3410,1,23493,22,392428.7813714323,6810.046762860605,DDoS
0.15590892047851082,4313,17,36375,443,354131.868313937,27663.587091506208,DDoS
0.08353752436675556,4211,1,1680,22,529465.2971988077,50408.484473545184,DDoS
7.581676724930564,233,6,19027,23,54793.23677953946,30.73198824658854,Brute Force
20.537824570094468,1161,6,55612,443,57809.71011906675,56.529843072598595,DoS
0.44914277812423864,4639,17,16187,443,404061.68991555367,10328.56415809227,DDoS
3.94783250105106,82,1,137,43767,5158.877880421576,20.770891363341413,Spoofing
5.579525598849825,161,6,18791,9999,48698.04907830234,28.85549983553958,Botnet
0.6391662988707447,4722,1,57245,443,324964.32489648263,7387.748710065995,DDoS
0.836044047766704,2589,1,26026,22,304948.78770066315,3096.726789594289,DDoS
22.567970666434576,50,17,18706,16521,44298.423384618116,2.215529288788255,Normal
11.003230465739222,39,17,5622,37762,23992.73285886671,3.544413626655769,Normal
1.750783369377384,108,6,684,23596,10655.235586121002,61.68667231423789,Spoofing
5.593409411396767,97,17,34310,26225,47094.57272487651,17.34183802143271,Normal
25.13078940783239,1333,6,3643,80,71604.98840497731,53.04250409199444,DoS
10.502897434449517,155,6,43678,9999,14168.684598702066,14.75783239504937,Botnet
20.93865415720645,54,6,47539,29265,22383.63818293486,2.5789623150834093,Normal
49.079293206822854,847,6,30932,8080,41006.41032983746,17.25778723892162,DoS
0.04069046088546734,2270,1,32029,22,244331.2050466795,55787.03093065072,DDoS
1.024180270990713,116,6,10972,607,4640.0,113.26131081180712,Reconnaissance
45.22565933557358,1241,6,8522,80,52668.34468330067,27.44017485277113,DoS
9.154650945757489,525,6,34556,3389,81062.07334680462,57.34789923839741,Brute Force
7.395891901197748,581,6,30176,80,28316.938707537774,78.55712438224096,DoS
8.298746398231863,28,1,29372,64065,20884.757770791344,3.3740035731138502,Normal
3.057153898807746,58,1,892,48322,5340.660094233533,18.971894094902883,Spoofing
0.11243807045561915,13,17,16118,517,520.0,115.61920217344247,Reconnaissance
3.0528987617380423,112,1,1010,48589,18052.863878047905,36.68644417682472,Spoofing
8.814897410602915,539,6,31004,22,56631.67087023516,61.1464858742053,Brute Force
5.416222525146569,531,6,38133,3389,90908.3017663085,98.03880795788214,Brute Force
18.648102954439317,61,1,36051,33166,41334.42892474625,3.271110211533796,Normal
2.171685611892736,65,1,39975,5456,9343.524025543367,29.930667516532996,Normal
3.8159655792255704,115,6,261,9798,17555.127860571585,30.136540178996746,Spoofing
0.15455925092367684,1756,17,64843,443,173360.3047937214,11361.338706714703,DDoS
14.74914661505613,342,6,24326,23,52850.296665058144,23.18778224435587,Brute Force
1.5626266130357407,70,17,8039,700,2800.0,44.79637004518299,Reconnaissance
0.6684198130303092,3566,17,32338,22,434352.2457971364,5334.97052373925,DDoS
28.22575078736898,91,17,9159,10605,69144.0784019445,3.224006358077904,Normal
31.05340136403137,181,6,13682,9999,43956.972919292224,5.828669068427694,Botnet
0.37630058559879503,1617,1,23008,443,174819.6693223977,4297.096687816523,DDoS
5.36271919556956,107,6,43317,23,10997.636257851062,19.952564379727107,Brute Force
1.2248593209452772,3054,1,45385,80,332781.71091967274,2493.347560635041,DDoS
0.9498088142522324,74,1,379,57002,8791.338034670225,77.91041616965714,Spoofing
16.3028895339666,15,6,43561,3298,677.2856348905073,0.9200822939239043,Normal
0.8440908631457851,140,1,628,925,22637.99243824094,165.85892125196509,Spoofing
25.545750376063012,1021,6,36607,80,53051.60542191456,39.967508684211595,DoS
58.06310667599754,1930,6,20997,8080,86154.30435239834,33.23969574638407,DoS
20.988472655174505,59,1,45174,60569,45130.38134788519,2.811066863669764,Normal
5.927402351514253,24,6,64146,6667,4485.513904688646,4.0489912067246125,Botnet
13.522881628247081,528,6,44093,23,78436.54968114785,39.0449324718701,Brute Force
23.727807720264472,67,1,54123,22624,39392.249155592646,2.823691121821566,Normal
4.599268799313787,81,6,13587,34462,66724.27136202596,17.611495116807532,Normal
2.843647568817402,64,6,11724,54507,33849.812485883915,22.506305177127107,Normal
2.1434957989492394,93,6,701,1351,14070.606524211478,43.38706893924841,Spoofing
3.4274914143037325,108,1,327,2121,4553.61730739503,31.509925757739452,Spoofing
21.808399199098204,1493,6,46412,80,85149.33699978958,68.45986201782921,DoS
4.858583063216371,94,1,10527,56716,52855.40428605734,19.34720447853622,Normal
0.024206565624009784,4691,1,60105,443,569932.9380961966,193790.3985581141,DDoS
16.21487862528192,1766,6,22881,443,106784.40829166883,108.91231694121272,DoS
34.25969415827416,857,6,13869,8080,44857.645727181385,25.014817588294886,DoS
2.311042975693211,155,17,4364,525,6200.0,67.06928500691633,Reconnaissance
29.18399101114448,43,6,24958,10786,19168.464425077935,1.4734105415390104,Normal
1.3832023325122886,31,6,308,48854,5239.224003061158,22.41176093427719,Spoofing
0.29157305004247996,3645,1,54787,443,375385.12777786393,12501.155369019707,DDoS
1.0925199731511395,1275,1,34037,80,115758.9828555482,1167.0267192667754,DDoS
14.268732535385606,32,6,52088,8080,2343.750528826321,2.2426659074757977,Botnet
0.8137514041320117,78,6,709,64843,3259.789920045175,95.85236916819669,Spoofing
1.9412797405855549,280,6,18118,325,11200.0,144.23475099757783,Reconnaissance
23.467911345758413,34,17,13011,37712,32898.38785224596,1.4487867922743434,Normal
8.048672811845435,80,6,35981,57072,6851.824807825346,9.939526909611978,Normal
33.11413758158035,27,6,36611,8080,5395.643206568473,0.8153617147202612,Botnet
55.47685150625149,920,6,47283,443,57749.07950094204,16.58349338545877,DoS
0.6352070111918522,4773,1,5434,80,396835.22863391234,7514.085826987835,DDoS
18.067822591413808,37,17,2211,64510,3719.838828468176,2.0478394567358182,Normal
25.307981334242232,26,1,34995,26012,6403.268880752944,1.027343890317378,Normal
12.871208464799091,507,6,27780,22,58107.81431179425,39.390240736646625,Brute Force
19.02052175228257,95,1,42373,19956,59624.378137857944,4.994605365575708,Normal
1.3154550814431463,4228,1,50252,22,395953.87741778477,3214.0968244705005,DDoS
24.749960131849765,96,6,61217,6793,39680.824071795265,3.878794126882706,Normal
0.4663239378447976,1987,1,3725,80,213932.48882844116,4260.986491886495,DDoS
11.884891230648336,40,17,62875,21697,9225.467562354454,3.3656176757301255,Normal
37.69470527501369,1610,6,7448,80,65333.875669248235,42.71156885970414,DoS
14.69844833693184,86,6,63918,34115,50425.74168807159,5.850957735716454,Normal
6.2459064732530685,561,6,2305,22,118164.00782282333,89.81882812404861,Brute Force
27.428518614103947,8,1,63721,50443,1220.9264404559756,0.291667228279924,Normal
47.46683496038841,1508,6,57024,8080,90902.81131933437,31.769550281969344,DoS
13.12720397894332,312,6,9685,3389,51651.01138570922,23.767437490913014,Brute Force
0.8543952788953574,71,6,905,3398,13910.161124258348,83.09971011520041,Spoofing
57.548095987753655,1476,6,32282,443,93183.03293734923,25.648111803978633,DoS
1.0439447410344953,4508,1,13568,80,573159.0473174563,4318.236227266977,DDoS
0.11212022608879724,4140,17,11669,80,343351.87577183184,36924.64905235914,DDoS
3.7147574575934073,100,6,474,20232,12287.021158934002,26.91965791618187,Spoofing
2.1060183379102515,143,6,46281,744,5720.0,67.9006433257819,Reconnaissance
3.236019540095437,141,1,988,55415,12464.858662510278,43.57204839246478,Spoofing
56.58243352038452,676,6,44539,8080,42015.44572875683,11.947170843340675,DoS
6.722185719144051,39,6,34421,8080,8835.701067657297,5.801684396926473,Botnet
32.43343448957431,1487,6,60861,80,67256.25747928991,45.84775011964874,DoS
11.732947554553895,38,6,55247,50341,13541.894094237168,3.2387428498520054,Normal
38.471324659188674,1431,6,48464,80,75702.33765245398,37.196535671100506,DoS
1.8140876287591454,170,17,39169,704,6800.0,93.71101886422198,Reconnaissance
26.20306179552903,9,17,36893,25306,4662.111751833152,0.34347131149137883,Normal
1.0619015285445408,86,1,494,1121,13208.218032822695,80.98679367932823,Spoofing
12.49454482413536,68,6,38658,40975,44303.50313463172,5.442375129076036,Normal
38.056051031061855,535,6,23432,80,24903.45859633889,14.058211125566494,DoS
9.636186717456763,95,6,22020,40820,53070.21930170427,9.858671566409097,Normal
22.04332109266362,1815,6,52623,443,76522.98921288126,82.33786516878628,DoS
27.37497290812349,44,6,52234,9999,7458.922333231612,1.6073075267571517,Botnet
1.0157032165329547,2245,17,50112,22,198350.8535465875,2210.2913168505856,DDoS
0.7786899580642965,80,6,656,32259,15562.212722092405,102.73665297914935,Spoofing
35.94898761049564,25,6,16546,8080,7163.7778768301605,0.6954298761031317,Botnet
2.037444423454012,143,6,49581,162,5720.0,70.18596353051772,Reconnaissance
20.24006261269004,63,17,27425,29706,5256.799457870654,3.1126385923579356,Normal
0.8744961919569664,3230,17,32962,22,250492.56879730106,3693.5552489620754,DDoS
20.063912398030983,15,6,51236,46777,5480.525416994151,0.7476109196664983,Normal
1.4188805367854662,298,6,21016,498,11920.0,210.0247288437204,Reconnaissance
0.7637222286886711,267,17,45564,645,10680.0,349.6035469053261,Reconnaissance
13.08636299517111,502,6,32080,80,23650.168784962356,38.36054373436217,DoS
7.575483733401246,416,6,27010,23,101513.64409036265,54.91398498630583,Brute Force
6.834484983188888,656,6,62639,443,30743.70559869567,95.98382345028115,DoS
2.7006578799447323,83,1,675,10886,11406.250203029756,30.73325229987982,Spoofing
16.076491803394,62,1,52326,6480,60749.27386679934,3.8565627848552646,Normal
3.5221338402543907,145,6,26776,6667,40857.88714215105,41.16822544981061,Botnet
29.69098862402483,39,17,27218,36791,15854.21769829453,1.3135298556021362,Normal
11.741697882425614,263,6,7922,23,39211.206842394364,22.398804894617946,Brute Force
11.863847708355976,33,6,14595,6667,12392.091862190277,2.7815596433151577,Botnet
41.90650036951695,31,6,56091,9999,4785.502530350113,0.7397420382673996,Botnet
9.338824455373752,78,6,11678,10127,17185.776516669455,8.352228952661937,Normal
1.224109353976033,4281,17,34935,22,517866.68477154523,3497.236571303758,DDoS
0.9244663768237519,3316,17,13779,80,325971.5326112456,3586.9341310097107,DDoS
0.8200388534739541,3551,1,32081,443,412320.4916360381,4330.282626191182,DDoS
25.54591286843007,90,17,28589,9653,85860.24633460725,3.5230684635749707,Normal
0.5098182558195159,66,17,21987,950,2640.0,129.4578984699306,Reconnaissance
44.667368760144804,882,6,10675,8080,39519.70808451373,19.745958279659828,DoS
1.2848255110616602,1327,17,49575,80,90947.3197559867,1032.8250712452702,DDoS
0.05449511664795695,3743,17,1889,22,314324.0805426173,68685.05345497461,DDoS
0.8325013853258653,2867,17,61582,443,351288.0555029749,3443.8381131074907,DDoS
2.5605512576311433,111,1,827,34912,4710.9302903605785,43.350040218562164,Spoofing
49.6256684018001,1002,6,37250,80,62591.755881396,20.191163812388144,DoS
0.5369538284566592,121,17,2224,567,4840.0,225.34525984810378,Reconnaissance
31.301602064095206,1834,6,48465,8080,108574.67738506144,58.59125025756131,DoS
2.4092789367450758,269,6,8469,424,10760.0,111.65166303384436,Reconnaissance
9.928870242120697,362,6,18611,23,66865.86429793946,36.45933436256498,Brute Force
22.639369766490073,19,6,35881,39214,12743.319175510322,0.8392459770732253,Normal
1.0287146483095362,130,17,18866,547,5200.0,126.3712927716409,Reconnaissance
14.765436799115285,19,6,49818,15264,14100.471541996301,1.2867888880292686,Normal
9.956218582131669,177,6,34800,23,14392.25949740047,17.777833877377926,Brute Force
0.7160950833382759,4249,17,35471,443,443595.51098181197,5933.569575973218,DDoS
14.522764186578847,194,6,27675,22,29122.453941480206,13.358338502754476,Brute Force
13.142798378378323,116,6,2701,3389,15719.303531745167,8.826126419989494,Brute Force
5.062893147991058,167,6,38707,3389,22359.043299401343,32.98509273620857,Brute Force
13.134053212710356,116,6,19016,9999,20745.897385615983,8.832003199723761,Botnet
1.2691966836251,4665,17,36528,443,382721.83087951544,3675.553253634221,DDoS
5.619138261835189,47,6,9331,36373,23493.074845158637,8.364271852718211,Normal
1.2643925088828845,2794,1,52298,443,184031.11024443107,2209.7568439950296,DDoS
22.283186406249268,6,1,40959,37668,5888.961998099288,0.26926131167297124,Normal
4.421421840003779,68,6,886,7031,12659.299574205917,15.379668002893359,Spoofing
1.4308900073014055,1025,17,53322,80,121480.08177449986,716.3373807698218,DDoS
1.8837286436089862,164,17,38368,89,6560.0,87.06137190004007,Reconnaissance
0.6662003103155627,75,1,553,20450,14391.06852991021,112.57875272449864,Spoofing
14.054701620011258,563,6,7698,23,118145.8246945079,40.05776965043453,Brute Force
19.84962242121477,62,17,14339,54159,31948.692121756383,3.1234851063834834,Normal
9.116267363614313,143,6,49641,23,30302.062212542183,15.686244632397992,Brute Force
0.34848209401826996,244,17,46337,372,9760.0,700.1794473468922,Reconnaissance
58.56720050609275,1003,6,20034,443,56363.66868894705,17.12562648261902,DoS
1.0241446749351866,140,6,861,48238,9603.205906610308,136.69943654089687,Spoofing
30.44585059538213,179,6,34054,8080,42533.80059154461,5.87929049442126,Botnet
24.382534878689754,71,17,4424,42360,3643.8249072868857,2.911920370595009,Normal
47.32692955905118,1108,6,56973,443,68680.35555274824,23.411618085587325,DoS
0.38441072558015116,4727,17,55151,22,550995.1124140107,12296.743262993066,DDoS
26.859396954309073,28,1,21701,4478,22825.793584286832,1.0424656982296074,Normal
1.2546949521882482,1417,17,57362,80,116408.26446778874,1129.3581738961202,DDoS
7.916369264881083,37,17,4185,14616,13399.236590849314,4.673859791273368,Normal
12.636572856048291,79,17,57573,37427,33640.27491837335,6.251695052127043,Normal
6.0917798749124685,34,17,21151,24943,3321.7979674724347,5.5812916254608655,Normal
1.1319200186075054,297,17,35007,186,11880.0,262.3860300353828,Reconnaissance
42.20163712034896,1053,6,14513,443,63893.39923606202,24.95163865319007,DoS
2.21016235545362,68,6,7391,242,2720.0,30.766970504320028,Reconnaissance
0.9288727663160509,3052,17,11066,22,282792.1374002445,3285.7029624244046,DDoS
0.25199068788107687,3270,17,57956,22,258788.4561010011,12976.670001167766,DDoS
56.93667195897953,1075,6,48751,8080,64746.36024469261,18.88062584294516,DoS
1.2778741707320571,4978,17,61051,22,335933.7326656287,3895.5322159366033,DDoS
17.293214977724233,29,1,65505,1586,9452.315261321377,1.676958277414323,Normal
2.588300767568345,16,1,881,24560,3056.056742168569,6.181661807036308,Spoofing
8.12770630813976,8,17,47417,3377,5207.608134754617,0.9842875341088709,Normal
4.175525952135241,128,1,958,47430,9563.927061759941,30.654820845873214,Spoofing
3.951702284751712,136,1,846,779,11068.898762146127,34.415548085385424,Spoofing
11.421703688759806,12,6,45273,8419,7015.020673744688,1.0506313529924,Normal
20.337423169205618,82,6,54659,38397,38093.79284800024,4.03197589575469,Normal
13.782630395677923,159,6,41856,8080,12655.3446650796,11.536259439262087,Botnet
14.510186720974898,1840,6,14026,8080,104216.55662641028,126.80746536088515,DoS
28.23389871607446,28,17,65027,38257,14136.3230223461,0.9917156777239095,Normal
1.8808109246874123,288,17,26175,108,11520.0,153.12543978755608,Reconnaissance
27.418222693409454,72,6,6310,43088,69337.85477763585,2.625990780113793,Normal
0.5142784995497544,97,1,135,26872,11007.846126261702,188.61375710810879,Spoofing
1.9539045930527117,247,17,2007,949,9880.0,126.41354182708373,Reconnaissance
26.372151874071825,6,17,20809,15755,2231.378940992279,0.2275127198057353,Normal
9.249627780966838,56,1,16806,35987,28723.080821396594,6.054297678359817,Normal
16.577879832516047,25,6,56708,33900,14601.331666682645,1.5080336118111262,Normal
1.3525487044761346,2526,1,30942,443,216082.5827245263,1867.5852423209878,DDoS
19.974958301653622,72,17,24730,20322,6816.453216916457,3.604513156557603,Normal
1.4601439161614824,119,1,1014,31129,15036.202318378955,81.49881575566512,Spoofing
14.821404211010972,26,6,65029,37189,17483.476431139574,1.7542197506957091,Normal
54.985774728995615,1415,6,45054,8080,87653.1671888506,25.73392858378385,DoS
2.6233207188162484,264,17,11977,338,10560.0,100.63580793092191,Reconnaissance
13.70567204044846,250,6,23669,22,62322.180024116446,18.240623244317746,Brute Force
0.18772617596861557,107,6,662,36324,4733.988829349719,569.9791169127552,Spoofing
0.7816755381919077,2217,1,42788,22,180510.52682809782,2836.215145133157,DDoS
4.516226416166245,96,6,585,21736,5475.151716721868,21.256684486933434,Spoofing
56.584684801668395,726,6,8850,443,45604.7695338456,12.830326837458923,DoS
0.47375529555206564,4465,1,19539,22,415763.3435331153,9424.696762063522,DDoS
29.382076422576144,55,17,30564,14232,3357.8307620269084,1.8718894883051884,Normal
13.545948335463006,103,6,9457,3389,20909.011073735175,7.603749656297461,Brute Force
0.5625575901617322,3199,1,7266,22,216422.08453195365,5686.52891000956,DDoS
13.929359890904964,21,17,26212,4191,16878.900994462878,1.5076069657523703,Normal
0.8341222092631381,1317,1,12007,80,116652.05350850485,1578.9053275100243,DDoS
0.1313846571439242,3689,1,58314,80,320013.53906415135,28077.859928187176,DDoS
12.383223027829457,211,6,51942,23,40074.34835429944,17.03918273342964,Brute Force
11.481840054443907,190,6,11240,6667,41543.77312555481,16.547870297710933,Botnet
20.450678038905316,162,6,64608,8080,49258.983916483565,7.921497746520268,Botnet
21.313622161925757,64,1,36825,33213,31767.698404598603,3.0027744469604216,Normal
0.8765525521715617,3117,17,25038,22,396345.3170426172,3555.976184517378,DDoS
28.86997133546097,996,6,34444,443,62007.93835373194,34.49951468350139,DoS
29.769846527972724,76,17,58363,31542,58246.17150128886,2.552918770628794,Normal
0.715818431829479,1602,17,51687,443,154898.75453495095,2237.9976943393735,DDoS
35.493728369629046,98,6,31457,9999,19239.819991861445,2.761051163164244,Botnet
25.545803371371786,15,6,32426,25394,2315.144264908635,0.5871805940857563,Normal
16.47867433181958,1777,6,21396,443,108531.84342516481,107.83634436956454,DoS
5.9789610117784555,69,6,9378,54562,53235.59924288009,11.540466623560704,Normal
12.15259796014139,83,17,46084,51152,70933.05182245771,6.8298153425487245,Normal
3.0062046672454104,49,1,2410,55573,6521.13522506686,16.29962208956943,Normal
2.7091977029299876,181,6,24965,339,7240.0,66.80944687213086,Reconnaissance
8.105047814137066,526,6,2637,23,85711.19809817597,64.8978281266318,Brute Force
0.4662997119840796,57,17,9918,783,2280.0,122.23897749682953,Reconnaissance
37.80715099544143,651,6,48223,8080,38649.90804892547,17.21896474237093,DoS
12.458527199250295,89,6,63352,51143,79084.91349402547,7.143701544862837,Normal
30.420648979336832,1203,6,18043,443,57560.39774195775,39.545507422183384,DoS
5.817173106056073,1680,6,61840,443,94164.16044225654,288.8000699602709,DoS
12.94379505189199,448,6,52537,23,70633.5447955526,34.61117842209005,Brute Force
7.708377172224757,84,6,64475,55685,45045.998038662976,10.89723532245845,Normal
13.422570023370096,1648,6,8635,8080,74826.80080159774,122.77827548157022,DoS
1.7586346941345978,60,1,6452,46763,21616.890249645112,34.117375370855655,Normal
0.9916918855865474,3282,17,21565,22,341071.5994631264,3309.495668666104,DDoS
13.261054465187199,168,6,58811,9999,13949.008428731824,12.668675816167719,Botnet
52.103450385533385,1625,6,21680,8080,81879.67686983332,31.187953733889074,DoS
0.3565360249213738,4097,1,52637,443,379477.7763039754,11491.12491761107,DDoS
0.9451325090270677,3859,1,8480,443,403885.5030640417,4083.025356912659,DDoS
30.35137881532252,1424,6,38868,80,77645.64478104924,46.91714365480856,DoS
13.253328103308966,115,6,18667,6667,39287.53255444912,8.677065798385229,Botnet
14.02779822848062,577,6,63192,22,144504.17344466498,41.13261330124621,Brute Force
2.6691139104792065,36,6,33658,782,1440.0,13.487622187520893,Reconnaissance
17.624570792257508,187,6,49140,8080,56502.514697250816,10.610187459552167,Botnet
0.13892946020098426,1484,17,34290,80,109560.14947845311,10681.679737711142,DDoS
0.7371327986925359,94,1,64,50778,12453.716847892583,127.5211198941755,Spoofing
0.5183910284026956,1552,17,14965,80,172188.88372142028,2993.8789735272544,DDoS
0.6044749136919219,4797,17,13869,80,408928.7324469136,7935.8132014140965,DDoS
11.451595139461478,435,6,36134,3389,38293.34230163579,37.98597441687554,Brute Force
8.19751111278714,43,6,36095,17759,26907.600901194885,5.245494566384317,Normal
1.3893417199256217,33,17,54122,146,1320.0,23.752255853777033,Reconnaissance
38.641314460052065,1551,6,37578,8080,76354.917637805,40.138386120468176,DoS
2.1237896336741726,85,1,241,8575,13513.358421704179,40.02279635057326,Spoofing
3.606025310396368,32,1,11,36144,1999.5097787594682,8.874036437776033,Spoofing
2.8172114100123595,355,6,54540,3389,90891.47554438496,126.01113240501981,Brute Force
1.862242513431685,30,1,830,11461,1420.537254512412,16.109609668784167,Spoofing
1.7621893673968287,113,6,133,4232,15037.469395080196,64.1247768773726,Spoofing
7.711445374832412,37,6,8584,16336,16268.289778976263,4.798062905399767,Normal
31.86024022892967,828,6,55464,80,43714.42158465179,25.988504607952112,DoS
6.693848161894639,41,6,25852,40506,34912.77678807477,6.12502689161615,Normal
35.16127307179074,164,6,44527,6667,58790.98750455315,4.66422247184145,Botnet
15.58996779155676,1807,6,63740,8080,91430.7517775878,115.90787256011126,DoS
3.6752869499132803,143,6,1005,42619,21014.588986427905,38.90852658548855,Spoofing
8.951461581491511,35,1,32065,35456,18783.209178462963,3.909976005747234,Normal
10.02239894398693,63,17,6168,1837,8657.145932214884,6.285920202547682,Normal
8.41306075708323,116,6,51984,6667,32534.820560422748,13.788085376934408,Botnet
2.605611098534483,84,17,55322,30459,43055.191080394085,32.23811874582723,Normal
14.139488342727503,81,17,13752,39903,6609.755166346413,5.728637277151651,Normal
5.024341619591808,34,6,26711,36685,17041.03241095709,6.767055780486968,Normal
1.6807649148290977,131,6,61894,84,5240.0,77.94070357145708,Reconnaissance
24.347608780094497,129,6,26201,9999,21271.552632270694,5.298261573245934,Botnet
1.1362655603760097,3251,17,45079,443,398393.3911894733,2861.1269349078825,DDoS
0.3956146829314978,1604,17,37164,443,104640.47835718306,4054.4501233229976,DDoS
0.733861675393057,1231,17,1798,80,93980.44497015189,1677.4278331685261,DDoS
42.283889060747725,133,6,58012,6667,18083.361262066253,3.1454060389034635,Botnet
2.5687367098361844,117,1,544,64021,15734.78704590444,45.547680909446505,Spoofing
6.978280607022913,87,17,47575,26345,50230.546946676215,12.467254456985229,Normal
18.030744365556842,55,6,35754,31230,26115.724811310592,3.050345503487007,Normal
26.57554373144893,70,17,21718,63314,35494.98242519568,2.6340006702163348,Normal
2.179332621017843,77,1,393,17717,5281.399584071521,35.33191732982809,Spoofing
29.272565388964182,148,6,17325,6667,31213.783056278884,5.055928581367054,Botnet
0.3866980724297768,1136,1,31833,22,115537.20928893954,2937.692429812394,DDoS
8.15813175641271,34,17,29497,54165,12828.342483095279,4.1676208493782,Normal
0.7386912625207965,72,17,41732,37873,37479.12625805961,97.4696786777994,Normal
2.3784991601224252,59,6,33349,573,2360.0,24.80555847535518,Reconnaissance
0.8481329038914001,1569,1,2200,443,191029.61071326473,1849.9459139023145,DDoS
22.663631939296305,38,6,35372,6667,12864.831624545937,1.6766950726071437,Botnet
1.8118450033034705,48,1,242,36738,6267.9437132589655,26.49233235319984,Spoofing
0.6984908501939115,2833,17,12817,443,315477.47222184355,4055.8870588118893,DDoS
17.129631227874498,8,6,49030,25552,2875.8043692237256,0.4670269834520347,Normal
14.900587762619175,65,1,20853,21433,47651.157228668206,4.362244029263348,Normal
2.0992713626549357,38,6,1021,11106,3525.257561111256,18.101518782184325,Spoofing
42.32299703218038,185,6,44231,8080,45678.81033680562,4.371146019251303,Botnet
0.41106622225358935,94,6,763,50888,6216.113841172739,228.67361731806514,Spoofing
18.908057076942015,840,6,32658,8080,45785.54186621292,44.425505834989394,DoS
24.598664731181493,65,17,65462,10931,44749.1861665557,2.642419851253365,Normal
2.6801748745868044,264,6,7931,673,10560.0,98.50103532542823,Reconnaissance
42.06272134083637,20,6,60860,6667,4702.867926987583,0.47548041026492277,Botnet
1.1157593262138348,1872,1,30737,80,143997.78707017575,1677.7811809580448,DDoS
0.13630437920469327,21,6,57142,109,840.0,154.0669501782003,Reconnaissance
4.416965861519435,115,1,109,23168,16822.25113285638,26.035972114224137,Spoofing
19.955444951355325,747,6,26800,80,38012.42652399675,37.43339233081173,DoS
42.95027179509408,199,6,27435,6667,76726.09323391937,4.633265208410868,Botnet
13.041235709655087,290,6,60913,23,79091.04154023109,22.23715654378506,Brute Force
2.6736044611041465,14,6,586,41377,2282.0041080390683,5.236376660674135,Spoofing
27.662832799898826,72,17,20127,21420,67170.57026768655,2.602770313540099,Normal
0.45875785650420603,1448,17,43832,22,132530.75070781208,3156.3492144504,DDoS
1.1209951591153993,173,6,3233,410,6920.0,154.32716064226176,Reconnaissance
8.396152401271744,61,17,58116,8203,25942.453653030243,7.265232583291423,Normal
0.8686562134669767,2661,1,50999,443,210868.93820062967,3063.3522891402904,DDoS
0.052291687622472986,2851,17,54095,22,266274.7247129312,54521.09368860278,DDoS
0.6028542188332553,4188,1,49768,80,278237.21509240905,6946.953125923745,DDoS
0.7669523082947085,93,1,753,55958,5501.719901458736,121.25916956529178,Spoofing
1.0642242907907524,241,6,5779,242,9640.0,226.45602255604348,Reconnaissance
7.048392990337104,21,6,48110,59744,18337.818881276944,2.979402543074664,Normal
26.431625734154334,96,17,17127,40198,21465.547481985326,3.632012686830346,Normal
1.2111964558159647,63,6,55881,2517,51424.26938575325,52.014683247696475,Normal
6.854839400098097,199,6,34123,3389,33664.33413178745,29.030585311327965,Brute Force
1.1365259910980228,83,6,816,7007,4631.960938280264,73.02956610768916,Spoofing
0.1483884208499555,1926,1,50403,80,124196.26613329456,12979.449400216308,DDoS
7.466106774433856,500,6,29381,22,117065.07704772019,66.96930744576906,Brute Force
6.935785183121929,291,6,4011,22,82025.82722240273,41.956316742355526,Brute Force
12.216867008950324,246,6,2154,23,27457.18909672711,20.13609543426931,Brute Force
2.691821976090287,181,6,61411,741,7240.0,67.24070224840494,Reconnaissance
0.17775377699833067,3303,1,52469,22,240161.36153982242,18581.883635761053,DDoS
43.261055677658554,20,6,37396,9999,2176.8788258989416,0.46230956888850644,Botnet
44.614728918644154,1595,6,62867,8080,83578.87986100209,35.750525412997895,DoS
14.349952169393541,368,6,45669,23,54675.50720196233,25.64468478054533,Brute Force
8.057592030263283,128,6,45285,6667,27614.408016685447,15.885639223138675,Botnet
24.574750766495683,69,6,20665,6667,12876.531627358763,2.807759909983383,Botnet
0.4820290522370344,62,1,321,3658,10239.768221412201,128.6229527292308,Spoofing
0.6355377225106514,14,1,5916,19387,7586.597815234301,22.02859012789027,Normal
14.906643770432622,972,6,30426,8080,53129.245912207494,65.20582466242101,DoS
0.43359730980363004,125,6,59650,981,5000.0,288.28592146157615,Reconnaissance
2.321703626837884,259,6,29283,525,10360.0,111.55601300961615,Reconnaissance
19.66914622148799,18,6,13972,46528,16626.352961598277,0.9151388574423991,Normal
6.395929561258439,53,6,48310,21424,20507.245613785446,8.286520277057573,Normal
24.950606115507874,76,1,29277,28715,36995.40899363968,3.0460181868192264,Normal
7.851259098267567,132,6,42116,9999,12324.452498446368,16.81258997415162,Botnet
12.909313407240326,523,6,5693,3389,101858.53175613005,40.5133862275487,Brute Force
29.453878114349994,47,6,26440,6300,1900.7492048572556,1.5957151658443747,Normal
16.537427776432647,627,6,17470,8080,37956.30680881298,37.91399777984413,DoS
2.7041437479724784,468,6,36463,23,112825.04964881981,173.06772258349747,Brute Force
42.68175173642872,28,6,51657,8080,5137.6184374766635,0.6560180606669453,Botnet
53.71781111151317,750,6,19847,80,45809.3218688563,13.961849607815736,DoS
27.918856323347786,703,6,60454,443,28434.25962259613,25.18011453829146,DoS
49.192413928890375,1647,6,58213,8080,71953.46808491355,33.48077210402411,DoS
0.04012005703466608,2442,1,58868,22,233028.31981143026,60867.31127749816,DDoS
33.40166648936889,1932,6,40599,80,120192.44672598387,57.84142538561417,DoS
4.191883917408223,37,6,151,18037,4150.901124756721,8.826580298739886,Spoofing
11.858413339802215,351,6,1325,22,102617.38547617815,29.599238105648144,Brute Force
1.9941092916072254,86,1,938,52123,13127.591031289003,43.12702436218285,Spoofing
14.172394790539082,191,6,46606,8080,29549.311224470046,13.476903714783889,Botnet
23.463753346697644,56,17,45472,59815,19947.83084933505,2.386659933410935,Normal
22.36656008658608,630,6,56420,8080,29449.754948804057,28.167049271820325,DoS
23.13482091020917,99,17,15036,11446,84320.23973628109,4.279263729087795,Normal
8.357211704431789,11,17,59563,7122,4392.420510256729,1.3162284729686522,Normal
35.698013340836454,33,6,50302,9999,12115.203796353711,0.924421190751529,Botnet
2.5404217118840933,217,17,55396,667,8680.0,85.41888891315719,Reconnaissance
23.357361892952056,66,17,25700,54988,23111.76391169088,2.825661575244724,Normal
0.6653587874324601,3637,1,53411,22,416890.9554254648,5466.223740780139,DDoS
7.91820370441662,438,6,63800,22,91253.50658176278,55.315576152163416,Brute Force
21.820399028934037,82,17,6798,63380,32084.592843889448,3.757951442192569,Normal
26.479569228164777,1503,6,15131,8080,89161.088031906,56.760742104571186,DoS
21.51816342171562,41,6,40591,9999,14053.34986538204,1.9053670704361216,Botnet
4.4899241527730664,99,1,915,11584,19053.164800056395,22.049370241333726,Spoofing
27.08773343402181,26,1,53628,17696,10658.993963888615,0.9598440586891027,Normal
0.17118923253668708,1987,17,34175,443,208032.5192027655,11607.03842500241,DDoS
40.216873429291695,131,6,53243,8080,28868.14905349638,3.2573392417071143,Botnet
54.020344478123015,1477,6,30391,443,66943.76089490393,27.341550933614478,DoS
10.617298191894559,23,17,35142,32390,7750.72061225989,2.166276164077093,Normal
23.90397713915101,70,6,42656,9999,8911.040752264424,2.9283829880070815,Botnet
11.268223679563986,98,1,52995,52719,71640.32902115199,8.697022954712239,Normal
21.430905613443706,172,6,37655,9999,29684.82032669465,8.025792428113892,Botnet
22.58182886281981,92,17,44517,45431,65992.15380305934,4.074072147073738,Normal
2.7273334387291652,75,6,36049,546,3000.0,27.4993878397748,Reconnaissance
0.7819856621636349,2599,17,14254,22,285922.1468836568,3323.5903492257953,DDoS
0.6208769165733812,1510,17,41422,22,169215.23409872013,2432.0440327105216,DDoS
23.614995025945333,29,6,33695,57505,16115.177397206866,1.2280332885159733,Normal
0.16569362856707393,2790,1,38116,80,325371.63373582927,16838.305878916693,DDoS
3.7553554053070486,399,6,43716,23,84598.11427296589,106.2482659926502,Brute Force
0.39937111033450784,199,6,38960,311,7960.0,498.2834132226547,Reconnaissance
0.5838090869789662,4730,1,60399,443,457868.5129619753,8101.963647870413,DDoS
1.4514177673980349,1232,17,49081,443,84401.16179493838,848.8252160565828,DDoS
13.791784363677817,135,6,50986,9999,15514.26529130855,9.788436103709493,Botnet
1.4229046314194622,477,6,55092,23,113974.73579085911,335.22977539552596,Brute Force
30.97960456019398,504,6,14459,8080,25073.856857544288,16.268768021900282,DoS
0.6917177985863112,3444,17,62310,80,360466.72926951473,4978.909039262295,DDoS
0.7856633490226721,2879,1,41926,443,318312.02484765794,3664.4193770542297,DDoS
0.4456826273827542,92,1,591,52147,5989.313883532317,206.42491842292517,Spoofing
12.615737704287382,46,17,45873,61809,5041.168169549635,3.6462394097149926,Normal
1.7344427532431739,109,1,122,62368,13306.471030218638,62.84439183489032,Spoofing
0.9980275583665015,4184,17,10886,80,410147.47575727006,4192.269005926114,DDoS
11.977835240887167,160,6,41380,9999,60759.990468559336,13.358006416203569,Botnet
3.5750207034398622,99,6,17797,13869,15633.891951221185,27.69214732231979,Normal
36.82560149056231,982,6,39990,80,54278.08903579359,26.666231106956054,DoS
29.239602670084235,1058,6,42587,80,56339.550301253854,36.183802219804654,DoS
2.75935543339214,31,1,847,50184,2699.474042523284,11.23450774947502,Spoofing
14.377367053390374,41,17,35588,1212,35977.18525289845,2.851704338335833,Normal
19.049537246880906,1800,6,29173,443,75611.43844823082,94.49048429219584,DoS
53.46251500402107,1800,6,62895,80,97197.87177331586,33.66844975146824,DoS
34.2522524568269,690,6,12594,80,35748.658485326596,20.144660584576368,DoS
2.237894516209239,141,6,177,24893,6580.807154950516,63.00565061432804,Spoofing
0.4016599934677525,121,1,872,53992,7896.058201336383,301.24981817417313,Spoofing
1.6308798551432575,308,6,55433,22,32990.39291490063,188.8551134092861,Brute Force
1.4815032167986242,1350,1,11996,22,87995.64139870826,911.2366309384133,DDoS
7.864872173447636,572,6,56373,22,169278.73797159005,72.72845475240048,Brute Force
23.8376777793133,962,6,21745,443,58532.163119919496,40.35628004145766,DoS
24.344680683923077,85,6,58193,54719,68417.15190439517,3.491522485079582,Normal
12.434587330955202,43,17,13469,20072,31351.830435990305,3.458096264518078,Normal
0.011730608438789909,3876,17,26298,80,433935.2409106118,330417.64374157524,DDoS
4.063334355910415,105,6,60061,8080,35069.43129908996,25.840846655227836,Botnet
15.00114214207913,148,6,57275,8080,27070.534495316213,9.865915448187833,Botnet
4.873881064332561,92,6,25444,6667,32687.9585320701,18.87612741994529,Botnet
50.495834410099675,954,6,50274,80,55252.27740610357,18.892647505378985,DoS
0.20476271665063714,4694,17,22795,80,313329.4376869313,22924.095151603342,DDoS
21.071569651294766,73,6,37495,44614,37184.05546904082,3.4643835845192688,Normal
1.148492841362184,2495,1,34473,22,203499.79068864603,2172.4123217353053,DDoS
1.3169723730295568,3690,1,44028,22,436401.3105841266,2801.881099078443,DDoS
27.96011991720114,37,17,52701,12294,4736.687479934291,1.3233133516440143,Normal
3.2198632615961698,91,6,45875,54953,16506.28220736123,28.26206972369657,Normal
33.00329695564966,791,6,34123,443,34176.66997187521,23.967302450508445,DoS
10.311244809951015,177,6,29935,6667,43305.652674041194,17.16572569678334,Botnet
0.23071082442312751,70,17,47161,174,2800.0,303.41012466592736,Reconnaissance
1.393970135941416,91,17,56386,860,3640.0,65.28116898181844,Reconnaissance
0.7507600573723323,21,6,173,36575,2450.2263585113124,27.97165325163969,Spoofing
1.0392731185002224,4118,1,46737,443,492104.6280119909,3962.384792500643,DDoS
0.8712581884609273,110,1,979,39188,6302.649993635624,126.25419359824254,Spoofing
11.338185307190844,104,6,50983,8080,19655.925273551213,9.17254368157501,Botnet
22.649504715771283,73,6,3922,53757,6803.974720419814,3.223028534887507,Normal
0.022464512061741975,1762,1,32268,443,174830.71995406275,78434.82178278697,DDoS
11.147829728725542,192,6,46339,3389,31277.371689161097,17.223083297124425,Brute Force
1.1123249199906828,3634,17,52828,22,294546.8491796356,3267.031003881887,DDoS
51.69665202227054,1519,6,8500,443,63238.10943117151,29.382947262148154,DoS
13.88480856527043,782,6,20669,80,34465.59001359866,56.32054603590203,DoS
6.3632424766771285,34,1,44851,21364,24819.45134920363,5.343187867603424,Normal
0.824750028112304,2074,1,35399,22,253142.4127359085,2514.7013389584135,DDoS
0.57124015726013,2063,1,3450,443,171863.36835649138,3611.4407815705363,DDoS
10.154487085337433,63,6,37949,28210,47192.331948870895,6.204153835693861,Normal
4.563054649914037,84,6,57387,44248,11277.464022985963,18.408721009199937,Normal
4.723949829427719,242,6,10910,23,50501.48930977428,51.22831713674593,Brute Force
1.2861408440449902,3278,1,34150,80,375464.43844651774,2548.7099761877503,DDoS
54.87338845997691,907,6,40155,80,49718.316820555854,16.52895921784637,DoS
0.30110718715232815,3962,17,27553,443,428884.59419786074,13158.105050463808,DDoS
0.5060971313777617,285,17,42085,206,11400.0,563.1330081325237,Reconnaissance
0.6591127649101215,1947,17,10191,443,231601.78524789007,2953.9710102041468,DDoS
1.0285363492047694,2264,1,20267,443,259806.50745179987,2201.1861824333682,DDoS
8.541718886467255,112,6,59832,23,25553.125787402852,13.112114960543002,Brute Force
9.602397689390044,309,6,38100,22,79227.13025298913,32.179462879507966,Brute Force
14.658899336557518,40,17,61336,27249,15054.165997993821,2.7287178308295528,Normal
12.701357713785443,264,6,7369,22,40709.88464201293,20.785179501988758,Brute Force
27.4667622643617,1938,6,57675,80,91256.73597636122,70.55800685014,DoS
42.89434393614702,1375,6,1935,80,85637.40077096637,32.05550834503588,DoS
19.85044778490332,93,6,10105,10630,15454.61317017704,4.685032852041173,Normal
20.808618709355212,67,6,13789,44186,24627.764146566366,3.2198196783661523,Normal
9.38284822556081,179,6,24710,6667,27072.463380012126,19.077362832361196,Botnet
33.10712164984909,1325,6,63522,80,66669.8443222053,40.02160060948819,DoS
0.40050624309386124,2367,17,8848,80,271678.7826079579,5910.0202326815615,DDoS
43.817857297990685,27,6,28371,6667,6406.701451100799,0.616187136134521,Botnet
26.577120792981376,160,6,23794,9999,46828.6008541947,6.020215705316493,Botnet
18.920283996949415,49,6,46634,23730,11166.338664112509,2.589813134300756,Normal
1.6538429463269977,67,6,341,28817,9737.434929602054,40.51170647660323,Spoofing
15.219611710408081,24,17,23013,20106,5525.050005342746,1.5769127660193436,Normal
42.03483352868995,188,6,51334,6667,21849.81533142262,4.472481135715328,Botnet
1.6144851252131434,97,6,226,13940,7893.931317116814,60.08107382667531,Spoofing
0.7103618650907932,56,6,47392,836,2240.0,78.83306065823577,Reconnaissance
22.453001872403952,72,1,20494,15822,69560.52876364888,3.206698169321056,Normal
25.461590143458647,88,17,47095,65375,13354.468348472683,3.456186338095154,Normal
0.17465220714892613,2030,1,40165,443,157170.768383588,11623.099605429074,DDoS
1.0133147870006505,3635,17,64704,443,380234.60602974304,3587.236707321105,DDoS
13.561431769437236,92,17,59540,62617,4032.369622437036,6.783944465755901,Normal
0.34639524375926867,238,17,3932,586,9520.0,687.0764084896063,Reconnaissance
11.394797948672991,40,1,5349,42554,11404.143534570156,3.5103737846144343,Normal
0.7819173534286358,3866,1,2179,80,394141.4266302751,4944.2565547982085,DDoS
42.40308219651738,48,6,42271,6667,4901.729839142599,1.1319931833620882,Botnet
1.4114340427444356,2889,17,17829,80,316818.1097721989,2046.8544136731603,DDoS
35.048035670532016,41,6,50227,9999,4183.049804666917,1.1698230504390956,Botnet
22.39270395873405,69,1,33617,26929,27620.341826817647,3.0813607917630352,Normal
35.34797575636768,582,6,47576,443,35786.709462130806,16.46487493403797,DoS
23.707878825869532,56,1,11045,39475,33852.17474079848,2.3620839473371187,Normal
13.228051772057526,54,17,16747,57550,8316.140737152804,4.0822337960657,Normal
1.818257170384102,237,17,29767,409,9480.0,130.3445980361152,Reconnaissance
14.736804346756188,5,17,2273,58672,1606.746322394929,0.33928658360050645,Normal
35.162234370556256,566,6,40109,80,31736.688364465528,16.096815521881354,DoS
0.9529598611608324,3674,1,19070,443,440988.31422392733,3855.3565052830004,DDoS
1.1936878317525748,2582,1,4844,22,165852.55969720098,2163.044584453125,DDoS
9.732333678821622,174,6,57460,3389,34021.62284632032,17.878548531339266,Brute Force
17.11267946548948,37,17,4332,11874,20208.345037604337,2.162139486958577,Normal
3.415412477401276,147,6,746,16880,23324.927128026036,43.040189427383474,Spoofing
2.6049914018841425,255,6,15647,637,10200.0,97.8889987182158,Reconnaissance
46.3665307269909,749,6,7061,8080,47165.79721200657,16.153893514486988,DoS
1.198802467244009,133,17,60387,651,5320.0,110.94404927757682,Reconnaissance
5.586181944065231,44,1,51834,18292,5763.65408864872,7.876578393001623,Normal
1.40076510276194,3549,17,41378,443,409992.3460564389,2533.6153741996472,DDoS
1.1630216897489674,2085,17,39605,443,156881.98259816153,1792.743865722777,DDoS
37.88439225911533,180,6,65339,6667,30655.137828497012,4.7512970188056896,Botnet
1.4302536357184028,140,17,56484,677,5600.0,97.88473631789044,Reconnaissance
0.7986308407930768,2407,1,24524,443,298114.4110973767,3013.9081501156898,DDoS
2.506342212498283,134,6,874,53262,14920.103757469966,53.46436704923502,Spoofing
27.50194146902866,67,6,14075,55937,11388.213899281107,2.436191643977285,Normal
11.108031835905624,688,6,49679,443,43999.73990896631,61.93716494186733,DoS
59.93189947384104,1066,6,31862,80,61590.49946617698,17.786854902960076,DoS
2.5389871979780128,65,17,33973,803,2600.0,25.600759252257912,Reconnaissance
0.5807763007536697,91,6,52,19548,6245.046519368869,156.68683429731874,Spoofing
0.3388883554997479,4763,1,12716,22,485066.5211176502,14054.776219667257,DDoS
4.295551421428382,75,6,47276,7933,56570.01278201156,17.459923684270684,Normal
29.359527725933294,7,6,17063,22056,3812.154013701585,0.23842345371982582,Normal
7.634774538246898,32,1,42561,14745,15384.050912795125,4.191348394074236,Normal
0.813147371998974,2737,17,8178,22,345806.7718832566,3365.933524782336,DDoS
12.748623978888212,323,6,44192,23,53607.0875549623,25.336067683452715,Brute Force
50.042886276459406,753,6,51011,80,33348.228785717634,15.047093723573205,DoS
39.53953410509315,871,6,40911,80,44500.31685215403,22.028585306163357,DoS
25.068537420991948,39,17,40262,9501,10125.902323735336,1.5557349575305535,Normal
6.960055207076995,103,6,4914,23,30553.878599823685,14.798733190401915,Brute Force
34.36136856875375,110,6,13383,9999,19783.46500653363,3.2012694657344842,Botnet
11.337920426847989,33,1,31745,48291,6585.461629936341,2.9105866647164502,Normal
2.608503119225459,101,6,61123,9999,18492.90320962157,38.71952433393672,Botnet
8.307348532490106,614,6,32051,443,35381.04871752806,73.91046584823559,DoS
26.34137145105301,47,6,59048,23340,3237.576686062585,1.7842654885048193,Normal
58.90959534729438,1398,6,17791,8080,84291.62548374782,23.73127827068342,DoS
36.45582657056934,1354,6,18525,80,65893.0033801287,37.14083940406605,DoS
17.361177127644783,29,1,49985,27266,11856.601459293464,1.670393648240725,Normal
1.8982352021489801,96,17,44402,81,3840.0,50.573290333736836,Reconnaissance
6.857014165340704,514,6,43032,3389,145815.83705720305,74.95974014434034,Brute Force
4.770710252002128,118,6,29,14300,6700.765515498478,24.73426256614072,Spoofing
11.466872035890184,632,6,3825,443,38008.94127553187,55.11529194900772,DoS
0.7718291957510823,3429,1,44314,80,271449.69764233,4442.692786016176,DDoS
4.444724182436745,127,1,119,19160,8590.334714779383,28.57320157274065,Spoofing
26.528693830841004,736,6,27347,8080,30171.660459294057,27.74354458206914,DoS
18.97803344354745,26,1,24859,14239,10869.380577664582,1.370004962702815,Normal
10.58750886210272,646,6,30907,443,35311.93532984641,61.01529721616705,DoS
11.836245363610098,577,6,37330,22,170906.47963152244,48.748566988477236,Brute Force
57.24501305114937,511,6,22526,443,22881.95747777834,8.926541767811512,DoS
22.95391445254217,67,6,2398,5502,42650.88860357469,2.9188921191862196,Normal
2.760636426607057,63,6,42019,8080,10205.828195226308,22.820824717374954,Botnet
6.371303876780366,95,17,58207,15168,33635.08188997595,14.91060571545156,Normal
0.07712876175591117,2113,17,11504,80,249262.9618500714,27395.746436160814,DDoS
18.806863245801775,53,17,65438,21996,51891.026342092475,2.818120135575033,Normal
1.4455024276869815,3978,17,28501,443,390145.4026816951,2751.984309265665,DDoS
15.242132284772696,159,6,51232,8080,31324.712644348165,10.431611340812553,Botnet
43.33699686242355,1224,6,44183,80,58022.600806299146,28.243766034035012,DoS
28.207086138728048,29,1,8269,31672,25759.46478487308,1.0281104491748012,Normal
4.939424531209302,478,6,45992,22,127089.4618575822,96.77240678135696,Brute Force
9.520494208170273,362,6,44927,23,67271.75355391299,38.02323619811036,Brute Force
9.097229001600521,109,6,13476,22,17797.757040048644,11.981670460403171,Brute Force
2.7879552621016424,10,6,4259,31356,9589.156169253665,3.5868581307369,Normal
44.772111411189854,1193,6,28621,80,58835.69084581432,26.646051803173048,DoS
2.0239671427474892,276,17,41115,268,11040.0,136.36585010235706,Reconnaissance
36.188252304981226,71,6,27780,8080,24313.353996066042,1.9619626668245325,Botnet
3.1070276785453235,44,6,43462,7363,43664.01520064206,14.161444490446355,Normal
10.140296298231082,18,1,48612,48731,16318.7313607943,1.7750960593863514,Normal
16.765761636746667,1062,6,16819,443,43601.80983799531,63.34337938291702,DoS
2.2478189754436193,114,6,42828,619,4560.0,50.715827762554355,Reconnaissance
44.7524378120645,607,6,25853,80,27176.299349543373,13.563506921099236,DoS
25.825777988788673,915,6,55739,8080,39314.03889985681,35.42971678906301,DoS
28.37462654152297,26,6,27907,38548,20091.952037402476,0.9163116195362789,Normal
1.2629838315937358,49,1,316,46428,7101.187889866726,38.79701289458932,Spoofing
11.024146826366884,292,6,57079,23,83897.56715402422,26.487310501127592,Brute Force
1.4677048487548119,1172,1,37841,22,147323.83133819076,798.5256715574079,DDoS
24.220516896021334,144,6,12966,9999,41441.753955888445,5.945372702745855,Botnet
0.14364760684810554,178,6,20867,685,7120.0,1239.1435117204496,Reconnaissance
11.757673067655256,33,6,50633,54012,5470.7820122652065,2.8066778018161838,Normal
23.0818665567591,503,6,28069,8080,23832.984234593656,21.791998440122068,DoS
1.0769050828298443,4842,1,13221,22,400986.2889673801,4496.217983553763,DDoS
8.620203467857216,76,6,48578,6667,19461.422669053456,8.816497230417676,Botnet
6.9902176770782285,796,6,56118,443,50357.64907595243,113.87342093940515,DoS
0.7089394306452117,19,6,963,24771,802.7482157054768,26.800597030846404,Spoofing
32.28037341587556,121,6,24189,9999,28823.47532104421,3.748407691606564,Botnet
0.45083595599346865,3394,1,18055,80,368605.85738559766,7528.237166711631,DDoS
1.7989001225646983,218,17,20775,173,8720.0,121.18516045748922,Reconnaissance
46.489668289881145,1487,6,18008,8080,65231.628316801616,31.985601418534056,DoS
13.457972410100238,65,1,28820,5140,25342.73430339387,4.829850888326785,Normal
4.401048371198566,127,1,111,27194,23421.467159450454,28.856760773436637,Spoofing
9.756687140168834,162,6,38138,8080,61773.65046403896,16.603996589481362,Botnet
1.260808499223215,3356,17,28521,22,399829.64458818303,2661.7840870105447,DDoS
7.762521854142015,321,6,57504,23,54989.96715746289,41.35254058302163,Brute Force
0.46974809975522264,100,17,53053,42,4000.0,212.88005220693435,Reconnaissance
0.23842562122888522,2988,1,14337,80,209884.82682450366,12532.210190328338,DDoS
1.1502485809082614,150,17,60053,441,6000.0,130.40659426987227,Reconnaissance
20.811373620136802,5,6,54772,26354,1386.5597793846005,0.2402532428307408,Normal
26.92830849757489,79,17,63734,42556,36087.02388128268,2.9337156474984156,Normal
6.177717702351872,96,6,16332,59937,80779.05242102625,15.539719460384628,Normal
6.047011707588,351,6,34590,23,69771.36204464176,58.045199343595286,Brute Force
0.24551483274006794,60,1,417,29857,3343.6561842730184,244.38441999764368,Spoofing
10.18607208704158,73,17,6948,38611,68568.09935314173,7.166648672442485,Normal
1.277785794456648,4974,1,37588,80,321753.9543622754,3892.671229855933,DDoS
1.4885362973517917,122,1,391,13027,20344.066179289734,81.95970781300151,Spoofing
24.51290851464736,61,1,26976,9716,50877.92434610677,2.4884847901076395,Normal
8.716265562157336,319,6,21160,3389,65106.16292710605,36.59824241530398,Brute Force
13.579278096850944,447,6,1814,23,89594.47317289749,32.91780290615449,Brute Force
55.589914946707054,1131,6,24468,80,59160.45888332009,20.34541698947133,DoS
1.5994367376703162,247,17,5714,199,9880.0,154.4293651524921,Reconnaissance
0.46409541316297565,4712,17,49331,80,412046.03793731105,10153.084616557704,DDoS
0.7524288864291191,89,6,44934,694,3560.0,118.2836034145056,Reconnaissance
0.7069814278942456,133,1,636,26488,18443.93430531436,188.12375368351957,Spoofing
0.7115472718602576,78,1,71,26427,9865.907301734916,109.62026429541086,Spoofing
8.866782789851898,52,6,62706,56283,35599.34224533593,5.864584848014367,Normal
13.877208772977458,556,6,24207,22,116885.03885214622,40.065693980382925,Brute Force
1.2382390071757117,2478,1,13267,80,270006.93086771516,2001.2291533700331,DDoS
16.164976731439545,5,1,17862,38015,4586.148983462107,0.3093106834032995,Normal
15.97313407676752,94,6,39151,10965,49795.28327380346,5.884881423284388,Normal
57.48585536627054,694,6,2710,80,42804.24679700837,12.072534984096281,DoS
44.1265553602631,529,6,61632,443,32753.77869533309,11.98824598206403,DoS
25.80281700576959,136,6,21262,6667,38557.81326264411,5.270742336760749,Botnet
5.519014003975113,565,6,44235,23,65025.973314525814,102.3733586457752,Brute Force
12.327976653475435,11,6,33894,49625,7127.109170826811,0.8922794315074356,Normal
5.894841166483518,165,6,13943,8080,31991.479602688916,27.990576054558627,Botnet
5.724615831185097,24,1,57404,16340,11108.01578062338,4.192421065053648,Normal
10.066427940342617,219,6,58352,23,25259.889560330386,21.75548280858664,Brute Force
8.362772463892902,214,6,32786,23,39644.816470438236,25.589599731903046,Brute Force
7.302648627901059,918,6,14224,8080,51262.18159094306,125.70781462668475,DoS
21.77138160895968,99,6,34387,9999,34992.345339144864,4.547253903227624,Botnet
1.003818660350373,2883,1,33390,80,302766.44901732856,2872.032682669714,DDoS
7.586087163729374,1500,6,26678,443,78105.1624337609,197.73039349874665,DoS
2.7896198557699092,361,6,14840,23,91763.95550084412,129.40831319841868,Brute Force
36.754999643178806,502,6,46859,80,21406.432430396406,13.658005846101645,DoS
0.5065233086025158,4805,17,39586,443,464449.58704737463,9486.236701045142,DDoS
57.201246561477106,682,6,7923,8080,37430.343065250876,11.922817088732844,DoS
9.522777311876021,438,6,21376,3389,58887.756891323676,45.994985040106165,Brute Force
0.599744665609577,1795,1,4353,80,222841.4617252922,2992.940334326396,DDoS
21.988123415736624,81,1,62734,29621,44920.14221340957,3.683806865574955,Normal
39.15918657252089,21,6,62573,8080,7087.487092007147,0.5362726307174188,Botnet
14.204471070905907,129,6,15689,23,10504.386703120432,9.081647557030285,Brute Force
15.311975410344052,92,6,53167,8971,28719.157607165478,6.0083691055204484,Normal
13.287194127072848,77,1,27400,54613,27267.90090399242,5.795053437438037,Normal
8.217642856774315,49,1,24111,41792,7293.188013286535,5.962780429135618,Normal
0.2960036494009732,4954,1,1403,80,495741.77004034,16736.280143928903,DDoS
41.9994876463394,546,6,6828,80,25162.202999501154,13.000158587591446,DoS
20.51434638752714,66,6,52735,9999,7440.558767699234,3.217260679586089,Botnet
3.3973215666974927,134,1,877,13936,11545.410454017749,39.44283676692408,Spoofing
2.5633416661310235,79,6,740,63321,15003.533321929379,30.819145587891352,Spoofing
0.6496861636510018,1394,1,6802,80,91468.08872275928,2145.6513590596155,DDoS
5.093189666953297,166,6,5600,22,17773.57849183304,32.59254236634384,Brute Force
19.95319691433524,1959,6,30622,443,106897.55405555981,98.17975577600647,DoS
1.317655820634243,69,6,30318,230,2760.0,52.36572321806115,Reconnaissance
1.1244226018127759,46,6,655,63857,2490.167562415158,40.909885594472705,Spoofing
19.55039235059388,80,1,36329,30559,14916.364377958687,4.091989488772068,Normal
3.3703318989152993,36,6,657,49688,5616.828880181176,10.68144060577125,Spoofing
0.8185532557481708,1658,17,13304,80,210361.01658453158,2025.524898174843,DDoS
2.283421934803335,141,1,562,39892,12211.908227324006,61.74942871963957,Spoofing
13.88411021513951,14,6,32100,52964,2641.2275381352665,1.0083469363945354,Normal
11.891109160118182,67,6,36730,37438,60825.548959173575,5.6344617728943724,Normal
4.203402732241476,548,6,29671,3389,99204.26117945711,130.37056758722176,Brute Force
12.186847005586722,73,6,1071,18609,52633.509315408744,5.990064531583532,Normal
12.291669826134777,542,6,2316,22,159559.4546339869,44.09490392001822,Brute Force
1.1963630056559056,4067,17,61998,22,287955.2278022795,3399.469877263773,DDoS
4.018795033340545,61,6,82,39086,6320.3501272963385,15.178679055272678,Spoofing
0.5206314300997025,10,6,323,23704,579.758651314674,19.20744584721858,Spoofing
58.531454160689506,1596,6,58109,443,100035.62905262638,27.267390207296344,DoS
0.11190802529923964,1332,17,33524,22,142109.40314960657,11902.631615902978,DDoS
6.275667005870593,40,6,41465,59787,7894.865497242755,6.373824481538276,Normal
13.966341679754724,95,17,33720,24356,43621.084562291486,6.802067583503971,Normal
1.1628528107371643,1276,17,51799,80,148392.20123481564,1097.301385195181,DDoS
3.6994485624104283,61,1,1,22404,4129.823684677946,16.488943952299362,Spoofing
1.0276269723417106,60,17,3156,101,2400.0,58.38694547231927,Reconnaissance
4.186111026105564,496,6,31268,23,87067.19612929775,118.48706279093611,Brute Force
4.641228889432768,153,6,51802,8080,30932.343449445296,32.9654071464463,Botnet
25.613556386303518,88,6,45529,6667,29523.085765408516,3.4356806478875668,Botnet
3.8409358597510392,48,6,141,50758,2418.9401489151005,12.496954323811918,Spoofing
1.318149763714278,1864,1,23298,80,204168.2066209112,1414.103352526216,DDoS
2.9732458800585126,53,17,44771,343,2120.0,17.825636404802477,Reconnaissance
3.092905834583548,12,1,216,17691,1336.776659889867,3.8798465397236286,Spoofing
20.014839104899995,717,6,30174,8080,43149.29507767513,35.82342062517332,DoS
18.86776215302889,75,1,29611,56061,22770.11529026483,3.9750342087050345,Normal
1.0969682540755754,2889,1,37091,443,247900.85981005503,2633.622248653481,DDoS
43.97141059078708,1872,6,23469,443,94309.42737824784,42.573116824053464,DoS
4.803411575817804,441,6,56433,22,53097.644683430495,91.80974668507719,Brute Force
50.295844552997835,633,6,3174,8080,32340.596040299173,12.585532773646817,DoS
0.6100255969611903,4393,17,18455,22,383584.0086355827,7201.337160085565,DDoS
1.2601114879799509,76,6,50312,769,3040.0,60.31212374853708,Reconnaissance
26.986524703014037,23,17,15156,21296,21431.97915102326,0.8522772106862357,Normal
0.6964150631889228,2249,1,43798,443,242800.09819497573,3229.3959721400993,DDoS
24.910412354807207,43,17,15229,33486,5367.223923735147,1.7261857968281231,Normal
17.592553452748003,143,6,15166,6667,12043.20785135915,8.128439136711165,Botnet
1.0222658447403952,204,17,61573,297,8160.0,199.55670146820358,Reconnaissance
1.433330644917503,3693,1,22982,80,354457.6340585835,2576.516460521609,DDoS
6.417625528458144,153,6,50578,23,43052.04237176544,23.84059327262723,Brute Force
1.1071832660982106,3960,17,4564,22,283539.5935164441,3576.643651737359,DDoS
0.8190349203897039,191,17,39027,156,7640.0,233.20129001229952,Reconnaissance
21.201878801482742,51,6,19039,8080,5147.080660811822,2.405447200105367,Botnet
3.0690995698496244,104,6,25796,22,13193.55670122628,33.886160299809255,Brute Force
14.282680552615794,89,17,36226,34587,62599.02549151823,6.231323292020289,Normal
2.0337629657176968,130,17,15904,147,5200.0,63.92092008329209,Reconnaissance
11.228596694277261,77,6,38058,9999,18665.714152525743,6.857490931101268,Botnet
1.065973857870349,3147,1,20151,80,319532.9839810115,2952.229997729231,DDoS
12.300509001883572,273,6,49405,3389,39055.072296635146,22.194203504765177,Brute Force
0.9310626732484392,2912,17,11393,22,348000.598335922,3127.6090038494963,DDoS
11.556473786816998,274,6,13514,23,39861.588006559774,23.709654437373832,Brute Force
16.608733619454608,92,1,4950,59987,56890.079443140305,5.539254353037246,Normal
18.409432320147385,190,6,43096,8080,24724.727119744533,10.32079624704467,Botnet
5.902185122279148,1800,6,25484,80,77196.10439627944,304.9717964971123,DoS
26.91866814578229,9,6,34163,35419,8263.82753706775,0.33434046406973333,Normal
12.589204825334653,40,6,19189,56100,13545.937241579002,3.1773253795588077,Normal
22.254112464072787,84,6,14464,44424,42581.12722702981,3.7745832432369637,Normal
22.986600875623065,1109,6,29257,8080,54762.24926963006,48.24549771410863,DoS
0.02296052384404488,4794,17,9040,80,414524.6907686434,208793.14568615073,DDoS
30.911937063983345,1376,6,28798,8080,63568.532456202745,44.51354818534582,DoS
1.1106131025018717,4519,1,18158,22,329237.80644214386,4068.9237231400157,DDoS
0.3040217649322754,4438,17,20222,443,490727.5445090124,14597.639090045475,DDoS
43.98602831896302,82,6,53559,9999,26841.641367626424,1.8642283273538611,Botnet
12.95667975547851,86,6,26324,29508,73436.34284904033,6.63750294234419,Normal
2.2337897758077956,250,6,24266,100,10000.0,111.91742513441919,Reconnaissance
2.2623321914902697,115,6,1239,3389,10813.882213193529,50.832499503198896,Brute Force
1.8650999125219225,73,1,82,45156,3456.3303592489997,39.13999432946837,Spoofing
11.05504648405203,529,6,57020,8080,32305.712704336285,47.85144963100187,DoS
1.988708258175351,202,6,48906,3389,26125.378119952584,101.57347070370992,Brute Force
12.224484453779503,74,1,61594,33372,40508.076759949,6.053425015982663,Normal
14.688564231585657,83,17,63235,20347,81638.8250603503,5.650654392858927,Normal
10.074571527825949,56,17,29956,14014,10100.753456923938,5.558549050481015,Normal
14.14601951872604,49,6,27854,8080,6189.3610556374715,3.463871934796597,Botnet
17.531527991833816,91,1,31709,34528,83077.45403764957,5.190648530030456,Normal
21.796875575162243,1523,6,28741,8080,80211.94138604408,69.87239958994277,DoS
2.0345090807615147,142,17,49958,505,5680.0,69.7957071525331,Reconnaissance
5.67940319562177,585,6,10239,22,59498.700569351226,103.00378047661314,Brute Force
40.52308427989705,1647,6,50739,8080,98616.41182332637,40.64350059398254,DoS
12.292481234063871,77,6,15840,48277,54932.99128938519,6.263991665622738,Normal
12.683660910382255,493,6,52899,23,96401.62295605168,38.86890413448795,Brute Force
25.272466696152012,856,6,36360,443,34890.213348353034,33.87085282539257,DoS
28.397015009244242,53,1,42761,37746,19314.447033483262,1.8663933509471544,Normal
25.080519084728014,56,1,51152,35308,55939.81725683295,2.232808651639887,Normal
0.6310805774794107,298,6,56589,99,11920.0,472.2059442713912,Reconnaissance
4.759622996823763,21,6,122,40564,3224.733627393643,4.412114155682901,Spoofing
9.928955725609553,316,6,50276,23,85396.83760388604,31.82610626261004,Brute Force
6.249755049703534,512,6,50819,22,97030.93478947514,81.92321073836125,Brute Force
45.78021870781745,681,6,1151,80,37902.662462063716,14.8754204156677,DoS
38.78758177065106,1011,6,22857,443,52444.64873974405,26.065043342428257,DoS
0.2952217902355573,4052,17,32332,80,448100.6615531068,13725.274129551588,DDoS
0.045330529479659154,2260,1,39313,22,244243.59945782018,49856.02475731314,DDoS
0.08649185955968651,2184,1,38688,80,154427.36707989342,25250.931256633,DDoS
26.591611669464623,147,6,49767,6667,33355.271343244065,5.528059067168214,Botnet
3.38129516527161,104,1,1009,51477,13475.668875122738,30.757444977935243,Spoofing
10.253455764624004,184,6,1070,3389,52328.697997446325,17.94516933840279,Brute Force
0.3582437601923626,1408,1,23683,80,127831.666091483,3930.284784985397,DDoS
3.9824190560391726,149,6,933,28384,19524.975915386345,37.41444531660919,Spoofing
4.996135366653526,61,6,158,11932,4703.803341891781,12.209436999473969,Spoofing
12.119756733481694,534,6,41516,443,28036.32958066535,44.060290296486464,DoS
18.12809198066581,44,6,30411,6667,7393.267487575502,2.427172150655866,Botnet
21.947338744464577,50,17,31164,41138,7790.734589862687,2.278180538522498,Normal
19.60689164428052,1181,6,20381,443,51938.0691877195,60.23392291987837,DoS
29.673711496679417,17,1,27080,21692,3568.0040214561996,0.5728976640452393,Normal
1.2409887533453285,3323,17,4723,80,297584.0686989666,2677.7035577818106,DDoS
50.461694805861654,1210,6,14172,8080,53771.102082533645,23.9785842440521,DoS
2.008229852858519,79,6,288,11862,8346.319030829354,39.338126503572894,Spoofing
0.9455215087352133,176,17,37461,1012,7040.0,186.1406624534943,Reconnaissance
0.289601701061938,53,6,594,54128,9516.37029872937,183.00997475379032,Spoofing
21.67081658315369,118,6,49025,6667,15303.04943988521,5.4451109189734,Botnet
45.50318764038132,915,6,61780,8080,58378.9711491602,20.108481349293275,DoS
4.835725440479369,90,6,646,48354,8429.185559669086,18.611478486065213,Spoofing
29.70022669974866,94,6,31797,28555,77579.74230546413,3.1649590068885054,Normal
0.26916240301731736,2500,1,34072,80,290961.61332320014,9288.072821370803,DDoS
1.2989079757102788,2895,1,40144,443,278313.3939971817,2228.7953066243463,DDoS
46.43902210232348,1720,6,23997,8080,68918.59943830757,37.03781695079974,DoS
29.57084423534194,27,17,14103,45627,24395.772701997234,0.9130615205003391,Normal
24.529747354493217,85,1,48562,23109,76103.9503304469,3.465180410202235,Normal
0.03592444656977806,3037,17,48706,22,304755.43635862094,84538.53267025466,DDoS
1.8339015152224885,78,17,33036,196,3120.0,42.53227305422509,Reconnaissance
0.6147721738207014,3395,17,37822,22,379767.7766818874,5522.370960449738,DDoS
53.55610036736264,1304,6,18899,8080,82255.00434714198,24.34830002661404,DoS
13.70669726063394,14,6,58479,40313,6950.602391497333,1.0213984983974538,Normal
1.9809501736704125,131,6,487,40826,19262.57619883745,66.1298813777209,Spoofing
1.1968837845959153,2966,1,33781,443,336387.839886838,2478.1019161366307,DDoS
15.591542829194697,69,17,56318,41916,54333.28174782837,4.425476090204464,Normal
44.28713944063534,1078,6,25143,8080,47857.67028338751,24.341152163259586,DoS
6.644660642257589,58,17,61011,4120,27523.432997525404,8.728812970694305,Normal
5.085216600227743,87,1,21758,63720,81274.59679084986,17.108415794148016,Normal
7.540192565112973,30,17,59913,14511,3293.6525295188353,3.978678228829892,Normal
14.634777105460525,78,17,45790,60425,25789.35129432506,5.3297702751411675,Normal
29.740286906103506,62,1,59122,4791,41038.44580295917,2.084714252950799,Normal
0.08551788475643472,3469,1,56000,22,331181.3836740238,40564.61417258076,DDoS
9.88663615948586,519,6,35405,3389,136488.67372903382,52.49510466732801,Brute Force
5.04264351146538,920,6,61921,8080,42977.23534505998,182.4439895281533,DoS
51.29511803404118,1724,6,60161,443,91740.23114685061,33.60943625972154,DoS
0.10505688174769082,1949,17,15546,80,231584.53390636342,18551.854648425633,DDoS
2.7474910156941355,88,6,44642,230,3520.0,32.02922211476909,Reconnaissance
0.12931460754210924,1041,17,39893,80,71802.71909840866,8050.134627373902,DDoS
25.089580636370393,78,1,58750,62177,13777.855506707983,3.108860252806678,Normal
3.3185381522713198,84,1,117,10937,14645.318002041417,25.31235024147833,Spoofing
4.881895706403401,63,1,1050,20663,29741.287289826763,12.90482300090214,Normal
0.39373384442760817,3112,1,44434,22,211036.1912284271,7903.816357275763,DDoS
8.54480840779176,813,6,40779,80,48068.29962005196,95.14549199940507,DoS
4.8017039204863385,387,6,50903,3389,96338.26100034876,80.59638961679313,Brute Force
8.480169302770085,1717,6,18221,80,109711.50426175573,202.47237274368266,DoS
4.419050347668182,187,6,27038,8080,18071.111045465244,42.31678421556683,Botnet
1.6400128594152592,245,6,59180,800,9800.0,149.38907252675682,Reconnaissance
27.93875636932962,83,1,1823,4138,58044.637143599204,2.9707836276891357,Normal
0.34755378633839823,3946,1,61802,22,487915.43535685865,11353.638357885558,DDoS
1.3339919456755318,1688,17,42840,80,187560.48574796683,1265.3749563271906,DDoS
0.9781916994976075,2572,17,29464,80,168392.9397529841,2629.3414688766643,DDoS
0.08326393093012481,4178,17,39935,80,280227.4293380739,50177.789510156355,DDoS
2.8898150414193675,139,6,13425,493,5560.0,48.099964187233404,Reconnaissance
16.951063222576565,156,6,39899,9999,36405.85529847199,9.202962548816922,Botnet
4.186713897530972,120,6,608,2516,15413.386194340444,28.662097037671362,Spoofing
1.1992793043475327,4960,17,17952,80,587449.1308114323,4135.8172212422905,DDoS
5.668059907567912,316,6,33264,23,59550.43299758694,55.75099860502204,Brute Force
1.4775609806305443,298,17,45969,200,11920.0,201.68372331599437,Reconnaissance
6.543388873761319,106,6,17159,23,28720.566031298236,16.19955684202952,Brute Force
11.081454141677641,25,17,25137,60412,11262.448644750595,2.256021608750276,Normal
2.214229466037918,90,1,58,5726,16020.627151126633,40.646193802597864,Spoofing
18.46620504234756,15,1,34821,14789,2003.6432449709955,0.812294673735145,Normal
1.1733946182000845,3557,17,61994,443,244254.28994839065,3031.3757578471086,DDoS
20.3571937047196,49,17,36705,62492,30962.978610416278,2.4070115316847365,Normal
1.8437996442871207,136,1,738,4287,20926.45594912431,73.760725804122,Spoofing
0.21975827258068653,48,6,972,51712,4821.575920097017,218.42181154921622,Spoofing
0.7592542449218831,55,6,45591,44050,13674.11540807323,72.43950279877427,Normal
0.40201441461193493,3994,1,13492,22,399057.07350769977,9934.967142547397,DDoS
58.16898826595148,632,6,12724,443,38064.450615559566,10.864895863590835,DoS
1.085978452026731,2357,17,25145,443,181476.63183054051,2170.392971979506,DDoS
12.439848494950333,35,17,25716,53037,21734.617368679857,2.813539088856865,Normal
0.19976114176065282,4173,17,47792,22,513320.91044041916,20889.94868181095,DDoS
23.482347238251023,50,6,41994,8080,7435.6068926817725,2.129259034146027,Botnet
18.829779914465952,18,1,7520,22007,13872.077396436363,0.9559325749830737,Normal
5.677635760371579,85,6,60702,45919,25719.816700744515,14.971020260453814,Normal
1.3059804203671013,1520,1,12624,22,138358.0032222538,1163.8765607012235,DDoS
2.052657422130058,230,6,64343,1004,9200.0,112.04987131331796,Reconnaissance
4.777111851139627,135,6,514,25734,18498.26458820176,28.259752797664646,Spoofing
3.828365606701773,141,1,841,2429,13499.369234945469,36.83033818744256,Spoofing
1.3755466223920139,3113,17,21949,22,390937.0917976427,2263.1003190474435,DDoS
48.8187678990385,1514,6,65097,8080,63180.29901954798,31.01266306292459,DoS
8.072490341257126,89,6,10617,34480,37470.88847918138,11.025098357211546,Normal
3.1549742804212246,69,6,932,16548,5383.644152948583,21.87022582979273,Spoofing
0.6995968647448951,71,17,63011,65,2840.0,101.48701856445545,Reconnaissance
2.35134169163257,70,1,389,24195,9582.410428062989,29.77023724331533,Spoofing
11.40394998302245,105,6,5050,23,10709.501957440825,9.207336068320013,Brute Force
24.73322351513071,89,6,38880,9999,26192.696481923267,3.598398726536946,Botnet
2.5821293665144016,8,1,53622,64710,2617.480852053447,3.0982181232844828,Normal
1.2813719498806673,92,6,49562,845,3680.0,71.79804428258934,Reconnaissance
13.174436135358372,33,6,23813,61805,14538.143172426717,2.5048510358202387,Normal
10.133451242458523,1502,6,25905,443,89672.38397143967,148.22195953405435,DoS
19.696649426735757,97,17,42830,34343,47742.343074821816,4.924695459540167,Normal
19.119753258610295,86,1,45206,18725,31161.06890041388,4.497965995521997,Normal
0.6127151191033273,1684,1,37482,22,162916.41498430897,2748.4224682825443,DDoS
0.1938059295965924,3577,17,19155,80,323440.957824951,18456.607635512162,DDoS
9.068932783647668,1955,6,29975,8080,97290.10974530659,215.57112028937854,DoS
54.655644293373726,1181,6,53259,80,72447.33392681573,21.608015334350025,DoS
22.715329321692963,15,17,48765,49098,1403.9487759647634,0.6603470188598638,Normal
2.5346252981528514,94,1,50606,27169,42840.216401688995,37.086349634600424,Normal
59.96036579473579,1380,6,35603,8080,67439.82360742254,23.015203154767224,DoS
0.5202072990139586,4097,1,32920,22,462275.11131033953,7875.706488097673,DDoS
10.793628081001003,42,6,27126,8080,13283.114560941036,3.891184658653248,Botnet
4.088738337012972,84,1,944,19657,15827.51521066497,20.544234694501434,Spoofing
8.803895373369969,106,6,1755,3389,12751.436718847624,12.04012491114205,Brute Force
0.22911380950437982,64,6,620,36379,3401.0908482063915,279.3371562301073,Spoofing
1.4393620393184745,1652,17,57200,443,186688.65525404515,1147.730699346641,DDoS
2.4565452173258935,87,1,66,6025,12262.180684934638,35.41559071919102,Spoofing
0.6341674621906574,2775,1,27942,80,195265.88489693822,4375.815798581161,DDoS
0.1402923251630714,2011,1,31718,80,145007.45626754357,14334.355052298666,DDoS
11.21365847587476,174,6,43727,6667,67018.36559553232,15.51679145341784,Botnet
1.4830119774330432,4367,17,42117,80,442846.43581073877,2944.682892958743,DDoS
5.450869423281196,22,6,61051,6667,2277.355514183759,4.036053387379975,Botnet
9.946908795548671,267,6,43108,3389,40252.44045890116,26.84251011927292,Brute Force
4.983160107179505,279,6,1810,3389,41919.65917976188,55.98856829786179,Brute Force
1.8571165674610832,44,6,7812,278,1760.0,23.692643084948433,Reconnaissance
0.04688348724997185,4769,17,30060,22,353063.08131484565,101720.24906280544,DDoS
0.11549163608501331,2216,1,33745,443,223473.9911225125,19187.536648704187,DDoS
53.06056023129796,1604,6,5602,443,82690.04184934829,30.229609205179006,DoS
0.0818958132229195,1039,17,35477,22,69292.7898586882,12686.851245641257,DDoS
1.5457158786082756,47,1,1008,28714,7363.3545188002845,30.406623009086015,Spoofing
25.051821508180808,135,6,45837,6667,15387.519743243174,5.388829708686653,Botnet
4.36425095689194,116,1,660,65226,20499.287654964224,26.57958974994668,Spoofing
0.573287199289814,4587,1,46995,22,406687.87805192225,8001.225224778014,DDoS
22.403168176545204,25,17,9859,17435,14464.026040055043,1.1159135977104133,Normal
0.2244072941836871,1122,17,50172,22,73659.62926912209,4999.837478908303,DDoS
11.278604876369904,86,17,11856,33421,9958.835739041913,7.625056551114829,Normal
14.629996981656909,385,6,47907,22,74220.87691065622,26.315794902945846,Brute Force
1.1945663507327802,2009,17,34607,22,202607.58467994077,1681.7818439031232,DDoS
10.748535394065772,16,1,16753,62938,6815.150505091437,1.4885749000588064,Normal
1.391275084381555,20,17,22988,5410,17953.551544682567,14.375302357182896,Normal
2.5023631455070645,29,6,294,53653,4042.1268773002967,11.589045359810719,Spoofing
3.7919764791836417,54,6,59,8505,6440.8195587079645,14.240594659918731,Spoofing
0.6379237303617991,3795,1,50439,22,261897.5167356456,5948.987033054346,DDoS
14.725825302968973,18,17,44782,19657,15727.848520459815,1.2223423563479936,Normal
0.10347026631131508,4406,17,37207,80,515522.8148773315,42582.281432846554,DDoS
0.36133094162201446,3156,17,52669,22,402343.95826856844,8734.375157114187,DDoS
2.8778265787567605,141,6,543,52394,17518.47952236272,48.99530814011486,Spoofing
1.3869308053946674,132,6,146,53440,5447.252728975619,95.17417847131736,Spoofing
0.42583095287229494,4563,1,18237,443,341737.97378469596,10715.519783665013,DDoS
16.497187145484514,24,1,54298,41114,3588.3348925693244,1.4547934619611258,Normal
1.3251437997688718,113,6,11101,87,4520.0,85.2737642659681,Reconnaissance
35.1363510283372,906,6,14430,80,47448.99542349443,25.785261516465322,DoS
2.6847718883552742,21,1,905,51922,1970.4995166063864,7.821893581009174,Spoofing
27.691851940343973,68,6,56180,30403,44233.2305913679,2.4555959690414024,Normal
17.27988650529627,1277,6,37322,8080,79554.29274708047,73.90094834295357,DoS
8.025503697686666,23,17,47167,30885,15441.531332491217,2.8658637347123395,Normal
49.00042715101291,686,6,11546,8080,39658.79818139814,13.999877957917342,DoS
0.9747553246968585,92,6,50894,371,3680.0,94.38265959574142,Reconnaissance
1.3510725604784983,1351,1,47814,443,112367.26905058611,999.946294166116,DDoS
3.204861537502784,6,1,43243,42620,2527.507768215076,1.8721557639195787,Normal
12.882419522094393,76,6,59246,13788,56441.64086407137,5.89951288806065,Normal
0.04502051702627376,4074,17,29391,80,412918.3211771518,90492.07492713674,DDoS
24.325834678906112,43,17,46477,27344,4810.095204372309,1.7676680191075618,Normal
2.4683085213707976,19,17,40416,56863,1208.9240315228408,7.6975790649736835,Normal
35.86242913222262,43,6,50467,9999,10558.524290357962,1.1990264195841722,Botnet
21.751511348041145,1758,6,1096,80,77182.53274586624,80.82197010913995,DoS
0.8595258825877428,2470,1,31200,443,229570.87984038514,2873.6772795761103,DDoS
2.15482754301379,140,17,25043,993,5600.0,64.97039656556129,Reconnaissance
27.729085387725178,12,17,64912,11313,10618.882739075225,0.43275859380894094,Normal
0.6878497614023378,56,17,52413,271,2240.0,81.4131270262147,Reconnaissance
0.289660138862743,4902,1,38805,443,549954.8443129935,16923.281260742744,DDoS
10.177249674295792,586,6,28676,3389,81888.74576440777,57.579406888290556,Brute Force
3.2060675327416406,132,6,262,36502,14126.408897872228,41.17193373251291,Spoofing
10.511926211163297,311,6,45328,22,41311.77100178805,29.585443595459118,Brute Force
2.645809927940485,43,17,39843,625,1720.0,16.252112272279312,Reconnaissance
1.1796726298115043,1526,1,61893,80,107110.9106140864,1293.5792197228768,DDoS
0.7368317278213107,56,6,29961,781,2240.0,76.00107037407675,Reconnaissance
0.5909202887242452,3876,1,44104,80,408177.43629108474,6559.260316426109,DDoS
1.338824618680857,2014,17,12708,443,170986.00663736204,1504.3045757437542,DDoS
0.9408059373979587,1342,1,35176,443,148248.07043528324,1426.4365759761752,DDoS
51.33557992890861,1130,6,59436,443,46506.546448387955,22.01202366009823,DoS
13.746981865916556,76,6,7076,37137,28463.408719417126,5.52848623365321,Normal
56.65908232821748,638,6,6939,8080,39723.76559671246,11.26033062632682,DoS
56.160974676392634,803,6,20164,443,43521.680290812044,14.298184898445903,DoS
29.135276890357254,109,6,10317,6667,26534.71233880238,3.741169181614167,Botnet
11.256823515116674,180,6,61566,23,22741.686864133346,15.990301327748439,Brute Force
0.7548692878838528,1475,1,46722,443,126137.88209583043,1953.9806741044013,DDoS
0.049010071595598725,4240,1,25954,22,469967.9513935913,86512.83015837843,DDoS
0.7413586199128481,2501,17,52405,80,236286.80780047382,3373.536009190815,DDoS
24.40718404969655,49,1,42639,4312,27222.61960359974,2.007605625467851,Normal
23.986109605094978,30,1,49824,27778,20163.816998645067,1.2507238770237084,Normal
0.3940737224819914,2830,1,44308,443,251776.42527199312,7181.3973846716635,DDoS
0.5814542727418419,2777,17,26475,22,320534.9739409038,4775.955961085441,DDoS
2.5070244933962704,184,6,51934,744,7360.0,73.39377835544593,Reconnaissance
45.06152695332494,1840,6,47444,8080,77226.48257719362,40.83305925043076,DoS
0.4997532812911875,2631,1,51679,80,242682.74068187416,5264.597749518357,DDoS
33.400897532433866,1289,6,55554,80,61403.91903346797,38.591777324196734,DoS
7.779249939351625,73,6,20759,10057,18735.51925331516,9.383938113458315,Normal
0.23673522593269095,4031,17,20500,80,273219.9579302755,17027.4617312174,DDoS
2.772452590356399,64,1,572,59221,11606.9310544713,23.08425407259094,Spoofing
32.23674832065027,505,6,36987,8080,29261.50711423926,15.665351696669303,DoS
0.22503754946158855,4239,17,37453,80,294646.4205562159,18836.856383043538,DDoS
1.3325634012775562,163,6,35264,988,6520.0,122.32063393286091,Reconnaissance
2.6534539180910723,389,6,13365,22,38902.213926007506,146.60137767904084,Brute Force
2.110614693708335,134,6,558,46404,22726.27840801082,63.48861324591792,Spoofing
36.66280094078253,1214,6,29341,8080,52292.99824272285,33.11258193177448,DoS
2.837834059916899,127,6,155,2911,9485.189464426805,44.75244052984514,Spoofing
13.466524572745882,24,6,34539,24271,9142.424715256733,1.7821970227249433,Normal
1.4103382887481952,2956,1,64500,80,335815.7406966453,2095.9510378348455,DDoS
5.102975257101644,67,17,49851,3236,49660.084249933636,13.12959530947329,Normal
40.03883359552938,812,6,29562,443,33160.01826574822,20.280311065072222,DoS
27.329662648189757,1260,6,46954,8080,55824.94910467276,46.10375240337842,DoS
23.130705250247765,96,6,53393,56356,14605.04323934219,4.150327409449467,Normal
1.2143244381529137,296,17,5069,809,11840.0,243.7569324144049,Reconnaissance
1.4170646249053633,51,17,2476,894,2040.0,35.989890018887436,Reconnaissance
40.112557966634846,54,6,28746,6667,3615.3779941024036,1.3462118283485327,Botnet
52.9717276755933,1392,6,64477,80,73215.15176355305,26.27816877193083,DoS
4.2933340843587375,379,6,1080,3389,94061.69542509374,88.2763820734925,Brute Force
10.787286047971413,24,6,5996,4716,9745.560245099381,2.2248413450121944,Normal
24.582015784019685,195,6,61790,6667,70655.98756707777,7.932628540852451,Botnet
6.164325985615251,96,6,12308,5386,69210.4702542594,15.573478791358632,Normal
39.82051521383104,199,6,18430,8080,78854.63684154498,4.99742403962871,Botnet
1.175562384972751,4756,1,15069,22,455915.94805197,4045.7231881489997,DDoS
2.7409081800472643,404,6,37109,23,37896.23531124931,147.39640055838478,Brute Force
1.7506748748876266,254,17,24456,973,10160.0,145.08690542343214,Reconnaissance
16.436422822830615,37,1,39207,29894,14929.72682793212,2.251098088606363,Normal
11.573968753992215,1205,6,33906,80,48746.773761167904,104.11294739190986,DoS
1.3036786393075452,125,17,46170,321,5000.0,95.88252521065645,Reconnaissance
18.478983528671968,1618,6,12304,443,98486.20021554822,87.55892863314224,DoS
2.0538882613667226,121,6,43780,23,29362.008748276014,58.91264986318328,Brute Force
19.47870660951114,1488,6,45148,8080,93733.74732285168,76.39110901097682,DoS
0.7469561418875041,1347,1,33735,443,154012.53856044065,1803.3187284546966,DDoS
0.45904315056203154,3179,1,37185,22,254140.9478208512,6925.2748812563195,DDoS
16.96581421229743,65,6,44956,4709,44078.98965769581,3.8312337496237383,Normal
25.114880818819742,88,6,19841,6667,5675.224148758576,3.503898769611422,Botnet
0.9733323849025196,2165,17,63823,80,204773.6977330043,2224.3172359017185,DDoS
43.8955433889889,1274,6,63607,80,73809.17127716374,29.02344752200015,DoS
58.054277766662345,1558,6,32599,443,79018.81005793164,26.836954311309704,DoS
39.469840868424136,1198,6,39974,443,57794.45403919503,30.35228857379052,DoS
7.7760350433361305,577,6,12651,3389,65027.83623644086,74.202340496713,Brute Force
1.0377491431107448,63,17,52039,702,2520.0,60.708313197110364,Reconnaissance
1.419835599688085,2019,1,21584,443,165641.79781226875,1421.9956172697332,DDoS
13.80388052486805,100,6,49165,23,27997.136164544714,7.2443397217070515,Brute Force
12.613526898455996,126,6,34387,8080,45342.03488443479,9.98927587932789,Botnet
40.0778389929956,552,6,26263,80,28079.74815560886,13.773197704009764,DoS
0.624831972250053,221,6,5810,419,8840.0,353.69508894394005,Reconnaissance
8.64930608183273,36,17,33641,1502,18385.5137911856,4.162183608649891,Normal
19.957205453699125,88,6,64908,39064,49286.010039090346,4.409434988488779,Normal
14.030980447475628,130,6,60084,22,19132.13314234165,9.26521140034721,Brute Force
1.1169984803231092,1106,1,5993,80,80273.03671583091,990.1535404775773,DDoS
10.11061351522162,594,6,55730,22,97895.97997876698,58.75014400518105,Brute Force
10.411029019452556,477,6,63755,22,73645.75886772903,45.81679669788127,Brute Force
1.8242890023166267,54,17,4321,39710,3565.2021726720795,29.600573117212527,Normal
8.765250530316688,179,6,22149,3389,22609.8210099608,20.421549775546772,Brute Force
0.7262743740708876,2694,1,22135,80,183622.73369845343,3709.3419459366105,DDoS
59.67725768229295,1070,6,1496,80,54209.20613667441,17.929778303427028,DoS
1.8015387497831332,51,6,484,16508,4431.503094443058,28.30913295988738,Spoofing
0.9327334863427479,103,17,25026,104,4120.0,110.4281142557275,Reconnaissance
9.552530853338846,59,6,40677,48159,2722.6483737794083,6.176373665349433,Normal
54.649362272978415,1044,6,29108,8080,42471.41281789314,19.103608104064,DoS
2.0102158831963397,75,6,489,1199,7420.154426699449,37.30942563280637,Spoofing
27.399390695582714,105,6,38514,9999,15333.318582865162,3.8322020064821345,Botnet
1.3405800730641426,75,1,584,1938,13411.525179015456,55.94593080036889,Spoofing
20.89263157929081,6,6,50127,15576,1771.6731984991516,0.28718258766154275,Normal
1.4700804501633076,1950,17,31279,443,232709.8086010569,1326.4580178475126,DDoS
1.462265359671838,2327,17,32105,80,204002.24571010823,1591.3664264892564,DDoS
9.972449956876297,224,6,52002,22,40238.86420261469,22.461882583381172,Brute Force
0.3187345562036816,4773,1,48524,443,404934.1955945086,14974.84319506888,DDoS
4.453397178284458,7,17,8761,57446,3547.4694065087688,1.5718337529230992,Normal
0.5664136810004032,91,6,34210,218,3640.0,160.65996117762418,Reconnaissance
20.109348260529543,8,6,29629,63256,2270.861475648929,0.3978249268128859,Normal
1.1436027352751568,47,6,56881,18,1880.0,41.09818781492469,Reconnaissance
3.947949390053059,132,1,118,41269,17743.205085302736,33.43507906473592,Spoofing
10.632776092436295,179,6,61605,3389,26317.44247206267,16.83473802550333,Brute Force
0.5280471443589189,4909,17,14487,80,340681.0295764511,9296.518412119854,DDoS
15.101875181749941,77,6,7903,5169,39857.69825185157,5.09870456968494,Normal
33.717352206373576,40,6,29900,9999,3479.6970119793473,1.1863327747437658,Botnet
5.026659566049783,492,6,32699,3389,140888.1579875373,97.87812234649498,Brute Force
2.027864430963281,81,6,40639,9999,12817.852076796677,39.94349857082072,Botnet
8.211513565750263,50,17,25972,54563,27834.682728327665,6.089011434937773,Normal
31.80304383124293,105,6,56648,6667,12054.342968289966,3.3015707728217274,Botnet
10.331572639708389,101,6,57315,8080,17004.38133931033,9.77585925416779,Botnet
1.252480397384675,56,6,300,35682,5025.563214127043,44.71127860917785,Spoofing
42.09250606103347,94,6,33815,6667,22394.6198030147,2.233176610195209,Botnet
10.132329070219653,252,6,1747,22,63098.37467479168,24.870885879601328,Brute Force
4.122778652613809,112,1,863,42859,14468.90127277724,27.16614434999873,Spoofing
12.508404173680777,45,1,3622,14006,31241.53613869357,3.5975812242048866,Normal
49.46342838979913,984,6,33394,8080,42651.631407873145,19.89348559193141,DoS
6.780179371643684,64,17,12950,32260,53572.15724365465,9.439278298102725,Normal
0.6616140140370038,1266,17,14187,22,81633.94490133604,1913.5023943570716,DDoS
0.572385051399166,4274,1,60968,80,528898.0549980542,7467.001434702785,DDoS
5.4101380901931675,9,1,54213,16908,3586.4299174855432,1.6635434900107433,Normal
0.4544109829327439,4563,17,59478,80,578362.1808301769,10041.570673645792,DDoS
2.112922665902038,94,1,64682,55894,47030.28425128835,44.48814029824892,Normal
7.296893433540411,170,6,24039,23,27572.12490140116,23.297585684695544,Brute Force
1.163650065989759,40,6,24896,598,1600.0,34.37459522333068,Reconnaissance
6.434284389943244,7,1,58117,57169,1143.0971100132442,1.087922071169401,Normal
2.2198242892464752,283,6,22216,154,11320.0,127.48756798947589,Reconnaissance
9.22357766466725,1660,6,10048,443,94583.07698622938,179.9735482641362,DoS
0.8006924130808775,4428,1,45123,80,301232.06126928655,5530.2135097822265,DDoS
27.442962880406554,50,17,49844,37556,43679.19900040343,1.821960705113896,Normal
16.79834464362314,907,6,29798,443,52327.19914913589,53.993415377646066,DoS
14.283443469459405,19,6,26297,9999,2201.769341426981,1.3302114466042765,Botnet
44.73301998125455,46,6,29595,9999,12003.656674570237,1.0283231496392682,Botnet
12.733136868999148,51,6,4067,10640,31354.433025250597,4.005297400373323,Normal
10.545514193377748,37,1,11082,12403,25720.062238141185,3.50860084406646,Normal
0.6434469670358134,1326,17,60851,22,115380.53109779094,2060.7758959662588,DDoS
0.6446777583381631,3297,17,54605,80,238895.72358089557,5114.182950097329,DDoS
26.10169835957266,81,6,3486,27576,6848.413090155994,3.1032463437496465,Normal
0.15351654552084154,1542,17,50913,443,148798.29442963438,10044.519923037591,DDoS
13.004753523673557,150,6,29061,23,35568.54959035218,11.534243976784598,Brute Force
1.4822818056653493,103,6,59470,605,4120.0,69.48746156522279,Reconnaissance
1.2909400789446541,1385,1,47530,443,96134.13202435445,1072.8615700987764,DDoS
0.0964143805928516,284,17,52764,315,11360.0,2945.6186748666046,Reconnaissance
0.13101691593499873,3883,17,43897,22,446575.2520193217,29637.394318810468,DDoS
49.073365973722595,844,6,65369,80,46177.15542064409,17.198738730331605,DoS
11.538958718263855,7,17,50271,57987,4159.00412857783,0.6066405271838269,Normal
3.105885053017613,139,1,987,32973,20498.634310785827,44.75374897243879,Spoofing
0.3795719337025451,21,17,30460,339,840.0,55.325481510592496,Reconnaissance
0.8331843386774574,41,1,733,47030,3654.517817029901,49.20879821754779,Spoofing
0.6611357411920318,3552,1,36613,443,395869.0909999177,5372.572950897681,DDoS
2.241149886199676,144,1,125,18449,14217.40135333989,64.25273065702054,Spoofing
16.535011058821826,21,6,45354,31524,17927.121158651113,1.2700324133618281,Normal
9.754406382033688,101,6,61141,22,14630.612351910753,10.354294873958553,Brute Force
18.501753537988474,1396,6,9009,443,69018.64485370855,75.45230764930913,DoS
0.27629001983843665,1495,1,49827,443,155059.45134137452,5410.980826865249,DDoS
27.340497121556265,1388,6,37863,80,69141.05240953133,50.76718224357556,DoS
0.6835260098453252,54,1,390,47088,4182.844824851907,79.00211436316759,Spoofing
22.417375275229507,58,17,53045,41425,11428.790146648846,2.5872788088660927,Normal
4.550604095623378,53,1,875,41867,6581.164207792158,11.646805322171106,Spoofing
11.935594888322198,53,17,27116,15610,25160.439284318927,4.440499237441049,Normal
21.18234335734123,112,6,58902,9999,15657.818399385114,5.287422553330663,Botnet
13.68215253619053,529,6,12129,23,123815.83587423236,38.663506973829385,Brute Force
10.206589147392812,334,6,32404,23,56190.164399969275,32.72395853078083,Brute Force
19.019443483296648,1151,6,2398,443,48698.57789964197,60.517017809213876,DoS
44.151880871528874,1815,6,7750,8080,84616.50287914231,41.108101493596706,DoS
24.159523056554107,76,6,35716,63955,61221.60450112169,3.14575746475187,Normal
42.726111631910626,150,6,12454,6667,31152.388327503573,3.510733700559128,Botnet
0.9414911670250844,2639,1,7930,22,334095.23050365236,2803.00027491356,DDoS
28.16304594627508,919,6,38366,8080,44997.525809913364,32.631413581937124,DoS
0.23355976951449844,2247,1,43113,22,169317.10503627977,9620.663715634106,DDoS
25.86830413746063,93,6,57243,53630,84540.74508038646,3.5951332374094074,Normal
4.737105179831437,69,1,523,8486,4639.581334351501,14.56585770857958,Spoofing
7.560509668243716,51,6,52674,24089,13668.68097977068,6.745576983283873,Normal
20.465132326846337,129,6,36244,6667,45823.67534195011,6.303404148077591,Botnet
0.08189077453328945,3359,1,9181,443,285439.99810870417,41018.051412305686,DDoS
24.075216329210104,30,17,61269,52969,12945.810553532348,1.24609472204831,Normal
14.052254744909364,1877,6,59902,80,84910.86427099524,133.57287026695633,DoS
27.880835913797384,83,6,17562,59782,27693.57022479169,2.9769552195860025,Normal
0.0944751309825123,2877,1,57791,443,355939.4662743483,30452.45844149762,DDoS
12.593673667615992,106,6,27649,6667,36825.56511088385,8.416924465223659,Botnet
9.370265235120744,7,17,61600,50507,1075.0042165650525,0.747043954931314,Normal
4.594341665405218,174,6,36366,23,18701.697407830005,37.87267309921612,Brute Force
12.679922595774029,99,6,41540,5835,94713.6889486047,7.807618639012416,Normal
4.707898318080634,71,6,35295,57360,41313.23904505004,15.08103939444173,Normal
28.391219066290457,190,6,52371,8080,58327.51900672076,6.692209994800517,Botnet
0.6462020349063283,3267,1,23093,80,209580.73566509117,5055.694385848808,DDoS
6.956246102094969,92,17,34926,19399,29388.11359702595,13.225524032609044,Normal
0.7423380100383072,3722,17,10723,22,295057.5997087499,5013.888484314486,DDoS
0.13964582271493103,3831,1,62346,80,392325.31506739405,27433.68849507581,DDoS
5.221168217586463,187,6,45617,23,46960.75987750402,35.81573935314473,Brute Force
0.9506013528431315,1270,1,16378,22,87781.10814212504,1335.996415533795,DDoS
32.27107376813486,66,6,61179,8080,24785.224623772392,2.0451752078100913,Botnet
6.304604082138717,372,6,32552,3389,86185.17573862082,59.00449816569704,Brute Force
0.5008412778359297,3461,1,32034,443,321054.28260287864,6910.372912860803,DDoS
1.2481457802557399,231,17,61167,140,9240.0,185.07453508569253,Reconnaissance
0.9616397813824443,1240,1,19727,443,112571.74357423477,1289.4641257637945,DDoS
2.3690142809148296,295,6,12861,511,11800.0,124.52436541922467,Reconnaissance
1.3171238386186346,59,1,57294,27772,10401.02691642335,44.794573046280654,Normal
0.2526405066777344,15,6,571,15626,1237.0582666336038,59.37290182501828,Spoofing
46.23471621937691,682,6,46788,80,28657.492356168383,14.75082050388307,DoS
0.6529219424764751,2833,1,65414,80,242218.64460536474,4338.956643507311,DDoS
0.7703933948658896,83,6,201,17798,4688.272720449498,107.73716461373435,Spoofing
13.39185480272775,175,6,27879,9999,60593.70695331924,13.067644667440296,Botnet
1.2968776678828702,94,6,35223,52643,55511.07447768762,72.48177860403236,Normal
21.231380126016305,45,17,29271,17431,10521.314185980544,2.1195042306674323,Normal
12.249428498439883,80,6,59077,9999,10271.08707404108,6.530916932997241,Botnet
0.6657383718248175,124,1,207,51403,15753.983556654997,186.25935539829356,Spoofing
2.1951547649130276,261,6,54549,278,10440.0,118.89822265462948,Reconnaissance
18.816040489913192,129,6,10552,9999,21739.17748996148,6.855852593916008,Botnet
1.6902935169604658,299,17,64921,2,11960.0,176.89235449336064,Reconnaissance
19.988536425503362,161,6,11011,8080,16405.70572566287,8.054616734949148,Botnet
1.0226489632359799,4181,1,55810,443,383835.48477950535,4088.4019348829274,DDoS
23.913167440754883,31,6,46112,13157,15808.770104266068,1.2963569161970205,Normal
8.967651321052296,134,6,53163,9999,48673.78910507753,14.942597030442522,Botnet
2.5430752863371406,11,1,291,17624,1440.4587344284878,4.325471628424967,Spoofing
3.699381027950771,75,6,19717,62372,23117.91256250043,20.273661845950855,Normal
0.5531325456599524,4550,17,4449,80,362532.5131540313,8225.876484218286,DDoS
2.0627995729920956,51,6,31020,123,2040.0,24.72368167403893,Reconnaissance
54.348866111456616,1502,6,3221,8080,82671.19450744071,27.63627113985699,DoS
0.07383547983570404,2671,1,28923,443,238722.90023120862,36175.020544911604,DDoS
32.090878542766426,1205,6,1572,80,69606.65882284318,37.54961081523952,DoS
10.14782861460618,61,1,55136,35690,23573.649502613163,6.011138177107193,Normal
1.4657440593625672,4087,1,5910,22,513348.00945014745,2788.3449186738526,DDoS
1.1499268552736912,2071,17,19203,443,158035.3028661201,1800.9841152088638,DDoS
27.585145027884074,79,17,55663,14676,67918.25745251088,2.8638602378252465,Normal
5.327871807121913,35,6,58003,6667,6459.1063627730455,6.5692271261509205,Botnet
1.212465387409701,2200,17,17894,22,165893.52451629052,1814.4847868194063,DDoS
2.7008834464562477,299,6,42909,23,46484.66930278333,110.70451795774801,Brute Force
5.99669414610423,106,6,1621,22,26198.840646693407,17.676405935904405,Brute Force
17.291594335177475,18,6,25400,5650,12145.146321835047,1.0409682098186497,Normal
0.7115766272532228,46,1,706,28581,5424.713160932819,64.64518119090829,Spoofing
47.70711662257929,587,6,20923,80,27839.933200812095,12.304243927460057,DoS
12.772737618780646,118,6,54483,23,27710.50893401714,9.238426680471099,Brute Force
29.99654616040148,77,17,20580,43159,18891.697609401363,2.5669621958559983,Normal
2.98636651444096,36,1,305,56926,4837.442080262166,12.054782902874567,Spoofing
1.8764486605767008,105,1,284,42275,14023.506868469698,55.95676674027931,Spoofing
1.0192024900628245,4007,17,35055,22,479095.7248737907,3931.505308383818,DDoS
2.2528830121002588,44,6,19687,24506,6988.065963460284,19.53053033099168,Normal
0.5605158219415166,118,1,947,61434,23459.618938877502,210.52037316497365,Spoofing
10.174925481813782,196,6,62770,6667,36527.41206945436,19.263040338754504,Botnet
0.9419224392959873,4844,1,3082,443,616246.8129893771,5142.673959036912,DDoS
3.2491678963506088,101,6,248,3880,12348.422418406783,31.084881798026164,Spoofing
1.1675745378925635,4955,1,48718,22,395930.81866577966,4243.840405207555,DDoS
5.578156220965868,99,6,14383,8080,15829.124760485898,17.74779982459114,Botnet
15.317523330114764,26,1,33246,44829,15997.231405372195,1.6974023436858836,Normal
3.12593482455965,159,6,54664,23,41902.92744477322,50.86478411218901,Brute Force
0.07511593342884966,2724,17,53116,443,206573.91551961613,36263.94395511562,DDoS
0.6919868541593779,2667,1,17341,80,198565.52341577262,3854.1194590175533,DDoS
2.1885089800361888,92,17,16760,36877,24940.395987932472,42.037753026939235,Normal
19.172303147581673,41,1,46153,61975,8416.485929181143,2.138501550095279,Normal
29.413076934588457,1832,6,22635,8080,95795.54454579181,62.285221096526975,DoS
1.2486464276938642,2655,1,17676,80,224013.8158376451,2126.302483324717,DDoS
9.464607664412,589,6,8136,23,76511.31100398983,62.23184530032945,Brute Force
11.965584105258136,64,17,38718,10940,38773.500571393706,5.348673281388407,Normal
0.3118479028017993,3619,1,52928,80,304162.0995815915,11605.016315598321,DDoS
1.4059267036370948,4698,17,42970,443,419343.39897969057,3341.5682253181476,DDoS
22.983595356292717,17,17,62105,33052,3587.3925090447988,0.7396579924274355,Normal
9.559798941419972,96,6,35238,21802,29562.113631349395,10.042052200915908,Normal
0.4052540169184147,1679,1,30792,22,185548.7320324681,4143.080462884133,DDoS
19.45797714006207,1653,6,45662,8080,67367.1257475338,84.95230455362366,DoS
0.7556681637614594,4071,17,24126,22,474383.6502195113,5387.285312822953,DDoS
19.05125030516021,658,6,36645,80,41381.859824653686,34.538415561196764,DoS
49.00955788821951,520,6,52756,443,23128.95903502785,10.61017528837968,DoS
25.07349447648856,44,1,52622,32742,25614.088506181968,1.7548411547205294,Normal
16.634283812309214,1175,6,11299,8080,55808.764093337624,70.63724613923631,DoS
1.5950674723908473,269,6,11080,150,10760.0,168.64490352674284,Reconnaissance
57.173251981122945,681,6,39515,8080,33494.33245119864,11.9111643365126,DoS
2.907558354266743,23,1,176,11670,2444.8500451789923,7.910417332208753,Spoofing
1.3790514605284276,1972,1,41651,80,181167.60760099985,1429.9683923646803,DDoS
10.994881040067884,133,6,14413,9999,33660.68850913506,12.09653833591444,Botnet
5.33613588865093,94,6,17326,9999,29701.19503174562,17.615743294679262,Botnet
17.298393041609167,553,6,8334,80,28451.97639991701,31.96828738194503,DoS
0.7132674202831185,290,6,53541,402,11600.0,406.5796246306747,Reconnaissance
17.824002767050494,90,6,38469,25240,53300.80401755315,5.049370849872974,Normal
13.449160076108567,78,17,41264,7528,8788.174040457854,5.79961867942677,Normal
40.18466277811441,92,6,42565,6667,34659.32588620143,2.289430684238703,Botnet
14.732694877067408,261,6,27543,23,50629.313689725146,17.715699821236843,Brute Force
4.224389480106113,28,17,39808,62274,27785.284342592713,6.628176718046525,Normal
1.1661736997119325,3099,17,45672,443,295173.999555772,2657.4085839575296,DDoS
7.629317429205712,37,1,57217,20918,3680.841336396819,4.849713010807583,Normal
0.36288450216358453,4226,17,26424,443,285737.33406609984,11645.57862020507,DDoS
37.31060754255083,166,6,56536,9999,13661.819926291528,4.449136879121723,Botnet
29.980406586996736,640,6,13679,8080,33021.09708408032,21.347275532867,DoS
1.2721176803019256,4370,17,43664,443,469583.57189509174,3435.2167788146926,DDoS
0.9736877148474973,2093,17,2806,80,169690.9590636581,2149.559831231735,DDoS
3.583749104781516,86,17,25755,29125,64939.356354263204,23.997215621276872,Normal
1.212781861522873,2155,17,22967,80,215035.4653958814,1776.9065224095593,DDoS
0.9025455136348703,50,1,696,45225,5392.861817977676,55.398868250568654,Spoofing
1.8310495727678098,109,6,52089,720,4360.0,59.52869961638225,Reconnaissance
2.816763850128963,377,6,61967,23,100729.69546205516,133.841535911056,Brute Force
3.2616953243502684,70,6,21136,7813,6935.8239964548975,21.461231978785154,Normal
13.551095900119662,418,6,59388,3389,109833.64845140903,30.84621369968379,Brute Force
13.279932936364778,152,6,58495,6667,25555.36872222314,11.44584093371244,Botnet
9.238332864461967,193,6,35418,9999,20843.419653703386,20.891215204253214,Botnet
9.597504871757394,645,6,14155,443,34048.87550283529,67.20496718871625,DoS
1.3134867381358266,3026,1,33891,80,197023.4507502603,2303.791817719201,DDoS
0.32595490356303447,1917,1,52845,443,134970.68309293984,5881.181657478219,DDoS
24.331370917816116,21,6,35748,63454,2561.40863142715,0.8630833038932142,Normal
28.86005260520073,22,6,24953,5662,4529.80966872919,0.7622993728027886,Normal
20.016801736439923,45,1,52666,25092,31181.550604696877,2.248111391245835,Normal
39.37990080099822,1295,6,21681,8080,72444.94878155709,32.8847958897645,DoS
26.237638652971214,108,6,19357,6667,16621.700837715995,4.116224079020534,Botnet
57.80831455129794,827,6,42590,80,40338.82712399767,14.305900568440492,DoS
29.53959700865809,60,17,58936,38076,36933.03381662899,2.031171920944417,Normal
2.213463637263473,162,6,63317,478,6480.0,73.18846231433113,Reconnaissance
1.3009891431597227,40,17,30897,492,1600.0,30.745836896725887,Reconnaissance
9.395995465604269,49,6,15068,6667,16512.591527515313,5.214987616732396,Botnet
1.7786903440931874,103,17,39114,668,4120.0,57.90777486483264,Reconnaissance
13.061123676350832,785,6,59861,8080,40774.486588942294,60.10202639925713,DoS
2.6638809521729385,58,6,20216,639,2320.0,21.772744743975576,Reconnaissance
15.641273365182716,95,6,21663,49415,90612.2783667405,6.073674296331196,Normal
0.7925708590850189,3693,17,16045,22,333093.3734702443,4659.520291048012,DDoS
19.79148439683922,32,17,64959,15502,9328.543741048179,1.616856995582935,Normal
4.833790289358949,36,6,22339,35897,22056.766790214107,7.447571749078563,Normal
28.588867688131987,37,6,44940,34692,3320.6499763706897,1.2942100541939163,Normal
3.7820220763665198,144,1,323,6136,17144.531825548314,38.07487029222851,Spoofing
14.734370416418013,15,6,32659,9999,1579.072500311106,1.0180278882690506,Botnet
58.35543350194167,1906,6,45782,80,102298.66806367722,32.66191142143741,DoS
27.61014963729189,9,1,33701,50805,6852.869994696239,0.3259670852288345,Normal
13.66720359778644,209,6,51972,22,60060.08039730953,15.292082136966917,Brute Force
3.081918784843754,64,1,147,33993,10530.83407871422,20.766283756320544,Spoofing
0.13662247280658235,2599,1,44347,443,328078.3290380776,19023.22470534864,DDoS
3.4782341019829444,131,6,284,35105,11364.498148525772,37.662789840774884,Spoofing
1.2057788404973728,2095,17,51814,22,187260.3328872753,1737.466216554133,DDoS
1.098827949873709,1516,17,1059,22,165788.65687643044,1379.6518373729368,DDoS
1.6244960771928223,233,6,9724,884,9320.0,143.42909365631152,Reconnaissance
1.3337409341362352,1996,1,64721,80,157551.73631916926,1496.5425060547166,DDoS
15.474247648460313,543,6,62780,80,26601.91376132238,35.090558994254465,DoS
11.397066599298252,163,6,21351,22,29334.194905420372,14.301925726224706,Brute Force
8.233962904064757,114,6,26837,9999,40137.73743019589,13.845095165989035,Botnet
19.33473164236839,5,17,53085,36629,332.3209067477934,0.25860198592275524,Normal
3.481313104782824,32,6,50136,62712,12281.392053620051,9.191933915980323,Normal
14.339727955048195,59,17,59655,41993,18735.598417529567,4.114443466776473,Normal
4.915798520153877,105,6,39,14259,19725.364894327624,21.359703732673168,Spoofing
0.9213494663795265,3873,17,53251,22,258787.7546668412,4203.6166962999205,DDoS
16.904567695353073,77,6,56099,50499,38051.990102719275,4.554981907118907,Normal
1.4514739565013248,147,17,17635,802,5880.0,101.27636072391756,Reconnaissance
31.67525445143249,1177,6,15825,80,71385.74171081385,37.15834396230939,DoS
15.11263991376137,39,6,53453,60274,34349.2412865584,2.580621269516725,Normal
30.751497808261938,1936,6,46597,443,98199.5294348813,62.95628304257294,DoS
2.822456890541232,124,1,826,15032,19279.847288050358,43.93335480713821,Spoofing
24.31901199895387,10,1,31840,10189,8341.14739862367,0.4112009155811992,Normal
0.5051372186525513,2759,1,40165,443,298774.0229718239,5461.8822334248225,DDoS
3.8997639656217675,507,6,8702,22,125911.54673999985,130.00786828880945,Brute Force
35.86602235299824,743,6,65318,80,32742.331918000775,20.715985527675567,DoS
54.9152220352,1806,6,49016,8080,82065.2973011059,32.88705632187694,DoS
0.7837024787285501,1404,1,53339,80,163591.3771984251,1791.4961839572047,DDoS
13.149838743859661,74,1,5812,46072,36142.59820486909,5.627445434230471,Normal
24.541709626205144,69,6,62524,45259,16750.505370699764,2.8115400699844963,Normal
0.3878834143177099,1926,1,26062,80,226324.08971352264,4965.409524889972,DDoS
2.0098736788024296,71,17,42238,39879,22298.841530054702,35.325603170396704,Normal
20.561503381183485,65,1,24044,15327,62973.95269598349,3.1612474435835107,Normal
9.698342867247852,113,6,40046,22,10951.135899529314,11.65147505576554,Brute Force
1.3717966156828514,297,6,45065,770,11880.0,216.50439766696732,Reconnaissance
24.09363375336163,185,6,47425,6667,47835.19713324235,7.678376864767778,Botnet
1.0220544505588431,202,6,8439,23,22705.30000594366,197.6411333951431,Brute Force
7.571701129697787,46,1,56669,53062,38977.990209795535,6.075252999564184,Normal
0.5727420500893051,57,6,34401,421,2280.0,99.52124170228508,Reconnaissance
21.983004246499885,96,17,14103,55285,45418.29655610534,4.3670100284534605,Normal
2.844258100099164,41,6,15609,404,1640.0,14.415006851372086,Reconnaissance
2.626908799425442,60,6,40477,573,2400.0,22.840534095863248,Reconnaissance
9.992056027727092,140,6,60962,9999,28398.769451187105,14.011130403143468,Botnet
0.6983824350391794,37,17,18256,107,1480.0,52.97956841930638,Reconnaissance
16.179719093483676,948,6,45510,443,47644.89235743912,58.59187013832666,DoS
0.21302566188796357,2302,1,31979,22,264539.4733085922,10806.20982278975,DDoS
0.9308681810844986,1771,17,59435,22,157546.2283199381,1902.5250148057635,DDoS
19.88685983973059,1571,6,34298,443,74240.14894144297,78.99688601723874,DoS
26.585708774414137,51,17,41904,7927,46621.40792597251,1.918323879673352,Normal
0.2733579495014059,99,6,506,33463,14247.162608261826,362.1625059032382,Spoofing
2.7676253322640165,130,17,44966,151,5200.0,46.97167585673721,Reconnaissance
1.4820144724469066,22,1,8359,22666,21619.96479850323,14.84465935320895,Normal
14.199453577072545,133,6,48338,6667,26153.965937392626,9.366557612804998,Botnet
0.5825501341994763,221,6,24943,1022,8840.0,379.36649058315277,Reconnaissance
2.862152616853141,104,17,52377,503,4160.0,36.33628737601882,Reconnaissance
2.032066221745458,271,17,37001,882,10840.0,133.36179554582753,Reconnaissance
34.53738461884812,1239,6,14459,80,67879.28956167183,35.87416979234262,DoS
0.8690755080871199,262,6,24881,104,10480.0,301.4697774381832,Reconnaissance
8.072466671009215,42,6,20880,8080,3312.4621178686407,5.202870660443271,Botnet
11.39790190719032,87,17,20010,39503,86980.7078191157,7.6329837463433865,Normal
44.32539086870827,962,6,37438,8080,48810.99604660739,21.703136309602826,DoS
29.88346405891486,161,6,52775,9999,60112.80293654963,5.387594948249326,Botnet
6.3583145768423845,10,17,12348,8241,2807.3737208373336,1.5727438268658485,Normal
1.8514857065642438,15,6,571,18723,2410.6104141700084,8.101601836200576,Spoofing
0.9755316029046529,128,6,769,51500,20296.568308091355,131.21051088337785,Spoofing
5.662542350869476,65,17,23486,56633,48005.312245038505,11.478942844466202,Normal
31.19746050657789,1991,6,40182,443,114091.95545316256,63.81929707324106,DoS
30.302648482796172,122,6,53952,8080,14362.427964941015,4.026050728511849,Botnet
21.290203737215492,1224,6,43102,8080,51962.279856348585,57.49123000924766,DoS
25.96199030452864,31,6,3264,30295,25239.40697313187,1.1940532923853902,Normal
13.623980886646814,14,17,61914,48369,11679.940719538476,1.0275997974807591,Normal
1.1905229916282938,4284,17,54117,443,427914.2526549899,3598.418535488103,DDoS
1.6868277404934204,75,6,47699,806,3000.0,44.462157100915036,Reconnaissance
8.511754809743497,38,6,53384,62861,26604.999525006293,4.46441431283958,Normal
3.302888928593855,149,1,696,12969,23283.53114170874,45.11202260241735,Spoofing
10.573355343245243,30,17,57690,6312,11773.63111878096,2.8373207015278656,Normal
0.17577411610621194,4375,1,46717,443,448899.4852370408,24889.89901878611,DDoS
8.420936883990587,345,6,9961,22,56357.76001861019,40.96931312427892,Brute Force
44.36351672680087,48,6,56790,9999,3669.2947872751242,1.0819701308981726,Botnet
17.86025960787671,36,1,21064,13100,21379.07200825276,2.0156481927129057,Normal
1.3656552292910866,2228,17,64399,22,264432.8503883763,1631.451300601366,DDoS
5.960734315881738,65,6,38558,42733,18251.657527534033,10.904696729531203,Normal
36.98641939295407,543,6,45255,8080,31037.8351561126,14.681064263913088,DoS
2.2170588722916853,68,1,554,62257,12058.130776344358,30.671264913101343,Spoofing
21.562326033857325,35,17,38013,1925,20685.267870432104,1.6232015017787385,Normal
1.1250563050848,3721,17,59115,443,427072.3759550578,3307.390024110423,DDoS
1.391329392334621,2291,1,11229,443,250790.8996278666,1646.6266095016874,DDoS
2.8799058402491475,262,6,55958,441,10480.0,90.97519659786299,Reconnaissance
2.3948104552201688,277,6,20519,62,11080.0,115.66677412661195,Reconnaissance
27.670255421184333,27,6,45957,16223,7901.049963693591,0.9757770424962834,Normal
41.96646633280986,87,6,52426,8080,19681.350846267458,2.0730837643097537,Botnet
0.0726157337661693,4675,17,8923,22,417667.37907461217,64379.987056992606,DDoS
0.8587109616245986,4615,17,50358,22,420634.3574766817,5374.334562201074,DDoS
18.961823917170015,24,6,51802,6667,1467.5065746701257,1.265701026696482,Botnet
1.5961583262716272,295,6,58538,838,11800.0,184.81875835530252,Reconnaissance
2.503061119181138,126,6,40753,319,5040.0,50.33836330821205,Reconnaissance
14.221592233471835,1276,6,34568,443,68923.54045714438,89.72272436533623,DoS
0.7794575165214072,4628,1,38014,22,307863.4949189169,5937.462789061315,DDoS
26.732843734844906,122,6,10259,8080,27812.187119783415,4.5636746023012575,Botnet
0.1589199102330505,1359,17,59692,443,132691.78986771635,8551.477269318073,DDoS
22.565407317446464,947,6,47075,443,60057.57472787088,41.96689147586652,DoS
0.1893937213074527,2529,1,20724,22,240726.98242284686,13353.13537609065,DDoS
2.372242265349586,108,6,568,25011,18978.88256207856,45.526547426253096,Spoofing
20.575179339053225,14,17,4351,59713,7933.01705365745,0.6804314931742518,Normal
11.685027152641773,10,1,44277,46453,9164.319939592553,0.8557960430360816,Normal
2.3086352956834895,151,6,54299,929,6040.0,65.40660635412111,Reconnaissance
10.543300062111692,76,17,36872,36940,7634.371904423322,7.208369253675413,Normal
6.399637659842892,1822,6,49715,8080,104795.3268708274,284.7036186803003,DoS
1.612467386271787,44,6,18706,56491,33112.85499870958,27.28737360805364,Normal
20.551892228345935,42,6,31991,29237,21689.659607564623,2.0436074466209995,Normal
10.321228223108031,41,1,59969,28630,31426.409681362824,3.972395446910646,Normal
6.060448402270828,38,6,28248,10155,8235.03693330224,6.270163109673788,Normal
1.9990977135934114,223,6,29073,22,58269.93254943951,111.55032517102617,Brute Force
0.31733503728203327,4031,1,12101,443,386261.6657245228,12702.662884393148,DDoS
1.8996983351728214,286,6,34797,99,11440.0,150.55021879249145,Reconnaissance
5.922392233412547,1085,6,40734,8080,67826.86949979022,183.2029958905324,DoS
0.22828195298315407,2625,1,62430,443,321702.1658137968,11498.937895426672,DDoS
27.559470213773828,1159,6,62224,80,72524.31341125835,42.05450943032818,DoS
54.255144000611054,1016,6,5485,8080,64098.9834154022,18.726334962608473,DoS
22.566175550325895,95,6,17453,8080,33790.51213518042,4.209840510552442,Botnet
1.438537048636347,3852,1,36406,443,283478.3257879755,2677.7203991037154,DDoS
0.9365990237703509,1375,1,56336,22,156277.97778136915,1468.0775498407338,DDoS
11.692374747477803,375,6,65020,23,74581.21018367755,32.07218448766299,Brute Force
2.4997426529297635,190,17,19792,904,7600.0,76.00782415634467,Reconnaissance
11.862986562593179,545,6,28323,3389,87786.91231875557,45.94121363321061,Brute Force
0.2004290534070987,1894,17,16874,443,135784.83608391153,9449.72781043389,DDoS
20.04054401754776,183,6,27128,9999,70923.98112769824,9.131488638220741,Botnet
27.15759828219136,631,6,4388,443,37208.036623414184,23.234749753765204,DoS
43.35503059380397,551,6,22118,80,23365.772300824825,12.70902113211161,DoS
9.150490078095578,48,1,32762,2932,1933.6073195198837,5.245620681552597,Normal
23.944789659769015,1638,6,51104,80,67272.03075034171,68.40736641558793,DoS
8.442947229467395,60,6,42794,12354,11785.926463136633,7.106523157054598,Normal
1.4175136111877964,3868,17,34451,80,256680.7814429268,2728.721593550579,DDoS
12.524896582590245,578,6,22322,3389,55203.66329027809,46.148085629978524,Brute Force
2.6747760685616297,41,1,41245,51099,7648.05471959179,15.32838598412012,Normal
26.71326335397865,53,6,21462,63077,33854.88565980228,1.984033148541031,Normal
9.435047622116622,77,1,16179,45287,38839.225300243714,8.161061086698163,Normal
0.48478861183380306,143,6,24912,354,5720.0,294.9739257675132,Reconnaissance
21.799422878687242,1990,6,55121,443,80411.26911033387,91.2868203472292,DoS
0.9781916994976075,2572,1,3533,22,238254.4042502836,2629.3414688766643,DDoS
5.288682333993134,490,6,30612,23,107585.66061227096,92.65067724913503,Brute Force
9.563728519986633,212,6,45239,22,49090.80195264192,22.167086775513816,Brute Force
0.9426025621569921,1043,17,19073,80,101417.80477203894,1106.5108900332975,DDoS
4.819935994237917,59,1,412,56677,9101.61991024374,12.24082644884344,Spoofing
9.583743046512652,83,6,42830,8080,6643.1567917771445,8.660499305665564,Botnet
4.483696096963037,17,1,529,45840,3075.3720699661376,3.7915147753913763,Spoofing
14.497595864692762,53,6,53061,22075,34287.51565222707,3.655778550778577,Normal
1.3965519498681112,329,6,42570,22,32221.62543392672,235.5802088358191,Brute Force
13.235500619987961,869,6,60072,8080,37268.08847460174,65.65675337490865,DoS
1.4190102085847867,3592,1,30681,443,249526.39141516638,2531.3419017488172,DDoS
1.498070178735879,3031,17,8022,443,282822.50483614416,2023.2696992591214,DDoS
10.757124768976945,85,1,16265,61341,74868.88029408726,7.901739714420353,Normal
21.523945738184462,59,1,61818,56730,6985.946217926722,2.7411330950965604,Normal
42.53572736244663,185,6,57109,9999,50369.46352711237,4.34928497692343,Botnet
5.249573862018816,37,6,17313,43196,2332.7610741218773,7.048191143227576,Normal
1.0236190650812058,4173,1,42130,443,523931.5989302972,4076.711876863047,DDoS
18.938015463525666,1530,6,20366,8080,97125.09618192859,80.78988017233152,DoS
21.312387308270583,68,1,45243,57475,7887.677689765676,3.1906327065298594,Normal
2.645041284061385,158,17,41651,832,6320.0,59.73441736130316,Reconnaissance
10.220216850243698,7,17,18883,10306,3609.2188105653195,0.6849169741279106,Normal
1.084977487023149,3534,17,23301,22,380606.4797542679,3257.210441938505,DDoS
0.6022328817090913,3151,17,55362,80,316965.92664101784,5232.195211689041,DDoS
2.7124436828667307,33,1,13214,54795,17028.78875859444,12.16615121207712,Normal
20.016179075567898,96,17,57076,52680,6282.319630768218,4.7961201604745485,Normal
6.935338091535876,108,6,22414,6667,11267.485701217569,15.572420345564247,Botnet
1.2697704319701746,174,17,54722,114,6960.0,137.03264434187665,Reconnaissance
25.38656351565028,72,6,35414,48903,21061.017890711115,2.8361459776000606,Normal
3.7077396070301756,42,6,776,61534,6241.33937891847,11.327656322025577,Spoofing
14.242508744126985,174,6,35333,6667,36033.98153441643,12.216948792237908,Botnet
1.1511949976336218,253,6,33798,23,32672.608020407224,219.7716290637666,Brute Force
0.5563973416855635,4019,1,8402,443,290876.09267763665,7223.2552151035525,DDoS
0.4133886708292637,3961,1,41149,80,461091.39525313495,9581.781697244329,DDoS
0.8406918947094861,4596,1,59521,443,495404.996867871,5466.925551349841,DDoS
12.733098449854012,155,6,37617,6667,61375.8021915054,12.172999416475658,Botnet
4.528676644714133,560,6,33855,3389,109451.58764104788,123.65643297885521,Brute Force
14.098463154156951,60,17,15953,4612,4397.833226598459,4.255783012938465,Normal
1.3621400220143192,1036,17,4031,80,85713.57026879131,760.567917583079,DDoS
0.9092400555418877,37,6,45856,626,1480.0,40.69332380869295,Reconnaissance
10.587230263059377,131,6,12288,22,33633.62496064621,12.373396700086989,Brute Force
2.7842896251854974,56,17,54738,58,2240.0,20.11285014800467,Reconnaissance
36.62060498398051,108,6,44581,6667,19858.813993279626,2.9491593611641322,Botnet
1.3095417199997919,2734,17,11142,22,202632.07639640398,2087.7532637909653,DDoS
45.34916893846101,948,6,11124,8080,45496.62528578175,20.904462467359423,DoS
4.2112904991563,19,6,408,31287,1287.3339719530388,4.511681158971698,Spoofing
27.67895563619313,59,6,9959,10039,41249.67126937665,2.131583314612179,Normal
37.174588948071715,1139,6,51897,443,55548.74209630056,30.639208992762274,DoS
44.22859937260412,39,6,49071,6667,2407.2056449684324,0.8817823886179222,Botnet
22.130271185200392,77,6,18307,14797,17684.999966461935,3.479397037461236,Normal
3.1071305972134144,156,6,49603,6667,13229.120830679998,50.207094655083495,Botnet
5.224235079920236,1446,6,62215,80,73514.93989028737,276.7869320348574,DoS
0.36197014370262803,168,17,17807,749,6720.0,464.1266770831195,Reconnaissance
10.332116300108087,62,1,22556,20078,25306.72111733289,6.000706747692281,Normal
0.5238292174725907,2518,1,58093,443,295326.5295762171,4806.910183721766,DDoS
3.5772598709449146,128,6,662,10623,20295.002283425343,35.781577133838326,Spoofing
1.4054268161178132,1737,17,2613,22,190285.57054008506,1235.9234789599973,DDoS
8.401938232648671,185,6,10838,6667,28967.084946016254,22.018728878667275,Botnet
24.421292514937427,24,6,42784,8080,9429.32850029249,0.9827489673333325,Botnet
22.255467281769256,7,1,35690,45447,567.1235095710272,0.31452945522892284,Normal
38.31235323682066,892,6,59095,80,39706.424730074985,23.282307784287443,DoS
5.483355371888257,1569,6,6937,443,98601.42530518494,286.1386675836946,DoS
0.15156319848340627,1523,17,39223,22,163333.63954876928,10048.61348427365,DDoS
1.8191541609242796,294,17,14401,597,11760.0,161.61357091947824,Reconnaissance
1.6935226414160747,598,6,29054,23,85162.06321113478,353.1101299596265,Brute Force
0.48203912132444826,123,1,683,30649,15505.75236743343,255.16601155119073,Spoofing
33.896355646844626,150,6,24300,9999,50508.028098068775,4.425254489385302,Botnet
15.08477290929413,822,6,21992,80,48037.768309926454,54.49203676732474,DoS
2.5307342630856655,105,17,17646,903,4200.0,41.48993496929857,Reconnaissance
2.967170132695087,29,1,413,63641,2242.9515991519715,9.77362224041371,Spoofing
27.884362222858872,195,6,30790,9999,72288.18043614156,6.993166938569751,Botnet
5.268406980916332,121,6,6180,22,29979.17011845059,22.967094311107022,Brute Force
0.7436971289020996,3536,17,16318,22,335795.1557271946,4754.6237071267215,DDoS
8.776197933699125,232,6,65275,22,22059.127687233085,26.4351376020314,Brute Force
11.369022585611345,90,6,25712,63355,83686.97680847958,7.916247797229654,Normal
1.476876542722349,4505,1,48247,443,334683.04130405246,3050.3565258717326,DDoS
0.9114399345865578,3295,17,41192,22,234689.76555789835,3615.158690072823,DDoS
1.4666236936056534,12,6,32616,882,480.0,8.182057914595894,Reconnaissance
10.546628202736558,306,6,46537,23,91442.07305781021,29.01401226228886,Brute Force
39.39528303936018,72,6,29812,9999,9290.492861765699,1.8276299710314088,Botnet
17.706820481730492,34,6,15371,9999,12489.924990098174,1.920164042724692,Botnet
15.06038988618598,1836,6,45840,443,110375.70469707237,121.90919450790952,DoS
2.3252831138655314,31,6,25720,480,1240.0,13.331709938952706,Reconnaissance
10.643133699579563,1023,6,29165,8080,56413.744359096854,96.11830771612046,DoS
0.0354341800200883,1058,17,12158,443,114179.6032354468,29858.176466908502,DDoS
13.465121665951408,30,1,30345,57441,5240.286060168617,2.227978383281863,Normal
27.144089706402745,42,6,56768,6667,11219.28621439935,1.5472981578782892,Botnet
9.462774603637031,70,6,21202,8080,21973.740183824466,7.397407518625181,Botnet
0.8137469023006229,4945,1,10729,443,328652.2963549947,6076.828048155404,DDoS
20.68700606077394,98,1,57287,7578,55621.167901551766,4.73727322900652,Normal
4.94026222737088,545,6,33493,22,100289.67557368269,110.31803068681221,Brute Force
1.9313990267401533,19,17,63029,9074,12203.624292528732,9.837428587746835,Normal
38.81582808961185,196,6,59036,9999,52312.05065894256,5.049486501936946,Botnet
2.4508743511436037,206,6,24190,159,8240.0,84.0516364716446,Reconnaissance
1.0128713187061962,1490,17,63263,22,143964.9618707354,1471.0654477839003,DDoS
3.817596425981841,22,1,27496,20006,6007.0522711959875,5.7627882953452465,Normal
18.68324825710818,92,6,33419,8080,34396.11758078549,4.924197266660947,Botnet
4.14854514813241,344,6,7673,22,58040.88800343864,82.92063547985292,Brute Force
58.78523891697518,819,6,30818,8080,37674.59808970086,13.932068918809831,DoS
1.4003270748089074,213,6,54002,317,8520.0,152.10732109072916,Reconnaissance
3.752119006839108,59,6,1397,1218,49130.70460576171,15.724447943271203,Normal
29.84165896556045,1839,6,64998,80,110026.91948480949,61.625260248511864,DoS
35.948254549824355,96,6,10477,6667,11379.524916881923,2.6705051803542728,Botnet
13.911891684408719,562,6,24338,22,102498.34763337881,40.39709428084769,Brute Force
1.336467005494709,62,6,31987,40038,48019.49601307055,46.39096943291164,Normal
11.092642671609541,178,6,17732,23,39673.869814830105,16.046672129408115,Brute Force
44.820680397841535,1392,6,14249,8080,65581.71161828896,31.05709212007044,DoS
0.21888580498731416,1795,1,13487,22,228700.6574269072,8200.623151894348,DDoS
26.454499031761056,19,6,53299,35120,11791.46476330389,0.7182143187511794,Normal
14.164264868028724,142,6,19079,23,16357.22634345104,10.025229076344045,Brute Force
2.394849057477859,53,1,30579,1252,29893.49006891852,22.130831099567114,Normal
0.7709453859516114,1292,1,2958,443,139022.67133237113,1675.8644951292213,DDoS
1.2768145136313862,3992,1,40180,22,280046.33177857444,3126.5308761617684,DDoS
6.52562122750262,293,6,29428,3389,81898.744423046,44.899939758246155,Brute Force
4.896783242277725,93,6,13,12384,7844.749144227377,18.99205976630922,Spoofing
42.02516852227285,189,6,11391,8080,70143.14352872565,4.4973049876012325,Botnet
0.39117889834688424,2287,1,3073,22,284486.98151446175,5846.4298807139785,DDoS
3.611566206481634,149,6,398,61086,15658.815015835851,41.256339073223,Spoofing
15.236277133038275,677,6,33056,80,42532.720338999075,44.43342649182957,DoS
13.473778118492087,549,6,12567,23,85049.08521682379,40.745809762632575,Brute Force
1.2425301809227292,78,6,45039,88,3120.0,62.77513512152723,Reconnaissance
12.541083790569866,5,1,57643,64429,3767.9716417805967,0.3986896255138409,Normal
1.108334908371217,18,1,246,10329,853.8370945909123,16.240578424487573,Spoofing
13.68611492145832,47,17,47251,21802,41971.82901845403,3.4341374648483467,Normal
19.72195166433181,1044,6,63864,80,43956.08291902397,52.9359374654654,DoS
0.6140671119785291,1457,17,28767,80,154314.01959727253,2372.7048258707982,DDoS
1.2957709821856866,2493,17,18191,80,273002.5034651104,1923.9510949649805,DDoS
0.5618561158600024,2218,1,58129,80,187275.3665043478,3947.6298956095347,DDoS
4.05490487039859,100,6,505,15040,6612.7568304828965,24.66149100809119,Spoofing
1.4461912673985635,2736,1,17218,443,198267.8930277018,1891.8659389511936,DDoS
27.131025983090957,197,6,49905,6667,56626.61065931216,7.261059722650281,Botnet
1.4062586168900946,3225,1,45790,80,283121.1837732871,2293.319280867417,DDoS
14.782684709530724,76,1,39056,26486,41821.17913490042,5.141150034201915,Normal
6.4863080560178945,189,6,58680,9999,23881.51811553289,29.13830153728958,Botnet
1.4309431051412222,1310,1,55320,80,122137.73138774237,915.4801440345973,DDoS
0.9660651585437356,4744,1,51247,443,433610.7664628782,4910.641852720569,DDoS
4.219676368434707,106,1,485,35124,4601.142153783318,25.12040989515999,Spoofing
0.9146871688884837,1609,1,54663,22,192436.56641017468,1759.0713576481417,DDoS
16.253605019348008,42,6,26968,7544,29258.145410241388,2.5840421217326206,Normal
0.13858156546149536,1456,1,63624,80,173604.52671390635,10506.447918605358,DDoS
1.2220855778507733,166,17,50740,835,6640.0,135.83336798060958,Reconnaissance
3.1497693330286176,133,6,836,53871,21524.04343109717,42.22531428106695,Spoofing
1.7159223880888832,99,1,764,40526,18077.341023835445,57.69491714031526,Spoofing
0.5351507010450653,51,6,426,61870,3557.120999868675,95.30025822708446,Spoofing
19.802028519829804,87,17,5047,46707,79828.69364057582,4.393489278781614,Normal
0.7206038450391907,4630,17,32204,80,428038.1970663523,6425.166937248569,DDoS
15.262590582328158,87,6,30135,9999,25424.401882151335,5.7002118697158295,Botnet
2.647316123015324,12,17,12254,25366,3010.690053557113,4.532892726967514,Normal
1.1553008008819954,4786,1,32306,80,398000.71535020525,4142.644059751545,DDoS
0.4971236148658287,3775,17,53101,443,257714.9667727929,7593.684723705702,DDoS
1.262915373693489,3861,1,9458,80,316697.82494999765,3057.211971937772,DDoS
1.0532249405078067,45,17,43326,571,1800.0,42.72591567980103,Reconnaissance
9.714841870690071,70,6,38767,51606,49151.708761442685,7.20546982974492,Normal
56.236026973819655,961,6,30764,8080,45045.14030357031,17.08868943475306,DoS
29.436749919534893,38,17,57445,27539,21735.40039218883,1.2909033811094186,Normal
0.6186663855469696,219,17,32106,740,8760.0,353.9872298159205,Reconnaissance
24.019583361476332,24,6,29261,36554,14662.372992253388,0.9991846918748916,Normal
0.070960882151935,4868,17,21692,80,559814.9899599268,68601.17648449015,DDoS
6.578810400795358,38,6,48914,6667,4247.531831437845,5.776120253504481,Botnet
12.236773289144667,187,6,35188,6667,62271.39851346612,15.281806370139185,Botnet
0.20129981556533566,1739,1,41676,22,174485.53528107365,8638.855406380513,DDoS
1.1225468321293923,2848,17,39812,22,322310.5684585291,2537.087913381346,DDoS
1.2376726123212778,4793,17,33957,443,422524.12035091146,3872.5911459013705,DDoS
0.9986898510424385,3670,17,49564,443,362854.56449977204,3674.8145544577546,DDoS
11.141237491812557,77,1,33909,55376,72838.46033914293,6.911260984839929,Normal
8.275183157082875,1736,6,50448,443,91974.17808703078,209.78387632594294,DoS
0.5456478377378908,4464,1,35773,22,569116.3540279536,8181.100869943045,DDoS
0.6016616119347082,3040,17,58508,80,221611.86197404127,5052.674027556038,DDoS
2.492436057111583,33,1,974,13304,6459.483401304475,13.24005881949999,Spoofing
1.3016389065874912,31,17,29684,493,1240.0,23.816128914948273,Reconnaissance
2.9398249164333166,111,6,579,35054,9854.419036952839,37.75735057537662,Spoofing
4.676027586256756,20,6,29897,18456,8630.420438354757,4.277134732648221,Normal
3.253466653023116,73,17,24548,27673,39511.81406474487,22.437605110280913,Normal
1.0134987059387865,291,6,8810,849,11640.0,287.1241949247993,Reconnaissance
0.4480245267173236,2901,17,54621,443,233638.70490390476,6475.0919358268875,DDoS
19.82860314674879,24,1,53740,3316,17203.232466800182,1.2103727036331944,Normal
33.8503053714142,1770,6,32245,443,113007.1404589653,52.2890408396352,DoS
3.9722384214842243,81,1,684,46304,14511.470092187055,20.39152523219752,Spoofing
3.041717413574665,78,1,101,41455,12745.992676077189,25.643407784003646,Spoofing
1.154883594901806,3977,17,64668,80,330317.1988296523,3443.6371055544732,DDoS
18.180222040096407,82,6,31510,10773,71581.65825974672,4.510395957714341,Normal
1.3817937503280697,86,6,6103,386,3440.0,62.237942514634774,Reconnaissance
0.48561836067707204,3521,17,25898,22,260350.90413652087,7250.549577843094,DDoS
3.33474908082296,91,6,636,45356,17703.78580150314,27.288409950634946,Spoofing
40.17254922365718,104,6,21360,8080,14732.795854944903,2.5888324741601294,Botnet
3.743822226578474,102,6,133,59056,11006.928089872039,27.244883391062903,Spoofing
0.7317338422513878,1465,1,4236,80,132268.98700630717,2002.0940885999064,DDoS
1.4065324701236577,2523,1,8974,80,296679.6628971613,1793.7730223733734,DDoS
58.779845362903565,1877,6,17729,80,110684.39763899891,31.932714154171453,DoS
5.833165325249526,512,6,39425,22,144906.10931705794,87.77395658301492,Brute Force
2.5983892852653105,153,6,21758,520,6120.0,58.882631970358446,Reconnaissance
20.036380616082493,67,6,11670,23202,65698.58885738322,3.3439173114041103,Normal
28.771382385041647,13,6,36561,33428,9810.12075551074,0.4518378653491029,Normal
1.1707538371841464,153,17,53349,450,6120.0,130.685029713838,Reconnaissance
3.097437288750616,42,6,39635,9999,11495.521498981188,13.559596558269995,Botnet
7.466736309014712,111,6,35799,22,11527.350129557177,14.865932772527122,Brute Force
9.03065909308489,27,17,46555,4446,16101.076550954276,2.9898149981848947,Normal
30.308625166127047,1063,6,51598,443,61015.686533861575,35.072524542881936,DoS
19.239682494021928,163,6,10896,6667,23254.81873907716,8.472073281388436,Botnet
0.5641427755753123,144,1,769,25988,7600.834879602497,255.25453171521858,Spoofing
1.0197606081221249,4270,1,48149,443,308187.1194077804,4187.2572503689335,DDoS
28.68766206875938,58,17,21448,55926,56216.02922963199,2.021775070446103,Normal
27.218568995506285,600,6,7751,8080,24153.37243535332,22.04377460472145,DoS
0.3214178705162517,2224,17,40372,443,249958.86416540827,6919.341467939783,DDoS
23.55239969444507,1175,6,8354,80,52981.108119063436,49.88875932999424,DoS
2.8732964372020677,88,17,30785,679,3520.0,30.626843391659175,Reconnaissance
1.3319368880243543,2257,1,57294,443,173841.68126557526,1694.5247333361121,DDoS
1.060318924492863,495,6,45616,22,51114.22187471826,466.84067271245976,Brute Force
27.30163372223302,65,6,64004,20549,4189.026354721088,2.3808099054184955,Normal
0.6347679480844614,75,6,364,63394,13892.71600689406,118.15341374171054,Spoofing
0.4540337448838092,182,17,35285,854,7280.0,400.85126282095007,Reconnaissance
4.923177230365613,60,6,22325,51179,42987.009873571675,12.187251685746073,Normal
1.684758475425381,69,1,45561,44814,60134.85435053038,40.95542536598805,Normal
0.3687466260359558,4565,17,56269,22,354244.3434920763,12379.774288578508,DDoS
25.11652754779241,52,1,55142,60080,8109.463141652826,2.0703498881783315,Normal
2.395201969010188,106,6,26123,6667,19341.086672220725,44.25514064010405,Botnet
1.2507464764955445,81,17,57160,884,3240.0,64.76132575400347,Reconnaissance
0.8203443761688617,4277,1,46104,443,387793.15806987486,5213.664071148105,DDoS
0.3431048377945637,2106,17,9904,22,159521.88200272014,6138.065593994864,DDoS
0.0585599756660041,4961,1,25325,22,384726.6719860896,84716.565257728,DDoS
24.298079003907663,174,6,24107,6667,59510.7708595406,7.161059932845596,Botnet
12.648349104570523,17,6,21872,29543,16825.911515737218,1.3440489236541546,Normal
11.791499260140945,1422,6,1973,443,72201.75909281711,120.59535167057312,DoS
2.6147192293028105,147,6,906,25449,22490.74672802707,56.22018546105852,Spoofing
3.109484526322555,148,6,188,36120,25064.926455049754,47.59631339122077,Spoofing
14.389097761110818,57,1,59878,17147,41727.564524788286,3.96133245783158,Normal
5.740352689774595,57,6,57637,9999,10556.61655823689,9.929703466049261,Botnet
13.036409694629208,98,17,44165,46719,68833.73232831816,7.517407192286572,Normal
12.716829861209678,33,1,9174,64952,18107.027297789107,2.5949863574616465,Normal
4.767179760150668,448,6,33737,22,61980.680925927285,93.97589823334894,Brute Force
28.1414405557535,88,6,36677,6667,28144.466611014454,3.1270609557337834,Botnet
12.833197382442046,61,17,53884,59618,42781.40980644083,4.75329710766065,Normal
5.860193950557986,18,1,23129,2669,4199.020521665931,3.0715706940529004,Normal
2.766651082483825,50,1,18259,30032,43086.24165468743,18.072390955462062,Normal
0.5807118318863393,1976,1,18894,443,239426.95207697488,3402.7204053709643,DDoS
5.959472613999745,47,1,41632,29419,21974.47762379352,7.886603906793624,Normal
1.8351558737183697,27,6,14576,64029,1577.640768128518,14.71264669485156,Normal
8.29328433687245,1367,6,5496,8080,78922.86960971911,164.83216352805297,DoS
19.122647830421943,151,6,48577,6667,16747.499503314728,7.8963960084950315,Botnet
0.5424715779418442,71,1,324,39154,5347.9592890200365,130.8824330841008,Spoofing
1.7931406628155606,109,6,971,27883,4749.813322375739,60.78719994495577,Spoofing
15.75547019657349,70,6,34152,14230,8224.501231153003,4.44290136229788,Normal
0.39645036065221334,98,6,54598,1010,3920.0,247.193620504663,Reconnaissance
13.535821853330962,449,6,65092,3389,93163.98532985125,33.1712403476637,Brute Force
7.636858643970778,181,6,13582,3389,38221.26039921394,23.70084460616508,Brute Force
10.470559376089756,495,6,63327,3389,55127.58382385088,47.275411200128104,Brute Force
2.4606169480879174,253,6,51659,618,10120.0,102.81974209622503,Reconnaissance
36.212293158370066,1200,6,9965,8080,70091.3879923805,33.137917964817795,DoS
20.948814978072487,50,17,28231,6599,46931.237798473936,2.3867698508166657,Normal
0.8157829927825472,121,6,942,41259,11952.77805094453,148.32375897820833,Spoofing
41.25874892141765,145,6,63201,8080,36259.955971737014,3.514406126956741,Botnet
14.61562812634618,110,6,30965,8080,38516.21314109233,7.526190393535918,Botnet
11.81542411395648,922,6,37632,443,52922.39316178976,78.03359330207417,DoS
16.235017184936982,34,1,49053,48005,22728.49663367299,2.0942386209203123,Normal
0.5961961175834926,2996,17,14255,443,209113.07947069907,5025.192066233866,DDoS
0.6368152012511177,157,6,13040,525,6280.0,246.53934091326695,Reconnaissance
36.8153465424166,1200,6,61645,8080,59880.834329240504,32.59510265963208,DoS
10.35077687813794,1452,6,61007,80,86434.46689231589,140.27932560953903,DoS
0.5858367834767503,4634,1,21038,80,439669.5567134376,7910.052988647659,DDoS
0.5330712362880027,4311,17,25729,443,298698.23838873574,8087.0992590395435,DDoS
12.180467627524287,135,6,59491,23,40241.967650372935,11.08331831981061,Brute Force
4.859061710551068,64,6,719,48110,8977.326711860404,13.171267173048875,Spoofing
35.219826963783404,117,6,29109,9999,16688.096659361203,3.3219924708974653,Botnet
44.420031398324255,1099,6,60398,8080,61421.205615719606,24.74109012091918,DoS
1.0316585220675458,97,6,108,43791,15164.110203674576,94.02335940152211,Spoofing
1.0616026226176138,66,6,10052,52044,30374.949903124543,62.17015538004469,Normal
10.493041592771426,64,6,39489,8080,22708.82866359607,6.099280121417711,Botnet
0.21407049645513612,1875,1,62126,22,167078.15138250886,8758.796896577262,DDoS
0.3110854372426837,1960,1,52166,22,135049.86511316226,6300.519938742636,DDoS
2.4389890779429244,89,6,1017,26034,9380.742428070715,36.49052831145262,Spoofing
2.5240045047194246,173,17,40408,308,6920.0,68.54187450003428,Reconnaissance
7.131168006510028,22,1,62936,59583,19285.952933669,3.0850486175499228,Normal
14.686480711088368,250,6,14368,22,48245.1962821614,17.022457926986466,Brute Force
0.9279187816279061,4117,1,51094,22,442809.26566236984,4436.810722569155,DDoS
1.003712757914366,2987,17,35570,80,301240.6525494337,2975.9510143188218,DDoS
16.72194995688611,29,17,58749,56931,12356.433108495892,1.7342475055104312,Normal
0.6732595281605429,2727,1,18239,443,274742.5505411049,4050.443975818089,DDoS
16.75005738092361,508,6,38074,80,30118.69566105879,30.32825431264215,DoS
24.09366330080141,29,6,60415,56643,20400.528167428747,1.203635978387537,Normal
17.72634295298559,925,6,14143,443,49890.58164198138,52.182224074831254,DoS
0.546977513630939,169,6,5400,778,6760.0,308.9706537991779,Reconnaissance
4.758348789622496,68,1,48028,27171,55592.25553088877,14.290671618755965,Normal
44.5615965359411,39,6,49882,8080,8802.206728594554,0.8751930593093674,Botnet
0.7480622226245772,4237,1,40214,22,515395.4427914058,5663.967343698336,DDoS
4.721128743702598,93,6,400,28001,15726.89625818216,19.698679076280328,Spoofing
0.8027185442017111,1979,1,59694,80,181889.0274858237,2465.3722208050885,DDoS
22.52539138205406,80,6,44870,4149,20703.448489125127,3.5515476132297468,Normal
14.575749525058573,92,17,16266,40114,37750.83325373158,6.3118537981071885,Normal
16.273028180268227,14,6,23332,32301,12674.933091950037,0.8603192869152421,Normal
22.803639375231096,81,6,33596,27865,76382.78280674467,3.552064592285245,Normal
1.0147579298150922,130,1,649,58954,9451.509399792054,128.10937089566616,Spoofing
10.905102702796972,342,6,5165,22,82186.96577176548,31.36146529938529,Brute Force
11.743816706413314,210,6,61242,23,19034.6813870444,17.88175047770617,Brute Force
2.624111885184404,76,1,87,56198,9479.50765752847,28.96217971081643,Spoofing
7.889306154565888,65,6,23438,48394,6152.831468581281,8.239000835628827,Normal
1.4754680948686434,3980,17,61360,443,460234.905856223,2697.449042674371,DDoS
0.6684910299282435,4857,17,30968,443,519960.8364068364,7265.617312054816,DDoS
2.072936101163135,55,1,60212,6807,32223.809527757814,26.532414563641986,Normal
31.5386429521591,864,6,63385,80,36442.51590281222,27.394964371504496,DoS
27.944415339499066,1427,6,16169,80,59956.00790258418,51.06565954818722,DoS
1.0560055433157494,2256,17,24711,80,194373.13117296863,2136.3524218977022,DDoS
0.4132290106738153,2675,17,61631,22,241510.43897924805,6473.408039861767,DDoS
8.233190843219868,306,6,18611,3389,29601.48005889391,37.16663512688944,Brute Force
36.27279384166198,118,6,45711,8080,19704.403869424405,3.253126861831864,Botnet
1.1314488761053727,1488,17,14842,443,169756.77638994606,1315.1279137966296,DDoS
2.3734087795917613,246,6,39764,2,9840.0,103.64839049862843,Reconnaissance
0.5292937759737522,182,6,21997,276,7280.0,343.8544117870478,Reconnaissance
1.4487778791901216,3552,1,3003,22,298709.39926068584,2451.7215861865566,DDoS
0.3256385651163605,4691,1,38600,80,318324.70971449453,14405.5419183037,DDoS
24.477703982488244,1747,6,18014,443,74658.05897522223,71.37107308960975,DoS
1.891832388108497,205,6,26038,926,8200.0,108.36055101317105,Reconnaissance
11.824831490887817,370,6,1503,3389,87253.87473802998,31.29008648327217,Brute Force
27.665211858206245,82,1,36582,7155,78151.0560078726,2.9640112795910722,Normal
1.3512642383518694,3959,1,38823,22,269643.63421681337,2929.848868663004,DDoS
41.1915355985156,729,6,47866,443,32640.899361803546,17.697810712991984,DoS
10.652766435470514,1901,6,20922,80,111706.63851013355,178.45129821585505,DoS
4.330994181425837,10,17,21899,43735,1097.2067488094979,2.3089386826901324,Normal
4.315693308919586,340,6,11472,3389,74749.39601521197,78.78224323709355,Brute Force
1.6935032046403908,66,1,228,31150,9819.798557718717,38.972468324330606,Spoofing
1.79059200827244,347,6,43667,22,58315.32888299792,193.79065604943975,Brute Force
4.825772247611515,302,6,47560,23,25346.367265803085,62.58065745839393,Brute Force
27.95417627901005,82,6,64435,8080,31088.135758733715,2.9333720722642553,Botnet
0.2335001262550733,1043,17,13679,443,77716.07619269674,4466.80700660794,DDoS
0.3111751127305714,71,6,1011,37902,8328.519718434402,228.16734724372,Spoofing
12.468743256398426,67,17,41254,42981,33738.22224702694,5.3734364901305085,Normal
4.726275908723916,126,6,475,30462,5988.680736400976,26.65946771482914,Spoofing
20.530589855925363,13,1,49337,47404,5806.938290069681,0.6332014857453329,Normal
0.6899954020388874,109,1,499,13487,4453.945189218859,157.97206717307498,Spoofing
13.056371657704569,58,1,59642,63890,31018.733822852068,4.442275505061484,Normal
21.976577749963045,58,17,35893,30816,44222.26665711852,2.6391734263583206,Normal
18.788864755289875,36,17,15492,54900,26440.56551306004,1.916028481170713,Normal
23.54137704900155,58,17,41871,36875,47870.31665560791,2.4637471240222086,Normal
27.912841270811395,73,6,29810,9999,18183.91666630507,2.615283743125659,Botnet
19.399751608860743,107,6,22289,9999,33444.597908794996,5.515534536593152,Botnet
21.07822001129052,536,6,22893,80,21847.1686560064,25.42909219625245,DoS
25.605561446871175,28,1,62584,19086,21104.790054927787,1.093512440963149,Normal
23.793849817065475,61,1,54607,36827,52180.325162371155,2.5636876953072743,Normal
9.532823174708907,18,1,10069,25138,17334.160042145595,1.888212932319459,Normal
26.14619116866104,27,1,44538,17014,14835.514457622408,1.0326551896538696,Normal
10.6497370217193,469,6,10715,3389,58470.470093322634,44.03864612276448,Brute Force
16.85662356258236,83,17,49465,8519,23045.620824404454,4.923880496699232,Normal
0.5074795458406035,4479,1,43994,80,549928.3900384695,8825.97148340404,DDoS
5.946482061914811,22,6,1040,17516,5641.299046653851,3.6996664197311713,Normal
8.732281509157296,94,6,13822,47152,89135.4519070337,10.764655250912933,Normal
47.24942740042975,1747,6,36456,8080,91662.68750604491,36.973993043228084,DoS
3.8290801897074283,102,1,455,9179,18641.54520242734,26.638251210872028,Spoofing
2.36966486068694,41,6,5268,16851,25111.405124086592,17.302024720961825,Normal
13.666750014889397,35,1,32108,28662,5738.347399842127,2.56095999135631,Normal
0.6813930634111959,2597,17,46185,443,230446.53145642625,3811.309711605921,DDoS
27.90381462867653,90,1,29997,14574,7263.850139659364,3.22536546338391,Normal
1.9946863582643253,72,6,2425,62059,46794.88464029864,36.09590034127007,Normal
1.1679191356312102,276,6,43237,802,11040.0,236.3177308939577,Reconnaissance
3.018424581714195,124,6,903,5337,14629.609795471712,41.08103304988959,Spoofing
11.195672157574037,755,6,28349,8080,31477.41596116617,67.43677283272638,DoS
0.8265951705114633,2692,17,6906,80,176848.0401261738,3256.7332789209263,DDoS
1.3776505370688283,3873,17,12737,80,441822.3263452293,2811.308017373133,DDoS
10.883201986502126,1088,6,12458,443,44345.37178879943,99.97057863571679,DoS
4.338147534574286,91,6,759,37023,17870.22373044279,20.976695530695007,Spoofing
41.28165643149845,62,6,28490,9999,12125.160829921475,1.5018777190513408,Botnet
7.551443503699125,30,17,54512,48204,25518.209114636345,3.9727503735284917,Normal
24.87148710946932,1117,6,50287,8080,50549.926280955224,44.91086500311132,DoS
0.538559083550541,1022,17,24967,443,129195.87640047871,1897.656229772031,DDoS
1.969644313740835,160,6,47460,23,17059.364624026,81.23294083291667,Brute Force
1.6163078622007019,129,1,235,26924,7982.45451112291,79.81152787585815,Spoofing
32.67167706074004,1095,6,31094,8080,61250.97774321752,33.51526761127938,DoS
7.473266911146627,82,17,40210,37603,43885.52186016631,10.972443641440702,Normal
0.16682152888808166,101,6,552,38882,5518.875983456777,605.4374436752678,Spoofing
0.6326874024691838,69,1,42192,65040,44673.79426922053,109.05859628422233,Normal
1.340993909750262,3761,1,40268,443,462963.25016947935,2804.6361528222187,DDoS
4.24515887531509,19,6,8533,46201,7095.876765075282,4.475686436727237,Normal
4.023815720157303,50,6,832,37579,2759.4618568143965,12.426016367878137,Spoofing
19.36666481177291,52,1,38671,7223,19617.655226874725,2.6850260747214167,Normal
0.4813923387616441,2931,1,18810,80,336586.78387393133,6088.588795450795,DDoS
11.8470511334377,447,6,54076,3389,107265.26189308923,37.73090830496757,Brute Force
2.792540570894855,88,1,31619,34467,82414.96610732152,31.512523369284786,Normal
56.391641050493575,848,6,61033,443,50150.08819633793,15.037689703704372,DoS
0.8459753476443856,1788,1,12929,22,199077.57331820874,2113.5367655554946,DDoS
4.4168446097640945,24,17,43959,14075,1441.8112457798484,5.433743344048015,Normal
15.77693909593274,36,6,41208,6667,9568.122017086898,2.281811432566202,Botnet
7.37318463724255,16,1,54690,58258,1299.2238763254313,2.1700256791594112,Normal
35.8644652830079,876,6,55675,8080,35400.06507731203,24.425290969416373,DoS
52.6523905306944,1467,6,20323,80,59312.63399789323,27.861982812438367,DoS
4.324749545931472,57,1,620,20807,8595.91963339136,13.179953982219157,Spoofing
3.6009257375917776,17,6,828,50346,960.1536644771757,4.721008218117055,Spoofing
0.8293257165059017,3017,17,31563,22,200907.54582477297,3637.895147772775,DDoS
16.923761018783907,10,6,40933,9015,6554.1510425625875,0.5908852050617394,Normal
15.399677088925213,39,6,61482,6667,4132.972224646722,2.5325206349974136,Botnet
18.79017300792556,1479,6,52023,8080,74263.33890910563,78.71135616346739,DoS
9.542029133470026,238,6,49054,23,63481.79560163091,24.942283938872198,Brute Force
5.39537856582475,224,6,43056,23,28434.89305261218,41.51701261869821,Brute Force
9.904263754644681,298,6,60060,22,41905.730515267904,30.088051710077956,Brute Force
46.07546773955972,511,6,57766,443,29246.30834856942,11.09050054333497,DoS
1.3918810112185782,3848,1,10243,443,270585.60320139956,2764.6041356876576,DDoS
39.31104925240464,117,6,39259,9999,21888.443079080847,2.9762624561043265,Botnet
23.588412089971172,1296,6,18855,443,60990.22365279723,54.94223159476709,DoS
10.283375936602207,56,1,61723,37955,23984.45288292655,5.445682463156482,Normal
11.882893400880914,160,6,29962,3389,37837.68622674055,13.464734101556338,Brute Force
7.18247064841428,294,6,36739,3389,49444.45629064899,40.93299010764607,Brute Force
41.99135752755822,1736,6,40167,8080,88691.88782099022,41.34184037419349,DoS
22.323918012350276,61,17,11387,3539,25775.184865809617,2.7324952531295326,Normal
0.4853565313237211,3785,1,9533,22,315487.5128621813,7798.390988325851,DDoS
6.617357320957163,599,6,53410,23,173358.4012857695,90.51951873642484,Brute Force
0.3411592113244609,161,17,37813,999,6440.0,471.920424997349,Reconnaissance
24.224627546486943,71,1,4994,32505,25842.115474515005,2.9309016150506895,Normal
18.993110720077627,24,1,41230,22466,16058.799787313197,1.2636160739393567,Normal
6.13216123699962,573,6,56632,22,113556.26477443162,93.44177001457334,Brute Force
0.15951387063367337,3648,1,37048,443,411122.03782938345,22869.484550203797,DDoS
25.935354052821275,999,6,58040,80,47268.494140507115,38.51884951967053,DoS
1.0349023440702156,57,17,22446,758,2280.0,55.07766054120821,Reconnaissance
10.868810489431961,93,6,29269,50037,54539.55018547527,8.556594126875837,Normal
3.4377791813465226,134,1,596,61152,15153.986910036347,38.97865247631012,Spoofing
11.608600656224644,68,17,65081,5661,48194.23830046633,5.857725837397787,Normal
0.8888510182292508,1458,1,39646,22,142667.5903891517,1640.31988499557,DDoS
2.92694096433768,527,6,5607,23,100961.93677562244,180.05146206262881,Brute Force
0.08702519918925003,2091,17,52309,22,192221.12988408026,24027.523286132222,DDoS
0.1811484378671686,90,6,29589,9,3600.0,496.83011931902297,Reconnaissance
15.91611486671187,1676,6,56272,443,77289.06751497199,105.3020799381958,DoS
1.1424878958112454,3171,1,33762,443,388634.74790421105,2775.521746555022,DDoS
16.97887202141401,5,17,7108,52234,481.6560521399001,0.29448363788206455,Normal
0.8173492932813409,2347,17,62203,443,209787.21956624757,2871.4773711710254,DDoS
1.4789480288210144,4490,1,56736,80,347293.28969549533,3035.9417048476894,DDoS
14.840371219700774,65,6,31664,49169,25151.482971084755,4.379944344903698,Normal
0.034824642168313956,4733,1,33458,80,310488.3147875271,135909.50847748938,DDoS
17.957145695148245,1254,6,61207,80,78435.17632965287,69.83292452423618,DoS
8.969401654587191,140,6,35806,6667,54474.94969657127,15.608622000822125,Botnet
3.3159199891134823,72,1,647,163,13732.057056233154,21.713431034640056,Spoofing
35.4005111505001,76,6,64329,8080,20771.3344177007,2.1468616562313776,Botnet
9.843739977946983,6,17,42324,28360,277.4996029699148,0.6095244300887521,Normal
19.635850751807368,57,17,57855,25779,10033.024446114334,2.902853597761914,Normal
4.025793666569374,91,1,159,45476,8411.366071680282,22.604238452574915,Spoofing
40.633057737009885,1981,6,19755,443,97311.96265599827,48.7534069629134,DoS
28.8066338089262,20,6,12990,14997,2427.6012569424693,0.694284522539481,Normal
4.259056235564225,245,6,64085,3389,27753.886269238963,57.52448111724527,Brute Force
8.426681829912344,184,6,27622,6667,11961.501035202182,21.83540374656747,Botnet
9.848305760620471,1655,6,28024,8080,91128.13550713788,168.04920970444465,DoS
23.767668297268095,38,1,41819,25859,10890.639688252704,1.59881059953903,Normal
37.15926335936269,86,6,31721,6667,8010.131661106007,2.3143623480450763,Botnet
16.677471955604936,1611,6,14476,80,77840.64628669254,96.59737424763456,DoS
28.581244589283866,104,6,62430,8080,24636.227678839834,3.6387498688210846,Botnet
19.6327569498513,195,6,44300,9999,29045.557298803727,9.93237987400832,Botnet
9.816874899536515,128,6,41310,22,32776.838912921376,13.038772655241157,Brute Force
20.710439170536944,1560,6,37131,8080,94042.18050303496,75.3243321956825,DoS
28.755143140795315,7,1,60297,33252,4250.670807008528,0.24343471238259998,Normal
0.27340243158099187,43,6,410,30096,3297.7263208287004,157.2773137069259,Spoofing
3.2606943033417357,111,1,458,6135,21333.419172290818,34.041829645373745,Spoofing
37.877891321065874,21,6,31943,6667,5252.201442333187,0.5544131224728659,Botnet
5.331651561679321,45,1,11955,46244,20121.453817079448,8.440161454554293,Normal
18.3104957276781,84,1,24984,1809,14514.112866307227,4.587532814473494,Normal
12.91193316215062,375,6,16301,23,72241.04443169327,29.042901267430334,Brute Force
11.153708686280511,69,6,14674,8080,18691.4655683424,6.186283140501297,Botnet
2.9787876197908574,25,17,48973,702,1000.0,8.392676212933658,Reconnaissance
11.614192279298075,140,6,58816,9999,33331.844868726796,12.05421751537087,Botnet
57.29711978768704,686,6,60338,443,38841.359422681584,11.972678601332055,DoS
0.866886084777482,147,6,184,41635,22017.520922627285,169.57245315309558,Spoofing
8.227476564977337,392,6,26509,22,72949.14481431342,47.64522838857576,Brute Force
25.360701195221964,1664,6,11061,8080,80594.74839679785,65.61332777003433,DoS
1.457071474770283,97,6,1010,13402,9451.685163372267,66.57188866818815,Spoofing
16.865715671091017,73,1,49682,29893,64881.64868286133,4.328307284648878,Normal
40.45145429795208,1939,6,50624,80,84697.22769096162,47.93399974492796,DoS
42.53903136764361,154,6,24560,9999,20524.723573791434,3.62020466966102,Botnet
0.8014803363884191,2033,1,55288,443,138655.1593739494,2536.5563042519275,DDoS
18.30788814022171,29,6,17359,63739,24763.528920430457,1.5840166696391453,Normal
1.2396693802712992,1275,17,24350,22,112149.30663525341,1028.5000341953826,DDoS
20.177828038650798,45,6,42305,51233,34486.16338879411,2.2301706563165333,Normal
22.372394723870883,47,1,62483,14034,11647.751506764265,2.100803270284337,Normal
1.3933038390770056,1161,17,37901,22,105847.49295601304,833.2712273075374,DDoS
2.8476821476813434,75,6,52635,9,3000.0,26.337209038960665,Reconnaissance
8.847289457951444,1982,6,56652,443,124175.0300496753,224.0234152414546,DoS
29.156795318721738,29,17,35401,36880,9376.134822029748,0.9946223404524482,Normal
21.944455270796322,46,1,57703,46101,26544.42042833309,2.0962014974788095,Normal
4.0872748292698,99,6,696,15836,11437.783970900211,24.22151779250101,Spoofing
0.035977536709818805,2308,1,34379,22,280136.81982846255,64151.140157689355,DDoS
8.583423840866596,459,6,61683,3389,120606.80535693001,53.47516428288815,Brute Force
1.385387706702033,147,6,920,1881,13359.873690918888,106.10748116853077,Spoofing
9.238332864461967,193,6,35418,9999,20843.419653703386,20.891215204253214,Botnet
0.1345505865257912,4648,1,14155,443,455986.825166629,34544.62830683427,DDoS
4.386634239507081,81,6,365,55060,5003.732928247537,18.46518209120208,Spoofing
0.866689612446867,4849,1,56209,22,487395.0697046428,5594.851871260048,DDoS
0.17145537263463506,282,6,35752,854,11280.0,1644.7428602947973,Reconnaissance
3.171312172816386,28,6,625,49573,1294.9097346313401,8.829152878738423,Spoofing
0.7303600756146129,2061,1,15936,443,247122.1455596932,2821.895759109815,DDoS
0.49992528246428347,3638,17,54357,443,417293.9953580835,7277.087452083227,DDoS
22.091826870880347,57,6,9495,40441,40918.00717815657,2.5801397201393415,Normal
3.348065730324357,98,6,990,60267,13658.202617887287,29.270632028632804,Spoofing
10.062019802065535,26,6,6287,58682,10311.57953692643,2.583974242891344,Normal
13.402366732649208,1021,6,60486,443,57342.38013979611,76.18057469750956,DoS
0.6646266490125743,1240,1,10450,22,90297.6441598928,1865.709119311194,DDoS
4.556668640530861,137,6,952,51301,15245.036799095498,30.06582457662298,Spoofing
2.5141683477663204,354,6,58318,3389,91647.36785819274,140.8020271651684,Brute Force
6.245975046230801,52,6,13505,6667,13015.245113146284,8.325361471205355,Botnet
41.31143911005355,131,6,53172,8080,15028.163311892593,3.1710345323728957,Botnet
25.053171883220593,7,17,9427,39938,3482.1183238567337,0.27940573882735636,Normal
23.44022836784469,19,6,53242,24922,2005.2820851770102,0.8105723076514136,Normal
4.81171193511598,68,6,132,28021,5703.287631820123,14.132184327938358,Spoofing
0.8005436434765884,3781,1,45593,80,389603.57291392033,4723.040437345718,DDoS
0.7479166725416814,1493,1,62675,22,109966.0608039756,1996.2116834837575,DDoS
24.63835235672623,72,17,12236,56903,31404.02851060937,2.922273330519365,Normal
1.0717810647653565,1603,1,39172,443,144147.18338522216,1495.641276654708,DDoS
29.701911391592553,93,6,12966,60525,54318.08889667617,3.1311116235544576,Normal
13.69961949766263,532,6,17034,23,107743.21355031172,38.83319533734259,Brute Force
26.652594018496057,19,1,59176,48944,4449.372469811981,0.7128762020993004,Normal
49.875208654766396,1671,6,61766,443,81241.1476831233,33.50361923428883,DoS
10.147220188430524,52,17,11639,20091,41155.92779273841,5.1245561872490395,Normal
0.7465483221459694,94,1,414,3091,10395.26748474687,125.91281396198835,Spoofing
0.8842983222902974,3729,1,59370,22,458098.89695721294,4216.902719369679,DDoS
4.088503344087645,115,6,61892,23,29341.523116553228,28.127652180179986,Brute Force
6.1460690044728095,392,6,41937,22,74619.5965811026,63.78060508509122,Brute Force
0.2304638640187482,3378,1,3757,22,236360.35046674902,14657.395485329536,DDoS
2.5127890831881823,243,6,3800,422,9720.0,96.7052911944706,Reconnaissance
0.8457657608590674,90,17,36898,9,3600.0,106.4124420319221,Reconnaissance
1.7908643670052913,237,6,9480,3389,28418.67811275865,132.33833023118035,Brute Force
12.039429190716875,260,6,24495,23,65980.72387623829,21.595708225143735,Brute Force
4.301708054747657,56,1,33358,11246,28834.842641124113,13.018084743848343,Normal
34.848192150696185,1063,6,34996,80,62233.54606149084,30.50373446643096,DoS
22.38006274427652,54,1,35890,59087,44427.44160624992,2.412861868039667,Normal
28.12356559140957,59,17,40995,32777,19335.110278539963,2.0978847724067298,Normal
0.9719990472117476,64,6,21433,534,2560.0,65.8436859414511,Reconnaissance
0.7097140948148086,4405,17,14891,80,283580.4602570503,6206.724696864632,DDoS
36.78405101403442,161,6,48748,9999,28480.796297707795,4.37689693118827,Botnet
4.403410738073337,596,6,55219,23,174657.8462896287,135.34962678970373,Brute Force
7.928228249992257,580,6,36211,22,106082.40202372042,73.15631963554613,Brute Force
0.5403240938839013,211,6,10327,645,8440.0,390.50636902624825,Reconnaissance
6.917120978108937,94,1,19889,60135,78429.3230176575,13.589468840791989,Normal
2.0087390091793287,34,1,26086,9253,3942.2445348831343,16.926041583615543,Normal
1.2543889857088806,2819,17,3107,80,265314.1092131782,2247.309273372586,DDoS
3.445389893136152,68,17,31254,35402,48482.75706523245,19.736518103645817,Normal
5.7887652476892235,93,17,19356,46989,28493.170391394022,16.06560225207336,Normal
0.6823167480087577,2279,17,46259,443,218805.1825287129,3340.090957243729,DDoS
20.126683485130346,36,6,64710,6667,2940.515379294853,1.788670250943078,Botnet
52.54458194686269,786,6,56285,80,32076.86364163743,14.958725921444506,DoS
0.24984022536879674,2070,17,58855,443,250725.58859810053,8285.295119888762,DDoS
0.7330837141189349,129,6,813,37016,16712.201955392742,175.96898896470526,Spoofing
14.541392337005759,39,17,30922,27592,14514.83686704385,2.6819990201867117,Normal
29.386733954564214,98,6,40312,38642,83779.45616805826,3.33483809910693,Normal
17.74932101811173,150,6,56659,9999,17635.415350167088,8.451027498287809,Botnet
4.845743017667595,55,6,493,31318,8295.870136008825,11.35016854989417,Spoofing
41.579827459305065,116,6,33499,9999,33972.51916093288,2.7898143664384207,Botnet
18.10263514167569,99,6,5621,11585,77499.0282678186,5.468817065869226,Normal
12.458659943614295,551,6,46070,22,118420.1031453502,44.22626530411209,Brute Force
3.473202530026637,82,6,529,52002,14782.00611126964,23.60933440854401,Spoofing
13.661030487419199,1139,6,31133,80,52170.60524962055,83.37584789441287,DoS
2.3819509753696715,84,6,206,13008,16509.022298619766,35.26520943066994,Spoofing
2.685754247014902,183,6,60723,22,41083.34593823829,68.13728404354065,Brute Force
25.748553739821038,937,6,36746,443,55054.87461868276,36.39039339715989,DoS
6.243831774282717,1763,6,9598,443,96154.43798212009,282.358664315957,DoS
0.5915919673159186,205,6,42920,62,8200.0,346.5226225604363,Reconnaissance
40.219190361883136,101,6,36602,9999,38670.85425434066,2.511239015286607,Botnet
1.1928834869591494,4203,17,49201,80,514925.9631714737,3523.395240145472,DDoS
19.787539379358822,110,6,15537,6667,20297.719749047934,5.559054003184722,Botnet
0.15389718582163722,1239,1,24314,443,138626.62886500458,8050.829476738894,DDoS
21.366649188200512,67,6,7621,46874,9027.066382574625,3.1357279941208556,Normal
20.87190912769745,1884,6,53392,8080,79982.83159664884,90.26486213951044,DoS
2.1226284207861577,247,6,31160,521,9880.0,116.36516197616851,Reconnaissance
1.768067255591258,243,6,18369,376,9720.0,137.43821069676366,Reconnaissance
0.6649218303804785,4855,17,38266,443,413898.91836434335,7301.6101715624145,DDoS
37.66020982769355,712,6,43795,80,36587.06359626376,18.905895725424998,DoS
19.36707515137972,8,1,37607,4153,1234.2059264083423,0.4130721824265796,Normal
0.44054820633194824,173,17,27357,695,6920.0,392.6925533085621,Reconnaissance
1.524417183216473,200,17,7890,369,8000.0,131.19768144964505,Reconnaissance
4.97752894723228,51,1,164,22551,7918.751423331441,10.246047896588967,Spoofing
2.433722496549229,345,6,20604,3389,64580.44285888753,141.7581505242175,Brute Force
31.646283332580662,99,6,26001,8080,13513.484518714697,3.1283294458176374,Botnet
43.12801357953103,1628,6,32424,8080,96157.28708098936,37.74808679740966,DoS
8.489490296962533,29,6,39348,64516,26478.77962935228,3.415988355670299,Normal
42.25701191424874,849,6,8202,80,51980.67560421556,20.09134014782819,DoS
1.5496682257518328,136,1,608,26327,17754.65275639029,87.76072048197194,Spoofing
4.094786667216991,76,6,968,62703,6716.392067546842,18.560185469113378,Spoofing
0.7372803998652967,4176,17,27642,22,307882.5105335589,5664.059428085932,DDoS
0.33645364007906226,31,17,5166,770,1240.0,92.13750813549052,Reconnaissance
24.103479912420823,62,1,5451,64613,34129.49964020627,2.57224268965622,Normal
22.0992407726953,1951,6,15926,80,114968.27940930487,88.2835758959899,DoS
2.907447039913214,69,6,193,1340,9143.985268077198,23.732160570002893,Spoofing
2.565556103365162,68,6,339,32405,11534.49746585956,26.504974851575632,Spoofing
2.9678605689573043,31,1,334,51536,4770.3783014505625,10.445234632734516,Spoofing
1.258420626470914,3147,17,59908,443,386076.65993481356,2500.7536699596026,DDoS
2.3710465249325097,63,6,34829,30246,58990.30386319248,26.57054567994749,Normal
0.30390928286154123,64,1,198,34072,12116.728916929911,210.58915804542212,Spoofing
37.57722386932228,1642,6,58433,443,85239.50574393584,43.69668195048636,DoS
8.405323275119848,34,6,18148,46372,18565.948056653033,4.045055601923319,Normal
9.302160364880006,88,6,32498,6667,16481.88356184071,9.460168019919442,Botnet
9.384650244638784,560,6,2347,8080,27854.03433696534,59.67190949070414,DoS
4.3601932897387,34,1,914,13895,4988.321219450719,7.7978194407151085,Spoofing
3.703459883269132,118,6,46989,3389,20177.116742539078,31.86209753022587,Brute Force
19.782818467820814,68,1,38454,55151,63384.441042452796,3.4373261884099255,Normal
14.293112000040777,24,6,19472,20703,10610.309512710053,1.6791304790679267,Normal
28.76639572096461,83,6,13775,9999,29840.550204264917,2.885311069384705,Botnet
2.8220911998610583,64,1,666,63478,8707.573731784052,22.67821819619116,Spoofing
1.11452509858987,139,1,405,46964,18944.575892275578,124.71679657628786,Spoofing
7.253269339163101,369,6,45476,23,71568.16478134909,50.8736106086164,Brute Force
2.1515602057738814,522,6,1508,23,53624.205415180666,242.61463778664984,Brute Force
2.8014737197131465,219,17,33434,39,8760.0,78.17314096468634,Reconnaissance
21.28952491782133,1873,6,60185,8080,108076.49884239626,87.97753858904214,DoS
58.78777608100957,1680,6,61370,443,96753.4030254353,28.577369514454155,DoS
1.3582301145535831,2401,1,33973,443,214202.36589211426,1767.741691391631,DDoS
17.262893349980395,11,17,49903,5015,455.0779697160586,0.6372048866311564,Normal
27.03638276203064,954,6,62488,443,46964.44094018107,35.285785395070626,DoS
1.0119971555300882,3620,17,23996,443,355536.2080194503,3577.0851530741998,DDoS
2.7651615103588094,222,6,51758,618,8880.0,80.28464130154666,Reconnaissance
9.076959299200325,1876,6,1373,8080,86902.63744952442,206.67714133798907,DoS
40.37411398512249,1800,6,29219,8080,84651.20873985431,44.58302170205603,DoS
0.014954613011352359,1495,17,57792,80,141051.55439986108,99969.15325492638,DDoS
11.269569722381174,39,17,12100,33491,24840.381517068712,3.460646764760385,Normal
20.016774899857023,91,17,55569,35519,36545.280910344234,4.546186908493936,Normal
0.40874441431945646,2392,1,37622,443,296303.99465382955,5852.0677376902795,DDoS
24.995133956715424,90,1,55224,9104,9723.908112884488,3.600700846646984,Normal
3.058523477757852,19,6,292,1287,1690.5852362655817,6.212147834787443,Spoofing
5.870278233923853,187,6,60713,3389,53384.0488651528,31.855389565581824,Brute Force
1.6824650537594892,281,6,5881,22,53209.724077920895,167.0168419677437,Brute Force
1.2051224835388727,135,1,736,21941,16202.876719073505,112.02180844188474,Spoofing
8.569185635196972,40,17,36052,61592,24966.620834008776,4.667888140467453,Normal
7.616609184612314,370,6,57635,3389,89013.9612937349,48.57804713776095,Brute Force
4.74251544065628,445,6,30553,23,50609.93488650735,93.83206139618174,Brute Force
29.763498733401562,25,6,48874,63772,5407.266736831836,0.8399550141578009,Normal
14.028309471387923,58,6,33123,9999,14409.375327162119,4.134496755884702,Botnet
1.3298001579765164,3304,17,50752,80,295275.6399310064,2484.583852830575,DDoS
13.402644624064951,249,6,61670,23,30390.504999832763,18.578422914602328,Brute Force
2.4210440663060755,181,17,33069,995,7240.0,74.76113405740772,Reconnaissance
4.45712161368583,8,6,34319,58592,7853.029113470409,1.7948803495591354,Normal
12.779279001794416,296,6,3614,3389,42042.30913943875,23.16249609687971,Brute Force
1.944536045385717,147,6,54,18489,23453.91972081714,75.59643872317172,Spoofing
1.1145576288378751,297,6,22458,83,11880.0,266.47343512392035,Reconnaissance
9.691322085670414,795,6,25622,80,40685.74194451425,82.03215133830778,DoS
1.3409270703475822,536,6,21890,3389,79525.61872571406,399.7234539094384,Brute Force
11.718424681509294,39,17,56528,3706,38464.96633567697,3.3280923895460774,Normal
0.7820052636966767,3566,1,61224,80,253293.20334768304,4560.071607629455,DDoS
19.005743383538057,53,1,12151,6797,2130.147378266732,2.788630727588708,Normal
0.3929737274979172,262,6,58501,630,10480.0,666.7112370798087,Reconnaissance
1.0242144940467517,206,6,24909,3389,26802.19786074753,201.12974498737844,Brute Force
2.8137062207176955,214,6,34805,3389,21426.70269997664,76.05626999161794,Brute Force
0.3104914936222991,19,17,53693,672,760.0,61.19330284491711,Reconnaissance
25.813489109763097,69,1,58756,52765,5447.7840449610285,2.673021059129238,Normal
0.5952036316840764,4537,17,52473,80,303684.0633606235,7622.601339247472,DDoS
26.868699783229356,84,1,46156,32137,28622.334367430587,3.1263142867981393,Normal
8.152946757484719,12,6,11942,52082,7481.470461711611,1.4718604643141497,Normal
27.588089181412467,83,17,61608,43594,6856.488216838279,3.0085447184911023,Normal
34.80082585158358,1886,6,34574,8080,85703.56725232766,54.19411619837117,DoS
1.4499432833860886,2528,17,56839,80,230589.20082079916,1743.5164733452875,DDoS
18.788282742332367,61,17,23682,10211,29937.69984098186,3.2467043868016376,Normal
21.225330866586475,5,1,59983,49938,3776.6781325893317,0.23556758815341453,Normal
18.542313608514863,69,17,42585,62432,34857.16322768893,3.7212184766584,Normal
0.6244155207126946,206,17,16809,486,8240.0,329.90851951417864,Reconnaissance
26.774414163565996,198,6,21493,8080,53881.81123794251,7.395119788257919,Botnet
2.6283935354051056,209,17,35239,372,8360.0,79.51625096650054,Reconnaissance
0.4320160997773484,1674,17,57102,22,112289.02531923554,3874.8555918697075,DDoS
0.15561905010334967,2327,1,54314,443,272147.1185001531,14953.182135828445,DDoS
5.081657879865464,168,6,64426,6667,55771.55905123738,33.06007684335644,Botnet
1.4719266263402182,1091,17,50607,80,92552.57799721406,741.2054245615831,DDoS
1.0504728528919625,2300,17,7782,443,231797.4938499445,2189.490184032911,DDoS
21.576633274323743,95,1,38829,54121,70618.25411064444,4.402911186012059,Normal
7.764833601644745,46,17,12833,28930,24200.932022253157,5.924144979778613,Normal
1.366363878075192,4537,17,23876,443,427360.24514216115,3320.4917612366253,DDoS
0.7131240054630283,2191,17,11415,80,153634.79492441902,3072.3969228569063,DDoS
0.9657298582384326,91,1,352,41064,15281.99978408739,94.22924974691284,Spoofing
23.602719914749592,19,1,8846,62156,10988.893137819046,0.8049919699350708,Normal
8.801434451597945,59,17,43195,10190,28749.638911398888,6.703452752441763,Normal
12.097182769205851,569,6,40412,23,74380.47326595106,47.03574467341485,Brute Force
6.878636937225356,17,6,30093,41546,4099.208260568457,2.471419869247716,Normal
0.24461929824906634,1424,1,25996,22,177608.56874947195,5821.2905122069005,DDoS
8.040684266899945,190,6,30156,22,21134.67170836481,23.629829712646305,Brute Force
11.364873245523707,66,17,42208,14589,31385.420195153976,5.807367893521864,Normal
8.274700529183386,84,6,55161,22013,51796.91691577435,10.151424780117063,Normal
23.44010807358761,1139,6,29264,80,72098.79950312154,48.591926130384564,DoS
1.2788088216242897,2636,17,23224,443,224779.92269271013,2061.293256213124,DDoS
38.01063541492888,787,6,31825,8080,36419.42089987154,20.70473148920056,DoS
12.153518992923075,224,6,54851,3389,51706.53736314402,18.430875874751496,Brute Force
6.239464651204255,51,6,28278,37994,7966.834930348512,8.173778176651211,Normal
30.91782032642866,882,6,56202,8080,36744.23663760167,28.52723738891979,DoS
9.513537496067283,1694,6,44672,443,103228.16272968092,178.06205112454413,DoS
6.813782298224823,33,6,19180,40720,16751.18040980146,4.843125089070926,Normal
2.7867454339251525,66,1,409,37259,5371.9607200203845,23.683541092965385,Spoofing
1.096944451642915,2723,1,55140,443,206679.55914559762,2482.349945725793,DDoS
13.206872291384247,626,6,43938,80,25622.367761022488,47.399564877172544,DoS
21.49882520509062,94,6,3644,3242,41903.726426971276,4.37233193457204,Normal
22.069679114972885,1306,6,47363,8080,55924.66878698564,59.17621154328254,DoS
0.5835665898026708,2428,1,16653,443,163412.77488476835,4160.622013712286,DDoS
7.506537252095419,350,6,57996,23,52796.6491853067,46.62602585530352,Brute Force
11.100478621150984,41,6,30229,16604,3165.221345320965,3.693534432099001,Normal
0.4524872927652176,2810,17,9827,22,256438.19455978833,6210.119145728202,DDoS
32.37730271017513,1416,6,61206,80,85340.42367299055,43.73434108070396,DoS
43.10156766763004,91,6,30365,9999,33834.00299670655,2.1112921159093347,Botnet
42.96108765002087,1291,6,28601,443,81314.01166964136,30.05044961889769,DoS
0.18705650922081263,44,1,115,32455,3445.3784232551634,235.22303598673375,Spoofing
32.279459077401526,187,6,47622,6667,50273.33781398798,5.793157795847841,Botnet
7.926923769840232,479,6,18763,22,130871.90382429509,60.42697191342541,Brute Force
1.2964190623107126,2163,1,13503,443,246780.36642629383,1668.441989849108,DDoS
19.70150905284032,1405,6,54932,443,87251.07986273925,71.31433415743575,DoS
1.373682099488855,192,6,64127,23,31806.35360765341,139.7703297374574,Brute Force
1.1315863422678414,100,6,45799,29,4000.0,88.37151551298102,Reconnaissance
4.170494357275624,534,6,37352,3389,87158.63045561248,128.04237441741452,Brute Force
1.2335225817616056,1082,1,52112,22,138219.83785149737,877.1627013546727,DDoS
22.42849505495935,96,17,50003,58925,34728.72197523306,4.280269352212851,Normal
16.28302015084383,520,6,49635,443,31372.908812075806,31.93510756498402,DoS
32.48678774483046,29,6,43076,9999,8959.713401041303,0.8926705905115133,Botnet
50.948417585565096,863,6,62952,8080,52209.231980610384,16.93870076633172,DoS
8.501427753008791,1693,6,11190,443,73719.76523063093,199.14302034747286,DoS
1.0823371404428246,195,6,24112,22,21628.032142422668,180.16567362755214,Brute Force
0.1560721629788562,4219,17,12364,22,415523.78368650813,27032.367076065748,DDoS
12.282293307666322,524,6,57202,23,43803.909404687794,42.663042387444975,Brute Force
1.4225931842205912,4689,17,52198,22,430689.8560007482,3296.093396207999,DDoS
0.12844851740464036,2080,17,1576,80,139270.57215570405,16193.258139738227,DDoS
15.515457426340008,1648,6,50524,443,88096.03589710697,106.21665573341411,DoS
31.505417008591273,96,6,18830,6667,24621.907921435013,3.0470950431737367,Botnet
6.914693444096026,14,17,33421,53588,4708.934210653896,2.0246739950494295,Normal
1.1357485754352048,31,17,40496,4080,3703.402754363705,27.294773394825686,Normal
2.4520720063624015,299,6,22012,749,11960.0,121.93769156214967,Reconnaissance
6.277716065499539,84,17,16889,42820,75962.36451606553,13.380662509035576,Normal
35.4903524055548,865,6,46054,443,51112.068824919814,24.372820819457793,DoS
26.590777635509838,1683,6,29959,8080,72624.04732833257,63.292620587089914,DoS
22.16838229262614,550,6,45478,443,30388.019969985482,24.810109855555236,DoS
4.0764185262680375,121,6,360,57009,16827.501198511352,29.68291877300821,Spoofing
7.907462734301255,30,17,48748,7339,23869.476500106102,3.793884461809096,Normal
45.49981387780305,1544,6,13876,80,72607.73349347165,33.93420474524701,DoS
0.5030625264128578,2103,17,62263,22,218199.2120461651,4180.394860646193,DDoS
2.0686585404399396,128,6,84,51755,12196.614698478825,61.875847317353,Spoofing
13.276353757303896,60,6,53645,49814,13137.648287362877,4.5193131410039,Normal
42.92897153523174,1500,6,33204,80,95307.15545463725,34.941438062846494,DoS
4.342846616853416,28,1,53168,7483,8864.614122777948,6.44738404790525,Normal
0.4806524847076317,1555,17,47535,80,104166.56301634786,3235.185605970321,DDoS
28.463184886905623,99,17,27946,33456,25363.93188918494,3.4781771749494053,Normal
28.248313643712265,96,1,27013,10950,62951.85330708255,3.3984329546471335,Normal
10.776887386145138,445,6,9525,22,50147.911204249016,41.29207108279669,Brute Force
0.8256856000237945,2681,1,37039,80,216315.5508488185,3246.9986153600585,DDoS
2.3146040441578086,265,6,16562,473,10600.0,114.490424687918,Reconnaissance
0.7978002550670142,97,17,40909,796,3880.0,121.5843181096152,Reconnaissance
13.858040966790705,1229,6,50904,80,75306.74654863925,88.68497379573097,DoS
3.018126249308313,15,1,40395,61285,2218.373137731737,4.969971022066312,Normal
0.07622182051128829,2622,1,25231,443,185112.57083993155,34399.5982044497,DDoS
39.97573547877644,162,6,14554,8080,59971.30636097472,4.052458273994923,Botnet
1.0328548771660881,3140,17,23696,80,380142.7694165879,3040.117318916501,DDoS
19.68235631147483,21,1,32265,6390,20147.401910371147,1.0669454239966676,Normal
48.86478932945743,978,6,27994,8080,58191.23422152179,20.01441146929138,DoS
5.090318988370042,545,6,60038,22,54546.93794509904,107.06598176758135,Brute Force
24.96619193211647,84,6,45436,8080,18589.616238073973,3.3645499573342033,Botnet
1.5809382920903148,95,1,53837,26321,64379.772486422364,60.09089695360033,Normal
3.062153353258695,135,1,532,350,8609.592983050936,44.08662285196629,Spoofing
12.122222833884372,99,17,9945,39308,30209.108050559047,8.166819019633303,Normal
28.824459622968895,76,17,44138,42586,63378.248981485856,2.636649602250967,Normal
6.12009168359368,556,6,13285,23,121100.24994444518,90.84831220592439,Brute Force
27.03611390476897,12,1,4853,36059,9059.212027989275,0.4438507709454238,Normal
0.5963649132008596,4266,17,59491,443,371766.8558592819,7153.338342967175,DDoS
26.822803035949914,9,1,60444,60589,2573.5725790671922,0.3355354020210912,Normal
5.2680765890432735,296,6,15453,23,58833.57499040407,56.18748987355859,Brute Force
32.0029092488944,192,6,52464,6667,57166.16212261953,5.999454565419955,Botnet
1.4804498723525084,76,6,178,58758,8547.450984781075,51.33574693699843,Spoofing
42.33614186974032,194,6,17711,6667,52009.211405121,4.5823731552322,Botnet
10.733180933244254,44,6,11501,49007,40606.407788711396,4.099437088935795,Normal
50.60301062656446,1392,6,3122,443,69654.9353305543,27.50824472228651,DoS
1.0265153424079212,1525,1,28467,22,139079.65380877611,1485.6085798218774,DDoS
21.915551807553488,92,6,59710,53524,27815.433447787353,4.197932171997192,Normal
57.485365845539015,1640,6,52171,443,72716.00995279833,28.528999961600967,DoS
2.022626975896322,33,17,57657,180,1320.0,16.315415740648934,Reconnaissance
1.839328544350199,19,1,17606,52839,5429.881366904276,10.329856543770624,Normal
0.3069052340197703,4708,17,21325,443,413064.4441377425,15340.240172302563,DDoS
27.57604269938056,98,17,21856,47580,4033.563513637057,3.553809408708283,Normal
27.0996547660259,45,6,19450,43794,34698.09875060467,1.6605377591900277,Normal
0.3111872600868938,259,6,9794,651,10360.0,832.2962833622386,Reconnaissance
55.33191600622464,1879,6,25504,8080,107317.02855223238,33.95870115519982,DoS
29.489390967118933,1309,6,32210,8080,66481.60452189445,44.38884483777751,DoS
13.688847921495833,48,6,23538,6667,10346.840520351994,3.506504000575883,Botnet
12.463402043362759,39,17,28374,43166,15468.73772223059,3.1291616738600676,Normal
14.274391726296734,1883,6,60353,80,92718.70493585951,131.914552725289,DoS
0.7307157318295481,1575,17,13485,443,185427.16494643845,2155.4209542698004,DDoS
6.598595214601573,1798,6,61223,80,90679.5791855954,272.4822392531869,DoS
1.1541195522620484,162,6,62214,661,6480.0,140.36674076137402,Reconnaissance
18.517331983862903,170,6,27121,9999,65162.66056703796,9.180588226648853,Botnet
0.6418555333247412,1896,17,55838,443,207614.47439035034,2953.9357403042522,DDoS
5.391318655825499,591,6,45895,3389,89835.06011439492,109.62067681927961,Brute Force
5.5739968891936265,39,6,14819,44994,31091.63538026798,6.996774626051507,Normal
21.38851840867413,17,6,4743,63780,12861.376448250452,0.7948189619859615,Normal
4.340511408339101,15,17,58782,11766,11408.696610441984,3.4558139787817668,Normal
0.9844153751459804,2562,17,23431,443,170700.50042520763,2602.559920013518,DDoS
29.61502762412378,513,6,14259,8080,31426.046832335123,17.322286729259066,DoS
0.9494930238395101,24,1,791,46602,1437.8251432788775,25.276647007842204,Spoofing
1.48289248237183,187,6,27226,41,7480.0,126.10489447009715,Reconnaissance
39.43050802767947,1348,6,24739,443,64517.07509795282,34.18672665981705,DoS
26.89211104018425,580,6,23620,443,29171.51111380687,21.56766343606568,DoS
7.828646092625953,80,6,10261,22955,53417.134713062434,10.218880640849827,Normal
24.792377787167304,64,6,16188,9557,19081.534604606633,2.581438559440104,Normal
47.06100072707886,1611,6,58225,80,71692.72080341731,34.23216623341016,DoS
0.5076419542401255,1174,1,32275,22,116816.7105574139,2312.6536138198558,DDoS
14.238215481555104,555,6,11540,3389,83840.74394006036,38.97960392009622,Brute Force
26.096467730004402,10,1,40222,33150,7771.750037033118,0.3831936223499897,Normal
17.12227148502336,31,6,62463,14805,26545.472333232014,1.810507445061557,Normal
0.3069498010919548,1781,1,16344,80,211840.19289292645,5802.251683057631,DDoS
2.3031292702147894,43,17,57532,15584,26128.34297807473,18.670250322505705,Normal
21.669742092817035,42,1,49245,64835,8450.988303135264,1.9381864269589957,Normal
20.433049268775566,43,6,33281,6667,4288.473012814924,2.104433823575699,Botnet
26.8025668415037,86,1,32610,10911,11073.420159007417,3.2086479070664695,Normal
1.8739167935510204,82,1,1001,5401,8133.14435536128,43.75861312636634,Spoofing
0.09108622658238015,4269,1,28871,443,481068.9798960666,46867.67868398889,DDoS
9.495848108472149,72,6,32813,13467,17819.59051398283,7.582261129025637,Normal
1.44454632117386,3455,1,61477,22,377936.9353707515,2391.754386382304,DDoS
9.182230235017794,228,6,64560,23,50963.39314021967,24.830568844863883,Brute Force
0.8255180358159195,3722,1,30840,22,386732.0951132793,4508.6840487031595,DDoS
39.23885036516912,199,6,19767,6667,35595.63277838903,5.0715043419479215,Botnet
18.032544666677683,75,1,56377,23381,30469.19719749184,4.159146775251992,Normal
38.984152743187664,176,6,63116,8080,59412.35254210092,4.514654997363136,Botnet
5.978561258653576,76,17,18977,61787,21015.027761297522,12.712088529660038,Normal
0.21346720983483258,124,6,56,58178,22386.66611595849,580.8854675898156,Spoofing
31.044298999989874,1421,6,2788,8080,66890.67550688941,45.77329963225981,DoS
0.2534579348107969,111,6,36252,65,4440.0,437.9424936246721,Reconnaissance
1.255728380828296,2027,17,40233,80,193883.54072006495,1614.2025862814078,DDoS
7.799852543454155,23,17,54996,45161,10586.905898880996,2.9487736943568525,Normal
18.13645950183062,86,1,62639,6140,59229.29108834301,4.741829572156546,Normal
10.55807362209478,370,6,2274,3389,69700.27021557774,35.04427163926046,Brute Force
9.578794841258151,1057,6,47554,443,44683.148906858514,110.34791093418654,DoS
19.047906742850593,82,6,63109,6667,31385.006692533505,4.304934978263569,Botnet
16.331062150647817,8,6,9247,31277,1870.1812336489545,0.489864034941699,Normal
1.2096971820210074,1300,17,47911,22,113057.3374130919,1074.6491099765367,DDoS
24.043015586333713,64,1,38437,11939,43597.29185102312,2.6618957081397987,Normal
2.941802594856217,289,17,23679,902,11560.0,98.23908664208827,Reconnaissance
2.6411100571812427,30,1,606,56962,5439.35208760022,11.358860233192202,Spoofing
2.897697070929741,217,17,23486,995,8680.0,74.88705502620894,Reconnaissance
0.4824655337775641,2344,17,26271,443,152015.34907195182,4858.378134593709,DDoS
1.8949095225098052,62,1,335,4288,7561.81148770293,32.719240292740245,Spoofing
1.6992894260215874,82,1,718,33734,10367.299308083702,48.255464163029686,Spoofing
0.8974104886020564,2421,1,15999,443,221910.4383285887,2697.7620952161137,DDoS
10.453720592432122,563,6,16593,22,48215.87279203435,53.856423176986276,Brute Force
2.978678093962025,24,6,61663,573,960.0,8.05726541872704,Reconnaissance
14.392107281712848,307,6,44992,23,46561.271801794486,21.331136156140644,Brute Force
5.412019333871257,106,6,25573,6667,36460.23621542198,19.586034982653587,Botnet
0.8674968048203121,3756,1,31968,22,317113.84652651136,4329.698944283714,DDoS
0.9087025358333931,2909,1,18968,443,289310.8618027782,3201.267615405173,DDoS
0.23232312107416347,290,6,56095,268,11600.0,1248.2614673010723,Reconnaissance
29.913073687982763,17,6,36057,59317,4399.533809959548,0.5683133795384443,Normal
44.489641685154666,100,6,50230,9999,8832.518335411833,2.247714214191302,Botnet
4.413212878718243,96,6,31089,8080,28390.993827731923,21.752859569258277,Botnet
3.8144397407078885,120,1,931,49860,6608.301582178116,31.459403780679533,Spoofing
2.3014933801603785,213,17,60564,288,8520.0,92.54860423937313,Reconnaissance
1.4378586323376505,4667,17,60460,80,392922.3888953946,3245.7989228137512,DDoS
1.0275766992482784,1792,17,38889,80,179261.89648213357,1743.9087528073903,DDoS
14.78361060397191,63,6,53529,56877,23047.969769304294,4.26147587944949,Normal
1.4686726152102219,3565,17,49385,80,278515.35242700175,2427.361934225018,DDoS
1.4726153771548933,4094,17,44055,22,470022.0306528665,2780.0877700392116,DDoS
0.5167225667879564,4494,17,16706,80,403241.46868395846,8697.123541430637,DDoS
8.832917764968771,121,6,23840,3389,31325.42614258147,13.698757672111963,Brute Force
0.9946684050657059,233,17,3740,302,9320.0,234.24892035714,Reconnaissance
2.625545737199843,71,1,5217,9717,52419.12651030481,27.041997019530818,Normal
0.9456665174299983,3790,1,5929,22,248817.4107098109,4007.755302894659,DDoS
0.28485684239780984,123,6,59610,301,4920.0,431.7958416046309,Reconnaissance
4.011338357357956,80,1,7062,30634,18301.70550374299,19.943468456919582,Normal
7.534936208886292,22,17,33099,52640,16609.157802950413,2.9197327475784602,Normal
4.008096933696875,43,6,18888,47188,35698.30455121205,10.728283450055905,Normal
11.748049078190624,1642,6,34290,8080,77417.13100580027,139.76788733784323,DoS
27.824729543155982,83,6,28229,48019,67414.29968428415,2.982958014785643,Normal
1.350391711377403,16,17,33145,631,640.0,11.848413956628894,Reconnaissance
0.8255788550291949,3789,17,24499,443,358496.9261978314,4589.507079691388,DDoS
52.148976479273855,774,6,57683,443,39574.41000476157,14.84209379080756,DoS
5.006012229038288,31,17,17372,43027,26906.91994416376,6.192553789656933,Normal
39.47155282498059,1037,6,23194,8080,42295.32544765656,26.272085230548818,DoS
2.5500913834002463,46,6,767,23775,8140.312942723697,18.03856924478699,Spoofing
32.23617287230608,15,6,30538,8080,2634.966982552351,0.4653157823485436,Botnet
6.582358998720269,141,6,55134,9999,52167.20597459582,21.420891815139978,Botnet
32.55824873788268,1566,6,50375,8080,95334.48447806346,48.09841010207356,DoS
2.0874316231680026,242,17,57708,472,9680.0,115.93194110604078,Reconnaissance
2.7265824549157758,267,6,35637,3389,55444.0264114986,97.92478474972349,Brute Force
25.00910511812898,98,6,32427,6667,28085.977300484577,3.9185728372567907,Botnet
2.4881857098301587,91,1,37964,15519,62980.24242044539,36.57283282372503,Normal
4.419928539589998,39,6,4039,27701,25436.30419821315,8.823672068602658,Normal
26.454519929958572,72,17,52369,61480,55352.20913781853,2.7216521105137574,Normal
1.6105417260819888,57,1,412,38592,3867.2405158177617,35.39181821675961,Spoofing
0.8452574727260926,2373,17,65185,22,248821.51201158518,2807.428596101836,DDoS
0.10525189307899475,4097,1,9492,443,312747.9005300665,38925.66565928725,DDoS
6.034773903984378,321,6,46852,22,67403.55515604367,53.19171937627424,Brute Force
12.411089628085987,135,6,52285,23,34086.1333996057,10.877368872955229,Brute Force
1.6003945619138502,240,17,24038,825,9600.0,149.96301894015014,Reconnaissance
0.13120047244108976,1667,17,35460,22,183084.2497678679,12705.746930511234,DDoS
3.640699662501655,97,6,827,18262,15706.704294981719,26.64323042053621,Spoofing
0.187594902512576,1928,17,57837,22,145787.87902020925,10277.464761446547,DDoS
18.490953960737052,20,6,29975,57893,17270.861580319255,1.0816099614150354,Normal
13.22062743431133,19,1,28409,22607,9620.404133106456,1.4371481304048805,Normal
1.1654273560444266,4746,17,49756,22,399862.6760177554,4072.3258943469323,DDoS
1.4516287561023278,1973,1,8635,443,145691.25255427667,1359.1629345353915,DDoS
7.104887390594285,507,6,23675,22,141228.2545949313,71.35932944851251,Brute Force
20.749358819487963,19,17,26544,28819,11517.422306042872,0.9156909456958761,Normal
16.829798075727627,121,6,32685,8080,33008.88529246478,7.189628743942528,Botnet
57.457763040234255,1275,6,53533,443,77797.78801313955,22.190212993624435,DoS
0.35295864745783356,2911,17,32107,80,341540.41771799256,8247.4250764681,DDoS
8.785823608247757,1297,6,34652,443,57639.54148662814,147.62417934073156,DoS
0.3179918432452711,4209,17,24970,22,368120.4064329281,13236.188567118515,DDoS
12.094501046976285,769,6,1578,80,40736.65999634428,63.582614695151534,DoS
1.475975899354997,1970,1,34078,22,140814.96279041938,1334.7101404981559,DDoS
17.242378914503657,51,1,10769,60927,25711.333188502376,2.957828513854354,Normal
2.340948078882815,45,1,25968,39226,38244.41171579513,19.222980811037733,Normal
33.60126672223363,1234,6,61430,80,75585.87268900893,36.72480594856486,DoS
1.7606480499480714,80,6,11757,183,3200.0,45.43781478777631,Reconnaissance
0.5842511995974851,2857,1,23415,22,330062.14228557615,4890.019912613455,DDoS
35.990760949941894,27,6,38959,9999,6704.605378304443,0.7501925296203994,Botnet
3.941328890012585,44,1,160,19681,8535.72823940845,11.163747362341919,Spoofing
0.592220696887493,69,6,15467,523,2760.0,116.51061903550503,Reconnaissance
4.58160528218654,594,6,15519,22,96402.91186323867,129.64888143234322,Brute Force
33.75621184855187,1669,6,64586,80,94904.80024546334,49.44275167746939,DoS
4.567267257797702,57,1,471,12980,9840.853650329811,12.480110486787,Spoofing
1.0926956742708227,252,6,38843,3389,30262.530025134696,230.62230951739107,Brute Force
0.3955720212110892,2229,17,31208,22,181097.7596255847,5634.877798423812,DDoS
0.30983310865071834,2047,17,5537,80,182217.16280855864,6606.782628604188,DDoS
14.219121158148672,26,1,34014,58056,21318.22704424247,1.828523697830647,Normal
5.79270502498329,128,6,57279,3389,35971.82225966457,22.096757809684817,Brute Force
13.284940689832052,129,6,18432,23,19411.0743476927,9.71024282394676,Brute Force
19.473048891169793,82,1,46584,33087,78668.45945390406,4.210948190921636,Normal
15.901750565517265,1458,6,65088,443,77650.6430969291,91.68801849789128,DoS
16.568840442508353,1596,6,21575,443,86426.90600364043,96.32538894546695,DoS
27.10707121817117,8,6,63252,4249,2270.9329280752586,0.29512594465156444,Normal
1.7104181426197904,245,17,8872,683,9800.0,143.23982767438474,Reconnaissance
28.808199927758537,26,6,34123,37041,12417.578623655274,0.9025208123103639,Normal
14.151645885168573,45,6,40171,14909,9076.362576810669,3.179842144521267,Normal
23.22368084733237,889,6,54142,80,41205.56477100099,38.2798922291475,DoS
29.18090096463509,71,6,43666,9999,23213.913487555245,2.433098281853816,Botnet
4.314019436306185,65,6,8768,39376,62492.912643355274,15.067155111302716,Normal
0.1284103497222372,58,6,710,56438,7617.303711548884,451.67698807346187,Spoofing
58.50288874384212,1205,6,21274,443,65746.98742654308,20.597273500051493,DoS
8.722038517999778,8,17,33686,4495,1063.5081791773312,0.9172167703100946,Normal
19.87892498009572,69,6,32991,21910,14953.543814215689,3.471012646261707,Normal
19.107451460387722,912,6,16126,80,49901.31766321682,47.73007022368717,DoS
0.583890228491839,2286,1,10021,80,173631.73388986898,3915.1194667268715,DDoS
1.706434914265149,225,6,64350,535,9000.0,131.85384225269027,Reconnaissance
2.112445576196995,206,6,39638,3389,17563.76773979392,97.51730521306911,Brute Force
2.4174079735486584,256,6,38025,773,10240.0,105.8985503486208,Reconnaissance
1.1328453901898539,3905,1,44233,443,386748.39147092093,3447.0723311550573,DDoS
1.6507275541805528,119,6,11225,761,4760.0,72.08942487124925,Reconnaissance
0.7591472374963152,2860,17,2058,80,193419.7139538466,3767.385111526382,DDoS
0.7821285381350066,1568,1,35336,443,146007.54948436335,2004.7855608732957,DDoS
8.65374215794291,20,17,57592,64397,10147.83080777216,2.311138884770542,Normal
21.003499428578326,96,17,47406,15614,93633.66433565397,4.570666917979296,Normal
3.8822591490106464,84,6,804,2991,11665.021400408958,21.636886352990253,Spoofing
54.22527884488965,993,6,10183,8080,48888.609637340705,18.312492275797364,DoS
15.839174599057891,50,17,39657,32580,34787.16287454831,3.1567301494974354,Normal
4.1629651127821035,42,6,1002,11933,5534.3007597501655,10.08896276143219,Spoofing
1.09406683053652,3759,17,3601,80,359003.4703847663,3435.804737957938,DDoS
16.525905326015646,1717,6,42921,8080,88597.25289383503,103.89748495636361,DoS
0.3870543506994288,1035,1,47490,80,124006.3047991746,2674.043059145821,DDoS
7.087804208006946,443,6,35027,23,108829.65162242438,62.501726486681456,Brute Force
13.588006825582795,177,6,32443,23,16042.25004705561,13.02619304449815,Brute Force
22.483799006691317,944,6,49448,80,38496.221476466824,41.98578717587094,DoS
1.1943727493934602,3671,17,57564,22,393125.17233610706,3073.5798366667764,DDoS
1.178708214901808,4107,1,49478,443,523332.3581605365,3484.322878280892,DDoS
12.851250224343476,320,6,12604,22,54764.677947293094,24.90030109240579,Brute Force
0.6879558092789084,3380,17,16100,443,282815.4864265368,4913.10626992568,DDoS
24.245020980161513,82,17,63704,58561,78741.1691889125,3.3821377208580885,Normal
23.77300793918081,84,17,41949,54394,21663.39862316738,3.5334190866759343,Normal
40.395805244960975,1356,6,39591,80,61919.2127965372,33.56784180380088,DoS
7.3099370114674596,1149,6,11003,80,57668.59476336206,157.18329695556977,DoS
9.411574569616054,520,6,36652,23,49910.96634354935,55.25111618184984,Brute Force
12.188974037030013,5,17,33286,42242,3326.8959590308878,0.4102067971274725,Normal
0.5809059787033399,2269,1,3989,80,156580.34085053008,3905.967717985469,DDoS
9.120700886489852,208,6,18604,22,58627.248063430445,22.805264923017322,Brute Force
12.345785873462921,133,6,54153,22,11382.373885105553,10.772906752407028,Brute Force
0.06635863760798956,1752,1,50196,443,207706.93471890702,26401.988695877924,DDoS
13.106312411395514,1715,6,58148,8080,86665.89099142209,130.85297726528043,DoS
0.6760179094020218,4102,17,10546,22,479781.72963508236,6067.886579555953,DDoS
0.5070583153308915,205,17,56941,58,8200.0,404.2927485889329,Reconnaissance
4.0941605284058795,13,6,34749,25486,11194.96492198088,3.1752540990525686,Normal
1.325904666871048,279,6,4824,2,11160.0,210.42236819212766,Reconnaissance
2.0461799417140045,54,6,56,6920,6299.769134602944,26.39064087138217,Spoofing
56.448507003083655,973,6,61772,80,41356.037584406324,17.236948356257628,DoS
2.4419112401718843,57,1,44681,62836,36333.16267912265,23.342371771050864,Normal
47.60430105786464,1348,6,64896,443,81129.96634849352,28.316769074320835,DoS
0.8011093753917805,4342,1,58300,443,503637.33233724657,5419.984003902783,DDoS
24.67401154577081,29,1,49987,61016,19844.73957469704,1.1753257043835126,Normal
3.8832454853671305,94,6,512,58395,6878.572300864634,24.206556179415227,Spoofing
0.86861395019135,45,17,42896,981,1800.0,51.80667428848776,Reconnaissance
24.93316351890732,544,6,19756,8080,21956.667885435658,21.81833041713595,DoS
9.204690815291432,39,6,13453,8080,4694.3755964089205,4.236970125624498,Botnet
22.70164360073477,44,17,57780,9815,42422.14805427496,1.9381856562392636,Normal
1.3936564921582923,3574,1,55098,443,378957.57147783035,2564.476985620114,DDoS
4.216701299080363,98,1,8891,16683,23517.05572375109,23.24091583659796,Normal
3.3276802421635665,62,6,374,38134,7216.2485547084725,18.631597836362214,Spoofing
2.7340375099952525,248,6,62122,727,9920.0,90.70833852620794,Reconnaissance
1.3019273993731888,15,1,210,30332,1076.33675724264,11.521379769119022,Spoofing
21.55329348661032,58,1,38591,24917,34191.31690854201,2.6910040470627696,Normal
1.0398941232451917,4419,17,17779,80,475282.9726870528,4249.471077122402,DDoS
37.98696675603154,1315,6,26983,443,72054.79589371558,34.61713614686556,DoS
0.7305564924472174,4686,17,3160,80,562364.1263842917,6414.288352024416,DDoS
6.7142217170139284,213,6,21547,3389,48571.73352674218,31.72370663010057,Brute Force
2.637575018822102,212,6,32994,3389,34029.567877215595,80.37686074789855,Brute Force
0.8709479856426577,86,1,633,50204,5368.620470978984,98.74298054268081,Spoofing
0.6866704696735711,1308,1,7452,80,87948.14134529507,1904.843819222044,DDoS
0.2688750444246635,2759,17,19976,22,256060.25709940796,10261.272130716648,DDoS
20.691134634583943,56,1,30746,16919,31265.45208524965,2.7064731339768815,Normal
0.6817809024053922,2156,17,43577,80,182352.3203206303,3162.3062370820494,DDoS
0.7942962770812834,4571,1,62685,22,391736.0523219362,5754.779585265804,DDoS
4.33575068880416,47,1,956,21537,9384.061014277959,10.84010667895737,Spoofing
2.4574044488599456,137,6,665,19710,25938.505172464542,55.749878724097655,Spoofing
8.556070113593016,81,17,9368,63844,3796.6163705042554,9.466963094577196,Normal
0.5122583938671402,4213,17,12212,443,417303.8872800842,8224.364989307891,DDoS
29.56314607980101,63,17,59451,26791,59816.782325939894,2.1310316510273135,Normal
16.79371895757416,34,6,29963,51002,22208.980653722174,2.024566451653379,Normal
4.0616792348522655,119,6,24690,22,31635.9048722443,29.298226944877975,Brute Force
22.736243063635374,12,6,30980,61711,1713.496479530701,0.5277916833671147,Normal
0.17334197780228455,2978,17,10531,443,319488.4091905145,17179.91243527136,DDoS
17.37330512630143,6,17,8204,61605,2537.6259397026,0.3453574294805083,Normal
2.466396187857317,299,6,59759,23,54054.017526262534,121.22950946488302,Brute Force
49.23089135724637,1746,6,22340,8080,97931.0879327993,35.465537020852736,DoS
22.116984803590213,71,6,17512,29856,16148.564071342873,3.210202504116867,Normal
30.524723748620378,635,6,39074,80,40056.66963384864,20.802809068131207,DoS
14.714844405734226,139,6,50399,6667,46289.06059518514,9.446243274297423,Botnet
2.9725663183770434,292,6,5305,475,11680.0,98.23161831404511,Reconnaissance
14.251496370809782,44,6,17517,40841,2708.3532643719195,3.087395095586014,Normal
3.037266108782399,598,6,10225,22,149059.79508433276,196.88758856882993,Brute Force
1.9436240385065464,28,6,37467,937,1120.0,14.406078256530934,Reconnaissance
1.9318522947019838,160,6,29338,503,6400.0,82.82206690376519,Reconnaissance
1.3582898078291343,104,6,690,28532,6271.6662798841735,76.56687063434305,Spoofing
0.17637129284445,89,6,608,47561,10519.761498072356,504.617268290329,Spoofing
0.9863403222050403,4740,1,15881,443,431988.81051517016,4805.643542386428,DDoS
31.31492913218449,74,6,11082,9999,27427.003889851316,2.363090131471674,Botnet
44.29613666675692,1572,6,6701,443,70757.99141107967,35.48842220318831,DoS
3.968002868595369,71,6,41,8233,8845.797720376786,17.893132225767076,Spoofing
0.7841128466982977,3801,17,28697,443,350049.67153595283,4847.516548166576,DDoS
21.164826011459102,148,6,20579,8080,46914.99301804814,6.99273407302614,Botnet
4.869055082209039,567,6,8864,23,135975.36303000455,116.44969925925712,Brute Force
7.442825533582252,47,17,62538,24665,20654.78514045568,6.314806089157215,Normal
6.585360204827471,234,6,46185,23,35937.855397123334,35.53336381333609,Brute Force
17.833820091550862,1897,6,27565,443,94554.07201599443,106.3709283968129,DoS
5.166082910603592,185,6,15166,3389,21459.57564032147,35.8104976635741,Brute Force
1.4666097726082907,4222,17,12758,22,295653.0293046194,2878.7480343127595,DDoS
0.15780610970928982,3507,17,21427,22,443068.2603176948,22223.474151036295,DDoS
0.19394043450857168,45,17,2254,759,1800.0,232.03000505813094,Reconnaissance
0.012966988915377658,4645,17,51915,22,355274.2213503863,358217.31863219664,DDoS
8.321539348057971,424,6,1407,3389,88080.5514113031,50.95211141421214,Brute Force
12.728713958097355,595,6,16451,443,24661.948048113278,46.74470664976264,DoS
30.322706730356916,666,6,5830,80,34147.76278961874,21.963738459180778,DoS
0.22053036213017366,3925,1,47990,22,485950.25037804863,17798.00278785725,DDoS
21.445843938315534,1896,6,34655,80,87172.85643507658,88.40873809645569,DoS
1.29099342549963,4893,17,5355,443,545579.2736303139,3790.1045066177235,DDoS
2.916968986892482,58,6,19830,3932,40669.97556970117,19.883653292381695,Normal
0.9927365627422534,4990,17,54862,443,406476.0621784013,5026.509738108201,DDoS
2.6257622323440803,62,17,53885,33810,16842.807279986326,23.612191247282556,Normal
2.431585758958146,125,6,31229,93,5000.0,51.40678240094577,Reconnaissance
0.22583036534926515,245,17,38661,441,9800.0,1084.885106664409,Reconnaissance
0.458693740280833,4394,17,23287,80,352253.78826757113,9579.376420767798,DDoS
16.275924984630322,88,6,27117,6667,23747.2069582935,5.40675876075247,Botnet
0.5378112549271397,4271,1,62206,80,544763.9017820425,7941.447786507585,DDoS
3.296363147925886,71,1,445,40760,6848.1405587814015,21.538889016118905,Spoofing
10.445545224224187,428,6,61277,23,106701.45459163144,40.974404955657874,Brute Force
0.9097290952895488,227,6,25629,702,9080.0,249.5248323653432,Reconnaissance
1.0248601019213122,2433,17,41755,80,242072.60973616916,2373.9825518027665,DDoS
12.585077407119666,122,6,42871,6667,18720.23885701322,9.69402062882679,Botnet
0.3905644866533131,3916,1,38122,80,409244.66133677546,10026.513248953073,DDoS
1.8028914352136447,24,17,57332,498,960.0,13.311949644464296,Reconnaissance
0.9303435473009546,67,1,64922,31223,59345.786157508795,72.01640748127458,Normal
4.99810026889479,64,6,593,33338,3757.3609554313066,12.804865160128543,Spoofing
1.3834165706536488,92,6,395,15935,12104.74789869625,66.50202256615376,Spoofing
2.4388074928525207,93,1,598,48628,10997.226036019389,38.13339112355429,Spoofing
5.587361314230859,18,17,20313,8605,10319.16444777888,3.2215564714160303,Normal
2.897443767018499,139,6,36239,815,5560.0,47.97332102946471,Reconnaissance
6.232988134115107,68,1,10151,17788,5935.904967629321,10.909695083135901,Normal
1.6929134526800906,36,6,894,39555,4603.825333094836,21.265115439308232,Spoofing
10.494322321267358,13,1,8650,42241,8750.367440343625,1.238765077155553,Normal
0.490633336987325,1022,17,56011,443,105142.48098223057,2083.021928912267,DDoS
39.686479835725905,964,6,63025,80,50582.801786144766,24.290388162172142,DoS
0.2832950813468828,1111,1,27479,80,133339.46239208648,3921.7059283836547,DDoS
2.6612474269990356,85,1,33237,31188,26847.590370795715,31.939908757695083,Normal
16.450646763368656,57,17,54155,22469,5856.717340637139,3.46490936313363,Normal
1.0178858723241304,1568,17,59519,80,131281.23861801854,1540.447748252757,DDoS
29.868921403865663,110,6,38095,6667,29635.329575612705,3.6827576902647614,Botnet
4.517879886951391,454,6,65239,23,135592.89601651166,100.48961268564258,Brute Force
29.222360321120405,30,17,49151,62181,27628.12556296503,1.026611118004645,Normal
1.4929961142740305,4723,17,62304,80,450993.9869801304,3163.437570161768,DDoS
20.044037996835186,67,1,41443,51377,7821.566516202632,3.3426398418611476,Normal
29.4010797967984,74,17,5797,54890,9133.234743916253,2.5169143620384364,Normal
4.11973691571153,143,6,357,23711,26161.049055944488,34.710954346292795,Spoofing
0.8604422172734544,102,6,582,29806,11608.575910240019,118.54369526778311,Spoofing
2.3963989571318898,89,1,29714,51770,83627.47266887192,37.139058058395634,Normal
29.911851919959506,34,17,58508,9987,23425.868123493165,1.136673185297249,Normal
12.411047813260792,70,1,29259,53058,4122.474022910012,5.640136195850227,Normal
14.6261619227722,108,6,12885,3389,21928.579519867413,7.384028740434593,Brute Force
1.1197744116090833,62,17,2794,365,2480.0,55.36829503980878,Reconnaissance
15.759587363285423,9,17,51291,40752,8257.9584376957,0.571080942193131,Normal
25.819878725265994,83,6,9255,28884,6370.714083761397,3.2145774534092024,Normal
2.4724444411646154,470,6,42523,23,44884.9144184828,190.0952725872425,Brute Force
0.7872688085973348,249,6,38351,675,9960.0,316.2833295067788,Reconnaissance
0.2612498095986107,2999,17,3084,443,298367.5624862611,11479.434203637207,DDoS
10.757201025126069,30,1,8874,34670,29222.427338569174,2.7888295412466197,Normal
5.121680795300874,41,1,48176,40468,25062.631771261076,8.00518455535483,Normal
20.70981900691633,1354,6,3424,443,79627.53862241966,65.37961531908188,DoS
1.3346189155684067,2797,1,56710,443,276960.6637416216,2095.7293257070114,DDoS
14.839835310897909,49,6,40760,43365,43852.916455155435,3.3019234360381304,Normal
41.66757122897267,1943,6,33187,80,104900.98663114666,46.6309876647904,DoS
6.791509217584025,89,1,43194,21190,18001.765525927567,13.104598278327947,Normal
42.30434114753798,104,6,15745,6667,26162.158804787337,2.4583765443195555,Botnet
0.5639117860130445,3791,17,37059,22,453885.9667032123,6722.682685536752,DDoS
6.499029186545802,17,17,57504,51796,6372.703364078622,2.615775296900214,Normal
35.48014311263515,705,6,12781,8080,29138.68998502943,19.87026934366948,DoS
0.43996742635787917,2211,1,56929,80,201253.85571157897,5025.372033341223,DDoS
0.20936945987179945,201,6,58122,145,8040.0,960.0254025734021,Reconnaissance
43.34734025721088,1761,6,8020,443,81068.79612324198,40.6253299406774,DoS
1.3751470207810088,3915,1,40090,22,272158.5355148802,2846.968317450517,DDoS
9.531807588235818,88,6,57640,8080,22911.484093456933,9.232246789015111,Botnet
0.40781467951430506,4118,1,44493,443,284993.60746436025,10097.723811473421,DDoS
1.3272719383068377,209,17,52536,700,8360.0,157.46584702650705,Reconnaissance
0.7473979343478808,1023,17,6250,80,113091.40237169957,1368.7487655322293,DDoS
52.50438071897053,1483,6,44211,8080,82448.9439523858,28.24526219893443,DoS
13.190042981616566,5,1,33952,31398,2147.9256260167685,0.3790738215916869,Normal
1.0985939098621509,2038,1,33898,443,182262.14659446364,1855.0985780138938,DDoS
7.699352028350206,171,6,57823,22,23089.997924788662,22.20966119880628,Brute Force
4.027832539087242,470,6,21554,23,93649.32057355082,116.68806869178032,Brute Force
19.451894483130886,51,6,18081,18227,13428.131032117313,2.6218525935470365,Normal
13.048010922054065,95,17,59553,32969,30715.451904878188,7.280803224913668,Normal
12.938401916425738,297,6,32859,22,24438.091121660294,22.954921474726216,Brute Force
2.105209417579086,162,6,65322,134,6480.0,76.9519643258551,Reconnaissance
3.055830276232532,16,6,29575,22390,13452.131897086823,5.23589288464216,Normal
27.978460350810202,1631,6,11968,8080,99601.5555059939,58.294844660841726,DoS
1.0440007475131547,2488,1,3829,22,231059.5008388554,2383.1400561029295,DDoS
6.210508927103128,168,6,65386,23,25888.36395934812,27.05092319678269,Brute Force
2.7559460069982538,69,17,32243,3703,28329.092431832825,25.036774967574217,Normal
17.14473865891434,55,17,5591,44385,48866.48250202045,3.207981241020724,Normal
39.361903542509275,34,6,15109,8080,5246.799928572449,0.8637793638023975,Botnet
13.709243726768449,53,1,39284,46336,12765.10719923101,3.8660046503158343,Normal
22.40740203017521,716,6,17392,8080,38396.74773408969,31.95372667638085,DoS
0.5206308883908781,2765,17,34535,80,249391.24462773927,5310.864302626815,DDoS
0.5689145723441603,3385,1,64422,443,401128.2889704516,5949.926692952191,DDoS
0.010897341969602825,4428,1,10487,443,288770.02042714215,406337.6199766435,DDoS
29.964767352465802,1617,6,43438,80,66507.34262717681,53.96337575325566,DoS
27.522023278279377,33,17,13363,28784,13558.515285093965,1.1990397532307842,Normal
28.834469395870087,1476,6,25788,80,61014.55121606605,51.188734557099394,DoS
7.871114099914413,222,6,45979,22,49154.48796988335,28.204393581642265,Brute Force
35.08028404997245,28,6,34691,6667,8287.139467106059,0.7981691356921037,Botnet
29.62890856447107,15,1,42593,57151,6006.08489521295,0.5062623203740605,Normal
3.5349344760767933,97,17,10721,11369,89856.67244723484,27.440395474502356,Normal
0.04475201165753752,2505,1,24301,22,287856.31084912416,55975.13736744137,DDoS
0.8074638199526498,3531,1,54501,443,330084.4846301454,4372.951348095151,DDoS
0.7694838909178265,4117,17,54786,80,430724.19735861605,5350.339426975289,DDoS
2.6821328557023825,62,6,925,15720,6406.801822344866,23.115931736261356,Spoofing
7.980797556081095,54,1,25668,58593,32354.20181142733,6.766241045527317,Normal
28.57159925838136,10,6,36495,11120,7825.491672523249,0.3499979090973195,Normal
0.4517152184580962,4366,1,32447,443,440118.0478960581,9665.381686503919,DDoS
4.42171294369391,145,6,448,54959,12632.823716409066,32.7927212477223,Spoofing
0.7606411452201381,49,17,6188,4035,36749.82994245088,64.41933927439443,Normal
4.0507341561021315,102,6,556,33303,9651.296674232213,25.18062061573321,Spoofing
1.3688781808072348,2569,1,60280,443,219992.804026045,1876.7192260198399,DDoS
12.174173205202104,309,6,2592,23,47375.71084751208,25.38160044149547,Brute Force
12.711020686548558,297,6,23085,3389,51110.9032429243,23.365550833718675,Brute Force
1.382335526081716,1550,17,54803,443,194933.08913587377,1121.2907219374847,DDoS
23.434407202322106,29,17,45961,30259,4199.5819563215855,1.237496632606367,Normal
1.1053415272619531,2099,1,18431,22,237119.80526015995,1898.9605911210476,DDoS
9.390775901171272,20,6,16603,21170,2178.3862582697934,2.129749470169497,Normal
2.2434571226425852,27,6,919,8690,4116.358566679939,12.034997115610793,Spoofing
7.731894578782985,257,6,1447,3389,55921.92787547376,33.238942587917734,Brute Force
2.9156180753485694,73,6,369,39264,8555.256623482157,25.03757286223871,Spoofing
8.221957589105806,561,6,26378,3389,115747.87467221006,68.23192578168147,Brute Force
0.7077183506849924,1906,1,41655,80,208447.8921489857,2693.1617615329665,DDoS
23.29555855433223,33,1,31675,41278,10646.501737743258,1.4165790411521622,Normal
20.800427120430026,38,6,12169,6667,5663.793009782702,1.8268855624929299,Botnet
0.41168906238196085,1471,17,63071,22,147698.61989750146,3573.0849673028756,DDoS
2.8644566730859733,26,6,966,45627,1200.7432561615747,9.076764974067261,Spoofing
1.0041838503827607,3550,1,11475,22,234777.18571016376,3535.2092135786297,DDoS
12.460979357554873,31,6,57759,26448,22162.075534626918,2.487765938012348,Normal
1.5007868444310588,25,17,28583,575,1000.0,16.657928534466453,Reconnaissance
18.130819283821285,12,17,20768,45852,9373.74899071594,0.6618564672754742,Normal
1.8173525591352675,224,6,45526,651,8960.0,123.25621623279505,Reconnaissance
1.8789437203495511,65,17,30864,872,2600.0,34.593904700832475,Reconnaissance
26.877760748370687,75,6,15106,6667,16288.376052355863,2.7904110279925924,Botnet
3.926293835457798,105,1,460,3275,10024.364410892164,26.74277687822547,Spoofing
40.78971629530329,1610,6,58347,8080,94727.67647784544,39.47073297456061,DoS
11.043131980117215,112,6,10443,23,25599.335625611344,10.142050298923548,Brute Force
0.9201190452026402,1914,17,47280,443,162570.56359545456,2080.1656155030187,DDoS
26.18392442657505,1496,6,29011,8080,68657.6007000767,57.13429261511515,DoS
2.644012333974583,73,1,934,11792,3834.513791052771,27.609553503959468,Spoofing
0.45661151683305407,3945,17,23098,22,484612.59578981216,8639.729517471562,DDoS
0.23385973151348943,4506,1,35084,80,521662.9986366516,19267.960203486706,DDoS
0.6613011258955059,4507,1,24935,22,354417.98235396994,6815.352074135382,DDoS
11.367885257869307,617,6,46015,443,39162.15440910518,54.275706167326746,DoS
9.734169968197692,314,6,17897,3389,50649.998598480255,32.25750125854212,Brute Force
25.443665081803886,10,6,46772,11964,8214.59534723656,0.3930251387859814,Normal
2.3105650202542334,47,17,47086,19,1880.0,20.34134490395278,Reconnaissance
2.7186981244641464,102,1,466,47076,16969.000708972417,37.51795724657887,Spoofing
11.638604577445063,461,6,65199,22,123191.93826085041,39.6095594564138,Brute Force
29.9584895659299,642,6,41405,443,33468.60998924513,21.42965180494648,DoS
31.03564902853935,178,6,19900,6667,47559.26574464403,5.7353400225758815,Botnet
4.8338190737578355,60,1,62450,15670,25877.470354499972,12.412545667199682,Normal
12.196938846524258,341,6,32665,3389,33919.46547138625,27.957834690396453,Brute Force
11.306510261419392,96,1,11787,45928,6922.829555851602,8.490683489456135,Normal
9.57422194356855,317,6,13693,23,30055.92535484286,33.109740077933296,Brute Force
1.3719373220181474,268,6,23168,271,10720.0,195.3442010060391,Reconnaissance
0.8682360141133523,4053,17,8542,443,425150.7219260648,4668.085559822058,DDoS
16.228636144832162,15,1,38261,41492,2401.6504489414638,0.9242920887579694,Normal
40.73405307256776,15,6,65449,6667,2470.24518511024,0.3682422658329011,Botnet
0.3836092035417245,3403,1,49549,443,255070.40778326918,8871.007182782208,DDoS
3.7394111620420736,240,6,30444,22,63662.41741371369,64.18122789924422,Brute Force
12.668382794114713,71,6,29673,41746,64001.903022479506,5.604503838720765,Normal
25.76516423546117,5,17,39144,25126,931.273598350471,0.19406047461239886,Normal
1.2320801080148336,31,6,62085,264,1240.0,25.160701644593694,Reconnaissance
2.096656122863128,74,1,740,12711,10158.179556774252,35.29429513646134,Spoofing
13.37668945483773,546,6,53547,23,145317.78889167216,40.81727409785513,Brute Force
0.044150082917883256,4684,17,38340,22,431431.905175789,106092.66598008398,DDoS
1.9943586303456247,22,6,544,53066,1660.5216724147754,11.031115299552406,Spoofing
21.072428803829435,1092,6,36346,8080,47519.87325056078,51.82126892755494,DoS
2.5288549875970765,105,6,185,18273,16885.477770872243,41.520767507420906,Spoofing
0.6011236763443918,74,1,543,23724,11686.155377259029,123.10278718352197,Spoofing
28.093141469548588,681,6,44467,8080,37915.79379076294,24.240792035955337,DoS
0.8056856407143292,4262,17,64718,80,455492.97568569245,5289.904380350215,DDoS
0.9959512499021479,2694,17,12622,443,310181.929369111,2704.95167335217,DDoS
42.39086277873973,21,6,51642,8080,7173.059709657659,0.49538977561296815,Botnet
15.622002064824484,52,1,9036,8428,29575.539112954364,3.328638658746985,Normal
2.4901285701548077,64,1,843,25463,12288.49394151567,25.70148415911762,Spoofing
28.79245277624161,54,17,1603,44031,23235.578167678334,1.8754914845100885,Normal
1.0548883933684843,55,1,380,7447,4244.249990758218,52.13821703391127,Spoofing
35.676614628221564,89,6,37505,6667,5371.833196896826,2.494631313185125,Botnet
20.0323101697585,71,17,3124,13834,6598.504143697436,3.5442741949545176,Normal
16.314373865801528,14,6,3485,32680,12473.707894526568,0.8581389708952939,Normal
2.6369320750716625,60,1,24687,39872,13883.705152029255,22.75371465469751,Normal
3.3782422970861643,30,6,489,7943,2242.9714631703323,8.880357701363192,Spoofing
8.557083525550599,578,6,12490,22,108604.29337597016,67.54637818763246,Brute Force
23.144263673262824,79,1,5861,55540,65011.309530503946,3.4133727957508517,Normal
39.739730621780566,21,6,21483,6667,6154.331945440795,0.5284384083995354,Botnet
0.43766216671239233,1319,1,43070,443,151639.7569148825,3013.7400495637876,DDoS
23.697796851005595,990,6,12949,80,40249.302574300506,41.776035393686406,DoS
2.6817478640549157,166,6,8189,905,6640.0,61.899928112183154,Reconnaissance
0.47170922754640954,4853,1,51907,22,353804.91222518455,10288.117587274744,DDoS
55.7186267885336,1313,6,28524,80,69927.23760735057,23.564830572425446,DoS
21.44706697206958,79,17,15270,6186,76274.35284431094,3.6834873553051026,Normal
26.991998104662134,54,6,1829,26227,21218.2180089561,2.0005929087062646,Normal
1.2479789564373789,4082,17,45558,443,319819.5194409654,3270.888486495747,DDoS
10.719789139738495,15,6,31110,11039,2225.305829193568,1.3992812549264304,Normal
2.156547408899006,92,1,482,21405,16944.713823696733,42.660782517630466,Spoofing
1.4157100116890429,1608,17,35778,80,132839.70104080136,1135.8258306597277,DDoS
27.82133351797172,1743,6,25457,8080,111095.27747906525,62.649764752436326,DoS
25.1465579941702,96,6,15892,13183,43256.541547242115,3.8176198914482034,Normal
0.15673547582474898,1681,17,17253,80,172997.91122074425,10725.076701075515,DDoS
3.9867425397731218,72,1,504,30473,13864.117390674608,18.059856958833713,Spoofing
2.350216286659889,137,17,3823,243,5480.0,58.29250728012929,Reconnaissance
11.724485321837651,92,1,3521,53056,81713.30655025506,7.84682631898935,Normal
7.945257649882523,281,6,63516,23,48603.524590211666,35.36700914968501,Brute Force
52.81223354057225,567,6,13109,80,32628.38539519485,10.736148842567134,DoS
25.092338020187835,1672,6,27762,80,102261.81634456867,66.63388635426504,DoS
35.02771443916505,630,6,37334,443,27161.690131816125,17.98575813715059,DoS
1.5426904737770577,41,17,41647,54690,12876.778515714,26.57694508193685,Normal
23.29137106661045,87,6,57767,23309,43910.118409938405,3.7352889081192657,Normal
3.2989792613217626,65,6,452,23723,9337.525071141428,19.70306414534938,Spoofing
0.5160412234720232,4433,1,19824,443,468334.4368458919,8590.398980480542,DDoS
0.32904962896845236,28,6,13462,857,1120.0,85.09354679346714,Reconnaissance
0.8517894063339604,1709,17,52967,80,145678.88638971234,2006.3644690715416,DDoS
22.75429042993695,15,17,16080,49076,761.8302222517589,0.65921633751607,Normal
12.98860048006459,90,6,60312,8080,15007.74211558739,6.929153001367276,Botnet
1.3019052314296666,3251,1,5748,443,316606.4894406468,2497.1095602941587,DDoS
22.178072957647654,1980,6,42307,8080,82078.33721247913,89.27736885802054,DoS
4.523181193636314,79,6,975,15036,13055.269603485624,17.46558376019636,Spoofing
1.0490198979140215,229,17,5721,307,9160.0,218.29900505735594,Reconnaissance
44.524409160528116,159,6,40721,6667,32896.35304223946,3.5710749002135453,Botnet
2.7646270017334174,115,1,74,24325,9218.494144409238,41.59693149487983,Spoofing
2.743381347495276,41,6,621,30975,4136.2313623030095,14.94506042239926,Spoofing
1.8077675737680583,87,17,54860,305,3480.0,48.1256557880722,Reconnaissance
0.7990715171578361,4683,1,58549,80,466691.41614541033,5860.551777213444,DDoS
4.683197071115868,38,17,51098,28146,28883.0796263256,8.11411508483578,Normal
1.296658905901333,4571,17,61821,443,357959.3441074501,3525.213901047175,DDoS
5.936228090211299,22,1,43331,1734,13143.521331434093,3.706057056041611,Normal
1.1343288094710289,148,6,351,4665,28705.6866720046,130.47363230509572,Spoofing
1.1721279645265434,32,6,217,62202,3396.6858168197764,27.300773438099593,Spoofing
14.713195929457688,792,6,45013,80,45659.59669484361,53.82922947517577,DoS
4.3071527573271915,90,1,19799,26011,66425.26598371349,20.895474358761682,Normal
14.087737637153861,102,6,51905,6667,23161.269596860715,7.240339267178957,Botnet
0.6364085283726176,3153,17,33910,443,208963.62933947303,4954.364782104109,DDoS
0.6974292318164329,10,1,408,40136,1588.7726967810588,14.338372330559343,Spoofing
17.98140541215292,923,6,43972,443,43605.02724619019,51.330804174860596,DoS
0.47630286109303605,1280,17,32502,443,99679.65930396543,2687.3657593880757,DDoS
23.84785258103866,65,17,56385,51783,9462.70045110778,2.725612286436275,Normal
9.393085047545737,92,1,24086,38337,67510.66659911172,9.794439157562842,Normal
10.44865496180557,112,6,11630,3389,29328.94932626155,10.719083021633814,Brute Force
2.02905341194038,156,6,14034,296,6240.0,76.88314121352651,Reconnaissance
0.9586221057638,138,6,885,41919,10645.269850006629,143.95662187452473,Spoofing
21.213613355891802,97,1,6744,56856,40325.61350359271,4.572535492783436,Normal
1.1521869018943331,1931,1,3530,22,224821.5044860912,1675.9433706677319,DDoS
11.028177751549851,97,6,57849,9999,34045.662594197245,8.795650758020114,Botnet
36.74076702934256,98,6,37561,6667,8679.282094915588,2.667336801154247,Botnet
9.607386384093074,83,17,29409,50451,4307.439429692645,8.639186213788893,Normal
12.93357339085643,54,17,63968,24878,17718.083452684637,4.175180235817585,Normal
43.04088990231236,173,6,60409,6667,37914.19653493241,4.019433622135811,Botnet
0.1844999911236514,4546,17,38887,80,515427.30888248817,24639.56758108071,DDoS
1.398179132306558,4126,17,50718,443,450458.65716635395,2950.980961354638,DDoS
3.5704803395685536,11,6,18136,48661,8798.985567357056,3.0808179723317584,Normal
20.424710045424774,1116,6,65386,80,58232.436180975055,54.639698557189014,DoS
6.897634755821556,392,6,63157,3389,52378.67113658997,56.83107527100572,Brute Force
2.253158252356591,204,6,42672,846,8160.0,90.53957918252534,Reconnaissance
27.923694511926243,815,6,25352,443,44749.451684402295,29.186682287041656,DoS
21.390934419355325,1344,6,33133,443,79135.12079565224,62.8303548434003,DoS
13.81588592428478,64,1,64988,7853,32459.3717268083,4.632348613092153,Normal
23.79691777931288,1125,6,52225,80,65413.10181185555,47.27502991912609,DoS
0.4673790931636433,4359,1,58898,443,504803.2467909832,9326.476224031238,DDoS
1.429902467611404,17,6,1010,61267,3097.401696804815,11.888922765758865,Spoofing
1.0953356288273928,2051,17,34901,22,256714.95774433576,1872.4854245777524,DDoS
17.025868349087272,66,17,35083,29590,58206.65007393011,3.876454266342201,Normal
5.560195229710393,46,6,41027,3384,28955.09138642726,8.2730907997984,Normal
0.841364634803777,4991,17,8588,80,344091.77965494466,5932.029697402246,DDoS
5.879824194235469,29,17,27547,10670,25658.1936434703,4.932120254280964,Normal
10.601285210011683,42,17,10539,48298,38772.69691035931,3.961783799603455,Normal
1.1097513093112468,100,17,5450,173,4000.0,90.11027890750023,Reconnaissance
1.2513609535087993,3916,17,31932,443,482151.3601889789,3129.3928334742973,DDoS
52.532311311814546,1395,6,14010,8080,64615.34349133742,26.55508514978026,DoS
9.581432703083678,279,6,38963,3389,38209.74469213144,29.118818515544856,Brute Force
2.2974832617414376,288,6,35898,901,11520.0,125.35455852753542,Reconnaissance
47.32876957164996,1323,6,28110,8080,57215.09354840453,27.953399422250776,DoS
10.496387430336311,159,6,5233,3389,22296.745010407853,15.148068900397433,Brute Force
0.05299861822344255,3071,17,5124,443,391547.37315014965,57944.90692290584,DDoS
1.0293591731114535,4833,17,7616,22,455581.4220170785,4695.15415633908,DDoS
0.22115198382803658,4584,17,21648,443,464164.11606624594,20727.826721936293,DDoS
3.8113396193044307,75,1,816,25536,11057.412185749406,19.67812042257402,Spoofing
0.6829232726619785,59,6,519,33134,5121.854712946995,86.39330706950852,Spoofing
0.31592982562330885,2440,17,7203,80,175548.82502908245,7723.2340922103185,DDoS
20.929640998701746,82,6,11423,41338,39418.5228015492,3.9178885106097336,Normal
3.081542677683009,89,1,233,10104,11595.207798855849,28.88163796807075,Spoofing
6.390706324507132,36,1,38486,57372,30536.86127678197,5.6331801481703065,Normal
41.65013896201957,1673,6,61219,8080,71152.58118754544,40.167933209672974,DoS
4.65319295723861,26,6,719,41690,4992.92072227934,5.587561108884132,Spoofing
44.854280275656215,100,6,28132,8080,32667.046201386125,2.2294416360142346,Botnet
7.456671201187977,166,6,44111,8080,50946.97662209484,22.26194444158317,Botnet
14.62127536744553,350,6,10973,23,31778.77492917325,23.937720288018088,Brute Force
12.840322454118914,1628,6,31504,443,83598.85105023716,126.78809319759496,DoS
40.43808033384372,184,6,52846,6667,62479.67368918228,4.5501665380986305,Botnet
1.57643721700371,73,1,654,51859,6439.0417662134005,46.30695038953029,Spoofing
29.302346022849942,19,1,20534,26355,3153.469452280354,0.6484122460769461,Normal
7.645402005150801,68,17,40798,24174,32545.610784097265,8.89423472489577,Normal
0.734544338662453,1388,1,5801,22,168219.37140857955,1889.6068309878176,DDoS
1.0201034966748634,1883,1,64942,22,236275.7020033162,1845.8911337308814,DDoS
2.102162514084553,80,1,711,39388,14128.779849642762,38.0560491703175,Spoofing
7.623192048168342,298,6,58340,3389,69627.41488416563,39.091236074998506,Brute Force
17.627618363228347,28,6,10391,5660,3075.7072451748154,1.5884165077233974,Normal
29.46728858794522,10,1,57791,16659,7814.075361407357,0.3393593533437923,Normal
0.9696199740440941,234,6,22749,894,9360.0,241.33166216041533,Reconnaissance
27.82436609210288,23,6,31319,44136,1110.8069368649317,0.8266136207332273,Normal
8.229725163223828,696,6,7360,8080,39835.164191856966,84.57147549838179,DoS
46.42115080324416,1586,6,18238,80,66330.98715629271,34.16546062639106,DoS
53.21186446321452,1521,6,58494,8080,69113.3931983273,28.58385090136187,DoS
21.226436871496514,58,6,17250,25277,11489.923022267882,2.732441641106714,Normal
8.079778278344833,44,17,33858,60849,23915.936052299978,5.445693988649096,Normal
21.88561817013902,36,1,44505,37985,4874.679078891611,1.644915840171186,Normal
20.567954848242266,1482,6,21678,80,91819.79522223513,72.05383378827533,DoS
19.138580655999554,1744,6,21971,80,70379.40751254013,91.12483476946299,DoS
8.071863261996203,93,6,14021,48865,6659.787604716611,11.521503397841348,Normal
1.6553206206273747,101,1,126,13116,9279.719351258667,61.01536991771449,Spoofing
7.297783083281333,244,6,16212,3389,39453.60292575323,33.43481125918712,Brute Force
23.057868732644042,22,6,51558,9829,14373.586371307636,0.954121139949662,Normal
35.60674795226811,505,6,17755,80,27166.620282223314,14.18270493775414,DoS
4.872995009889454,44,6,528,38427,8530.243896661934,9.029354618813402,Spoofing
0.5644952126518098,1188,1,35925,443,129277.47707006517,2104.5351198270987,DDoS
0.5309022723502623,2601,1,33706,443,332863.0760014225,4899.20675699047,DDoS
2.4655891274090265,78,1,14,49886,6590.152743187408,31.635441255358955,Spoofing
12.589115823380466,116,6,4129,22,19963.17069057084,9.214308743157734,Brute Force
8.356738563263937,242,6,25056,3389,30392.736839976704,28.958665891957825,Brute Force
26.28721991760404,740,6,37414,80,30800.818047287958,28.150561463688152,DoS
36.42473769172775,154,6,17725,6667,16388.428559154134,4.22789592346122,Botnet
0.625772526115561,1324,1,16495,22,87801.62549505246,2115.784801577399,DDoS
0.7629335624651172,134,6,420,47860,16856.925776277352,175.63783610073745,Spoofing
24.27328414745503,1892,6,63963,80,83428.4852233466,77.94577727951862,DoS
29.594938886114626,60,1,53514,3768,28528.737342680866,2.0273736746302538,Normal
3.9545528857632406,133,6,57879,8080,10368.17635734768,33.632120707959785,Botnet
37.07944508919317,766,6,35762,80,38351.27776689233,20.65834583439468,DoS
1.429280330302885,2050,17,46858,443,159667.6589771562,1434.2882613976615,DDoS
2.33436519639405,83,17,65382,794,3320.0,35.55570487780236,Reconnaissance
26.6247682888538,19,17,28691,20188,8907.57001059723,0.713621233952829,Normal
0.7746103532219358,1720,1,53168,443,121128.62687325766,2220.4712251079322,DDoS
19.945805419857454,16,6,10908,40146,2643.560079301671,0.8021736732712169,Normal
20.575541880641172,36,6,26753,8080,2469.5045302322455,1.7496501530232444,Botnet
43.80404702252423,75,6,42208,6667,28769.745661812016,1.7121705663733462,Botnet
1.1112562575110725,2817,1,36980,22,232882.8324264358,2534.9688525573333,DDoS
2.2175591129250556,147,6,451,57316,18450.46186121183,66.28910099541865,Spoofing
1.2513223450922701,3932,17,9815,80,359708.1747235469,3142.275861548738,DDoS
3.092649534620012,115,6,52064,9999,18755.34118960044,37.18494407874439,Botnet
44.107316202089606,1215,6,52879,8080,49906.47597383284,27.54645044448292,DoS
1.4887448192519153,4743,1,11645,80,327061.41316434887,3185.9052932814416,DDoS
1.8313291382541574,139,6,12808,717,5560.0,75.90115675902557,Reconnaissance
0.6538309670848312,4625,17,23309,443,591091.0497362491,7073.69371111468,DDoS
19.49324709678942,52,1,41968,60656,12697.431771770172,2.6675904605223266,Normal
35.49205466254584,1301,6,61000,8080,65949.01584320152,36.65609140890125,DoS
0.24808984198064427,31,17,49607,471,1240.0,124.95473314227267,Reconnaissance
1.354932248872922,3938,17,23252,80,332132.25380267383,2906.4183860674657,DDoS
22.33256218356888,40,6,11020,53651,37363.98388306668,1.7911066214081737,Normal
0.8032536273585063,4959,1,43468,80,363000.9619549617,6173.641588532424,DDoS
26.10064064405221,1865,6,54568,80,91732.26190975145,71.45418480082382,DoS
5.824634301257785,71,1,47993,34656,17954.437517271013,12.189606476181362,Normal
0.5003471672087775,124,1,917,27704,12307.231998339897,247.82792454235903,Spoofing
2.3220331694352656,219,17,55950,797,8760.0,94.31389821759622,Reconnaissance
22.285658753533856,881,6,13979,443,52172.12273904405,39.5321497893931,DoS
0.2838126322872662,1769,17,40186,80,179288.86698083818,6232.985423317852,DDoS
0.904054882762986,2169,1,13244,80,193740.8252817736,2399.190625873365,DDoS
24.6604506323329,72,1,27828,4403,68852.7545138167,2.919654675961156,Normal
1.5469457968129714,111,6,49829,3389,33119.0457726874,71.75429173322232,Brute Force
0.409596981792446,1894,17,54705,22,174764.35151925686,4624.057510657492,DDoS
0.13773062194523267,4211,1,39398,22,288897.6400234501,30574.173996502144,DDoS
1.965689745239915,106,6,224,54725,8102.602074011276,53.9250918191378,Spoofing
0.16866395067297515,4367,17,6176,80,319518.3833803136,25891.721275207386,DDoS
0.6453281175971735,23,6,957,63271,2926.673418770444,35.640783924987836,Spoofing
3.7406566265946983,48,17,22402,28002,39923.51039828923,12.831971707517226,Normal
6.523322230185157,430,6,8573,23,127107.78511726495,65.91733243074748,Brute Force
2.652358763027609,80,6,61546,958,3200.0,30.161832220872625,Reconnaissance
3.1686885025953417,24,6,436,24150,3760.0639802954415,7.57411149134495,Spoofing
0.6733504422441525,285,6,38263,16,11400.0,423.2565720906749,Reconnaissance
14.92837895019259,28,17,15485,39697,14970.218687455386,1.875622269063499,Normal
9.647724660860327,1858,6,55853,443,77071.12835823112,192.58426886265582,DoS
0.10004079134332218,115,1,462,7707,18787.052396805324,1149.5310908261458,Spoofing
28.952936343932205,1946,6,35574,80,89564.19661451511,67.21252645615793,DoS
0.2871842349731013,3968,1,52134,22,449408.0874914853,13816.914429065568,DDoS
0.013527632911047426,2908,1,29705,22,345672.6609314526,214967.3944526661,DDoS
18.37882727854655,14,17,39865,6838,12973.009906833691,0.7617460998908283,Normal
0.25478847937558824,4691,1,16438,22,532421.0084233647,18411.35051120154,DDoS
1.3532840895358542,55,1,54800,53011,31368.46501891881,40.64187292622627,Normal
44.05469337199998,160,6,40231,9999,14467.042548344969,3.631849134641619,Botnet
28.067644550973156,99,1,34698,48960,22364.193226586085,3.5271930218514718,Normal
20.830195646148983,10,6,62801,52020,7085.587955933086,0.4800723032022393,Normal
39.52275798019399,1873,6,24526,80,94616.36201082639,47.39041746374621,DoS
22.025524004285096,1405,6,38421,80,79352.48191756138,63.78962878370818,DoS
5.093667999521847,132,6,54913,3389,13966.749779271244,25.914527608079506,Brute Force
8.181926388381541,1884,6,49839,80,81678.51886764231,230.26362137348343,DoS
0.07471550930424384,2336,17,62460,22,201152.8592588982,31265.26234985211,DDoS
12.812214076500128,147,6,6879,23,30435.92168823438,11.473426772475186,Brute Force
38.620043403786774,903,6,8701,8080,52001.75688712855,23.381641251896134,DoS
23.472790782882782,97,6,55818,43100,5299.620084172687,4.132444279729019,Normal
33.62365383712398,1137,6,24623,443,62474.58949814938,33.81548018272288,DoS
2.141777348934776,240,6,45451,1007,9600.0,112.05646568228264,Reconnaissance
0.14438538244773946,2850,17,37079,80,195878.11705971486,19738.840259896548,DDoS
0.8608726563335278,3011,1,24796,22,305798.5885694848,3497.613703778098,DDoS
11.552080431488227,90,6,15934,14760,89152.10889552909,7.79080448182142,Normal
22.644003314016455,37,6,34469,29388,13137.354776375472,1.6339866889657846,Normal
1.198037159031447,2448,17,63938,80,203393.73475378344,2043.3422966438582,DDoS
38.94316927197153,831,6,23009,80,46093.235197876245,21.338787148946647,DoS
1.0836839242113772,82,6,27146,23543,48567.14653260883,75.66781989469243,Normal
0.6056645054749029,232,6,15488,743,9280.0,383.05034867131315,Reconnaissance
38.44142941327962,25,6,45822,6667,7832.02425606878,0.6503400206903787,Botnet
10.056317560309603,1763,6,34638,8080,95215.09151889739,175.312681747266,DoS
4.573925824918383,539,6,40472,22,145397.73076857734,117.84187602334322,Brute Force
5.779505674473001,12,1,20229,60112,11345.778333690063,2.0763021399912733,Normal
7.5817631621942985,1731,6,40946,8080,98047.38534592272,228.31100932187618,DoS
3.412228519905539,97,1,457,5066,6882.481997797209,28.427169937224857,Spoofing
7.258146316204629,518,6,61078,23,90592.22370292795,71.36808455397306,Brute Force
24.55374969766986,152,6,36509,6667,31410.77579986882,6.190500508947712,Botnet
1.4556792312988773,2215,1,24362,80,185261.47458782487,1521.6264355324997,DDoS
0.2778343446489909,143,6,43485,764,5720.0,514.6951870930957,Reconnaissance
5.717021539566067,39,17,17709,6752,7012.249361351824,6.821733962359739,Normal
11.28004344148149,444,6,62493,22,122174.89524398155,39.36155053864635,Brute Force
2.4851482752855394,230,6,32773,46,9200.0,92.5498097185261,Reconnaissance
18.561397221733905,48,17,40395,23216,17604.943642024467,2.5860122180778427,Normal
39.95806380562022,63,6,54826,9999,19930.722958117418,1.5766529706361514,Botnet
25.28868503710932,73,17,27326,44020,3630.4913317386427,2.886666502939072,Normal
1.4742615022136398,4019,17,54332,22,503214.25546007237,2726.110662162291,DDoS
38.787112325488934,1059,6,49690,443,46299.82062788389,27.30288326476108,DoS
58.69774047447257,556,6,8959,443,22791.76634930116,9.472255584383225,DoS
0.39742912991091744,123,17,31502,178,4920.0,309.48914093833554,Reconnaissance
1.434628479910357,114,6,475,11398,18318.472423788065,79.4630816245355,Spoofing
22.00474346161022,1089,6,55539,8080,60719.31284315324,49.48932951206109,DoS
14.495586622339449,481,6,31702,23,52631.54199514024,33.18251358373596,Brute Force
1.5579984182582136,169,6,23997,403,6760.0,108.47251063896198,Reconnaissance
10.116915766722398,96,6,43921,3987,29327.49536643016,9.48905795141372,Normal
2.3422309988594106,287,6,58548,933,11480.0,122.53274768362282,Reconnaissance
2.640407197660261,93,17,55835,21091,83627.33285513526,35.221840056492006,Normal
10.19094958056647,198,6,9420,22,16641.71200896539,19.429003983846034,Brute Force
1.3438545348415014,3939,17,19103,443,377766.19249686867,2931.120815441962,DDoS
4.546115286254101,15,6,57394,21663,1429.2374773960805,3.299520371899691,Normal
0.6345181320297953,2337,17,10709,80,178157.6424388199,3683.1098782379013,DDoS
3.02340231890645,137,1,130,2694,8790.805810921167,45.31318876858976,Spoofing
0.08824531212935985,4292,1,1351,80,275547.71211796586,48637.14452851962,DDoS
27.750106581383868,46,1,12609,6533,30993.22694920729,1.657651290999331,Normal
36.16693724219158,730,6,64963,8080,43207.55984315451,20.1841807922955,DoS
0.4518950020924089,222,6,10719,5,8880.0,491.2645613960625,Reconnaissance
1.3198700251077922,1033,1,24307,443,130019.77200689357,782.6528221334795,DDoS
25.393157663858435,24,17,51192,47740,17566.62740021907,0.9451364937633854,Normal
0.05242712529646541,4897,17,8993,80,338702.2470862725,93405.84615899493,DDoS
16.449445939564704,87,6,37891,14696,60755.47017580411,5.288931938476114,Normal
8.634373571994235,202,6,38272,3389,50256.39622796476,23.39486452789014,Brute Force
2.006956343663827,139,6,47271,23,31088.506432601454,69.25910493212156,Brute Force
14.13235709458115,972,6,12587,443,41343.42324969147,68.77833566579629,DoS
0.5956822832563121,4150,17,48619,22,405219.5698974207,6966.801123098577,DDoS
36.18681083855853,103,6,29903,8080,27489.030824619058,2.8463409074515424,Botnet
48.85850527481964,617,6,12307,80,31539.264867227885,12.628302821166844,DoS
12.812060510694314,236,6,53423,23,22201.413106517935,18.420144035614662,Brute Force
1.6922223874742364,98,1,297,47389,12455.602580659972,57.91201010304092,Spoofing
39.633112621784655,199,6,37142,9999,39651.97988533199,5.021054033758078,Botnet
46.18440835189157,1525,6,47504,8080,69063.07671834769,33.01980158283311,DoS
0.9237528100140866,3956,1,15841,80,466698.05205570685,4282.530951044872,DDoS
0.7532658013531295,219,17,31043,5,8760.0,290.734027227307,Reconnaissance
39.529824515167206,1206,6,31928,8080,67000.8813330339,30.508610012606294,DoS
1.0917281680595616,111,1,217,26041,16803.756510169787,101.67366130828287,Spoofing
18.01401444456991,74,17,42821,41650,53989.19845178166,4.107912771342667,Normal
2.803982149011532,72,1,461,30896,11268.703536731835,25.677766894978863,Spoofing
6.361434084039202,1279,6,31731,80,68728.18591187932,201.0552939955792,DoS
15.24662332440898,63,1,39067,36036,5299.686278450365,4.132062467834473,Normal
27.658133666533928,52,6,27088,40954,27453.370248777414,1.8800979352746239,Normal
4.806477709871146,142,6,829,35238,14821.865587416218,29.543463752754363,Spoofing
10.120689175422036,102,6,27360,8080,32671.544947938462,10.0783650433318,Botnet
13.282409375194117,778,6,19704,8080,43658.04334550978,58.57371038819001,DoS
22.680979687063978,48,17,13819,26731,42802.553813544975,2.1163107000786496,Normal
3.560673613133847,143,6,363,41900,22256.38901336399,40.16094018629856,Spoofing
9.280315351724752,80,1,53204,28124,9712.267225426815,8.620396717998592,Normal
1.1931633429084,2860,17,19774,443,265715.6088248866,2396.989496030439,DDoS
12.30820535968104,11,6,53868,50481,1096.1849143367813,0.8937127451605227,Normal
3.7752544777877493,91,6,31510,52901,34511.23299827158,24.104335359486768,Normal
5.766656640597929,16,17,62814,28864,11662.852888411206,2.774571297926454,Normal
1.0335957077124371,3286,17,52135,22,248928.27829820733,3179.192768972119,DDoS
10.831115458476079,88,17,6600,62970,18525.382342538425,8.124740276047381,Normal
1.1341039780803546,1807,1,26778,22,135626.48779309122,1593.328332256294,DDoS
49.097272770328466,1505,6,48057,443,64374.968399813326,30.653433787253746,DoS
53.48645184468906,1483,6,45265,8080,94272.7620973092,27.72664756873856,DoS
0.09991387853845629,2997,1,58827,80,349507.40089792426,29995.832849652328,DDoS
8.013781302951996,478,6,6142,23,132881.79577198738,59.64724790080328,Brute Force
16.353448744712622,73,1,10163,59648,19559.286173525998,4.46389022521028,Normal
19.502286024946656,1335,6,2497,8080,82654.95830836549,68.45351351591879,DoS
24.6552254149057,22,17,45732,63176,20134.504002953938,0.8923057741220065,Normal
20.823886255926666,81,1,27479,59917,50401.43166928532,3.8897638512094095,Normal
31.745672597502193,866,6,54099,443,37058.20387757762,27.279308615692663,DoS
21.201088423695296,970,6,49917,80,61387.95647479658,45.752368020685395,DoS
8.43292116077929,289,6,65315,3389,40143.269663628555,34.270449644912055,Brute Force
37.3684631807947,1058,6,2981,8080,50149.06819847875,28.312644137416733,DoS
0.8521619164242576,211,17,43044,1010,8440.0,247.60552652408307,Reconnaissance
22.579512324380758,80,6,30171,19582,26476.402300333397,3.5430348915737264,Normal
24.846789623872645,46,1,58665,38529,25157.232833856047,1.851345815549687,Normal
16.986073955673806,67,6,50716,29735,33133.97065265815,3.9444076468076483,Normal
6.382461713199069,9,17,19519,65414,740.6997706987638,1.4101142168056888,Normal
14.50770266988206,1370,6,55671,8080,66019.96595989968,94.43259426898204,DoS
0.7065950573335112,44,6,131,7892,6307.930837543829,62.270461055931364,Spoofing
17.33753444023817,40,1,4520,58019,36001.75671525075,2.307133124255845,Normal
1.5776608540319037,272,17,19991,233,10880.0,172.407142704258,Reconnaissance
3.6480394625949826,417,6,27136,23,52410.73272400003,114.307973988684,Brute Force
1.0934258143836062,2350,1,20955,80,224748.2912733353,2149.2084502548155,DDoS
19.78939143485401,72,6,48887,32538,24315.863038856718,3.6383129939605015,Normal
29.766985031645074,57,17,56808,39527,8630.852829715945,1.9148731367790086,Normal
19.195703486182136,58,17,43370,51827,53389.27650421161,3.021509476938462,Normal
21.354003313975642,43,1,4445,27235,40979.72587413737,2.01367394056072,Normal
33.106702769196744,1351,6,12999,8080,55922.933715110936,40.80744643821801,DoS
20.732920005621025,76,6,62632,12708,11259.10923649082,3.6656679319360315,Normal
1.259112000093708,1612,1,56495,80,200311.69935107758,1280.2673629351707,DDoS
1.224228034104568,280,17,49375,783,11200.0,228.71555968312654,Reconnaissance
3.19476322960164,53,6,104,33250,5866.665645371533,16.589648806809592,Spoofing
1.6039823119113694,26,6,38687,190,1040.0,16.209655060982165,Reconnaissance
18.450672584422403,5,17,46765,20292,852.3616868853203,0.27099283113513256,Normal
0.20336570410222604,3170,1,13401,80,284372.91398572247,15587.682367556592,DDoS
7.527721030431791,1968,6,37193,8080,97509.68123894492,261.43370510730995,DoS
2.4195275813456205,25,6,12373,31442,9237.889683247598,10.33259558301718,Normal
10.523910302567916,52,1,47185,37724,2175.8409996329497,4.941129153040348,Normal
2.541218383494644,101,1,941,664,13956.091619966346,39.744714840723915,Spoofing
1.9796217539354686,33,6,299,52663,4443.780684053624,16.66985116444408,Spoofing
0.6237664787281892,2699,17,43441,80,250304.67706858236,4326.939795647641,DDoS
55.579293019307755,1513,6,11389,8080,77258.56255313425,27.2223685802264,DoS
0.965421919591078,4991,1,39886,22,629542.4921303685,5169.760390476766,DDoS
27.501826269551664,90,6,20880,29663,26316.503277723838,3.2725099459901137,Normal
0.04689465585966988,3097,1,20023,443,351114.97409947537,66041.6404220479,DDoS
5.570155595467033,62,6,23888,34865,23232.968096766537,11.130748313468176,Normal
11.03392677598848,62,17,63844,58896,35623.71698495116,5.6190331201872326,Normal
1.474602398442888,156,6,20968,373,6240.0,105.79122898805046,Reconnaissance
21.395713659589596,1936,6,21694,443,88563.8000715418,90.48541361144461,DoS
10.381804116628535,131,6,37843,8080,28141.977211802416,12.618230755305555,Botnet
0.5313364094854051,3439,17,36955,80,249992.04183572868,6472.359015130627,DDoS
0.5712174578028469,4903,17,50790,22,351843.46018404554,8583.421135024637,DDoS
24.75522148546299,51,17,41915,2398,23726.656718542697,2.060171428074224,Normal
9.248710544910766,57,1,54991,28792,55205.087194105734,6.163021290720906,Normal
18.07211177365475,15,6,32847,64553,10989.29266149495,0.8300081466885775,Normal
41.252611423563025,155,6,45728,8080,31898.148403625386,3.7573378908920603,Botnet
2.6697314880619407,142,6,879,46257,16037.446533983693,53.18886960541608,Spoofing
29.30807524494574,1353,6,14948,443,69610.98572163089,46.164751137430244,DoS
57.03670047481345,614,6,56488,8080,35912.781660453926,10.764998586675489,DoS
0.2984084338417686,66,17,22125,475,2640.0,221.17337352132805,Reconnaissance
18.48219911981011,77,6,47517,27303,9503.767769971051,4.166170892373283,Normal
0.10088498395588544,2776,17,28249,80,346753.44351345446,27516.48353548708,DDoS
1.4743710010414401,3679,1,55092,22,367235.0685848346,2495.301384387846,DDoS
40.13089897771012,147,6,24276,9999,57453.69694851608,3.6630128839537863,Botnet
2.068994045634031,241,6,17272,35,9640.0,116.48172719904902,Reconnaissance
24.56358660607992,68,6,28857,25376,49802.57402143702,2.7683253708222235,Normal
1.6021439618244993,496,6,60500,23,67832.29583207954,309.5851632678265,Brute Force
10.180631288355555,196,6,37204,22,51146.59679927927,19.252244232062672,Brute Force
16.916080176652617,61,17,24305,29233,47582.02830328632,3.606036349023192,Normal
1.0951624471917034,2817,1,47969,443,351454.4826398642,2572.221141460392,DDoS
0.07279212824761515,2701,17,6964,22,232863.2120473294,37105.66052983197,DDoS
2.7179613586817424,166,17,39973,554,6640.0,61.07518764744795,Reconnaissance
27.76206463629683,10,1,40559,1607,1205.8469724741813,0.3602037575737701,Normal
26.703556345754283,127,6,60132,6667,37098.443766834906,4.755920835248309,Botnet
1.3858565284426445,1820,17,34263,443,229218.1652076041,1313.2672557708581,DDoS
32.42146532785769,103,6,63595,6667,24195.472315406263,3.1769076122385713,Botnet
1.2634905425039957,2324,17,58560,80,189686.3729608782,1839.3489478712504,DDoS
22.43637824311111,1619,6,28914,443,82053.7069254375,72.15959645791314,DoS
13.870101868923802,454,6,61603,22,128038.2788270367,32.73227581818953,Brute Force
3.476867641526162,434,6,45825,23,61929.565284422904,124.8249990354815,Brute Force
1.1420002681233816,514,6,8024,3389,149564.40895375304,450.08746000090036,Brute Force
11.67828774261712,82,6,34065,45647,26256.167767554518,7.021577290030335,Normal
3.948486673811532,36,1,704,21390,5787.602909147071,9.117417120531567,Spoofing
28.256558196934073,86,6,25713,1658,27563.815470697875,3.043541233883583,Normal
0.13902761345022233,3137,1,63419,80,218481.87104455414,22563.86283379004,DDoS
58.455712498362644,1080,6,47993,80,53143.26046645428,18.475525382232764,DoS
0.31749511976669725,2518,17,44143,80,207208.97436633657,7930.830564735245,DDoS
30.511318383953604,1717,6,10062,80,86229.93627018703,56.27419891835936,DoS
2.1093647563717286,109,6,60612,139,4360.0,51.67432501692522,Reconnaissance
19.926929163999986,32,17,42273,41413,26145.028471630765,1.6058671025845386,Normal
0.17426733330045915,96,1,381,30925,6749.084582266559,550.8777702731225,Spoofing
1.1880757896834218,3802,17,11879,22,376105.9470438031,3200.13254458547,DDoS
21.915716889683296,22,17,51094,36340,17259.65152766224,1.0038457838610053,Normal
12.966231640692788,79,17,9705,51032,6071.982742085245,6.092749396213858,Normal
2.2002448462783577,291,6,50265,654,11640.0,132.25800778136897,Reconnaissance
3.6640535051251213,108,6,23369,22,20461.611063472443,29.475552103410667,Brute Force
2.6922385923587613,28,17,3591,459,1120.0,10.400266930082246,Reconnaissance
1.8920328523794567,47,17,21267,985,1880.0,24.841006296952983,Reconnaissance
2.0824737133775195,45,17,51833,47504,11496.35950644306,21.608916218690446,Normal
0.8545494000221182,4310,1,24088,22,415877.7511014205,5043.5937347664685,DDoS
1.0301844703527996,24,1,83,62383,3672.5549048780313,23.29679847705421,Spoofing
33.22418448637748,981,6,47174,80,60187.02787344232,29.526684105737125,DoS
0.698156291680139,2070,17,56225,443,169054.16189625923,2964.9521527886945,DDoS
0.6453735051397104,3373,17,41104,443,266135.7866739306,5226.430854594524,DDoS
29.34710040518376,611,6,60222,8080,31025.019649326998,20.819774068448524,DoS
27.28923047156122,777,6,47286,8080,46869.11769762214,28.472770634178598,DoS
22.580997661020323,80,6,56730,49613,38318.914871985384,3.5428018372322527,Normal
6.698913437875536,1131,6,24997,8080,66079.64754367204,168.83335043640756,DoS
54.51888944921597,1414,6,23098,443,89441.16364240838,25.93596484237143,DoS
33.882325358944314,1507,6,17963,80,72108.19563402537,44.47746676283479,DoS
3.56733092668672,13,6,21490,16769,12483.74222252593,3.6441811166855196,Normal
33.5424387996093,150,6,13958,9999,41118.195123961945,4.471946744723499,Botnet
26.157468521673568,76,17,37316,33279,47517.20820675304,2.90547993728934,Normal
0.22459186528832828,2123,17,24310,22,164144.14594686712,9452.70211489859,DDoS
11.730009580362738,85,6,49637,8080,10444.934317465864,7.2463708931916715,Botnet
24.02431557787139,617,6,12534,80,35178.17327887909,25.682313321271632,DoS
0.8841254457438914,1306,1,5454,80,151919.64562331408,1477.1659454967378,DDoS
0.1282087816067012,13,6,112,37659,1461.1970490058143,101.39711053396763,Spoofing
14.323953432139621,570,6,47852,80,23273.83268645225,39.793483181888355,DoS
9.17103244589017,22,6,24786,8080,3989.2963735253907,2.3988575037545417,Botnet
10.610141086656807,51,6,26942,9999,8585.755991014084,4.806722133425447,Botnet
4.508741690925234,19,6,922,35656,3466.9647398313286,4.21403604430065,Spoofing
6.609641243248024,602,6,17077,443,31309.279714102344,91.07907340885765,DoS
9.256292840187438,30,17,52598,60989,12670.571186390873,3.241038342018629,Normal
0.5101447130197293,1692,17,33862,443,210926.13479782623,3316.7059401330375,DDoS
0.8734302629482066,1077,17,4347,443,113674.60099252769,1233.0692508462635,DDoS
41.33301447139417,557,6,39408,80,34442.29526629464,13.475910410199807,DoS
38.56143643632131,753,6,6047,8080,32255.910186730824,19.527280868892728,DoS
1.2479147218317281,1083,1,16255,443,93885.36718280615,867.8477631951796,DDoS
22.866750668448365,33,1,29334,58942,11990.840428078263,1.4431433865911494,Normal
52.741361440245164,1028,6,29011,80,53928.96346744662,19.491343642402974,DoS
1.3440623403838252,3558,1,1707,443,281486.6157563746,2647.1986403427823,DDoS
16.52475211090703,87,6,64880,8080,8901.665337668244,5.264829355145143,Botnet
10.216152196962952,90,17,54699,6369,30922.303711270317,8.809579014176698,Normal
8.696089245468904,1014,6,3489,8080,61145.94589851272,116.60413909946296,DoS
2.9250353504257722,189,6,24497,69,7560.0,64.6146037081189,Reconnaissance
4.945764803126129,24,1,31248,52085,21578.759279056183,4.852636741809888,Normal
8.276377556876575,1216,6,5262,80,63543.630740464134,146.92418170189262,DoS
28.541187607436182,56,1,4555,42990,12996.208152716248,1.9620767282090827,Normal
2.7231514273406803,93,1,988,24678,17443.67770596943,34.15160797386139,Spoofing
11.666519931028539,580,6,30051,443,31419.681434958147,49.71491099564481,DoS
0.44224858356683766,2056,17,8730,22,179768.9047933982,4648.96910108311,DDoS
58.64109684576399,618,6,48888,80,28094.280523735266,10.538684186372649,DoS
10.867869941018558,328,6,36583,23,84319.30817080046,30.180707146855973,Brute Force
24.48944284008145,48,6,18427,46278,38835.872556519906,1.9600282584395603,Normal
22.417737291862124,74,17,29540,62646,31653.875376488217,3.300957587136271,Normal
11.018123116278286,439,6,43554,22,69504.41022592687,39.84344659857875,Brute Force
55.07363145252705,1940,6,4301,8080,92447.41289472354,35.22556891263402,DoS
7.662915811476903,472,6,15240,22,50675.96048610972,61.59535242356129,Brute Force
50.81598414023516,580,6,40133,8080,29647.789940372924,11.413731521943834,DoS
12.763216975559377,104,6,43534,22,19717.507165268005,8.148415889125161,Brute Force
0.15180225544018336,1474,17,3781,443,151251.55653264382,9710.000656616197,DDoS
35.73984679735506,111,6,38952,8080,42111.46671530734,3.105777163214214,Botnet
1.861912137448509,175,17,8854,611,7000.0,93.98939750176027,Reconnaissance
13.600587908122057,1007,6,58014,8080,43408.56872377893,74.04091696643756,DoS
16.751239343399668,23,17,58115,16951,17691.840162605487,1.3730327367725466,Normal
0.46573577684390677,4325,1,58947,443,456938.7062258555,9286.381281053144,DDoS
4.342116040312355,83,17,63331,40402,11877.481661951526,19.11510407124663,Normal
26.148544327394514,64,1,59467,50817,18164.22969297915,2.4475549842730793,Normal
0.8202521069202465,3714,1,23410,443,416244.4084461882,4527.876208626568,DDoS
58.33966407889195,1708,6,2453,8080,108186.34269041216,29.276822672312516,DoS
52.09945357609698,679,6,18752,443,27628.276466949068,13.032766245969277,DoS
0.6007293049212458,1280,1,33583,80,82935.74041594754,2130.743397257447,DDoS
2.9511772372739538,126,6,207,46393,8529.732093191516,42.69482646063917,Spoofing
21.38498673937363,92,1,16618,7847,70803.21341004425,4.3020835655049225,Normal
26.06411931372461,73,6,6014,52680,42767.33961894542,2.800785214390893,Normal
11.026196851959208,40,17,50281,45265,2509.239131317581,3.627724095356826,Normal
48.1351681652955,1323,6,34869,80,57722.01534687875,27.485101858517176,DoS
25.670184914878202,34,17,48822,51432,17479.354135090543,1.3244937702140942,Normal
0.6603528753192547,1407,17,59058,22,160991.62298729792,2130.678993893637,DDoS
0.8639341629396612,3573,1,60166,80,314459.226459637,4135.731810676811,DDoS
14.0175373338953,358,6,61441,22,66844.08682084459,25.539436170027752,Brute Force
26.87090270692698,37,1,33811,6228,35273.17254485918,1.3769541129134402,Normal
1.2489280021822722,128,6,76,49189,5814.553229729477,102.48789343848766,Spoofing
3.885348669780037,108,6,433,3713,20444.710421712687,27.796733106610546,Spoofing
4.627601037303879,133,6,15366,8080,40976.69609388011,28.740593436613132,Botnet
1.6285626614451265,219,17,14273,768,8760.0,134.4744081297231,Reconnaissance
28.07485427446734,55,1,58360,32002,19042.68812576586,1.9590484588915469,Normal
4.893465951316012,13,6,32668,5635,5983.290748107508,2.6566037506614055,Normal
1.1809363150290613,305,6,28152,23,90245.79840892873,258.269642586522,Brute Force
38.78439017852017,1667,6,11891,443,66755.61053237389,42.98120951050119,DoS
14.279883581887718,1915,6,27191,80,94037.57901299447,134.10473474930444,DoS
4.90160133783257,146,6,826,62391,7779.005302906816,29.786184133971094,Spoofing
1.490479662461868,135,1,709,44456,7154.745779852698,90.57486888282436,Spoofing
0.24575710560949865,78,6,11074,322,3120.0,317.38655045823936,Reconnaissance
2.531267433053196,119,17,43752,976,4760.0,47.012021901005966,Reconnaissance
39.50608071343018,61,6,19370,8080,19131.852124880872,1.544066100671508,Botnet
1.0773602159429094,1291,1,8504,22,136470.82944465295,1198.299306857282,DDoS
1.8882950706190647,571,6,9603,22,64322.606358620025,302.3891810578108,Brute Force
24.56729185994771,65,6,39445,15930,39427.337325592045,2.645794268678434,Normal
11.171262388133423,31,17,36150,5784,4543.334583217523,2.774977341229536,Normal
3.8300338644857628,401,6,59943,22,44663.27437534877,104.69881316671858,Brute Force
0.8867873615107563,1125,1,25454,443,75705.1949859899,1268.6243047977339,DDoS
25.925422790189003,91,1,28244,4080,45352.30139189767,3.510068118713083,Normal
24.09825749158332,35,6,65258,41727,31809.668641929904,1.4523871699945226,Normal
11.79444808951572,314,6,56368,23,42744.58043250798,26.622695493409292,Brute Force
16.11365553634345,1201,6,50164,80,74921.63053094877,74.53305659235494,DoS
2.3422867069269016,33,1,36,53920,6012.485017796586,14.088796176150552,Spoofing
3.6959363941385597,93,1,44628,61368,88354.08990976054,25.16277069797253,Normal
10.376459675858568,158,6,25993,9999,12627.345382028325,15.226773382794144,Botnet
14.112507168666749,186,6,49034,8080,43256.13062264321,13.17979844240334,Botnet
0.24967639296679311,3731,17,7475,80,349759.8685206574,14943.343083686017,DDoS
1.3321505644318563,2722,17,21800,80,268602.9086381242,2043.3125749272156,DDoS
18.522494853233024,42,1,18635,4623,9615.42141115832,2.267513114879828,Normal
2.6474689107767273,262,17,30883,164,10480.0,98.96244633261176,Reconnaissance
3.4056192858094096,79,6,550,32503,8920.962900626902,23.196955786919137,Spoofing
0.14458481513827043,246,17,16292,643,9840.0,1701.4234846497777,Reconnaissance
0.7868830424251527,4871,1,30402,22,359745.93563404167,6190.246500912902,DDoS
15.237998853839006,179,6,60365,9999,44758.87431787819,11.746949302001253,Botnet
41.741999911203365,63,6,40578,8080,13383.220813594637,1.509271240813047,Botnet
0.6029640557540585,31,6,275,53856,3815.5509280784827,51.412683234047556,Spoofing
0.20460408296479454,178,6,23313,738,7120.0,869.9728637899557,Reconnaissance
0.8950981792862358,3338,17,17226,22,252523.37101681498,3729.1998545475417,DDoS
12.720495578290823,29,17,26823,25404,26984.602690660315,2.279785392126724,Normal
4.518655259365146,89,1,519,8114,9541.00326155016,19.69612526105923,Spoofing
30.004585929651995,197,6,41914,9999,21499.888291316365,6.565663011043755,Botnet
36.987341445174806,1999,6,61981,8080,83260.44146989245,54.04551724711158,DoS
18.72320355582987,42,1,64518,43432,23394.722847520963,2.2432058635031185,Normal
49.03300310550961,753,6,14246,80,44877.020950783895,15.357003493742543,DoS
0.3352708801180753,2163,17,28663,22,195147.52580409913,6451.499752195112,DDoS
1.4774880753500905,2009,17,48798,22,224587.08218269201,1359.7402466506999,DDoS
3.1069205774059894,88,6,35,55346,5578.693385432902,28.323865321807617,Spoofing
44.256879090101975,42,6,29783,8080,3951.9945905797913,0.9490050103734783,Botnet
28.901493922360594,80,6,12584,58565,7334.183826939259,2.768023003063705,Normal
1.3558269292148297,4400,17,1897,80,463467.39263489406,3245.2519604018157,DDoS
0.3826561166111072,1902,17,5624,22,144149.5920054834,4970.520311669288,DDoS
25.5237744216431,7,6,10927,32069,323.6851671814826,0.2742541085171279,Normal
33.12564925877713,65,6,55069,9999,16833.809105721088,1.9622256907999256,Botnet
2.7996975046202137,171,17,35387,191,6840.0,61.078027078927796,Reconnaissance
1.2325201562809398,1853,1,52433,80,156481.8006463394,1503.4236889004096,DDoS
14.610582442100677,23,6,40937,8080,9079.349117231379,1.5742014455032987,Botnet
8.571647262453272,163,6,25067,3389,38009.55860950043,19.016181488708174,Brute Force
1.288272330588741,573,6,65423,3389,52639.640681438155,444.7817331744902,Brute Force
15.725651230463212,28,17,22905,63332,16310.549493173456,1.7805303951902052,Normal
1.1749770280731764,186,6,27490,588,7440.0,158.30096721551914,Reconnaissance
0.19265151404265898,1439,17,36378,80,155148.62505049937,7469.445579759945,DDoS
0.6782318881894815,4269,1,31621,80,449575.82870113227,6294.307410693944,DDoS
19.743511619846668,36,6,19359,18033,8117.931721801856,1.8233838383548704,Normal
11.717609999234824,1204,6,23267,80,57340.97016446925,102.75132898932657,DoS
6.86140311018878,14,17,52069,49667,2042.1562995803322,2.0403989934960713,Normal
6.359546707727737,86,6,34917,14691,11372.65870076392,13.522976393191357,Normal
0.053131173622784064,3862,17,25405,22,449170.8704666148,72688.02355880712,DDoS
2.504794493021504,435,6,20586,3389,106260.86457531995,173.66694202336123,Brute Force
1.0653560085345353,280,6,4213,22,51599.22966879122,262.8229415865948,Brute Force
1.2204743546697796,1724,17,13766,443,144870.73378910418,1412.5655270048323,DDoS
11.715597879287914,413,6,62034,23,68934.78279942265,35.25214882376132,Brute Force
13.276016739064456,393,6,10246,3389,84810.52594207764,29.60225252229489,Brute Force
40.75227127573145,110,6,58665,6667,36450.086545490434,2.6992360562123205,Botnet
2.8488292601140435,29,17,48801,33734,5079.051411574709,10.179620241207113,Normal
3.8009660555363682,121,6,555,59856,22510.789557336007,31.83401225689853,Spoofing
1.4170714198603136,110,17,64086,830,4400.0,77.62488076348554,Reconnaissance
2.724772125677862,62,1,182,24869,4674.130127159038,22.754196365898228,Spoofing
0.654396581941116,4296,17,17485,80,412574.9441276524,6564.8264654086515,DDoS
55.368521063235406,970,6,42739,80,54319.44639318539,17.51897976274606,DoS
1.3526320480015492,118,1,310,25973,9258.113558006857,87.23732383417907,Spoofing
5.909377101710521,1424,6,31983,8080,72515.37324484656,240.9729444390697,DoS
28.242092256160095,14,1,5149,60193,9056.261378667967,0.4957139815640378,Normal
0.327494544207667,3052,17,19607,80,256498.16884075754,9319.239217813356,DDoS
1.4545270274019448,521,6,59450,23,137476.93117373783,358.19203781355833,Brute Force
13.796925859255474,253,6,1082,22,49669.15793254265,18.337418246708815,Brute Force
18.819534666966742,52,17,32248,44701,7491.250962744578,2.7630863844510323,Normal
1.0166554990407306,238,6,18040,698,9520.0,234.1009321491556,Reconnaissance
1.4023585329023414,3476,1,7340,22,298148.8069083615,2478.6813917023205,DDoS
4.132169121512347,42,1,795,62002,2814.9579057997894,10.164153200154662,Spoofing
17.38286229073241,161,6,24875,8080,36107.75054576447,9.261995942166347,Botnet
5.829873030032722,493,6,41227,22,130229.06387190927,84.56444891000189,Brute Force
2.3255518573703426,266,17,61207,745,10640.0,114.38145279666394,Reconnaissance
0.3947551892418639,2718,17,8584,22,237435.066544065,6885.279976230278,DDoS
10.606033892527773,203,6,18903,22,57246.26048104079,19.140048208126018,Brute Force
4.427968384152477,91,6,29850,64474,83922.80245131592,20.551185578850426,Normal
31.137741520673917,111,6,52873,6667,37853.331449282385,3.5648057495210916,Botnet
30.77400864286192,136,6,50735,8080,49997.96388297465,4.419313765012067,Botnet
0.9590268038663122,47,1,62,50854,7939.282326496701,49.008015011175615,Spoofing
0.7778514576899934,2680,17,23913,443,338303.1634559631,3445.387899585441,DDoS
10.652097434236982,568,6,10873,22,81953.22941983686,53.32283181849118,Brute Force
24.17481596957886,76,6,51810,31686,31978.22410095171,3.1437674684116312,Normal
22.057331893472764,9,1,1055,42867,1714.5346044641233,0.4080275911640652,Normal
32.475761107421974,84,6,48963,9999,12170.4703932367,2.5865444607178962,Botnet
53.86292038757915,1496,6,37383,443,75255.86035676171,27.77420884785481,DoS
8.639808764056653,110,6,1067,22,27033.965525032472,12.731763283653011,Brute Force
0.4279168765855466,3717,1,6730,80,345980.3992654947,8686.2664301975,DDoS
4.776788503951403,74,1,22184,2558,48316.58765674068,15.491579737890117,Normal
4.415187421474184,356,6,13133,23,53943.970434062445,80.6307787226698,Brute Force
44.76716231970772,660,6,53019,80,29136.216292038407,14.7429492020639,DoS
11.064487811907275,97,6,34610,19565,8423.883369057035,8.766786285001956,Normal
14.432039759070824,185,6,18486,8080,55177.14594176308,12.818700827353515,Botnet
44.92974228023649,1929,6,8313,8080,104548.35444885041,42.93369830542119,DoS
4.887428398377256,126,1,713,59253,8978.681386106602,25.780428832846948,Spoofing
31.020825969285173,1342,6,4195,80,53771.96836581666,43.26125943031827,DoS
1.829552521633084,472,6,58496,23,38771.25145292061,257.98658110054487,Brute Force
13.046176152343316,265,6,29909,3389,76970.08258733315,20.31246526994053,Brute Force
16.000266860174676,133,6,22125,9999,29152.413288901906,8.312361360112217,Botnet
20.07838908731503,84,17,44184,57647,48163.86197004999,4.1836025606789775,Normal
8.598619212586932,246,6,2873,23,35362.471659912124,28.609244567999635,Brute Force
0.13393900730071154,149,1,101,9170,25680.516039915452,1112.4466501791703,Spoofing
1.7283036049647664,51,6,569,13713,8569.179624604685,29.508704288700304,Spoofing
1.294518343681717,1238,1,55415,22,126736.40105347209,956.3402527607495,DDoS
10.529299291766055,462,6,11730,3389,64526.610345888555,43.87756366288168,Brute Force
10.44053038878421,17,6,35291,8080,6384.593838722095,1.62826976858018,Botnet
22.317047827450953,37,1,25080,57429,30614.725088393883,1.6579253800087468,Normal
0.40580564420711457,1429,17,6557,443,140869.40427718195,3521.390154126759,DDoS
6.059435142949206,214,6,5208,22,47409.36686644971,35.31682326016999,Brute Force
22.839141109630617,89,1,42898,18986,7139.397535925552,3.8968190429223815,Normal
0.1028854816727068,224,17,54763,1002,8960.0,2177.177929851906,Reconnaissance
4.934186623639108,85,6,365,12075,11849.818785326484,17.226750117795504,Spoofing
0.3670949153099644,103,6,749,57310,7489.993838921903,280.5813856425381,Spoofing
0.5713132857413804,1769,17,61094,22,209382.17577781877,3096.374693447586,DDoS
17.7287490529515,89,1,8435,43701,16143.943125738675,5.020094747473634,Normal
0.7571701129697788,43,17,2634,694,1720.0,56.79040847418693,Reconnaissance
0.12810122822981762,3904,1,2468,443,394514.72152147,30475.898271608305,DDoS
33.058341698674454,60,6,23083,8080,12803.529185596233,1.8149730723609112,Botnet
1.4213371420839844,1031,17,15609,80,90778.92969562358,725.3732907368715,DDoS
3.67698003885809,65,1,31019,3193,34141.60969604243,17.677550411773836,Normal
12.894195353151673,78,1,31255,25107,11785.612970312657,6.049233617430404,Normal
16.179719093483676,948,6,45510,443,47644.89235743912,58.59187013832666,DoS
0.45196355877147154,288,17,31979,211,11520.0,637.2195156238753,Reconnaissance
1.1954168605411215,4596,17,26371,80,359380.6798331691,3844.683935543254,DDoS
0.5910746064785763,2043,1,41614,22,133633.6879404639,3456.4164618262093,DDoS
0.8303251920457881,1746,17,17697,80,208578.97663300118,2102.7905894293485,DDoS
29.06836645264815,542,6,48830,8080,26226.89012214721,18.645698611337803,DoS
0.3501044325727764,2548,1,44220,22,222963.10639004028,7277.82845043056,DDoS
2.823415968881196,225,6,41047,3389,32670.16041995701,79.69070178814576,Brute Force
53.06047294429369,1843,6,13636,8080,76760.84693635619,34.733953501223034,DoS
29.862780416960067,1752,6,36391,80,83739.8818228614,58.66834820929738,DoS
16.187727472128046,88,6,24939,13305,84052.42477008588,5.436217044765424,Normal
0.5248132976566171,163,6,51937,888,6520.0,310.5866423884902,Reconnaissance
6.9258023955805665,14,17,45148,47314,7990.431411763296,2.02142642835631,Normal
25.218876489802437,78,6,43256,31142,37972.05083574456,3.092921289794185,Normal
2.7631603672502845,70,1,736,47295,9969.730902246585,25.33331066472244,Spoofing
29.304646911450853,1503,6,12637,443,69229.64978350191,51.28879404490281,DoS
0.6609196957840243,2619,1,60778,80,179005.48649193527,3962.6599369128776,DDoS
0.36489020112469295,3500,1,62859,22,447343.53301965963,9591.926528067972,DDoS
27.11503686209171,145,6,27549,6667,18490.33588604507,5.347586312992178,Botnet
15.800845730343054,69,17,23174,13243,26437.227184248062,4.366854861920225,Normal
2.035483551632827,158,6,19746,3389,18850.913983054234,77.62283309695887,Brute Force
3.9628575283887333,10,6,216,15892,680.0022969963106,2.5234316218443316,Spoofing
0.7240678884599698,2986,1,15469,22,342467.45106048026,4123.922697843935,DDoS
49.13830344725396,598,6,52308,8080,31677.125668277564,12.169732327895797,DoS
0.9181658803887978,1248,17,54371,80,126684.5819497176,1359.2315143223725,DDoS
23.54382668729631,122,6,12536,9999,36622.31884594863,5.181825436466889,Botnet
56.94565924134871,696,6,30299,8080,39066.43325715726,12.22217828843096,DoS
1.2939840847939996,4959,1,28511,443,511992.19162992144,3832.3500715926234,DDoS
50.50570978977799,1712,6,45268,80,73529.3616726834,33.897157512010594,DoS
1.7041485955452709,127,17,44420,578,5080.0,74.5240176425837,Reconnaissance
1.3384565817473504,4877,1,31391,22,449714.9736604447,3643.74912605166,DDoS
0.20317118022968617,172,17,46475,409,6880.0,846.5767625386289,Reconnaissance
0.841595500885981,2371,17,37478,22,177525.18377202924,2817.2679125588884,DDoS
0.7272567330173686,5,17,26620,48115,4959.46420439731,6.8751511990203715,Normal
2.424637880113953,76,17,9622,61331,41713.682503996664,31.34488684818706,Normal
0.3002293715551039,3216,17,8741,22,350193.784424468,10711.810051568315,DDoS
10.715899670941788,50,17,21403,13611,16528.15513552906,4.665963804754963,Normal
1.8825890221685981,81,6,26467,40929,73988.8259259563,43.02585378230572,Normal
1.3650906393680144,229,6,23663,952,9160.0,167.75442845759926,Reconnaissance
8.287273972864647,572,6,38562,23,77324.1760138603,69.02149028412992,Brute Force
27.00756425267318,58,6,54231,9999,17579.732142306664,2.1475464968766746,Botnet
13.245558516858104,72,17,54582,22310,16048.19427976374,5.435784373181621,Normal
25.819380321889575,98,1,8401,38013,51538.54541956446,3.7955984527218094,Normal
15.110222042177751,6,17,43604,59111,2041.2319619180214,0.3970821860361791,Normal
40.85024583983323,161,6,15387,8080,29683.129191579756,3.941224751284319,Botnet
2.145784823099946,262,6,55958,441,10480.0,122.09984765457381,Reconnaissance
1.1943279926366275,3959,1,9483,80,471350.25671651546,3314.8348061908987,DDoS
27.670255421184333,27,6,45957,16223,7901.049963693591,0.9757770424962834,Normal
56.119898797780046,572,6,43450,443,29591.474794373215,10.192463141480697,DoS
0.0726157337661693,4675,17,8923,22,417667.37907461217,64379.987056992606,DDoS
0.8587109616245986,4615,17,50358,22,420634.3574766817,5374.334562201074,DDoS
2.0328590045147226,19,1,325,60020,893.1068145731781,9.346442600201689,Spoofing
20.664339834019177,127,6,15596,8080,26216.063464917504,6.145853243805211,Botnet
4.935143765290162,89,6,28912,40749,10186.259269157972,18.03392246158147,Normal
12.90020984868027,13,17,10864,47239,6964.852218917557,1.0077355448082064,Normal
0.8947919951620323,136,17,41438,229,5440.0,151.9906310464619,Reconnaissance
25.513784546165773,19,17,31805,31453,2583.0195722488866,0.7446954788545994,Normal
11.237027406102074,49,17,42240,20864,16983.213822048758,4.360583829615953,Normal
27.0888299574311,30,1,46281,29475,6638.203417260121,1.107467544635323,Normal
6.958238804850264,40,1,8034,6507,19406.959793760016,5.748581088093421,Normal
1.0743480835860866,3402,1,14903,22,402429.92028218985,3166.5714789981294,DDoS
10.527203754126953,335,6,1801,23,83520.13321809028,31.82231557631539,Brute Force
0.8273954918117262,1920,1,8069,22,176659.9872242523,2320.5347611887832,DDoS
1.3702954906242608,4165,1,3500,443,408148.8557041405,3039.490408088963,DDoS
3.5927901250735608,79,1,81,57303,13228.815298092826,21.988481723068226,Spoofing
6.727349709517474,606,6,8752,443,29692.519828575732,90.08005026744269,DoS
4.2003575158736,121,6,65095,3389,14069.82580382129,28.807071670144282,Brute Force
12.392711623557748,171,6,45104,3389,25608.146655845383,13.79843291721079,Brute Force
18.14614249008061,69,1,2995,11157,7322.235459133723,3.802461048551674,Normal
5.172356254441211,196,6,47003,8080,18773.36239533364,37.89375486881938,Botnet
55.57115649877595,1372,6,63851,80,70088.02925187709,24.689066890846885,DoS
0.625120844736356,256,6,45614,529,10240.0,409.52081850344905,Reconnaissance
54.974607607882824,1360,6,53394,8080,81514.68996087895,24.738694084011783,DoS
2.8593456433060567,268,17,23181,485,10720.0,93.72773824228217,Reconnaissance
8.170633695830075,157,6,40737,6667,46819.63411317556,19.215155867301426,Botnet
26.891165933642526,21,1,47604,31929,17973.23645319582,0.7809256040374095,Normal
6.038066613880954,1610,6,16117,8080,76692.19070959711,266.6416425911499,DoS
2.120419199972207,186,6,19754,811,7440.0,87.71850396489428,Reconnaissance
14.297406556477554,502,6,42336,22,56778.87206280059,35.11126287253578,Brute Force
12.088101832738618,27,6,12965,65151,4562.499492250376,2.233601302635868,Normal
7.114916802206212,135,6,54752,9999,39178.74674784107,18.974220465675558,Botnet
1.0689628115984326,3523,1,21955,22,321978.4995674307,3295.7180191629086,DDoS
18.711685402184813,42,1,55153,48970,35647.68486455192,2.2445866899352636,Normal
0.04836701940784944,4254,1,49491,443,334943.56528523116,87952.49432528857,DDoS
0.7188469408675889,11,1,7289,48046,10523.489188699605,15.302283942008444,Normal
5.347067200799212,110,6,37660,3389,10329.540600468574,20.572024975403075,Brute Force
0.9191415768742699,2475,1,1453,80,180671.4562330072,2692.729893056026,DDoS
3.125161418759401,152,6,23940,22,35002.84574306625,48.63748767906511,Brute Force
13.866716734954192,83,6,1895,31127,65441.501922361094,5.9855553110694,Normal
0.20926783562657347,1979,1,23404,443,154071.67748531373,9456.780561019481,DDoS
28.611412080987197,13,6,14686,11486,9685.818972670957,0.4543641524298878,Normal
3.1998980432660193,25,6,62531,3602,24754.635745100128,7.812748925738712,Normal
25.41401189056667,23,6,32629,15180,11239.692473078301,0.9050125615364681,Normal
11.026202445107412,52,6,17135,44347,15006.030954628102,4.716038931706141,Normal
49.48482072677126,1761,6,40778,443,72871.41362249773,35.58667029882357,DoS
0.529326614728324,4918,1,34400,22,379027.2048665982,9291.049917307022,DDoS
1.26872873867321,3981,1,41397,22,325127.8338734519,3137.7865722212487,DDoS
0.2952538140137581,4686,17,59266,443,412834.28871089546,15871.090490914517,DDoS
13.240048666800842,378,6,23806,3389,41537.379316850274,28.549744001155183,Brute Force
0.8026080238389465,26,17,33729,536,1040.0,32.39439331249102,Reconnaissance
27.715991497300976,1385,6,25141,8080,87894.32238457253,49.971151136154496,DoS
1.4257509499459304,1197,17,58647,80,120820.68979577003,839.5575679226407,DDoS
11.610493017440048,24,6,34090,65099,3496.6238659759265,2.0670956835295238,Normal
1.400064867894616,175,17,46880,563,7000.0,124.99420849203996,Reconnaissance
19.32661024375802,50,6,22717,1884,43213.58731512793,2.5871065525393244,Normal
0.4520303335215113,3025,17,17130,443,306626.3356735356,6692.02877699367,DDoS
0.35012856583140917,3023,17,44957,80,339011.8835515018,8633.971332278008,DDoS
1.4150444952695174,4805,1,58656,22,392007.72047846444,3395.6529395811067,DDoS
19.264169962615508,63,1,32213,3096,49227.42177608494,3.2703199837968233,Normal
5.425924138926115,20,6,50455,8080,6594.855610915605,3.6860080399056865,Botnet
11.494196001386662,37,17,37244,62324,35242.267402939804,3.2190159273024674,Normal
3.8657846780920715,45,1,278,43694,2631.919835319061,11.640586257952009,Spoofing
2.1341640459120557,9,1,63602,63531,2259.290379663212,4.21710787286446,Normal
18.76273203122009,67,17,22606,47568,4215.3644978592665,3.5709085376541068,Normal
2.170161523448353,246,6,38573,4,9840.0,113.35561770034049,Reconnaissance
12.115836921279092,94,17,14584,44120,78766.90397516577,7.758440511435692,Normal
8.8004239569403,477,6,36328,23,139665.12690652616,54.20193417202615,Brute Force
21.697118977759956,1524,6,49278,8080,65751.72545439447,70.23974019602026,DoS
16.949764832711363,68,17,12520,17811,39022.87579561607,4.01185507121413,Normal
1.7484925975853463,297,6,61804,176,11880.0,169.86059901549172,Reconnaissance
4.205209169012546,53,6,21413,9718,9522.044334605967,12.603415875373756,Normal
2.133889105637481,479,6,42428,22,86629.58186909254,224.47277074264966,Brute Force
2.01588216509528,10,1,28700,62991,4392.08897581686,4.960607407093833,Normal
11.694354374553564,348,6,38967,23,78110.5020528435,29.75794890885415,Brute Force
15.613337408403844,27,1,3270,13473,21859.18651880039,1.7292907527552253,Normal
15.577583629151778,1273,6,51018,80,76947.2432613809,81.71999138670756,DoS
22.059360829919054,119,6,25495,9999,17138.10277197471,5.394535268610349,Botnet
1.427024535901156,38,6,29483,809,1520.0,26.628834364086998,Reconnaissance
2.6502321766464196,155,6,25382,212,6200.0,58.48544190423936,Reconnaissance
1.5369191802148012,444,6,10522,3389,94945.98005094021,288.88962133841426,Brute Force
12.738376026653812,246,6,54896,22,21930.57223105275,19.31172384025004,Brute Force
6.4924854226287625,72,6,6729,18899,59560.29648720957,11.08974380582401,Normal
1.3523232410182617,3271,1,37802,22,330489.2480405497,2418.800402732876,DDoS
0.7881317390226484,3532,1,30342,80,447964.5520663288,4481.484281270014,DDoS
1.1296614970949768,2641,1,4141,443,217006.53146297988,2337.868473690183,DDoS
1.3196237280605665,4103,17,48474,443,357578.8080224095,3109.219630379127,DDoS
10.001518955092259,814,6,63596,8080,51989.8406439134,81.38763758334458,DoS
25.791359354242243,86,1,1939,14857,69165.30875403788,3.3344500698391633,Normal
2.4946580600370263,77,6,810,41901,10103.03148523789,30.865953628473296,Spoofing
9.889442320137265,58,6,52559,36209,6650.467630898918,5.864840313785759,Normal
1.1068915834334665,3199,17,12368,22,295195.15218147344,2890.075277360971,DDoS
42.18536310342449,619,6,41780,8080,28582.37511216455,14.673335831729544,DoS
14.745373388536052,174,6,35665,6667,16701.174666695122,11.800311556388131,Botnet
7.760713259873094,112,6,42530,6667,39982.930780140334,14.431663205378042,Botnet
3.6921488488558882,53,1,363,40810,3206.565727642887,14.354784210940867,Spoofing
11.819094167566712,23,1,44429,57156,15598.86554135294,1.9460036170212853,Normal
48.107568419937216,1765,6,3755,8080,98337.62316808835,36.68861382876569,DoS
12.142582732549807,21,17,3635,54188,2147.8333359769254,1.7294508476937702,Normal
1.105951213180456,3492,1,41594,22,431379.8248673308,3157.4629679710984,DDoS
0.962721535065323,2789,1,38049,22,202797.37624948076,2896.9955469114543,DDoS
22.53243499901254,19,6,19594,24643,7698.247943475147,0.843228883200269,Normal
0.7536786568257007,2413,17,56168,80,255479.7977504161,3201.6297372184204,DDoS
0.5531225717791814,77,17,37733,352,3080.0,139.2096506789097,Reconnaissance
0.3980642130311296,58,6,7808,885,2320.0,145.70513525531183,Reconnaissance
1.2475082275165565,3399,1,18942,443,270362.19947641046,2724.631329098701,DDoS
24.891975927723212,45,17,57108,43753,18580.97777244389,1.8078114863465562,Normal
16.37236980632245,80,6,48329,42233,24297.608005275077,4.886281029952471,Normal
0.7777061897485705,4238,1,6958,80,438676.9814476413,5449.358711379331,DDoS
0.9759092184983739,216,6,16120,449,8640.0,221.33206235346154,Reconnaissance
2.9154094858865243,44,17,32609,27001,12263.099142892694,15.092219536570651,Normal
37.19117550952198,48,6,42088,8080,3053.2905215123933,1.2906287403502654,Botnet
8.233779025067168,78,6,34614,57154,20022.94159767747,9.473171403135112,Normal
2.7159512152452545,137,17,15839,892,5480.0,50.44273226668716,Reconnaissance
0.6762411919022292,2741,1,44940,80,285912.3351604398,4053.287544181859,DDoS
39.402167078985975,103,6,41610,6667,34821.98435484575,2.614069418911025,Botnet
0.11355124818369397,3120,17,51697,443,275716.0467304961,27476.580397889753,DDoS
0.3107058903373725,101,1,45,14179,18594.763264435074,325.0662544257902,Spoofing
7.359570372781349,70,6,58897,29871,62708.924145977995,9.51142477812131,Normal
8.802199156852627,71,1,53438,44066,31762.716656321172,8.066166049506569,Normal
1.307108520673146,278,17,11831,843,11120.0,212.68318246202935,Reconnaissance
1.6900661453103405,136,17,49317,320,5440.0,80.47022323793536,Reconnaissance
4.418128962259084,368,6,50264,3389,102623.43779470737,83.29317752912166,Brute Force
0.40783609065651727,142,6,354,12855,28257.01763663924,348.17909266297255,Spoofing
5.449254252650924,390,6,31111,23,63860.801972713736,71.56942618529405,Brute Force
3.8543911362247267,71,6,48570,3724,62552.65762832988,18.420548795040716,Normal
0.6918640692711472,2931,1,60866,80,311452.6405425129,4236.3812924809035,DDoS
0.5199122028591062,4836,1,61445,80,516943.98759413365,9301.570483258178,DDoS
3.7893324059268143,126,1,228,4459,6429.671478290927,33.25123966504656,Spoofing
0.7367064530779747,2236,1,47111,443,197972.74185546994,3035.13019420143,DDoS
25.496443877171785,14,6,44914,58666,11167.044276172124,0.5490961824889974,Normal
54.59859835742062,1174,6,44748,80,58568.663920604144,21.5023834918729,DoS
12.11541185876959,136,6,26037,23,35430.860250490165,11.225371583348863,Brute Force
1.4599421091526212,3425,17,29605,443,361866.3159434052,2345.983432170428,DDoS
4.195091142045904,93,17,8539,11435,40544.94928881845,22.168767459637323,Normal
13.211598894468114,63,6,11122,15694,53670.719057687034,4.768537139466065,Normal
7.4018426290359125,58,17,23420,55674,5380.044414092227,7.835886671310449,Normal
0.6688967183039105,1687,17,53954,80,118318.08669398715,2522.063502236407,DDoS
1.0861038155211613,89,1,655,20545,12641.230271243774,81.9442844488064,Spoofing
2.19655596843028,30,6,881,59478,4030.599942976597,13.657744410418477,Spoofing
1.4169493879203137,145,1,650,52468,23480.37159895832,102.33251888609765,Spoofing
0.9330888730686762,1775,1,53703,22,214433.33930166138,1902.2839637584646,DDoS
12.288294826984023,149,6,44452,23,30127.584316107146,12.125360116914594,Brute Force
13.510336609708757,14,1,17650,7701,10743.736343964103,1.0362436114241123,Normal
40.677433011484,1501,6,45547,443,86054.00981334705,36.90006691366782,DoS
4.4401638806984876,155,6,7520,22,29409.32448188994,34.908621430346116,Brute Force
15.125709953411352,57,1,10589,12855,52611.59015252016,3.7684181552843143,Normal
27.99046400156928,18,6,42573,14514,7670.206777524357,0.6430761561862938,Normal
4.549834454376227,568,6,47196,22,153267.51892490734,124.83970695981544,Brute Force
1.4099570887336046,4426,17,63606,443,558829.3734754595,3139.1026261482507,DDoS
4.854226208969345,120,1,277,21911,21422.413815412037,24.72072681291022,Spoofing
27.56015403840794,45,1,21281,42778,36441.27400720929,1.632792035098491,Normal
0.8298393816529562,18,1,819,9391,3239.205653560962,21.69094453452645,Spoofing
0.8427814082718849,3021,1,23738,80,337157.96308864665,3584.55937725837,DDoS
19.7922302981405,50,6,55290,40443,49730.0663888666,2.526243846541011,Normal
1.9582052830292762,21,1,814,2697,1747.8473783064903,10.724105476578902,Spoofing
1.8255756797625795,43,1,45656,61348,20831.475815935304,23.55421387164418,Normal
0.012119448106172286,2406,17,34977,443,249058.86444551323,198523.8914282453,DDoS
14.015253636800976,13,6,49809,51764,5042.974333209639,0.9275608088793239,Normal
12.02085853543006,14,1,2910,10430,6870.4200241920325,1.164642272324947,Normal
0.43981635679101144,2372,17,15834,80,255344.73366144183,5393.160039127669,DDoS
11.36057029972398,63,17,9511,13652,42337.37020982592,5.545496250441817,Normal
0.8104935973005615,226,17,5785,588,9040.0,278.8424248540864,Reconnaissance
27.28707113914366,50,1,25082,19166,26854.575020550114,1.8323696136180165,Normal
33.78067326790967,1773,6,49086,443,78430.08317438584,52.48563241882693,DoS
27.258519382411347,69,6,57180,11935,37823.55220819709,2.5313187056125463,Normal
0.03782127346454654,2715,17,65524,443,272516.29591863556,71784.9969421317,DDoS
0.7618584734155223,95,17,25395,465,3800.0,124.69507568000286,Reconnaissance
27.01284880281845,82,6,10996,24430,56432.120718623024,3.0355924544857458,Normal
0.2862900733210002,13,6,13617,271,520.0,45.408490239282116,Reconnaissance
11.428923374455534,56,6,56997,39635,19384.060771968896,4.8998491078489534,Normal
13.820506249078226,28,6,62408,6667,2541.2405695405373,2.025974989292993,Botnet
14.855431044684476,1021,6,24337,8080,41307.25665071874,68.72907268250093,DoS
7.226924889849768,384,6,48248,22,57493.12127329485,53.13463275913229,Brute Force
25.058236628150777,915,6,19131,443,56963.60495806916,36.51493972134001,DoS
46.675741706115495,1254,6,22743,80,53867.04358842432,26.86620403154086,DoS
19.77656298818999,79,1,57048,30322,65262.07419514888,3.994627380256953,Normal
8.400009663683086,28,6,62621,19778,14995.04735725055,3.3333294985428696,Normal
2.6453157878630105,20,6,29012,408,800.0,7.560534017058425,Reconnaissance
0.6612635652132434,3316,1,63903,443,362052.13446724595,5014.641928639545,DDoS
0.10062152347767118,1864,1,28159,22,157512.71777073998,18524.86362337416,DDoS
40.91974174950468,165,6,28393,8080,42142.08063426616,4.032283512688524,Botnet
0.4142801321329142,4897,17,8676,443,485388.0054840876,11820.504098972546,DDoS
0.3167025117156043,168,17,16541,276,6720.0,530.4662697176911,Reconnaissance
7.984758112874703,61,6,33812,6667,6851.021595618238,7.639555154669369,Botnet
58.68763229635295,1160,6,12602,443,64689.77386782674,19.76566364344684,DoS
13.735077796102777,135,6,54309,23,24487.84433605824,9.828848587832914,Brute Force
18.727404578970877,48,6,64186,42341,17460.10004725065,2.563088750370647,Normal
0.60929730819989,1253,17,38471,80,93857.98951604532,2056.4673159345925,DDoS
57.96400044508889,542,6,61515,443,32121.849274459837,9.350631354601784,DoS
3.4743427885161875,28,6,59176,30488,5104.706233641131,8.059078134877463,Normal
37.65085075044629,111,6,34401,6667,14026.51841762706,2.9481405542658097,Botnet
0.9516113090335679,222,17,42124,3,8880.0,233.2885264104916,Reconnaissance
0.42320974212729934,2449,17,59146,22,203055.3060136944,5786.728792418377,DDoS
1.0440920889688101,4482,1,5998,443,447981.22559515876,4292.724796360266,DDoS
1.3193972760758006,77,17,39418,231,3080.0,58.359981027864634,Reconnaissance
0.35063182692156414,1648,17,23624,22,189907.40043336613,4700.086739041677,DDoS
8.80101121280372,1712,6,14082,80,85389.39114740868,194.52310178964214,DoS
0.1951718376690737,3529,17,43624,80,240194.18486811884,18081.50213753505,DDoS
2.529185053328607,152,17,64060,507,6080.0,60.098409881062686,Reconnaissance
39.653976896293564,524,6,20364,8080,24764.666313116028,13.214311426327027,DoS
15.990200971660121,66,6,61637,6667,19108.826253563944,4.127527860154706,Botnet
14.866060699623144,216,6,32126,22,60474.90427927899,14.529740215945413,Brute Force
1.452404960263179,1969,17,14151,22,224320.06220951278,1355.6825085775065,DDoS
0.9452816992833754,4133,1,37832,443,443752.3721838712,4372.241632450154,DDoS
4.994214545599975,237,6,64244,3389,68631.63415901987,47.45490964315956,Brute Force
0.9362370966113237,4179,17,40777,22,374934.0245041445,4463.612919340346,DDoS
44.31487376962329,156,6,36352,9999,21471.856274041405,3.520262763490799,Botnet
0.8721157778327465,51,17,11753,685,2040.0,58.47847418462911,Reconnaissance
3.0226071442698355,97,6,569,7577,14147.658108355598,32.09150093616684,Spoofing
7.162334832648082,119,6,21670,6667,19798.346225535162,16.61469378079926,Botnet
10.947907710671954,558,6,49057,22,76516.78566124366,50.968643027202816,Brute Force
14.745099151210306,508,6,40913,23,141177.27591359764,34.45212506138369,Brute Force
0.06877250760397534,1847,17,65265,22,234938.46302399677,26856.66212196159,DDoS
17.361626941861218,83,17,54860,36838,48268.88914506316,4.780657957802091,Normal
0.43191622128717316,2370,1,57693,80,279456.47328107274,5487.1752511101695,DDoS
1.2691129470850235,39,6,664,16090,4096.991564188165,30.73012539157968,Spoofing
50.488551284868514,1703,6,6798,80,88272.16852360364,33.730419207143925,DoS
17.185438049778572,136,6,29920,6667,40394.40027203668,7.913676660790867,Botnet
0.6633509338878302,1696,17,28542,80,188064.236099047,2556.7160809737948,DDoS
4.399511537984631,107,1,480,4044,15157.85769261354,24.320881778847557,Spoofing
21.936303044218796,98,1,16328,41941,86372.98955007897,4.467480222280546,Normal
26.405103409787507,67,6,18594,6667,23694.699020898726,2.5373882828713064,Botnet
38.017631894084495,598,6,47560,80,28114.01909507932,15.729543640855974,DoS
2.5430387630554763,20,6,41644,5857,7218.273952732781,7.864606820216094,Normal
1.2854379488662284,3803,1,44611,443,320679.8089895699,2958.5247606500893,DDoS
10.263479513867692,57,6,30990,8080,5553.087261783414,5.553672117042119,Botnet
42.571170415707805,844,6,46380,443,37586.204382077245,19.825623579486624,DoS
12.298085166519698,58,6,1219,43679,41426.430050768766,4.716181357883191,Normal
0.7231067844318477,248,6,27428,471,9920.0,342.9645597847019,Reconnaissance
42.12561666974502,189,6,53406,6667,73878.28322520068,4.486581205011568,Botnet
0.9069264751038081,186,6,64717,660,7440.0,205.0882900719269,Reconnaissance
1.4253470010796645,2673,17,16583,22,287089.71712328924,1875.3328122732707,DDoS
56.86304755072948,1021,6,43016,443,58839.779472937036,17.955421736570322,DoS
7.4124235376792,115,6,64231,3389,20784.298291252206,15.514493932440082,Brute Force
45.333479057621325,1546,6,57757,80,75102.95410317626,34.102831552701915,DoS
6.26830126478098,100,6,47454,9999,19612.706846260677,15.95328555151921,Botnet
0.0392057388655002,1036,17,34633,22,105426.0172833792,26424.70286184676,DDoS
1.2662609635117341,1593,17,32782,80,149783.51044933603,1258.0345172942214,DDoS
26.200593543261338,97,17,33356,46787,71908.16667355123,3.7022062053608673,Normal
14.74483017126131,50,1,62816,25220,39705.995776733966,3.3910190500161503,Normal
22.913505308719046,39,1,13627,16749,13050.022580778756,1.702052980307632,Normal
21.972033779896172,25,6,14142,7261,20005.535633590946,1.13781001114582,Normal
0.22774731781448665,83,17,59038,601,3320.0,364.43897911284427,Reconnaissance
21.51613195771618,53,17,30606,29220,20609.1515805483,2.463268030896835,Normal
1.484830481818912,26,6,187,51272,5087.526858407681,17.510416386488842,Spoofing
4.558546362280527,531,6,38788,23,67477.8482676953,116.48450137388839,Brute Force
48.44121612899399,1817,6,48965,8080,92251.18462611445,37.50938034176341,DoS
27.200835727726403,15,17,36189,34391,4212.713477265601,0.5514536446654165,Normal
7.903245939279127,50,6,50268,9999,19870.688927181636,6.32651449596172,Botnet
3.4327976751667655,18,1,343,15676,1448.859063886211,5.243536527134696,Spoofing
10.720005966721224,146,6,13310,9999,19715.57101915295,13.619395404558244,Botnet
16.714058057203488,88,6,15389,8080,25560.979341684102,5.265028977332852,Botnet
2.334154014074561,260,17,19071,840,10400.0,111.38939351569914,Reconnaissance
52.40061050758096,1889,6,8377,80,89151.46265368085,36.04919831471644,DoS
1.1771470492790665,4850,1,42757,443,468727.10831953917,4120.13095812485,DDoS
1.6734596793643406,60,6,884,39690,5372.853862522932,35.85386653760959,Spoofing
2.3341228952515722,48,6,29014,32528,40640.82807759269,20.564469890445313,Normal
11.391437648873836,289,6,17493,3389,42610.797906045475,25.369932128678307,Brute Force
18.927799040029775,35,17,60614,11000,2148.8406785934817,1.849132058406773,Normal
0.9386929900589728,2480,17,63770,80,201870.15684271642,2641.9713647208505,DDoS
4.559497558427392,465,6,24885,23,104791.84493612632,101.98492137374504,Brute Force
12.54157335145972,1425,6,30701,443,90215.98147877489,113.6221078541269,DoS
