flow_duration,packet_count,byte_count,protocol,src_port,dst_port,conn_rate,label,dataset_source
11.980870822023904,74,12380.809784594794,6,2201,80,0.9567027297976104,Normal,CICIoT2023
4.589405028072104,342,2824.5530091573796,6,47843,21,148.59133095458753,Brute Force,CICIoT2023
0.8286272152613755,7570,19200.422291350013,1,65130,80,511.3443124672132,DoS,CICIoT2023
0.9747373240903585,6243,1556783.1481524955,1,37938,80,590.4010854343413,DDoS,CICIoT2023
41.87093384500177,90,1181.8224258781947,17,7036,80,0.6705899851833239,Normal,CICIoT2023
6.507156807419179,32,3973.535690691302,17,50281,443,2.5186234492962027,Normal,CICIoT2023
5.774676133120691,8,8762.945844824675,17,53706,22,2.2858673852523403,Normal,CICIoT2023
0.9890479037085721,14,408.11650349425696,1,0,0,36.5750460298279,Spoofing,CICIoT2023
1.1921768146402776,9636,158235.48004624207,17,35590,80,1723.6229652564214,DDoS,CICIoT2023
0.5665294277271975,7284,470164.21137691225,17,35092,80,1826.3096950226118,DoS,CICIoT2023
4.883110987547504,13,5300.857260909065,17,11641,80,3.6634299643378476,Normal,CICIoT2023
9.1002081105821,769,8133.665620556651,6,63322,22,125.51512545869876,Brute Force,CICIoT2023
3.6865945311696096,5,1102.3866015108204,1,0,0,70.07949093623233,Spoofing,CICIoT2023
2.5061802593668867,40,910.8535856946071,6,64753,80,0.36787982984631584,Normal,CICIoT2023
21.02681957122799,37,1321.451633442697,6,42645,80,2.0542853760991746,Normal,CICIoT2023
15.012774599858771,36,5180.013836320112,6,28237,80,1.805152095078644,Normal,CICIoT2023
11.300525724878739,6,1704.7484634542077,6,62097,22,1.1693640589543508,Normal,CICIoT2023
0.6742284627200712,7602,2379693.403932185,17,61970,80,1404.8291153200585,DDoS,CICIoT2023
0.5124684278055763,7764,51375.34367389874,6,46432,80,1393.626092283435,DDoS,CICIoT2023
8.692111645070757,74,2292.496174052104,17,51980,80,3.5659536585500273,Normal,CICIoT2023
1.0077078980396033,3475,143098.653842103,6,61191,80,1820.1186313421874,DDoS,CICIoT2023
16.78498060615396,48,2060.28021242073,6,9557,443,0.10751660908477453,Normal,CICIoT2023
8.133721508395997,85,27096.759269600498,6,47901,443,1.652428520287922,Normal,CICIoT2023
48.41805140943003,81,5138.742336281254,6,26616,22,1.534998852052893,Normal,CICIoT2023
0.15404790997361223,1632,872442.4628301741,6,47503,80,1497.367586730827,DDoS,CICIoT2023
1.1952204415766965,2679,251059.38524263873,1,38235,80,1961.2469429420235,DoS,CICIoT2023
1.303444022215389,88,13186.545485792862,17,19776,80,2.2267927348548002,Normal,CICIoT2023
0.148464425125291,7549,56674.489771510904,1,5919,80,691.5702254528522,DDoS,CICIoT2023
1.2408407690762673,3785,42594.18376321581,6,6806,80,894.6688548662643,DDoS,CICIoT2023
7.697503930292755,89,2225.7002474885594,6,65480,80,0.7291962438952043,Normal,CICIoT2023
0.6015024604406823,8574,1437003.6869311107,17,38198,80,742.6463170281644,DDoS,CICIoT2023
24.146044204900278,19,24341.316326801178,6,25843,443,1.3909116836655109,Normal,CICIoT2023
8.592019092939072,42,8603.647870053628,6,12445,443,4.0507658383112535,Normal,CICIoT2023
8.253328601058591,897,2382.349697039011,6,41485,22,130.6319944616038,Brute Force,CICIoT2023
1.2060444247850821,908,11872.83150977474,6,8397,23,210.243019336333,Brute Force,CICIoT2023
4.1301547618083685,2,5121.602897232266,1,0,0,53.83557269370423,Spoofing,CICIoT2023
14.980698247374859,58,8940.187520001187,17,12162,22,1.0171996313391356,Normal,CICIoT2023
3.3739316656789153,12,3352.680558202134,17,17944,22,6.599906679954215,Normal,CICIoT2023
0.8287990084835752,8967,75074.30441844257,6,9758,80,1259.212794260366,DoS,CICIoT2023
0.664872416063036,6947,963412.2527323618,6,13354,80,1429.3819323467444,DDoS,CICIoT2023
16.755952589869295,87,2542.555941383408,6,43937,443,0.47589353722211936,Normal,CICIoT2023
0.7320563646581084,1689,39758.54071221184,1,26056,80,1145.5057662633817,DDoS,CICIoT2023
3.8069621951508927,25,747.0420301200468,17,29165,22,0.3914614492173902,Normal,CICIoT2023
7.224562500123874,658,7121.712524346369,6,35430,22,108.16138464067025,Brute Force,CICIoT2023
4.742363524616151,97,4989.445714095118,17,38309,22,2.5770106555294796,Normal,CICIoT2023
1.1902195143032093,8870,308722.7648963911,6,15842,80,1051.6390263159344,DoS,CICIoT2023
9.01985401930201,18,1073.3098075692333,6,11861,80,0.022185120043067726,Normal,CICIoT2023
0.6300694572878447,8898,281141.4804363123,17,8782,80,1373.2223446699584,DDoS,CICIoT2023
1.0246524925849845,7007,393192.5226324291,6,61452,80,518.1811619658399,DDoS,CICIoT2023
5.14028442775449,89,1208.57459756942,6,54444,80,0.232474908390385,Normal,CICIoT2023
5.931635400763237,752,6918.15737281299,6,56063,21,87.30944448754403,Brute Force,CICIoT2023
0.1995276464042999,9737,206281.29750685222,17,22247,80,1716.0288919793993,DoS,CICIoT2023
6.526731800662625,974,6151.621609169232,6,56340,23,273.0211722350586,Brute Force,CICIoT2023
4.781139963869249,18,2149.940823858293,1,0,0,94.85480272719356,Spoofing,CICIoT2023
1.2152363578381289,4631,156964.52012448886,17,25841,80,557.6395234434875,DDoS,CICIoT2023
9.115857929218812,838,17437.249958278597,6,63222,23,146.58722746207889,Brute Force,CICIoT2023
9.970949006726828,53,4858.72932055436,17,54102,80,0.325435547513243,Normal,CICIoT2023
21.058778787141176,69,3028.4022097314214,17,5964,80,2.742474638779629,Normal,CICIoT2023
17.139655195064897,55,469.61463434506044,17,12304,80,1.4209093475337058,Normal,CICIoT2023
8.355427429350812,35,1858.689906150494,6,5555,22,5.705529719633401,Normal,CICIoT2023
23.97623182175595,55,1056.4644072751096,6,42756,443,3.550211310901539,Normal,CICIoT2023
2.067813980425398,14,205.83709225807564,17,40303,80,0.7003771306072507,Normal,CICIoT2023
3.869193424406855,10,962.3383116586516,1,0,0,28.51185359759996,Spoofing,CICIoT2023
2.9411513358565173,72,7550.1427917045885,6,13528,443,1.3011537616041833,Normal,CICIoT2023
34.92374874126503,14,8115.1472442218,17,7002,443,1.84201160893896,Normal,CICIoT2023
0.8778097607287972,4983,845044.7669219384,17,58890,80,565.6034388199542,DDoS,CICIoT2023
2.7616307687568584,22,1371.9819393547195,6,5607,22,1.5974240584431472,Normal,CICIoT2023
2.0043987132862506,19,5732.070767560392,1,0,0,31.662344064925446,Spoofing,CICIoT2023
2.943114070074285,36,3526.3696671570815,6,57207,80,0.6734835557580368,Normal,CICIoT2023
8.343522450717554,680,21141.875325346737,6,38667,22,186.0041447956879,Brute Force,CICIoT2023
0.9577454379574394,8165,318592.8539260571,17,24935,80,1336.719838266605,DoS,CICIoT2023
3.9876448221442238,79,2028.7523684234511,17,21738,80,5.541598776014865,Normal,CICIoT2023
1.6620016917637912,86,671.1302411036731,6,54734,22,6.712242046107368,Normal,CICIoT2023
2.493131237318204,13,2639.5272372943527,1,0,0,58.80134849426634,Spoofing,CICIoT2023
0.8896180587835716,9706,186589.42500081027,1,17430,80,1533.327953075136,DoS,CICIoT2023
1.3112511446326034,8295,294404.4055144115,17,57529,80,513.99742974064,DoS,CICIoT2023
0.37755150813721833,1514,2412417.7204430695,1,22751,80,1819.7247289129082,DoS,CICIoT2023
17.074895987331743,93,4149.359561738078,17,40237,22,1.908910855394014,Normal,CICIoT2023
18.46571076171751,17,3968.48648093189,17,48725,443,2.8625061336552475,Normal,CICIoT2023
1.539248159673313,85,155.46456878785034,6,20897,80,0.9175442825792067,Normal,CICIoT2023
1.7019649200565878,7,4185.471224353278,1,0,0,99.67009038645226,Spoofing,CICIoT2023
0.5587812004552041,6251,650194.6856224549,17,50402,80,706.7343487388531,DDoS,CICIoT2023
17.31695498249476,58,6047.361343779222,6,15561,443,0.3651674651697382,Normal,CICIoT2023
4.000916684736666,49,588.0125449492803,6,44614,80,2.0562639929492894,Normal,CICIoT2023
2.005782677660228,84,1377.2927301325863,17,28547,443,1.3333909141524285,Normal,CICIoT2023
14.720715836692428,23,1672.3259306312466,17,44946,80,2.0239005261594976,Normal,CICIoT2023
0.23200960686237274,1663,213411.75418012743,17,22841,80,1561.5214021113736,DoS,CICIoT2023
1.1850362973618855,9623,243773.40177287773,17,29878,80,1603.2584097313063,DDoS,CICIoT2023
1.2557022358040668,18,1823.727560917522,1,0,0,76.20968028152708,Spoofing,CICIoT2023
1.4975377919754949,2019,187940.13738017445,6,60816,80,1456.3298967053447,DDoS,CICIoT2023
11.282637889352799,51,729.7223224301702,17,31278,443,2.7504682057364085,Normal,CICIoT2023
1.1125797161615616,4471,123410.38172392287,6,9353,80,1001.7669331128982,DoS,CICIoT2023
0.049033095712776545,7397,451523.6013852781,17,54096,80,1894.4253843135264,DoS,CICIoT2023
1.1760470903784936,2449,967737.0983985424,17,17394,80,1065.3712471045578,DDoS,CICIoT2023
0.6979818922824494,3096,295624.4447686378,6,44387,80,700.2199586239157,DoS,CICIoT2023
0.13009625549811574,8462,353047.207298425,6,3863,80,1594.2623429785951,DDoS,CICIoT2023
1.1506142194967535,1685,481093.0064584235,6,8734,80,1883.9345871316846,DDoS,CICIoT2023
0.7133700469535275,7868,45725.45375426614,17,28061,80,554.4314339202532,DDoS,CICIoT2023
5.838655273021929,59,11935.862371081546,17,51081,443,1.120335956742642,Normal,CICIoT2023
28.94458912572939,74,438.0021938096258,6,6371,22,0.12940390302126384,Normal,CICIoT2023
36.53687677218226,61,2222.6314750840274,17,37792,22,0.8534081111890731,Normal,CICIoT2023
1.350751685074036,1671,555009.1904163448,1,42927,80,1905.2336930496378,DDoS,CICIoT2023
1.805092574437361,18,6661.892815365702,17,56340,443,0.31322591972399816,Normal,CICIoT2023
1.090482034051161,9100,426584.3710739792,1,58738,80,1958.0079944473057,DDoS,CICIoT2023
6.476745454268199,494,1211.4644357562017,6,8369,22,106.32923248780878,Brute Force,CICIoT2023
5.334576783420547,75,5856.176105432347,6,63056,80,0.5160122392232754,Normal,CICIoT2023
0.6119270357265569,3090,45033.34635975815,17,46256,80,1315.307326013969,DDoS,CICIoT2023
0.1317707651626996,4648,289859.6252429102,6,18945,80,1496.281871758126,DoS,CICIoT2023
4.6519245887300205,78,3202.2311983444283,17,13746,80,2.7668666172394856,Normal,CICIoT2023
6.149773008663003,44,693.5569216896331,6,49801,22,0.10670994701689866,Normal,CICIoT2023
24.146201602168553,68,2175.8916824430066,6,13843,443,0.8015972209434284,Normal,CICIoT2023
22.205076217247743,90,190.54327508789524,17,31956,22,4.233570102159669,Normal,CICIoT2023
8.835205825414063,972,29306.5553852214,6,7847,23,237.68237674983678,Brute Force,CICIoT2023
2.8341056200349355,3,134.85517563822103,1,0,0,51.75382391310995,Spoofing,CICIoT2023
1.3647381067337245,8264,257745.53862020903,1,22277,80,1057.8990018752972,DDoS,CICIoT2023
2.3133144142352453,19,196.12546756084836,1,0,0,49.69649424257054,Spoofing,CICIoT2023
1.0584854379181237,13,1481.8601554042714,1,0,0,35.8424162276118,Spoofing,CICIoT2023
24.615001648262112,40,1717.8707131566593,17,7734,80,1.0082643918435608,Normal,CICIoT2023
4.5839413351945115,9,1468.7323546317975,1,0,0,50.28426462881953,Spoofing,CICIoT2023
0.8411520859745101,3822,485276.95718826394,6,1282,80,1845.7795114469284,DDoS,CICIoT2023
0.9273856127206621,7,303.30118076101104,1,0,0,28.181410156224096,Spoofing,CICIoT2023
1.0027017122663282,6,2638.2827815263868,1,0,0,83.8339756704076,Spoofing,CICIoT2023
6.634852223219957,98,4876.431677739809,17,6930,80,3.255239768907216,Normal,CICIoT2023
11.554229921227542,20,22390.64764663232,6,43894,80,2.204758743269378,Normal,CICIoT2023
16.10436564240281,8,29277.703626837738,17,64222,22,0.3540314889653688,Normal,CICIoT2023
0.028785204763880967,7274,384752.55732925155,6,27539,80,1835.3870795267032,DDoS,CICIoT2023
0.48909226475084466,6,7258.007823781136,1,0,0,40.3156451674993,Spoofing,CICIoT2023
1.552799928288245,7,1556.511668598201,1,0,0,73.92185187609803,Spoofing,CICIoT2023
6.660822259170947,15,11678.14957838039,17,27499,80,0.8857055923731125,Normal,CICIoT2023
0.7463765464029468,1587,214140.57023216682,17,5103,80,1568.021030496171,DDoS,CICIoT2023
1.240707536935042,9381,644838.130497825,1,19123,80,1858.0398114168056,DDoS,CICIoT2023
21.187153276838796,86,7008.053472419113,6,19734,443,2.679349279133,Normal,CICIoT2023
25.613609888513835,98,19441.212082974456,6,13600,80,2.2551198890215107,Normal,CICIoT2023
6.897950453794153,44,119.1221898662351,6,2982,443,3.8722381020362606,Normal,CICIoT2023
3.044616013211634,808,3274.991393787473,6,60606,21,223.53764337745775,Brute Force,CICIoT2023
11.781737219328242,42,2334.3881029550234,6,7394,80,0.7246572238024186,Normal,CICIoT2023
0.9832125578916117,7115,1034764.6330481997,1,34184,80,1682.671014879948,DDoS,CICIoT2023
1.0008275061792329,2138,1198627.5460975452,1,23770,80,1340.6609464706598,DoS,CICIoT2023
2.7646929682639696,50,3184.249124014978,17,22004,443,0.957364112895157,Normal,CICIoT2023
9.791202956595933,895,6521.397243971981,6,43888,22,155.36101039481184,Brute Force,CICIoT2023
1.2445751448175975,663,3285.5591491401938,6,19375,22,123.05455761547444,Brute Force,CICIoT2023
37.24809676920956,46,6108.466607048191,17,6099,80,6.583449944872794,Normal,CICIoT2023
1.0927397781847816,2531,514051.040491623,17,59511,80,1555.5289661911936,DDoS,CICIoT2023
12.67072556450883,44,1627.9797523137674,6,60735,80,1.265112753320564,Normal,CICIoT2023
6.3772614225579165,79,485.70600095626855,6,33722,443,2.7188624456540524,Normal,CICIoT2023
1.7401043985993305,72,10587.59813648376,17,17256,80,1.7989732801526803,Normal,CICIoT2023
1.339530722228082,4198,501985.3197927953,6,10301,80,1691.8674180502853,DDoS,CICIoT2023
0.061658697422460156,6154,165834.8617100273,17,59953,80,1360.024018452827,DDoS,CICIoT2023
17.13039913662748,52,9000.345771633696,6,8875,80,2.675509402117142,Normal,CICIoT2023
12.17418032578046,13,5631.210553440255,6,21985,80,0.050926833635683594,Normal,CICIoT2023
7.250054105176379,473,3811.8222011338316,6,45643,23,243.4699139325391,Brute Force,CICIoT2023
14.816663617256653,30,1000.5680326361293,17,15591,80,1.995584919381853,Normal,CICIoT2023
14.436191959892694,33,5202.7809196885555,6,18886,443,3.090583328523865,Normal,CICIoT2023
1.4564416476474267,1193,168431.0250239355,1,12214,80,1975.7604692831567,DDoS,CICIoT2023
3.4206305124382395,983,735.7357849613004,6,53912,23,140.4632733012847,Brute Force,CICIoT2023
10.593907248508131,94,11996.259781517309,6,20859,443,7.117997798463182,Normal,CICIoT2023
0.5037070405835457,3800,497118.4428863523,17,6434,80,1171.2022119836868,DoS,CICIoT2023
0.7166897464425782,6808,373427.09466221026,17,44080,80,511.496048973838,DoS,CICIoT2023
4.709023553011459,47,9387.080679862655,6,38489,22,3.2449012188512922,Normal,CICIoT2023
0.8623524786202582,6482,32701.53382106341,6,51976,80,1725.023263176077,DoS,CICIoT2023
6.0229113732750506,21,704.2797243533146,6,45626,22,1.710295097370955,Normal,CICIoT2023
0.05420565236646233,6823,615765.2560462551,1,22410,80,697.2336798469724,DDoS,CICIoT2023
0.4193499730240841,9210,274682.4387031414,6,56308,80,887.2598812867539,DDoS,CICIoT2023
1.015165700845162,7048,878040.4969388556,1,34779,80,1731.7974238253398,DDoS,CICIoT2023
1.0234949687206263,95,110.53029681411591,17,36844,22,0.12273978716393262,Normal,CICIoT2023
3.0585977194520004,19,593.2955646550253,1,0,0,69.87628917802496,Spoofing,CICIoT2023
25.168208254822684,40,2402.667240593697,6,35566,80,0.14730958101447222,Normal,CICIoT2023
2.253659433471397,19,7028.487984824549,17,38846,80,2.2705730233993657,Normal,CICIoT2023
7.739373959347084,79,4665.135346087056,17,13521,22,4.890301719079625,Normal,CICIoT2023
0.9227344678337805,1770,653628.3964535804,1,63092,80,1853.6799609287625,DDoS,CICIoT2023
0.10900132809010457,7031,2380107.174486932,17,14416,80,1542.3235605139387,DoS,CICIoT2023
12.405104712971502,69,540.8368456077819,6,32729,80,0.26250408776936296,Normal,CICIoT2023
0.8423771707111338,5318,324249.1309118465,6,8485,80,1768.4065444848602,DDoS,CICIoT2023
18.688852961540462,22,2686.716288783379,6,25974,80,0.731470295761989,Normal,CICIoT2023
1.1855878882819821,4259,138272.0376769749,1,19650,80,1786.3435064919256,DDoS,CICIoT2023
38.26794326489765,67,620.5488111063404,6,65071,443,0.9242370679173084,Normal,CICIoT2023
0.050856261859259906,5000,383076.3371974473,17,23991,80,748.442520542398,DoS,CICIoT2023
16.565884180738504,41,11140.787202685333,6,20014,22,0.05155430879335332,Normal,CICIoT2023
6.8124014765783585,468,4164.312671107416,6,47582,21,152.407223723808,Brute Force,CICIoT2023
6.59244588292425,42,9491.147353917488,17,1953,443,1.2102785449305875,Normal,CICIoT2023
18.484471577789872,54,3423.670411344603,17,20823,22,1.5182009518744422,Normal,CICIoT2023
3.1890757223365216,30,298.8836038739157,17,38250,22,0.3487661477022617,Normal,CICIoT2023
1.2101688669536732,876,1590.6824357612297,6,54516,23,82.51194562778467,Brute Force,CICIoT2023
4.193853158273405,6,6243.445096281949,1,0,0,38.25700456396176,Spoofing,CICIoT2023
33.89300703352162,72,26451.53965406844,6,19824,80,0.6804939297972233,Normal,CICIoT2023
1.4420918732573136,6619,25713.159519648514,17,46147,80,1970.1634886206505,DoS,CICIoT2023
2.441604395308988,14,1560.4835761790255,1,0,0,78.5711631344383,Spoofing,CICIoT2023
1.2521384432870024,1946,230172.43317892542,17,51615,80,1563.5205864305476,DDoS,CICIoT2023
0.27398467865507964,1340,219615.6992084949,6,9515,80,1746.0327657801154,DDoS,CICIoT2023
12.806187356833346,5,4443.072618112863,17,17020,22,0.3262652747639122,Normal,CICIoT2023
26.454126351585824,55,7725.215662213124,6,21243,443,1.9531749676136156,Normal,CICIoT2023
2.889949069793186,6,2624.735309789697,1,0,0,23.318573262925128,Spoofing,CICIoT2023
8.673020037113982,662,7831.256837529745,6,53906,21,291.00721179137844,Brute Force,CICIoT2023
1.3650873702964905,9458,228060.67823412392,1,20619,80,556.9723449347802,DDoS,CICIoT2023
21.54805202045254,96,397.3757516149585,17,47123,80,4.192615251900898,Normal,CICIoT2023
44.24733319525245,21,14990.654757299673,17,61035,443,1.7770180938484998,Normal,CICIoT2023
0.5692415628002068,8269,379537.0764646538,17,14551,80,1161.8355704829899,DoS,CICIoT2023
3.068200985381378,19,2587.1858037397337,1,0,0,90.5007301141809,Spoofing,CICIoT2023
2.3342984512236913,16,2892.3247930051725,1,0,0,61.617605631001595,Spoofing,CICIoT2023
1.4345102439817803,4119,2786340.315404375,6,9040,80,1460.2974673394356,DoS,CICIoT2023
0.45466801941919627,8742,1084780.7940351614,1,57156,80,1265.6487335063484,DDoS,CICIoT2023
15.776274881279532,35,6721.854329470049,17,28127,443,2.327723196267317,Normal,CICIoT2023
20.240206263176567,58,3845.690942250484,17,13437,80,0.8885642448186694,Normal,CICIoT2023
4.041742317629574,4,473.2301824724971,1,0,0,96.17032171342865,Spoofing,CICIoT2023
0.023206294819068662,8537,574774.9272183767,6,61927,80,941.9290945192897,DDoS,CICIoT2023
1.216280946070173,69,2191.098552169556,6,56320,22,0.3082853634204434,Normal,CICIoT2023
22.001513854063813,9,8727.798279814182,6,12414,80,3.74058534935761,Normal,CICIoT2023
0.9242701302138131,4175,264663.5303145144,17,55213,80,920.5016911872814,DoS,CICIoT2023
18.442768298847575,99,441.4469028677538,6,53831,22,1.9998329450601309,Normal,CICIoT2023
13.907188570550092,38,130.53680127555816,6,39034,443,0.7121093525572041,Normal,CICIoT2023
0.12452449216148362,8913,148688.4882903985,17,41147,80,717.7947693269905,DDoS,CICIoT2023
1.068063984068343,3555,1005351.9728742405,1,3975,80,938.7726366061127,DoS,CICIoT2023
0.23697108830215782,6686,1192821.0341214451,6,24806,80,1214.6554795156874,DoS,CICIoT2023
4.843313064591829,34,19411.66983988161,6,57746,80,1.0761244851050629,Normal,CICIoT2023
1.1418210287626966,1182,359667.0911016173,17,57417,80,1378.7971826802786,DoS,CICIoT2023
15.703795797277404,56,5168.013579624063,17,16397,443,2.503195722539067,Normal,CICIoT2023
26.934710709725785,28,1812.2411191872486,17,57022,80,4.972816129551245,Normal,CICIoT2023
1.0837761664718388,7046,177228.99833187106,17,8951,80,1444.336545337605,DoS,CICIoT2023
0.0909547318861267,8758,64209.40064278567,6,24569,80,1674.5249559750994,DDoS,CICIoT2023
3.603689722368351,7,4521.480381427246,1,0,0,62.493986603174086,Spoofing,CICIoT2023
0.70578231994578,3437,151728.08654574776,6,56127,80,974.4052245939602,DoS,CICIoT2023
0.16181965821836017,3624,79590.76203325775,6,64410,80,1799.8219726236302,DDoS,CICIoT2023
13.722794550287405,86,11222.204538520142,6,26706,80,0.9474247126599571,Normal,CICIoT2023
42.3085428847773,55,567.6512090618075,17,42454,443,1.6631137099108513,Normal,CICIoT2023
40.92558081660409,93,6184.565713175622,17,7342,22,0.5866797855454644,Normal,CICIoT2023
32.253096103848954,37,1731.694620227386,6,56080,22,5.764175324999622,Normal,CICIoT2023
3.4207122843584736,901,15224.525761144807,6,64139,22,62.04650309832406,Brute Force,CICIoT2023
7.6954893806163565,52,2531.64173583543,17,23080,22,1.2238703940999978,Normal,CICIoT2023
1.1235253476253024,15,2946.1514703364915,1,0,0,10.259312649905313,Spoofing,CICIoT2023
1.289845461276738,3257,411558.4451852052,1,16257,80,817.9910820479871,DDoS,CICIoT2023
0.9894566884334915,4893,1070785.26965118,6,28771,80,1516.7198004650663,DoS,CICIoT2023
0.9155506621565567,9353,261043.91638335338,1,31523,80,1607.8961871984961,DDoS,CICIoT2023
0.4802847422073915,4220,583156.8848210152,17,51637,80,1368.7628830620833,DDoS,CICIoT2023
0.13715859136164404,1234,239263.65759416946,6,27696,80,667.2683184819145,DDoS,CICIoT2023
11.88077631982609,48,626.0627504495665,17,63021,80,0.9531513113094143,Normal,CICIoT2023
0.512644864685948,9016,76404.91165229435,17,18082,80,1239.29687667117,DoS,CICIoT2023
8.770013248595829,21,11925.808270112782,17,25111,80,1.2475973399332378,Normal,CICIoT2023
50.65633331514457,64,2634.562945011596,6,21331,22,2.974364261341995,Normal,CICIoT2023
1.1616530079954115,3745,982908.5361905285,17,45748,80,614.577417487184,DDoS,CICIoT2023
8.233094463967998,38,1102.8707771692775,6,21471,80,0.836504144449329,Normal,CICIoT2023
7.651239020091628,568,4278.573430933416,6,21117,21,215.75183653544397,Brute Force,CICIoT2023
5.935438325760885,277,18777.149986246914,6,21960,21,257.4407800719112,Brute Force,CICIoT2023
6.455319084401317,553,6124.81452856446,6,45269,21,125.72893220829816,Brute Force,CICIoT2023
2.019282859514063,33,1515.8190425046666,17,53452,22,0.1231476834294042,Normal,CICIoT2023
17.704774897495575,8,15925.467021983783,6,34422,80,1.5131853144671552,Normal,CICIoT2023
6.858616016062654,380,32905.960797829,6,56859,23,141.42018706534282,Brute Force,CICIoT2023
0.3458180893300811,8659,493442.88693397254,6,33817,80,1770.7916585503726,DDoS,CICIoT2023
3.8363233521929794,388,1589.5201566782516,6,53940,21,90.97025594512056,Brute Force,CICIoT2023
6.785370233201569,882,4234.135344939628,6,24115,23,122.62612641785509,Brute Force,CICIoT2023
2.4029425139738896,16,125.08939585794815,1,0,0,72.0999763578049,Spoofing,CICIoT2023
18.57241762313414,9,3538.9323361569477,6,48586,443,1.0744835794865648,Normal,CICIoT2023
6.391252637157114,19,2286.851788924935,17,40212,443,0.15860426954010162,Normal,CICIoT2023
1.4460486937346708,19,1583.10671633723,1,0,0,26.22771418805003,Spoofing,CICIoT2023
10.203896550239582,7,1006.1094871259683,6,44551,80,0.10254243907225369,Normal,CICIoT2023
28.83484069581146,79,7978.634682838712,6,55134,443,0.23058224256851914,Normal,CICIoT2023
0.958442583662498,3743,631916.390842341,17,11709,80,1354.3096693506554,DDoS,CICIoT2023
3.335876048584813,650,25181.003708680528,6,39894,21,103.48925967205923,Brute Force,CICIoT2023
0.029414055958054783,1619,796541.2180781225,1,64636,80,1915.5523892303313,DoS,CICIoT2023
1.4406020505641164,9436,1537707.127374782,17,6390,80,1089.190663714015,DDoS,CICIoT2023
29.885045799214364,98,6435.11639460626,6,64093,80,1.2258446111794512,Normal,CICIoT2023
1.1742097725154652,4667,426302.69385432894,17,56412,80,1248.3434968039128,DDoS,CICIoT2023
1.1089280509849668,123,15344.271886134635,6,9179,23,251.1882804974237,Brute Force,CICIoT2023
1.7072661865456311,46,2040.6068427327787,17,21046,22,0.5855797318455365,Normal,CICIoT2023
0.376253084566168,5444,337819.87731790286,6,2220,80,677.7539353972273,DDoS,CICIoT2023
1.515536200654912,3,9997.912151804701,1,0,0,14.042016909605426,Spoofing,CICIoT2023
1.143901806008134,4824,514537.0661198921,6,43613,80,1877.639648218113,DoS,CICIoT2023
1.426883605808797,4674,171169.8440527919,6,54545,80,1988.6634340621683,DoS,CICIoT2023
0.5856215278839342,1692,232034.20593832678,6,52337,80,1853.3546051933572,DoS,CICIoT2023
32.47699400822475,24,636.8330935189589,17,13626,22,2.7868165948478176,Normal,CICIoT2023
4.895059416802061,69,1063.2037172916343,17,65527,80,0.5095012078792223,Normal,CICIoT2023
2.213765178992966,12,1657.1304958240237,1,0,0,48.47516481953005,Spoofing,CICIoT2023
1.6990583115667377,14,870.9737450452532,1,0,0,90.46848722799257,Spoofing,CICIoT2023
4.737636914436987,9,1024.7929220135854,1,0,0,78.67975272411775,Spoofing,CICIoT2023
8.408447476379735,133,6882.389499473696,6,61043,22,197.78257581462913,Brute Force,CICIoT2023
0.28734248765248843,1614,26679.96511811951,17,29176,80,1046.531357642348,DDoS,CICIoT2023
0.4499102857095668,3468,318095.28784719796,1,49431,80,1740.1201520393706,DDoS,CICIoT2023
0.08098547358039483,4607,227397.4813601517,1,17697,80,1813.8246252755855,DoS,CICIoT2023
0.813250883576653,8415,181265.71380374845,6,17988,80,1087.73594492525,DDoS,CICIoT2023
0.8245837756295848,5776,10005.817411525217,6,26299,80,1283.7652716283828,DoS,CICIoT2023
0.09140528580144872,7534,123813.2784587567,6,12604,80,1156.2228899123147,DoS,CICIoT2023
4.425398465299768,16,424.2062175588811,1,0,0,37.90760845084796,Spoofing,CICIoT2023
20.736125848115247,40,6871.969706403121,6,23436,22,1.8813257263898926,Normal,CICIoT2023
34.95635141812904,29,1557.2030083372645,6,17613,80,0.9270604799335608,Normal,CICIoT2023
35.832666237655495,43,1345.4387688096103,17,29908,443,1.786310046599916,Normal,CICIoT2023
0.9949112388285073,4273,20444.006191632725,17,32510,80,1276.3944519732831,DDoS,CICIoT2023
5.696982798393245,14,3387.621189628859,6,29507,22,2.506495320377518,Normal,CICIoT2023
1.1409178709576773,3800,370623.62177253794,6,3634,80,1053.9211553233117,DDoS,CICIoT2023
1.4000580452288114,8361,607356.8708741899,1,2938,80,1705.2771626524016,DDoS,CICIoT2023
2.952151262860524,43,9601.345181767627,6,37456,443,3.290865070249198,Normal,CICIoT2023
0.30090849840517314,6260,130013.48117020556,6,2562,80,678.311586765608,DDoS,CICIoT2023
22.70463003697457,51,2957.5177791518613,17,54336,80,0.9577423313643417,Normal,CICIoT2023
3.6696014191022757,36,2548.887417592576,17,7057,80,0.05103240190878215,Normal,CICIoT2023
4.211086905818252,9,3194.498597971188,1,0,0,65.43207241090491,Spoofing,CICIoT2023
28.799234860818498,8,4193.332454467554,6,21330,443,1.581212726377801,Normal,CICIoT2023
52.18475854604625,87,2907.0514918233707,6,40218,443,0.25224321747961925,Normal,CICIoT2023
1.4426548750847963,9125,412270.79369991494,1,33322,80,1797.9436383633686,DDoS,CICIoT2023
0.2443370801877759,1451,500453.54280057614,17,20501,80,1509.0544913133472,DoS,CICIoT2023
24.89471587465961,11,1976.1091148861183,6,62914,443,3.577492548385835,Normal,CICIoT2023
1.3600697201170782,5595,570459.500444768,6,1136,80,529.6934875208816,DDoS,CICIoT2023
8.431227433215774,9,2276.7242483955856,6,53125,80,1.1261342070335283,Normal,CICIoT2023
32.55410752640931,73,454.00753206794394,6,20512,443,0.1753021503525408,Normal,CICIoT2023
0.5068592644580556,5821,212075.1043452489,17,13277,80,1060.8815705192205,DDoS,CICIoT2023
1.417228388214512,4765,671165.6524379367,1,10765,80,1671.4938404224872,DDoS,CICIoT2023
1.1800505291588625,8644,63443.56102718182,6,56087,80,914.4786626987805,DDoS,CICIoT2023
0.6537082021158139,7361,309024.44476014876,17,56336,80,654.6820436121137,DoS,CICIoT2023
5.930062249449875,461,5168.453767797388,6,3012,23,226.13860700686132,Brute Force,CICIoT2023
0.6398656689719591,4802,376676.62291687215,1,40954,80,1408.2240038216069,DDoS,CICIoT2023
11.90955716856341,39,1663.5210297696756,17,11849,443,6.917907138612631,Normal,CICIoT2023
0.9094194288334689,2518,1522304.828716215,1,3624,80,638.1004791237132,DoS,CICIoT2023
14.708575716382361,88,583.0790516261097,17,31133,80,0.030452027769782227,Normal,CICIoT2023
1.447872900487163,2742,424666.72831112234,6,46560,80,1508.08405812838,DDoS,CICIoT2023
14.14008404530075,63,1681.0679551628298,17,19713,80,0.38251878174494314,Normal,CICIoT2023
2.867573099126453,93,941.0792343154851,6,49466,443,5.595635705183879,Normal,CICIoT2023
1.06013916301499,297,8857.27267264709,6,58977,23,220.02797136174317,Brute Force,CICIoT2023
2.099943285246821,18,974.2621819739394,1,0,0,94.26404254718972,Spoofing,CICIoT2023
0.8175652115857512,1082,1590079.6297502718,6,16620,80,1425.8735312730885,DoS,CICIoT2023
1.1117182624486546,9367,556804.1889257835,17,17777,80,1614.2374623594744,DDoS,CICIoT2023
6.941144313596977,89,12399.04116448158,17,30062,22,3.399297656260592,Normal,CICIoT2023
11.783942423444545,31,145.47699803614304,17,1883,80,1.5831787699279638,Normal,CICIoT2023
17.660676537975228,54,6359.739163161683,17,11302,80,3.4115624828012536,Normal,CICIoT2023
0.0845276794634572,6166,24974.02739502548,6,23544,80,523.7197943494431,DDoS,CICIoT2023
0.12494630112397698,5897,42283.285161657346,6,55217,80,1599.1002121792476,DoS,CICIoT2023
0.9140302698289803,5426,461691.22009864845,17,59695,80,999.5523077080975,DoS,CICIoT2023
33.43769252686987,23,3501.1645706958197,6,15948,443,1.01316314135723,Normal,CICIoT2023
5.622499418898921,937,43948.76225495597,6,31495,21,242.68563272638792,Brute Force,CICIoT2023
0.6469685190315712,8786,396454.5690174431,6,21435,80,1052.6733798748683,DoS,CICIoT2023
1.3440656728382223,5744,27817.689774562066,1,65364,80,1117.0091997487157,DDoS,CICIoT2023
1.3118471510715153,6307,906810.0019066876,17,39530,80,1904.42093220339,DDoS,CICIoT2023
0.10536945644684517,9033,356653.71497117844,1,62137,80,532.8699931625134,DDoS,CICIoT2023
6.372556878544582,11,389.07826423977497,17,27735,22,0.6598937740647176,Normal,CICIoT2023
19.72200591235733,42,5423.572545600616,6,2661,443,0.23729820840653162,Normal,CICIoT2023
0.7794723384457304,3032,112680.49183884455,6,50417,80,1822.5359177652622,DoS,CICIoT2023
26.240268439921113,88,3054.769364871102,17,13380,80,0.7415676594319272,Normal,CICIoT2023
5.314370039443029,60,4130.237892071946,6,58644,80,0.8732588975696642,Normal,CICIoT2023
27.452443764656312,29,8904.701356822869,17,3615,22,6.10735918769201,Normal,CICIoT2023
6.9344120468168535,53,3622.3972788543006,6,12111,80,0.767237854591708,Normal,CICIoT2023
4.527436372819398,7,1612.0548629363473,1,0,0,55.28192252963861,Spoofing,CICIoT2023
0.2988559712259701,1086,919796.7581497204,1,25551,80,1622.5337804986095,DoS,CICIoT2023
0.6644237958620788,3773,185447.90116706662,1,2724,80,1116.6404133206597,DDoS,CICIoT2023
20.198194306136035,27,2907.1623667058116,6,37479,80,2.536948823692528,Normal,CICIoT2023
1.1012775630969849,5757,399755.3220987689,17,42704,80,1121.3013883577455,DDoS,CICIoT2023
1.101296658570876,9690,148230.52658091774,17,48110,80,658.0182267219998,DDoS,CICIoT2023
4.772398969925245,77,1290.6154984419534,6,27853,22,0.11893142557536307,Normal,CICIoT2023
0.592638974999824,1146,214491.0174049123,17,38299,80,1357.868305775901,DDoS,CICIoT2023
65.29711666387618,13,2787.3463678898756,17,37344,22,2.2724943164300475,Normal,CICIoT2023
0.623678463222069,6097,104186.25811311384,17,31073,80,1117.937142551153,DDoS,CICIoT2023
1.3070851797413825,5188,390182.31425361446,6,11823,80,1408.456833985117,DDoS,CICIoT2023
2.869915432080216,33,2991.0236800550433,17,49433,80,0.46197878375889284,Normal,CICIoT2023
8.460236944925272,53,5779.977965669706,17,34608,22,1.086944413268481,Normal,CICIoT2023
0.0370048211581373,7314,45772.655764686,6,33154,80,1341.0174424084248,DDoS,CICIoT2023
0.9463554203557347,4893,652670.3629946993,6,57436,80,1732.0825443510414,DDoS,CICIoT2023
4.232298222160628,13,811.8155996739767,1,0,0,81.2402382332233,Spoofing,CICIoT2023
0.6824282284135899,5434,869065.2022508725,6,30124,80,1226.516639437263,DoS,CICIoT2023
1.2018675257862754,50,2553.694350175748,17,24209,22,0.6594595389722246,Normal,CICIoT2023
4.497081801676444,12,10592.121014020715,17,28398,80,2.717993038518995,Normal,CICIoT2023
1.2734125468073894,5780,309353.75474248105,6,52780,80,1983.8266309366252,DDoS,CICIoT2023
4.950666169294148,97,4194.224227788536,6,27970,22,0.14514893865826775,Normal,CICIoT2023
1.096559766941328,6626,240606.7352938955,1,28793,80,1024.9174092944597,DDoS,CICIoT2023
9.363595620358534,463,2454.75308630343,6,10301,22,143.31028909480847,Brute Force,CICIoT2023
0.9516631337903216,2505,750983.3644919387,1,55343,80,599.6949886644081,DDoS,CICIoT2023
22.819564838649686,62,7715.383210126404,6,60221,22,2.263139422975923,Normal,CICIoT2023
1.140167802565422,6330,494415.80346764217,6,36410,80,754.821509076103,DDoS,CICIoT2023
0.30051304785143096,9411,257767.52167618126,17,44432,80,887.34652949924,DDoS,CICIoT2023
0.912063518686305,2812,540850.1052794628,17,45540,80,1312.4696273251398,DDoS,CICIoT2023
7.8244056285045325,893,6423.043058166896,6,53516,21,117.73567457909135,Brute Force,CICIoT2023
4.38947881347689,63,1125.1233401337015,6,34746,443,1.1062517362328723,Normal,CICIoT2023
9.170546624951808,349,13694.505345100293,6,22863,22,196.1670225414562,Brute Force,CICIoT2023
2.202855232694662,420,17250.22441121606,6,46737,23,249.06036263534213,Brute Force,CICIoT2023
5.760701677815579,42,3909.8224724233783,6,52901,22,2.0232603726475156,Normal,CICIoT2023
6.884793858037892,49,8841.135725559698,6,49932,22,1.8092345942582926,Normal,CICIoT2023
5.610825115136485,57,8535.368576448172,17,25055,22,8.185370697173406,Normal,CICIoT2023
24.176421361671455,88,2397.077123598895,17,30087,80,1.2472054132677108,Normal,CICIoT2023
5.597966058126099,25,11067.04427888085,6,43524,443,2.1983092192290163,Normal,CICIoT2023
0.49131074517359985,3103,122237.93926525499,1,25500,80,1154.6293980943897,DoS,CICIoT2023
17.483921018092104,22,9417.502459260151,6,51381,80,0.1392488145146022,Normal,CICIoT2023
2.49594492772082,24,11770.055171919337,6,65310,22,3.286662235463189,Normal,CICIoT2023
4.304314027935423,14,1254.0663768443487,1,0,0,61.404606876012494,Spoofing,CICIoT2023
6.436736717352985,17,796.7739778697819,17,11722,22,3.783323224575238,Normal,CICIoT2023
2.0894578283599423,17,748.5038014189225,1,0,0,11.416862169610928,Spoofing,CICIoT2023
1.259478140322024,28,4987.41541994483,17,49507,22,3.6294785213858005,Normal,CICIoT2023
15.4950694137094,7,4999.002886260929,6,28796,443,0.9905398455873751,Normal,CICIoT2023
0.11329921227776948,6660,716792.0140598498,1,37313,80,1561.0955000493916,DoS,CICIoT2023
0.5899534028207648,6395,431385.95717605297,1,23447,80,1068.6914875634704,DDoS,CICIoT2023
1.9202811239312279,6,2005.1828329282748,1,0,0,52.235670459321135,Spoofing,CICIoT2023
0.6701584498723274,6232,319174.7029231352,17,15256,80,1256.005645394489,DoS,CICIoT2023
4.751083396586368,19,900.1865570437213,1,0,0,87.72772791669544,Spoofing,CICIoT2023
2.7490738694206236,79,1015.7516941152923,6,37206,80,2.0670918842455768,Normal,CICIoT2023
55.88844332270998,58,1709.906194807168,6,30528,22,1.829095084921282,Normal,CICIoT2023
0.2772404553309691,8086,311571.9562835525,17,22157,80,590.9073615723647,DoS,CICIoT2023
3.4584371828854286,2,1881.6660154384795,1,0,0,72.96756126599095,Spoofing,CICIoT2023
8.543394774897783,167,11574.090626177269,6,48293,21,209.7580397287302,Brute Force,CICIoT2023
1.430767295798748,5108,93435.39423031891,6,26544,80,915.5187864889681,DDoS,CICIoT2023
39.13311372851502,30,6846.240113717896,17,23463,22,0.1067790893983377,Normal,CICIoT2023
0.057298210405753044,8129,54178.16493337841,1,47247,80,1536.0196567220098,DoS,CICIoT2023
14.623961225456869,84,10038.756123270603,6,55223,22,2.674445317139281,Normal,CICIoT2023
3.5786759403441066,560,1337.8349241824137,6,29874,22,274.34146644773296,Brute Force,CICIoT2023
3.150889614633425,9,5652.765640024272,1,0,0,79.83203795265753,Spoofing,CICIoT2023
0.20062601752255693,6750,262058.7441403257,6,36927,80,1837.8396548848439,DDoS,CICIoT2023
0.46601668064895413,5589,253552.58936051093,17,18502,80,816.189652325043,DoS,CICIoT2023
0.35175500778613183,5145,166371.52419979117,17,32671,80,751.2366336411616,DoS,CICIoT2023
3.3897825386943152,7,21200.842595004444,6,15143,22,3.2018802146369403,Normal,CICIoT2023
3.936285262370321,953,2480.8552018025516,6,56887,23,114.11576525419149,Brute Force,CICIoT2023
0.5394264252260926,9828,190111.35001475745,6,45849,80,1713.5354604375145,DDoS,CICIoT2023
0.8199174255604768,7,3999.9143640734846,1,0,0,23.94327800290984,Spoofing,CICIoT2023
2.2954129575855946,6,8939.655197263763,6,35803,443,3.257291316346257,Normal,CICIoT2023
0.7720275919484415,7,3033.316653651818,1,0,0,37.32615443294562,Spoofing,CICIoT2023
6.6027356799348125,48,1698.5504728562223,17,39254,80,1.1658842074193287,Normal,CICIoT2023
63.24896833153411,61,6379.602700563216,6,56503,443,1.226571159979007,Normal,CICIoT2023
7.5250546866920685,737,7923.876186462967,6,55243,22,265.5507434145472,Brute Force,CICIoT2023
6.650442640984961,67,775.4142994356404,6,44880,80,5.640844053995552,Normal,CICIoT2023
1.2392454222897409,89,3460.7707946998785,17,15560,22,1.6400477218047838,Normal,CICIoT2023
7.183352355242325,493,4484.829164564948,6,34018,23,80.80814392908121,Brute Force,CICIoT2023
7.286775626882234,236,14373.643485470058,6,44861,22,272.47093161837165,Brute Force,CICIoT2023
1.228605895425994,6509,429349.3406866942,6,15547,80,1234.4366930753672,DDoS,CICIoT2023
0.9706704203794597,7139,412220.7082914743,6,44876,80,1492.5008894437835,DDoS,CICIoT2023
0.2204230796259927,2445,974489.2266535993,6,10973,80,1781.3911834960036,DDoS,CICIoT2023
11.122685388569437,84,1782.3141569534437,6,64933,22,1.6938114009570275,Normal,CICIoT2023
3.3147800557034293,82,1557.1015482483422,17,21890,22,0.8234100489364329,Normal,CICIoT2023
1.0969010170491789,1348,804637.251445945,17,50483,80,1509.1469216187002,DoS,CICIoT2023
0.3385513525191142,5820,1046021.5818686789,1,21886,80,894.8710197770167,DoS,CICIoT2023
0.010973552234336336,3985,796540.4874322916,6,1360,80,728.0728511367377,DoS,CICIoT2023
0.6929021559354874,1910,121262.69303986235,17,39239,80,1881.1094755139532,DoS,CICIoT2023
1.6132536814149847,50,4807.293506655421,6,12761,22,4.781402564769317,Normal,CICIoT2023
0.7074228908090923,9347,724758.8734519326,1,28673,80,1640.6364675237076,DDoS,CICIoT2023
11.789970141187657,34,38717.6476103123,17,50673,80,2.4628376131884364,Normal,CICIoT2023
0.7187748488363285,2647,218069.60416615417,1,7795,80,1505.0488067113502,DDoS,CICIoT2023
0.7078119770413821,4435,357850.86494797637,1,44415,80,552.3673289843357,DDoS,CICIoT2023
2.8006838133902234,10,3654.9440158096263,1,0,0,24.461162624066066,Spoofing,CICIoT2023
1.3793311586698058,84,1455.6232430193663,6,64651,80,2.96897059312211,Normal,CICIoT2023
37.970537736826145,12,1749.815586056245,17,30987,80,1.8871734554164485,Normal,CICIoT2023
4.344177401462096,15,4302.032120805134,6,23824,80,0.5408197321442336,Normal,CICIoT2023
1.0193157635344205,4924,911104.7771975157,17,46421,80,599.2477832516606,DoS,CICIoT2023
0.038541673471366826,1191,292036.20643598447,6,43952,80,851.638400017272,DDoS,CICIoT2023
7.3487186089978405,53,2118.874468732777,17,26686,22,2.027226725134559,Normal,CICIoT2023
14.643168838517342,10,5773.788183406286,17,2075,443,1.93314763625563,Normal,CICIoT2023
0.9034450770052829,8411,681745.7586923357,17,56496,80,922.4240631584476,DoS,CICIoT2023
50.599352275186455,56,5767.786541090381,6,36968,22,1.1441428431447174,Normal,CICIoT2023
3.99295600748218,4,306.89741201631875,1,0,0,38.18468816467994,Spoofing,CICIoT2023
1.2758059810769729,2961,220330.01078636578,6,60862,80,1977.268615950641,DoS,CICIoT2023
42.952341433010304,8,1206.2958556548163,6,62600,22,0.3553630509121296,Normal,CICIoT2023
14.565907995555568,92,2188.3863922164564,6,58904,22,1.3923754380319784,Normal,CICIoT2023
3.2199275422486586,559,619.779732102539,6,51272,23,211.87911621084078,Brute Force,CICIoT2023
5.7832701330621665,87,11835.808918792034,6,22722,443,5.678582504020849,Normal,CICIoT2023
24.001477571259226,39,1294.1248046516137,6,33323,443,2.5254690182453317,Normal,CICIoT2023
4.295049245167343,19,4518.339612061791,1,0,0,91.82577376482271,Spoofing,CICIoT2023
3.8249026886352455,232,1132.3272989155969,6,43253,22,232.42797662435555,Brute Force,CICIoT2023
9.461987250141565,198,5620.445696539888,6,6576,23,93.33576324382021,Brute Force,CICIoT2023
0.7338679690798209,3341,583092.8261793762,17,1273,80,705.6341871181347,DoS,CICIoT2023
20.857295632070038,29,998.0593310915677,6,61305,80,0.8774181761266091,Normal,CICIoT2023
1.6945735518944478,51,176.46614930723928,6,26129,80,3.440526860311973,Normal,CICIoT2023
0.8542418357691398,9383,1153289.2748977165,17,11401,80,990.192058786666,DoS,CICIoT2023
0.026108514616442542,7646,156473.1333026932,6,56185,80,1365.2860716990504,DDoS,CICIoT2023
0.7013327302686622,5538,1980422.886118751,6,12484,80,600.8512701358417,DDoS,CICIoT2023
6.353626415517186,498,12029.906404717203,6,3890,23,265.8664325853658,Brute Force,CICIoT2023
4.785922076348976,43,1046.8751323152915,6,31687,22,1.647676891534223,Normal,CICIoT2023
0.37690379984619415,9923,2064238.1689356004,6,42598,80,1954.5854491969656,DDoS,CICIoT2023
9.464289224696273,38,358.30642606752446,17,57176,80,1.224716559087638,Normal,CICIoT2023
0.3475172227937975,3432,155750.08823830733,1,49641,80,1038.8131204740355,DDoS,CICIoT2023
27.020955218194924,85,497.5968038474446,6,19436,443,3.2768533687302384,Normal,CICIoT2023
6.966460924444774,94,948.2260789199096,17,14160,443,4.881223312962338,Normal,CICIoT2023
13.509887582596624,18,2498.1795446533665,6,46734,443,2.8699913981135072,Normal,CICIoT2023
1.1744434151358514,3462,190690.0628753184,1,10299,80,677.9656486123705,DDoS,CICIoT2023
1.4012866402721904,8984,283020.22712635726,17,23577,80,1905.6634173795155,DoS,CICIoT2023
0.4745851840640953,5485,97902.70372663537,17,23697,80,998.1646749621868,DDoS,CICIoT2023
9.352916519588078,511,709.0589933631709,6,15743,21,178.07508672177016,Brute Force,CICIoT2023
23.27993072010599,39,499.56342567061586,6,19347,22,1.032372452757735,Normal,CICIoT2023
27.904379074094603,28,4831.572594850992,6,61766,22,6.554146141405264,Normal,CICIoT2023
2.276164707832028,5,1066.0487975713995,1,0,0,70.82406325936662,Spoofing,CICIoT2023
17.101179604843768,83,2614.777666913536,17,34599,22,0.05917728857913111,Normal,CICIoT2023
9.165240499207652,437,5433.193322665865,6,26907,22,227.52869158431983,Brute Force,CICIoT2023
2.5093936794008234,12,3590.0678830690413,6,60574,80,0.7509879615641579,Normal,CICIoT2023
8.528486415562302,632,27227.189759620636,6,36210,21,208.85358921547746,Brute Force,CICIoT2023
15.906515095562971,34,7079.660926578272,17,32625,80,3.037037113175734,Normal,CICIoT2023
2.051316190394257,3,3479.907912785409,1,0,0,23.17926309425345,Spoofing,CICIoT2023
1.2510652762055998,9069,1443887.8968704299,6,52717,80,661.4212771397882,DDoS,CICIoT2023
7.91315360542794,55,2892.4231239120245,6,20625,21,171.00514312735103,Brute Force,CICIoT2023
11.826145873267079,78,4355.350505635326,17,7543,22,1.6392603181917675,Normal,CICIoT2023
1.2444473195039092,5906,1926485.4800767621,1,59843,80,850.8453972083053,DDoS,CICIoT2023
2.8979760491270934,465,11119.80720548938,6,44485,21,286.68906117306017,Brute Force,CICIoT2023
0.6063162910160113,3806,164574.38820776303,1,32745,80,538.6543981465268,DDoS,CICIoT2023
0.9092579216866702,9790,317769.8590695155,17,48240,80,956.7387991234262,DDoS,CICIoT2023
0.30516231991323145,2106,1100711.9613821635,6,49198,80,1245.3432777500734,DoS,CICIoT2023
1.3762436518193646,3971,79919.19951632815,1,20504,80,1695.8166088681442,DDoS,CICIoT2023
1.0891064959418044,7782,18365.838868808263,17,12642,80,1403.6741629498815,DDoS,CICIoT2023
0.25289847958418044,6578,21996.652324404327,6,41173,80,1962.0358940728272,DDoS,CICIoT2023
2.2191358311522174,497,3283.5498398327222,6,40193,22,154.9068457017026,Brute Force,CICIoT2023
1.7792311467188502,79,2823.670998723134,6,51729,22,0.0581418433592142,Normal,CICIoT2023
14.129117466546484,10,7707.489565322788,6,26030,22,0.08218156755093482,Normal,CICIoT2023
6.29516998884838,382,8352.062956481543,6,6901,23,65.4714254201188,Brute Force,CICIoT2023
2.7233029117900913,16,633.5133508574036,1,0,0,91.38189622668087,Spoofing,CICIoT2023
0.5683357360559909,5670,35948.37180490617,6,51965,80,745.0049721335859,DDoS,CICIoT2023
0.3404551475065547,1464,138142.7847696821,6,26119,80,1895.5976302539882,DDoS,CICIoT2023
2.503288342956301,32,359.41043298222985,6,29771,80,0.1744407933309361,Normal,CICIoT2023
4.5572289083704165,78,5535.340018576824,17,53371,80,1.1671763068455399,Normal,CICIoT2023
0.5082577566932355,6555,97991.26053415917,17,4116,80,1708.1484939499794,DDoS,CICIoT2023
22.4168068201825,33,908.181711588561,17,5950,443,1.050037007107788,Normal,CICIoT2023
1.0227488530816844,8108,888263.4109225579,17,17452,80,1006.2986988257284,DDoS,CICIoT2023
25.356948265618293,47,5229.195595190131,6,64355,443,0.8228988192048006,Normal,CICIoT2023
3.8072071498303472,890,2613.566524312562,6,15250,23,110.13289629503717,Brute Force,CICIoT2023
7.051454589625333,490,1521.116198154101,6,18719,23,149.24804055186854,Brute Force,CICIoT2023
0.24291228635620268,7781,393022.7631898696,17,27577,80,552.4088696089826,DoS,CICIoT2023
1.4847370559799087,6929,303968.76588612015,1,11398,80,675.9202217006675,DDoS,CICIoT2023
3.777997437644111,35,5485.569647955132,6,11092,80,2.0316800782339177,Normal,CICIoT2023
4.927355319944306,3,1139.6001882465741,1,0,0,50.17977296168939,Spoofing,CICIoT2023
0.9319703947910974,9151,425322.4333367971,17,15782,80,1901.6495581301622,DoS,CICIoT2023
18.5236637706736,5,791.5680187682997,6,27651,22,0.03266611700668129,Normal,CICIoT2023
8.365423823015817,656,6366.724447226341,6,62410,22,213.02326547041267,Brute Force,CICIoT2023
3.9265048462918437,8,583.4507134943143,1,0,0,87.90061448549831,Spoofing,CICIoT2023
1.9255833294172904,459,3394.404558208058,6,42801,21,290.9557902196184,Brute Force,CICIoT2023
0.21126941787638345,1194,574252.9664908359,6,19637,80,1404.7251801844204,DoS,CICIoT2023
1.0269733647112052,3077,247488.60433623294,6,63583,80,839.4086450047794,DDoS,CICIoT2023
1.041607916170077,6856,500855.0470250956,6,59765,80,828.0708333598088,DDoS,CICIoT2023
1.5394897077517746,769,2386.8110420073044,6,58552,23,61.24920530885609,Brute Force,CICIoT2023
3.697341169304067,3,405.34014413549784,1,0,0,63.47276764808118,Spoofing,CICIoT2023
8.949478634536938,77,3230.592567736234,6,26121,80,0.5984072929120996,Normal,CICIoT2023
1.423712056880835,64,7613.1402495389175,6,17019,443,0.7017607567778857,Normal,CICIoT2023
17.35182788723068,82,2636.5272638638485,6,15883,80,1.7202045828044397,Normal,CICIoT2023
2.8632058771025566,11,1582.3860422524895,1,0,0,85.58383169831396,Spoofing,CICIoT2023
2.147371121262216,723,24921.496157845497,6,21835,23,85.82036467566027,Brute Force,CICIoT2023
19.814200538763643,40,6588.4664776593545,6,12111,80,4.610459397808588,Normal,CICIoT2023
1.1903648802544975,8697,445175.43646131025,1,58847,80,1634.50140437433,DDoS,CICIoT2023
2.2779326414796666,73,5521.100550295199,17,56050,443,1.1681068035863968,Normal,CICIoT2023
1.3822291833087985,445,3908.6778801448468,6,8172,21,189.14460712553833,Brute Force,CICIoT2023
1.7793815345967454,16,198.35687861780133,1,0,0,84.83664998010012,Spoofing,CICIoT2023
4.600147956199634,3,766.2198397554671,1,0,0,90.48386064307726,Spoofing,CICIoT2023
0.9709053288856103,7911,766656.9501452845,1,46122,80,500.04607826807364,DDoS,CICIoT2023
1.0710841983621016,9976,414118.1902943156,17,17333,80,638.1481312993847,DDoS,CICIoT2023
26.333413781932197,17,15906.76784886862,6,64132,80,1.6108944205706182,Normal,CICIoT2023
26.09030865324262,99,2490.0102895405007,6,22340,22,0.5496610133267895,Normal,CICIoT2023
0.5653298486190449,13,203.2789707668261,1,0,0,25.920725574158553,Spoofing,CICIoT2023
4.937947177039775,12,1518.0260348042013,1,0,0,88.62566758634938,Spoofing,CICIoT2023
9.960120104416191,607,6232.746289300531,6,21374,23,169.1153178098499,Brute Force,CICIoT2023
3.864736852231126,755,11162.894002554693,6,8517,22,223.66344320254385,Brute Force,CICIoT2023
0.5533593075891615,6594,73667.8827545402,6,62739,80,1630.2081659893952,DDoS,CICIoT2023
1.3105605381328402,5085,2628532.6069750865,1,7852,80,1670.5217941102378,DoS,CICIoT2023
7.063315601879408,490,3348.3152327548073,6,44083,21,204.27648610716406,Brute Force,CICIoT2023
4.264800719465707,9,268.31984283982894,1,0,0,96.71319527268948,Spoofing,CICIoT2023
2.71508653161623,30,1869.6482252184376,6,34715,80,0.1799197817926106,Normal,CICIoT2023
0.09497010186539286,7578,450446.93404694163,1,56758,80,850.6111880551164,DDoS,CICIoT2023
16.23231016237582,31,13581.442411920041,17,30122,22,2.3379219498019843,Normal,CICIoT2023
3.2708073436271836,791,10582.854321454295,6,18651,22,294.257919136294,Brute Force,CICIoT2023
0.8217106182043553,4957,1130440.5427085473,1,21770,80,1861.603149766269,DDoS,CICIoT2023
86.1089414641828,16,6148.919511776899,17,32395,22,5.680086220762209,Normal,CICIoT2023
0.7992738095014678,4892,199732.8830616646,6,26892,80,1649.7909743324408,DoS,CICIoT2023
1.056140106629551,6599,715813.8618893652,17,14969,80,1118.4195917474983,DDoS,CICIoT2023
41.93832207301406,91,7903.59212428438,17,41499,22,6.968406749536393,Normal,CICIoT2023
8.118350812257013,58,3243.6192093526233,6,49315,443,0.35329061038668846,Normal,CICIoT2023
0.9905723049041731,1272,66213.43254956376,17,33181,80,1911.5723900575656,DoS,CICIoT2023
1.3102560575423225,1946,10093.27278460296,1,31278,80,1424.642266057805,DDoS,CICIoT2023
0.6915901532461334,9697,41707.59755536955,1,56536,80,1910.7559293191039,DoS,CICIoT2023
0.9766604253774851,2192,109541.5621777453,6,1414,80,1287.8876281723751,DDoS,CICIoT2023
0.6449228619572718,2,271.2363312440897,1,0,0,45.256820550605035,Spoofing,CICIoT2023
0.25236461450717285,1643,127121.79945018081,17,51459,80,1328.5492067258515,DDoS,CICIoT2023
0.8968923017519084,5386,71919.45821277707,1,52515,80,1310.4183397811316,DDoS,CICIoT2023
0.48847339469283957,15,321.183545408764,1,0,0,25.48774292073638,Spoofing,CICIoT2023
1.3193661821914426,9750,1029871.3671762372,1,32003,80,1421.6000111469857,DDoS,CICIoT2023
12.124458482584275,50,7135.2129726852445,6,16872,443,0.16716925216108433,Normal,CICIoT2023
10.717986837909795,16,8920.319954677121,17,49241,80,0.43431591299319866,Normal,CICIoT2023
1.0209518412893661,1441,2211095.8590715732,17,62188,80,1091.2040701739422,DoS,CICIoT2023
0.9089679523559319,3645,326985.25299374445,17,11870,80,1993.4567503922124,DDoS,CICIoT2023
0.025635525298517217,3080,90754.32349648772,17,51037,80,533.0992230234363,DoS,CICIoT2023
61.70156042394756,25,164.95625012789026,6,2208,22,0.2835411294480137,Normal,CICIoT2023
9.693411133732107,56,222.02801012863904,17,25873,22,0.41967406879614694,Normal,CICIoT2023
10.224232489181574,42,1318.8540500236045,6,64875,22,0.4385218762813592,Normal,CICIoT2023
9.728127494595725,86,1635.8321053568607,17,40540,443,0.4922469823151453,Normal,CICIoT2023
1.4037134603476047,4096,304741.9255341509,6,10806,80,871.0996205875186,DDoS,CICIoT2023
31.18150332881352,43,4745.480844909248,17,13490,22,1.301461165805582,Normal,CICIoT2023
0.04132144902206356,7559,881067.019815263,6,23081,80,925.0461033366773,DDoS,CICIoT2023
8.535134963996363,300,10981.783129283094,6,54030,21,160.45842620048865,Brute Force,CICIoT2023
3.675542298991705,87,6879.670433147544,6,16334,22,0.10500954137404687,Normal,CICIoT2023
0.6027122269843563,1588,1532622.0620029243,1,10119,80,905.9299920403951,DDoS,CICIoT2023
0.2993026748786626,5270,362303.0355778842,6,30146,80,606.7335183168647,DoS,CICIoT2023
13.795016131363736,81,26190.132557798694,6,54075,443,6.427329870575044,Normal,CICIoT2023
0.08255532411589535,3062,762114.0040903153,17,20904,80,1854.145681946763,DDoS,CICIoT2023
2.6720099349566078,13,93.31371426792876,1,0,0,95.13738008610393,Spoofing,CICIoT2023
8.579488389853429,418,803.2923979861894,6,48139,22,81.73610343874317,Brute Force,CICIoT2023
2.9735787784215084,82,1510.8030026485471,6,37654,22,2.3470573649757984,Normal,CICIoT2023
7.559076000309184,74,1538.0005550845108,6,59532,21,188.68295082058856,Brute Force,CICIoT2023
0.12436951221421964,2342,564989.8272229315,1,2103,80,1116.1832149994175,DDoS,CICIoT2023
11.08970359813858,88,4432.970336693901,17,18221,80,0.20722229139925516,Normal,CICIoT2023
1.4355134464951311,6911,199433.7969120374,17,28076,80,855.3859908450852,DDoS,CICIoT2023
1.8726910386888227,167,9611.02746422619,6,20305,23,196.92425457188648,Brute Force,CICIoT2023
0.1774230781039886,5270,1288314.8745537638,1,40908,80,920.9012198568739,DDoS,CICIoT2023
7.4603096615736915,79,9381.651362026823,6,39220,443,4.147831022890391,Normal,CICIoT2023
1.247627913043369,5658,682927.3835578646,17,62102,80,525.0137202347587,DDoS,CICIoT2023
4.24947507711793,80,6662.810147679964,17,43963,22,0.9308131127645051,Normal,CICIoT2023
12.068538766967187,56,10165.392812131746,6,57380,443,4.4170614654733695,Normal,CICIoT2023
16.845154906246776,44,4076.8787522507832,6,17021,22,1.6812177560088604,Normal,CICIoT2023
1.9150049686209374,32,5726.671492511433,17,9900,443,0.022280753594573193,Normal,CICIoT2023
20.649639191393042,90,10684.74088672749,17,29780,80,1.0521666949604789,Normal,CICIoT2023
7.563097304683357,68,6662.982512668641,6,38806,443,5.582803184909947,Normal,CICIoT2023
0.5312830324294732,4534,98045.20582092211,6,32358,80,1330.2076643147748,DDoS,CICIoT2023
13.669563886197704,86,458.30482262487425,6,30375,22,0.8764886141589814,Normal,CICIoT2023
23.726421764896816,88,6108.867227658617,6,30344,80,1.6758416643098868,Normal,CICIoT2023
4.001593686336297,9,1883.7706026463973,1,0,0,53.93599077797326,Spoofing,CICIoT2023
0.20844136724460988,7772,41431.94697208307,6,52161,80,932.2767889392942,DDoS,CICIoT2023
0.01963189310666872,3181,1203065.3651651954,6,20005,80,636.9632038170054,DoS,CICIoT2023
6.756059233622032,70,14291.441185867116,6,58228,22,0.12567073526675226,Normal,CICIoT2023
1.471290097060316,68,4098.449535949601,6,40279,80,0.5850214790720784,Normal,CICIoT2023
16.411959436456023,29,214.11492965000411,17,28797,22,1.7739184624100641,Normal,CICIoT2023
6.698664110196137,97,8407.89704168021,6,57368,443,4.8846478097401205,Normal,CICIoT2023
13.733791346422096,23,999.3459110398885,17,25323,22,0.9713965414833868,Normal,CICIoT2023
9.590387236494601,49,4533.558065018187,17,41029,80,0.17018990307420442,Normal,CICIoT2023
2.378246794795226,14,3749.859810873943,17,58641,80,3.341202926503655,Normal,CICIoT2023
1.2093866884635645,67,10056.416925936053,6,47240,443,5.398763929908591,Normal,CICIoT2023
0.04000539493444184,8778,417550.03384123364,6,31990,80,1493.8518766081777,DDoS,CICIoT2023
25.731869474375646,6,8566.245958105947,17,6057,80,2.547056388928972,Normal,CICIoT2023
6.07876237068051,12,5187.311068978864,6,8557,80,0.2961411161681998,Normal,CICIoT2023
0.011384831136241984,8465,989894.1551541255,6,53515,80,1034.8569889262285,DDoS,CICIoT2023
1.3684715566000358,9264,723569.7299578956,17,60149,80,1116.0239495154242,DoS,CICIoT2023
4.5299553470243765,44,8241.963014951298,6,18582,80,0.7230463370161655,Normal,CICIoT2023
1.1750174603653658,5086,92066.68733801357,1,8625,80,992.8372248286977,DoS,CICIoT2023
0.09115441057658799,5588,566927.2200237665,6,31353,80,1362.590860188222,DDoS,CICIoT2023
4.475536611280751,74,2386.1194515170478,6,30289,22,2.072506771473119,Normal,CICIoT2023
3.7515522391850897,16,5089.654532587831,1,0,0,83.08698499078112,Spoofing,CICIoT2023
8.42690234133668,64,13914.231885938641,6,32694,21,261.53105263255793,Brute Force,CICIoT2023
4.028316994047419,11,229.51194070392032,6,33752,22,0.622352567980353,Normal,CICIoT2023
26.100906984934543,86,2005.8820690720643,17,24146,443,1.578979332577062,Normal,CICIoT2023
4.638405489233291,8,3893.0538015922225,1,0,0,78.81858553463861,Spoofing,CICIoT2023
0.2285757198826205,1913,1460429.8636628971,6,20605,80,997.4252736617509,DoS,CICIoT2023
11.41459730736841,28,1415.1419588097615,6,16498,443,0.748119067077543,Normal,CICIoT2023
25.322356083682045,42,125.76440451165524,6,41561,80,2.295516444010229,Normal,CICIoT2023
5.030409420221746,63,8455.136855348374,17,53359,443,3.911002356289164,Normal,CICIoT2023
0.2062134861199485,4968,465452.6134443298,17,46787,80,1437.4696225640528,DDoS,CICIoT2023
0.9611423603564433,7380,37563.36447784561,1,64512,80,1213.2135728491005,DDoS,CICIoT2023
29.366871876223076,48,1181.6778488047164,6,5962,443,1.5921751724957949,Normal,CICIoT2023
0.2919017306616288,6603,441171.1987830799,1,17790,80,1215.8001191269418,DDoS,CICIoT2023
1.1916639122722772,7146,627884.5313685549,17,9826,80,1758.2807928561033,DoS,CICIoT2023
17.67605475253659,65,2354.793428156551,6,53115,22,1.8935438480642213,Normal,CICIoT2023
6.485756884757423,83,467.78040422709995,6,40206,443,1.9959561279710363,Normal,CICIoT2023
0.4131332921671072,5482,506624.1521752497,6,39272,80,698.4319214765574,DoS,CICIoT2023
4.890190805690712,18,500.81694871022495,1,0,0,15.05458089129818,Spoofing,CICIoT2023
0.3909022497550887,8265,101636.85168162656,1,6620,80,549.9019567540377,DDoS,CICIoT2023
0.191613242973083,5645,42605.32506041121,1,15669,80,1211.0093989226675,DDoS,CICIoT2023
10.002138868994988,93,4623.866194801905,6,38227,80,1.0576711520609996,Normal,CICIoT2023
1.2282588336736844,8951,969486.7521824201,6,10154,80,1187.0429248758028,DDoS,CICIoT2023
0.39240433870728275,5225,1345551.1906863675,1,35297,80,1619.5443264698622,DDoS,CICIoT2023
6.600162447495759,93,2956.9693369842635,17,48575,22,0.11257508333606396,Normal,CICIoT2023
4.4269043969659405,73,10005.267519503554,17,58632,22,4.9302442276056935,Normal,CICIoT2023
28.856898481256376,26,8736.270409425431,6,10661,22,0.1399969312954665,Normal,CICIoT2023
20.311902629218295,69,1418.7945788540517,6,1239,80,0.8579749268688033,Normal,CICIoT2023
8.045853211484577,36,6306.659597106521,17,34920,22,0.07247800582298397,Normal,CICIoT2023
78.58929319587102,84,1423.9742292072917,17,44905,80,0.9945388335703133,Normal,CICIoT2023
25.32279286499885,81,6817.926044277113,6,17702,80,1.422190862436618,Normal,CICIoT2023
30.64739307307099,27,5667.42789264141,17,3833,443,1.2350911640267435,Normal,CICIoT2023
4.945318652387949,19,8669.667168640786,1,0,0,77.9112425085163,Spoofing,CICIoT2023
0.3804212780738264,1192,1097987.3517353,6,9267,80,1794.3835902664835,DDoS,CICIoT2023
0.4079417611099353,3521,222002.64949748575,1,63918,80,1105.2214535404994,DoS,CICIoT2023
0.35978408837020726,4199,1182409.0025400121,1,13221,80,1987.8337939212377,DoS,CICIoT2023
1.4275813243488682,4440,143004.2329500564,1,62406,80,780.6864056157526,DDoS,CICIoT2023
13.163751228244944,59,1367.5279142307804,17,23837,80,4.173414546591069,Normal,CICIoT2023
1.358895508525668,7568,395058.7307907128,6,14878,80,1008.9842534835666,DDoS,CICIoT2023
1.0662596780322409,9313,186958.09153208518,17,28118,80,746.4302649086139,DDoS,CICIoT2023
1.1769105320763087,2301,642804.7759575475,1,25490,80,989.4232273534196,DoS,CICIoT2023
0.04092946786470667,2916,31839.91528044195,6,61916,80,677.9909217118081,DDoS,CICIoT2023
3.828894936770092,5,1518.192407260406,6,43535,22,3.847515031146406,Normal,CICIoT2023
1.1997563961456168,84,713.993835996485,17,50761,22,0.02897129643735217,Normal,CICIoT2023
25.36684956303747,11,1210.8431699845903,6,3179,22,4.214297541264285,Normal,CICIoT2023
1.429250016630052,6325,403240.5144174518,1,54879,80,1536.869995678984,DDoS,CICIoT2023
0.25967414356371465,9316,306380.4368907872,17,6293,80,1609.203849858091,DDoS,CICIoT2023
16.557157792418337,58,729.0771132880991,17,59589,22,0.9475837569686868,Normal,CICIoT2023
4.721648772609632,328,30122.409940177746,6,56780,21,115.22964491254201,Brute Force,CICIoT2023
1.4547277489674635,8264,32028.25002621114,6,26166,80,1088.3266901503102,DDoS,CICIoT2023
45.28425897870731,65,3602.7587273492263,17,41568,22,1.9364387417265525,Normal,CICIoT2023
10.743907035306517,33,2197.245267582794,6,48706,22,2.0062217176305395,Normal,CICIoT2023
9.975261094949024,45,12583.71883853331,6,57657,22,3.303315633987162,Normal,CICIoT2023
2.0730351541064485,5,4226.127173902871,17,43743,443,0.8799819717647553,Normal,CICIoT2023
3.411456148910582,34,8520.37414028252,17,8123,80,1.1102431223766671,Normal,CICIoT2023
52.510221620655805,46,4255.1014134858715,17,37943,80,1.4934441238611726,Normal,CICIoT2023
22.363735501990146,32,1241.331131411435,17,44218,443,1.2792713790956327,Normal,CICIoT2023
8.12764312579719,75,2764.56718123107,6,8406,443,0.15004405124275433,Normal,CICIoT2023
2.921350727594617,12,114.70926201078474,1,0,0,64.88314853933053,Spoofing,CICIoT2023
5.132425872084296,42,1229.1695806695325,17,33191,443,0.7075788948270115,Normal,CICIoT2023
0.14374165583463414,5920,13032.70029619367,6,27643,80,684.8711871988271,DDoS,CICIoT2023
0.46844184332214334,5212,432461.4148077224,17,62631,80,1572.0435128536012,DDoS,CICIoT2023
3.16197489887547,963,21583.0058932729,6,33943,23,183.63980478907717,Brute Force,CICIoT2023
4.262231620464424,88,12513.893644023843,17,2576,80,4.418856674756886,Normal,CICIoT2023
2.830927192956293,8,15289.28043359221,17,57719,22,4.255502339802167,Normal,CICIoT2023
1.4464531751453449,128,6915.463562458473,6,49115,22,268.1564713714741,Brute Force,CICIoT2023
0.5268355183610268,15,6516.831249001762,1,0,0,50.03671895447867,Spoofing,CICIoT2023
2.496337162201488,3,4983.151884114559,1,0,0,59.82026793961222,Spoofing,CICIoT2023
6.333676129608937,80,8451.428752002452,6,59010,22,3.1822204251581794,Normal,CICIoT2023
27.84079960788995,76,7997.821368013676,6,21109,22,0.8286695503048301,Normal,CICIoT2023
0.8214472185790166,2212,692902.995342612,6,40496,80,530.0348445982814,DoS,CICIoT2023
1.5625624735936974,193,5984.7426882377595,6,4252,21,139.24560736716597,Brute Force,CICIoT2023
0.9557687702450041,3713,124118.49327172885,1,41120,80,1622.9130628727485,DDoS,CICIoT2023
0.7290758411356658,6694,66094.99480850142,6,45977,80,1935.7022488096943,DDoS,CICIoT2023
9.355793564645854,34,1881.0087355807,17,42539,80,2.4570700821866014,Normal,CICIoT2023
0.38573758746833964,8067,289976.6771776261,17,28393,80,1965.925734765394,DoS,CICIoT2023
5.163079277716436,27,2552.625037393776,17,6523,443,0.33245040221713373,Normal,CICIoT2023
20.535720741694917,7,3489.9364087680824,17,8513,443,1.704582587156467,Normal,CICIoT2023
0.5190452579089967,2532,372501.1562842383,6,55487,80,767.6241448452437,DDoS,CICIoT2023
0.17115097171430155,5275,855718.3384991585,17,16756,80,1090.4532804161631,DDoS,CICIoT2023
10.620726256878168,52,4484.380106701943,17,24730,80,0.18452540431865655,Normal,CICIoT2023
23.4952007011907,63,5803.181491635385,6,13503,22,0.3618445317094126,Normal,CICIoT2023
1.0628401522013844,4364,73409.29321918683,1,64604,80,929.7106066168755,DDoS,CICIoT2023
11.949569072781792,76,2043.5380271816011,6,21925,443,2.198789874467311,Normal,CICIoT2023
0.6587405218656296,8670,645136.7952496542,17,1387,80,639.0722162154049,DDoS,CICIoT2023
12.396449872336218,14,6574.684487511171,6,26562,443,3.338078662038292,Normal,CICIoT2023
0.7285882601214999,5611,105937.43309108281,17,31849,80,1567.6669174864242,DDoS,CICIoT2023
1.3485493599998213,3244,76255.88072043241,6,9545,80,1387.5754533386007,DDoS,CICIoT2023
4.198332146166141,55,3439.4639404205423,6,28542,80,1.0481243787316288,Normal,CICIoT2023
5.919986219423326,57,6609.991395644065,6,60627,80,0.974067042461406,Normal,CICIoT2023
11.599134503321165,58,7030.545527452029,17,21140,443,0.14453809136601722,Normal,CICIoT2023
34.580741967417474,91,3589.510536359083,6,46489,443,3.6208523859514683,Normal,CICIoT2023
8.76240659708471,135,4099.602877117508,6,16758,23,53.000756818170636,Brute Force,CICIoT2023
13.071739327347979,42,3418.116530797595,17,49271,80,1.4596656140496989,Normal,CICIoT2023
3.109512597163156,8,1321.3525659769437,1,0,0,48.623454276248964,Spoofing,CICIoT2023
2.1677341685182343,61,3151.552402200155,17,56111,443,0.4337223325187647,Normal,CICIoT2023
0.7623180623627075,8347,247402.8010432798,17,45849,80,1199.3799222917532,DoS,CICIoT2023
1.1899840782160085,7200,37092.92223847981,17,42326,80,676.9587254420924,DoS,CICIoT2023
0.077275532974315,7401,162182.48160799046,6,52452,80,559.8837988456269,DDoS,CICIoT2023
0.6791269860609651,8164,433040.8628003247,17,41725,80,973.2997709947033,DDoS,CICIoT2023
0.16886919221553084,1308,62399.59709907937,6,50314,80,1802.8355423741912,DDoS,CICIoT2023
13.473725163129773,37,4691.365343776415,17,55896,443,1.9926733217074548,Normal,CICIoT2023
5.100845944958897,324,2249.751289458466,6,47354,23,92.43980034820663,Brute Force,CICIoT2023
0.5686394105162081,3,115.73348309165334,1,0,0,53.707086857200636,Spoofing,CICIoT2023
9.215207203670756,54,1798.4375751505258,6,28853,22,129.3472125069713,Brute Force,CICIoT2023
4.733058157006824,62,3715.3748500393162,17,61313,22,2.720747826377389,Normal,CICIoT2023
0.8039122857280775,6092,260512.0354671746,17,53335,80,1018.788286962904,DoS,CICIoT2023
1.3169365617297115,303,14539.190822571562,6,60959,21,269.95943698536695,Brute Force,CICIoT2023
16.690992946421375,78,6451.17594643473,6,6836,443,0.7412339713489893,Normal,CICIoT2023
4.3808463619453315,11,7243.923467867238,17,12642,22,1.9642097881901073,Normal,CICIoT2023
0.24073778537744372,7154,605026.6770314336,6,21924,80,1993.2664520237995,DoS,CICIoT2023
0.6809124475579702,6356,90059.9248605534,1,43494,80,813.6460468844214,DDoS,CICIoT2023
0.7387303372120012,17,836.6927393494768,1,0,0,98.72232935052745,Spoofing,CICIoT2023
28.358868848929315,35,206.1649495164864,6,15659,443,3.392773963111159,Normal,CICIoT2023
1.3290059292742722,8688,396488.3160965252,17,20211,80,1081.9591315968296,DoS,CICIoT2023
27.541092473526366,73,18953.820947164164,17,19276,22,5.671803263285601,Normal,CICIoT2023
17.933779328778947,82,622.5243874065816,17,36675,80,0.8074508107230448,Normal,CICIoT2023
19.100067524652506,76,12963.108010757363,6,62025,22,3.1989557099814614,Normal,CICIoT2023
3.718875661645121,6,1018.7403683476701,1,0,0,31.803144182629065,Spoofing,CICIoT2023
0.31319711188741567,4985,34066.253263454084,6,54486,80,1065.802673686458,DoS,CICIoT2023
1.2047418509946808,1572,960243.5848428999,1,37794,80,1313.8599904489333,DDoS,CICIoT2023
16.901843654661494,82,2602.356588495185,6,57598,80,0.5555803884831002,Normal,CICIoT2023
1.5292979085357719,17,120.47261731786105,1,0,0,36.99364577257596,Spoofing,CICIoT2023
10.645615807407342,43,5549.393765665625,6,19823,22,0.11820922307277382,Normal,CICIoT2023
2.9582055161026024,11,2241.9481242150578,1,0,0,11.49944241197944,Spoofing,CICIoT2023
0.5150277152691886,2173,50324.723322077996,1,47048,80,1377.945242501467,DDoS,CICIoT2023
5.444043145833862,53,5983.735941515056,6,3453,22,1.418344566368064,Normal,CICIoT2023
1.1279928559717345,3607,282998.9589780929,17,37814,80,1864.895237239578,DDoS,CICIoT2023
19.94851249242332,84,3941.028335037426,6,8078,22,1.2208797017852966,Normal,CICIoT2023
0.7179114637484347,4491,717198.0908807659,6,8021,80,1795.4615786257343,DoS,CICIoT2023
1.4952456792148523,6755,45615.852056629985,1,22996,80,1125.7464184635533,DDoS,CICIoT2023
32.525234236594265,35,1346.8767429154718,17,46004,22,3.459857089968417,Normal,CICIoT2023
1.6257715054736634,16,1397.3254931734332,1,0,0,85.55079107885958,Spoofing,CICIoT2023
16.783083936155492,49,1170.1534770501978,17,28067,22,1.2759032077210986,Normal,CICIoT2023
0.34894758950337457,7571,49143.73436937103,1,58913,80,1730.8169716189807,DDoS,CICIoT2023
1.0642787359142054,91,3993.298901184419,6,29926,22,162.55907166815433,Brute Force,CICIoT2023
0.38957557393171105,9154,2068650.5250561608,1,24980,80,645.0418396813507,DDoS,CICIoT2023
20.118973408148094,82,1118.55175627672,6,21552,80,0.09640327163848132,Normal,CICIoT2023
1.1750324533127305,623,6305.86769538705,6,4540,23,164.26491481644408,Brute Force,CICIoT2023
0.44248010700506885,6111,1128888.118831853,6,4650,80,1303.3137096466974,DDoS,CICIoT2023
10.722130920163305,14,3663.2450636959206,6,55168,22,0.8183932169327452,Normal,CICIoT2023
15.3203971055238,84,16458.548756225144,6,4467,443,0.6533845183763852,Normal,CICIoT2023
1.4387190910537109,2812,443547.4393463496,17,47160,80,918.5124355216949,DoS,CICIoT2023
0.6134031951905208,2410,869045.7814904072,1,30440,80,1171.327782659093,DDoS,CICIoT2023
1.0977025644104836,5332,367144.686309625,1,39891,80,974.6856963116243,DDoS,CICIoT2023
0.526138399254072,17,5790.231726990648,1,0,0,40.13904611232865,Spoofing,CICIoT2023
0.8605723650553547,3248,13101.510830969832,17,11538,80,1922.5543291833785,DoS,CICIoT2023
2.4365288893951274,67,4810.556266704307,6,16147,80,0.02859674141901827,Normal,CICIoT2023
5.468653003327386,67,5929.186661132988,6,27152,80,10.7727733369941,Normal,CICIoT2023
6.084866280943199,75,3910.5954169723277,17,40359,80,0.11463721217236669,Normal,CICIoT2023
0.20254346215309657,8837,354909.39120805054,6,52168,80,907.4962870454833,DoS,CICIoT2023
2.6431444743644508,73,3719.7541789296138,6,18130,443,0.927164461547369,Normal,CICIoT2023
1.160506521147599,6398,252673.01307151667,1,59679,80,1147.710642661666,DDoS,CICIoT2023
1.1748519406338023,1919,214618.72249564683,1,51925,80,1694.9673035227072,DoS,CICIoT2023
1.7561095973021972,2,415.28970095637965,1,0,0,77.55386110697138,Spoofing,CICIoT2023
5.0377457094746285,63,1125.344742569378,6,3963,443,1.1794411996740766,Normal,CICIoT2023
4.838145721629745,19,2124.636668130308,1,0,0,88.52679566464262,Spoofing,CICIoT2023
5.198636615643094,76,4474.613519645214,17,22689,22,0.9845587238754536,Normal,CICIoT2023
0.7439206759908155,10,4035.717504517641,1,0,0,31.9595772117225,Spoofing,CICIoT2023
52.048393967604476,39,4096.443103508036,17,62171,443,4.518203510760624,Normal,CICIoT2023
51.99797345046865,29,11091.674522600026,17,7402,443,2.328025282892511,Normal,CICIoT2023
0.41747702790871993,1403,140889.71380282665,1,37955,80,1732.6286254780855,DoS,CICIoT2023
3.2443714170090443,11,1996.3063511938428,17,15977,80,2.483765360862427,Normal,CICIoT2023
1.1022962546496213,16,3708.576152684909,17,46665,22,1.7186160083681676,Normal,CICIoT2023
1.4751777449371977,6315,269687.74713895645,6,51678,80,1774.9197439177826,DoS,CICIoT2023
0.5775266403107473,1118,13898.479798827346,17,53733,80,1979.7311023575944,DoS,CICIoT2023
0.42461881461996676,9609,931385.372880897,17,21829,80,1765.7192954874592,DDoS,CICIoT2023
0.69589028545772,7082,1398907.5780215953,17,62537,80,678.5319567397116,DoS,CICIoT2023
0.11270253842062644,9879,134288.4176284832,6,6519,80,1816.5382682417724,DDoS,CICIoT2023
2.407508451916978,92,1463.97893255261,17,58066,80,2.563230123011592,Normal,CICIoT2023
1.1112903539541732,81,2383.8884321159912,17,4581,22,1.0837583575833727,Normal,CICIoT2023
9.815481729638224,44,6404.59089183233,6,43486,80,3.0077060345126205,Normal,CICIoT2023
8.724906449909723,895,126.76408513202976,6,64773,22,95.7161316887181,Brute Force,CICIoT2023
0.3562820288594756,2872,614602.0076459111,6,33356,80,1113.773881187733,DDoS,CICIoT2023
0.5007751112600928,3581,191270.79955787558,1,59202,80,940.8751407574007,DDoS,CICIoT2023
0.6750262763799763,9919,1212550.8654468523,1,12838,80,578.8615967165047,DDoS,CICIoT2023
1.9397383254830622,542,9407.932524898304,6,59511,23,89.09053541121877,Brute Force,CICIoT2023
21.90269510971716,84,4311.693452020968,6,38146,80,1.4607833335383975,Normal,CICIoT2023
1.086101987023733,3164,431177.5299029261,17,55411,80,1278.121770672064,DDoS,CICIoT2023
0.08623660460375909,8754,308253.6321378037,6,38977,80,1894.4744115519925,DDoS,CICIoT2023
0.19567394466070778,3785,159275.559000476,6,40331,80,699.9263871232597,DDoS,CICIoT2023
40.41345843930412,15,992.965348424824,6,55386,443,2.9911228121820077,Normal,CICIoT2023
4.058990907734193,16,2065.132067970618,1,0,0,85.08923161744588,Spoofing,CICIoT2023
6.1961806109770095,101,3086.4370443136618,6,47729,21,112.95169151272037,Brute Force,CICIoT2023
1.2373821180466926,8645,355760.70235831896,17,31310,80,700.1245032848107,DDoS,CICIoT2023
1.0405486689402441,9273,134440.59129417688,17,57701,80,718.2732241810387,DoS,CICIoT2023
8.894148057086515,399,10994.188665362517,6,37327,21,277.6662488459721,Brute Force,CICIoT2023
0.6591513785222126,3790,890671.0110388966,6,31578,80,973.6151037260556,DoS,CICIoT2023
15.573830145619459,30,1588.5220872054833,17,59950,80,0.28666535601071086,Normal,CICIoT2023
0.5861777104813184,7881,1754865.1298749808,17,48687,80,668.7546957899476,DDoS,CICIoT2023
1.1065214054971837,9540,986692.7786326371,17,19634,80,1155.1367267706125,DDoS,CICIoT2023
0.7013606380126751,7207,471774.6087871327,1,7264,80,1997.2998614984265,DDoS,CICIoT2023
0.12169046477031946,8718,1843349.8397554022,17,37953,80,597.9151363496958,DoS,CICIoT2023
8.396553904776123,387,21146.49850480982,6,26046,21,184.79776987840825,Brute Force,CICIoT2023
3.2958408954914145,946,24283.588771318344,6,57829,21,103.1660716278357,Brute Force,CICIoT2023
0.1545571451732633,4007,881585.5745504522,6,64769,80,1195.4331115151747,DDoS,CICIoT2023
24.00600514082775,35,5223.363810539972,17,48803,443,5.36122980661829,Normal,CICIoT2023
4.044078705855563,738,39656.80263064023,6,29060,23,254.22257237604208,Brute Force,CICIoT2023
3.772773264683318,7,733.2516459013725,1,0,0,15.138490411714933,Spoofing,CICIoT2023
7.302250061720437,19,5428.450673998246,6,4751,80,0.3009304948411364,Normal,CICIoT2023
7.441623337697158,574,5960.890027945429,6,61750,21,69.24229575200434,Brute Force,CICIoT2023
3.3867486246708753,7,1390.4596434430005,1,0,0,61.54844796595781,Spoofing,CICIoT2023
0.2144684484591379,6336,1058275.40771773,6,13940,80,1507.4903464968481,DDoS,CICIoT2023
0.5075146825745653,9391,1220236.8874451595,1,24404,80,1640.0523527047608,DDoS,CICIoT2023
1.7499328761835193,62,4753.897577534949,17,14584,80,1.5814157703046228,Normal,CICIoT2023
2.4369829928196785,30,7094.241104104047,17,25167,80,0.40729138103834867,Normal,CICIoT2023
1.8803729233047926,27,2625.7966577057273,6,51023,443,0.10049220150150044,Normal,CICIoT2023
2.906574355766035,15,12776.44324599499,1,0,0,58.72263745565188,Spoofing,CICIoT2023
6.012349964289004,95,1702.492714337647,17,18972,22,0.6032999656296327,Normal,CICIoT2023
28.339433400536837,76,6867.860683394994,6,7721,22,2.3386090671463475,Normal,CICIoT2023
6.006894240657667,62,795.4886422232121,6,32840,80,1.9338414109918147,Normal,CICIoT2023
0.12534321245727836,1947,220264.73082199148,6,1090,80,1403.384453565886,DDoS,CICIoT2023
3.900923420224824,614,15207.957726536277,6,65017,23,258.6145632140242,Brute Force,CICIoT2023
1.867835999198947,41,3538.104344142785,17,10607,80,0.038707946463890086,Normal,CICIoT2023
9.484227223357074,98,1278.092996711087,6,5165,22,0.38690321349110857,Normal,CICIoT2023
0.36072106022855277,6611,34636.598861064915,6,60864,80,521.9706909087301,DoS,CICIoT2023
1.3825043814694542,2559,357193.50675156346,1,35792,80,880.0690982440017,DDoS,CICIoT2023
34.81786494471165,19,5851.045226909061,6,28352,22,1.360093535484893,Normal,CICIoT2023
1.3683330414256285,6956,269993.4605720818,17,18506,80,938.3734351090818,DDoS,CICIoT2023
6.239474100673749,54,4257.382682724594,6,47142,22,0.5994056798948,Normal,CICIoT2023
32.648081183047125,37,646.1458554704888,6,40961,80,1.9021949779497471,Normal,CICIoT2023
0.34239863844817253,9867,115501.23349460035,6,53248,80,1203.5896165851786,DDoS,CICIoT2023
0.11584575789097844,8965,58816.01169356458,6,54710,80,656.9906605197217,DDoS,CICIoT2023
4.8064918936740195,626,1134.177707885028,6,21810,23,163.09168980164256,Brute Force,CICIoT2023
20.843757481396427,57,4037.0945577947923,17,44323,80,0.36048909499035947,Normal,CICIoT2023
0.1956764441517959,6009,395311.9048558483,6,47715,80,1524.006728694139,DDoS,CICIoT2023
0.9468136824393895,2308,29893.77568452158,6,63248,80,1836.4608270360557,DDoS,CICIoT2023
13.642023805018582,77,2865.0425590291975,6,50276,443,2.3538676113039734,Normal,CICIoT2023
1.0146974248130367,8226,588626.9144370654,17,12134,80,697.710244845019,DoS,CICIoT2023
33.71118701910804,6,666.0066186709764,6,47226,80,3.3977090776194045,Normal,CICIoT2023
5.035118234721702,590,5623.6935669807035,6,25334,21,193.35795633891527,Brute Force,CICIoT2023
2.552848427397323,36,14230.020004597473,6,63556,80,0.5471173221726975,Normal,CICIoT2023
0.939928995868025,5067,44827.58801762422,6,33341,80,1868.3123551722883,DDoS,CICIoT2023
16.043206030836977,82,2250.2451670158175,17,54903,443,0.05704897758885169,Normal,CICIoT2023
4.377892111957124,131,6120.1672715705645,6,37808,21,108.75782470297966,Brute Force,CICIoT2023
0.981898858099485,5157,105556.57756242489,17,27052,80,1369.3950911190109,DDoS,CICIoT2023
1.3697814900558345,7713,13533.91650750153,6,24549,80,615.193526430101,DDoS,CICIoT2023
9.009009447396615,96,1451.159975713045,17,30507,443,3.170566816286065,Normal,CICIoT2023
0.2122613211188526,5652,1677048.4262668802,6,22082,80,650.2324962601504,DoS,CICIoT2023
5.755995886046184,7,1239.2448086348104,6,13085,80,0.8377862984632986,Normal,CICIoT2023
4.908778337782272,15,1445.4065418453233,1,0,0,73.80678404113996,Spoofing,CICIoT2023
36.48302174375813,39,8697.631525189314,6,31361,80,0.3100853705856428,Normal,CICIoT2023
17.091952756503247,35,4446.661025577769,17,44383,443,0.7302635281093861,Normal,CICIoT2023
10.899593120350508,48,4822.69907221017,17,59050,22,0.8963780044862875,Normal,CICIoT2023
0.9595802132416557,2790,234348.27319387614,1,37698,80,1994.336739566958,DDoS,CICIoT2023
0.7170550083074367,7269,989257.8558220752,17,18218,80,1085.4433208191558,DDoS,CICIoT2023
34.24909514269222,80,2746.157829381812,17,11786,22,4.8207115764194945,Normal,CICIoT2023
0.24007947873342736,3147,59114.89265562232,17,54827,80,1810.301396367822,DoS,CICIoT2023
0.3623476192356549,4697,221762.01060263164,6,38779,80,1432.971185140811,DDoS,CICIoT2023
1.3241435771595051,3926,1616269.4908427012,6,10514,80,1110.1606228580079,DDoS,CICIoT2023
1.1459182084236874,5423,595254.9061835951,1,63015,80,1448.180182873477,DDoS,CICIoT2023
0.6585861590395748,9113,13745.564495861901,1,25275,80,1577.1022418012913,DDoS,CICIoT2023
0.6696136159314794,8776,142646.60167008056,1,62086,80,1382.6468606801784,DDoS,CICIoT2023
4.550331234933396,9,3000.7028132088913,6,61380,80,1.0744342792842403,Normal,CICIoT2023
5.4821651321918425,17,248.01896156524043,6,48918,80,1.3384714836882259,Normal,CICIoT2023
1.1008566928883425,17,2421.877801899885,1,0,0,55.66507885766414,Spoofing,CICIoT2023
4.9735353095305745,802,8343.692995187888,6,35184,23,250.20452496493758,Brute Force,CICIoT2023
9.99840680275655,92,4608.6905771031625,6,51271,443,0.17041821835462656,Normal,CICIoT2023
4.683232127256973,62,12416.243420641002,17,16629,443,1.3342892407147766,Normal,CICIoT2023
1.4029906393662177,4981,401470.78908727056,1,51119,80,1063.7318285119113,DDoS,CICIoT2023
0.15772770729365967,7376,110221.22968094246,1,50426,80,576.2038845334134,DDoS,CICIoT2023
10.475154562898073,29,13158.161122364978,6,2233,443,0.26758862723614296,Normal,CICIoT2023
8.22031020782208,63,5589.172526523907,17,59071,80,2.50981960914047,Normal,CICIoT2023
0.6504685579173015,1328,106055.65292785413,6,46914,80,868.1816938083957,DoS,CICIoT2023
1.0791664601463182,1964,1813081.5525500153,1,19484,80,1838.7036409280174,DoS,CICIoT2023
2.228350247057242,6,224.89678550824505,17,32687,22,1.5241730889229383,Normal,CICIoT2023
83.79811678209485,62,1291.8014384206751,6,48623,443,0.08489631591574437,Normal,CICIoT2023
4.475154287383836,47,2379.423799547669,6,14527,22,0.8265113904347378,Normal,CICIoT2023
0.02056680103381277,2906,272071.8065366368,6,59586,80,1475.1698351288205,DoS,CICIoT2023
21.32324080955486,52,329.48968102495337,6,57845,443,4.585744484624299,Normal,CICIoT2023
15.662271823117468,25,8428.327133928746,6,38170,443,0.30002396909303936,Normal,CICIoT2023
0.7851456211509978,1555,340705.34120651934,6,2064,80,1861.6418654752679,DoS,CICIoT2023
2.372140423372395,7,8830.15111074391,17,6081,443,3.270734468603796,Normal,CICIoT2023
1.2766977746807049,1392,1424061.4349712362,6,42594,80,1351.1648120348443,DoS,CICIoT2023
8.098317085259197,35,4387.662442969723,17,6820,22,6.456174975624967,Normal,CICIoT2023
1.6841907247432686,91,1590.5377347459462,17,42600,22,5.384360118891466,Normal,CICIoT2023
17.446841696913914,25,2190.279506253151,17,34732,80,1.2307543316310425,Normal,CICIoT2023
0.7534622368889816,5133,560304.9157159873,6,4481,80,1648.315054533804,DoS,CICIoT2023
1.1299406467223474,10,323.5834143911819,1,0,0,68.34312586700398,Spoofing,CICIoT2023
0.9446931743153145,14,479.14382132222266,1,0,0,64.70005947461985,Spoofing,CICIoT2023
2.3126611664908205,39,3752.848376075648,6,3041,443,0.6191233945062057,Normal,CICIoT2023
0.05670057659971141,3434,496831.4683514484,1,29764,80,1182.4353195916055,DoS,CICIoT2023
22.004414900350238,76,3779.043689021614,17,58875,443,0.6040357691535018,Normal,CICIoT2023
6.283749961376193,43,16596.923431616742,17,32735,443,0.6095085589260237,Normal,CICIoT2023
4.386353706514568,10,214.92935342019453,1,0,0,11.432824053651874,Spoofing,CICIoT2023
15.363839677765377,64,2300.8053003813648,17,35342,80,2.038873122355617,Normal,CICIoT2023
5.031580681971043,45,7301.642467094354,17,6448,443,4.028741653297674,Normal,CICIoT2023
14.505347422644572,64,1806.3757899539794,6,10239,443,2.4102662135435464,Normal,CICIoT2023
22.336170025562325,18,4453.254047849334,6,18584,80,5.502845940636481,Normal,CICIoT2023
11.80832654635935,85,2321.5002308706917,6,44819,443,3.7704240478717184,Normal,CICIoT2023
0.7445442385825527,7732,828574.8894854679,17,60141,80,583.1494834118507,DDoS,CICIoT2023
0.8357395999971389,2096,212707.44958722076,6,11189,80,1359.1587646056637,DDoS,CICIoT2023
1.2678523320771853,4,1855.5837860906386,1,0,0,57.49858588028028,Spoofing,CICIoT2023
2.8314607391016398,11,545.8369464563232,1,0,0,95.43530545803853,Spoofing,CICIoT2023
6.459803169665862,94,1034.890200410377,17,20862,80,0.07158443489847337,Normal,CICIoT2023
6.85447795344708,20,4111.601129185015,17,3874,80,2.231691010004243,Normal,CICIoT2023
6.979430813159145,21,1119.3719403956272,17,5079,22,2.850237942789527,Normal,CICIoT2023
0.3169223944408251,5532,20688.342646065477,1,27603,80,1663.7975978041802,DDoS,CICIoT2023
7.20396280563043,5,14630.101422244412,6,27873,22,0.10739046561162138,Normal,CICIoT2023
1.2802885408644955,4253,111403.44644214195,1,52857,80,1143.3265840920653,DDoS,CICIoT2023
0.29158863335705093,8964,77702.07286243115,6,50061,80,1239.5451877382034,DDoS,CICIoT2023
0.13208827416683774,1495,76018.17002282977,1,15861,80,1602.1389332740678,DDoS,CICIoT2023
0.4890841831691278,8795,403536.30303038424,17,28708,80,1553.598081620898,DDoS,CICIoT2023
17.133773288378066,68,293.95975263804473,17,7017,443,0.10685167017802627,Normal,CICIoT2023
2.0228143482704746,916,4835.150809991681,6,17162,21,266.32363980025616,Brute Force,CICIoT2023
0.9082411067894983,6085,188385.39062651907,1,30110,80,1500.4485552307726,DoS,CICIoT2023
4.360525032710945,33,3978.9690907087015,17,4459,443,1.9381009757899819,Normal,CICIoT2023
3.227915319140581,19,237.59345293816898,1,0,0,86.45179869356998,Spoofing,CICIoT2023
0.8039422271020572,3971,234446.87599057745,1,29319,80,1813.8995332793074,DDoS,CICIoT2023
3.937484142236724,19,55.709868076266034,1,0,0,46.32633057429074,Spoofing,CICIoT2023
1.4904314775006358,8095,113725.40901671199,1,33560,80,1615.0293433550187,DoS,CICIoT2023
1.087762152951005,6330,557784.2138971755,6,4795,80,1884.7609829288972,DDoS,CICIoT2023
1.2396823963961223,27,2428.5212129259335,17,60379,443,1.195907362091395,Normal,CICIoT2023
4.435905076974429,39,387.7554847399531,17,47761,80,1.2323043899187656,Normal,CICIoT2023
0.42621583306207367,8262,368657.0621181925,17,3789,80,1342.3917615682913,DDoS,CICIoT2023
0.264512422396254,6356,211477.51363203194,1,26006,80,1261.6282277939963,DDoS,CICIoT2023
11.370491258049766,98,17652.30860641273,17,26781,80,0.03164078128887403,Normal,CICIoT2023
7.696641817656786,92,828.7522306612641,17,12119,80,0.21281462795656234,Normal,CICIoT2023
1.0751553426344227,9,5544.575051979202,1,0,0,72.27346269399328,Spoofing,CICIoT2023
2.402663828962991,370,25336.11340166196,6,22347,22,288.7657967815591,Brute Force,CICIoT2023
0.9202803173503822,7854,267522.55287813046,17,60298,80,1475.3826066404922,DDoS,CICIoT2023
2.4215680097577215,97,13163.624235715295,6,37585,443,1.0292001885304136,Normal,CICIoT2023
1.7887428786297364,57,2662.2207200538637,6,15459,80,0.2214961097412753,Normal,CICIoT2023
5.678448367638099,76,2382.880416999201,6,26905,80,3.0334688525833924,Normal,CICIoT2023
4.2544658658285055,985,2111.9248353923977,6,32957,21,76.45125621412856,Brute Force,CICIoT2023
15.841254212693537,8,465.03330703207234,17,45167,80,1.7281743821001694,Normal,CICIoT2023
1.3678993061624491,7035,96676.3987090729,1,10087,80,1800.2322285327336,DDoS,CICIoT2023
34.66093063427502,65,1313.6254821213115,17,56169,22,2.69807053535734,Normal,CICIoT2023
1.1378209992392505,1209,102684.93008304639,6,50409,80,515.8274552238508,DDoS,CICIoT2023
0.14622514060394676,4110,105566.57224086265,1,64103,80,673.4084159172683,DoS,CICIoT2023
2.0042916334748035,16,9366.006042988321,1,0,0,89.45408464106443,Spoofing,CICIoT2023
10.608053227449298,26,951.6456605443072,6,14801,22,4.666663394738562,Normal,CICIoT2023
1.782880582099545,10,612.2500492822376,17,31723,80,5.65636883626621,Normal,CICIoT2023
17.66930402074086,6,3114.287344928088,17,1761,22,2.9840369998867198,Normal,CICIoT2023
6.597430603810383,914,18558.534790312864,6,51435,21,256.7169617933405,Brute Force,CICIoT2023
2.857011572223438,2,2500.783128840204,1,0,0,28.676034584639112,Spoofing,CICIoT2023
0.8575309772864705,7852,64069.0342940965,6,64809,80,1178.3226501525771,DDoS,CICIoT2023
0.22275059863514818,2777,1525186.7706575033,6,47413,80,1802.1472398005942,DDoS,CICIoT2023
1.3230635157060158,5859,567450.933948231,17,42135,80,1057.5904769246908,DoS,CICIoT2023
1.268089278750146,52,3022.8528447804297,6,36514,80,0.35733605113146794,Normal,CICIoT2023
6.0904317497323905,470,4719.101956202916,6,2855,23,181.48664422536484,Brute Force,CICIoT2023
1.2151111723067145,7416,1107503.0322925716,17,52531,80,1592.6337309491573,DDoS,CICIoT2023
6.70693251804554,37,13646.239116586557,6,55500,80,0.7554007340784575,Normal,CICIoT2023
0.13571263569337252,4845,491302.1250320643,6,31372,80,1318.6245196691534,DDoS,CICIoT2023
7.680808555781078,50,3019.988383415109,6,1392,80,1.0508620717461732,Normal,CICIoT2023
10.429593656247857,29,1455.6723278467616,6,14346,443,1.5447906191809193,Normal,CICIoT2023
0.7679719164822374,1823,102103.61424301902,17,16259,80,1850.4683593617365,DoS,CICIoT2023
17.39622375103751,39,5281.5356747309,6,27493,22,3.277361887494377,Normal,CICIoT2023
1.2396205133117495,4718,169872.92240250067,1,16823,80,1394.3878628490531,DDoS,CICIoT2023
19.55452243876769,16,150.82965035226653,6,5686,22,5.07082197545743,Normal,CICIoT2023
52.82805605946545,77,3164.336092110908,6,31052,22,0.4690616032553795,Normal,CICIoT2023
29.30578352120037,48,1473.7964519882678,6,60830,80,0.5938877542249474,Normal,CICIoT2023
25.201891416861663,19,997.2511118503558,6,18976,443,2.181361025479033,Normal,CICIoT2023
0.5141681202285716,8903,1226390.00748287,1,59032,80,559.1263776805445,DoS,CICIoT2023
21.28179778485012,35,14860.45117059044,17,21866,443,1.8352570937314852,Normal,CICIoT2023
0.7997779854264474,6976,528658.7072896024,1,21478,80,1599.3161793258475,DDoS,CICIoT2023
0.7674496764712425,4620,905454.894510633,17,33149,80,1473.1027083136014,DDoS,CICIoT2023
1.0936300209741268,3384,2345801.232092294,17,22909,80,1773.565638767895,DoS,CICIoT2023
4.992811739187151,557,19445.619673465357,6,22384,21,249.07142073570026,Brute Force,CICIoT2023
0.878770849788994,7671,40811.26794081224,1,19831,80,993.6106691910918,DoS,CICIoT2023
6.666019402453934,57,1878.0091657846153,17,27225,22,0.8684421783623624,Normal,CICIoT2023
30.128830494341504,21,771.1759906518241,6,21417,80,2.6579477773645093,Normal,CICIoT2023
24.94314728458175,10,22371.080214613583,6,21619,22,0.819987875734535,Normal,CICIoT2023
0.884254697261341,2341,664907.8066090855,6,31839,80,1239.344428376904,DDoS,CICIoT2023
3.9927700155101813,35,14274.783270770955,17,49784,80,2.9802243107071194,Normal,CICIoT2023
0.8475956832031016,1132,247949.85649627176,17,37562,80,1811.2533822231026,DDoS,CICIoT2023
1.064831964452592,3835,26513.000311971315,1,26916,80,1308.7906911909715,DDoS,CICIoT2023
53.01712220357424,37,428.5703865134671,17,35755,443,0.10173099964115229,Normal,CICIoT2023
0.15107467585214465,4061,203050.95227277267,17,24375,80,786.8631936141821,DoS,CICIoT2023
15.334399461199988,7,1409.3898784698938,17,59809,80,0.6163914861660114,Normal,CICIoT2023
18.379789516028907,21,14901.681513891443,6,16211,443,3.8206705610999445,Normal,CICIoT2023
0.5413472801828353,3362,1474958.9031878724,1,27606,80,829.5232000637395,DoS,CICIoT2023
0.679134255087409,1837,1745988.0208042562,17,18094,80,1886.9879143733701,DDoS,CICIoT2023
0.7805265190958507,5647,458849.1722040794,17,11444,80,1433.8630967491727,DoS,CICIoT2023
0.024970001771699075,5357,69609.11944799448,17,3763,80,1075.4135605327376,DDoS,CICIoT2023
9.284405582814989,53,1721.416449738122,6,28809,22,1.058034843218927,Normal,CICIoT2023
1.1667290144004392,5,1172.9003261442197,1,0,0,90.21825420458102,Spoofing,CICIoT2023
0.6228821325935429,3686,381499.6394480902,6,15453,80,1411.5284615762166,DoS,CICIoT2023
1.475246958486253,4863,15009.630155306117,1,38334,80,930.1503163368254,DoS,CICIoT2023
13.301652225331644,17,9738.426433660356,17,52452,22,0.46296440509352543,Normal,CICIoT2023
1.3124225858584875,6409,812429.5699451612,1,65500,80,849.3527579742224,DDoS,CICIoT2023
28.99691960125798,6,1274.9273976135628,6,31818,443,0.5115002880675316,Normal,CICIoT2023
4.570016004304437,70,16167.425211124451,6,41548,80,13.08734490246759,Normal,CICIoT2023
1.2233549030063422,580,834.0146756849248,6,58247,22,264.5923516799146,Brute Force,CICIoT2023
4.971282009299921,79,13131.50758429547,6,41497,22,5.188234328864086,Normal,CICIoT2023
8.81169977801918,412,21916.896917184873,6,50534,23,201.74327906856635,Brute Force,CICIoT2023
0.2908647806653861,4696,419302.1890116311,6,59995,80,1278.5325403678337,DDoS,CICIoT2023
59.13774680740339,69,3593.648085488875,17,49161,22,0.8132455121077943,Normal,CICIoT2023
0.7875280042047321,9128,14265.935867707807,17,9192,80,1569.5214377926113,DDoS,CICIoT2023
1.894803292411959,15,2812.443517045084,1,0,0,95.96576444303192,Spoofing,CICIoT2023
0.36782587807280115,1597,478071.7809184839,17,6646,80,1514.7082152386165,DoS,CICIoT2023
1.03067055452876,7,2388.1308493465062,1,0,0,60.410438470841356,Spoofing,CICIoT2023
0.5858292208486235,1665,422894.7786646454,6,15629,80,754.1336031398705,DoS,CICIoT2023
0.9588639817836857,2069,623456.2872142879,6,35547,80,1888.3745137854078,DoS,CICIoT2023
2.564914363029405,2,4874.505017671967,1,0,0,88.64152213778927,Spoofing,CICIoT2023
11.451918629580573,26,2740.7382873178312,6,44172,80,0.6765106893481352,Normal,CICIoT2023
0.3823325335820412,9002,252269.64007842354,1,61808,80,1623.4985261074353,DDoS,CICIoT2023
5.768313438193016,82,247.78150391725748,17,46556,22,1.7425813768158385,Normal,CICIoT2023
5.801321878703046,106,28907.18199776906,6,54719,21,180.03371194617122,Brute Force,CICIoT2023
5.272490144153916,379,1381.8807510768477,6,40389,21,98.8397402121521,Brute Force,CICIoT2023
2.361161787924215,41,285.087601075609,17,58801,443,2.1740734855753368,Normal,CICIoT2023
0.8893544527381186,8001,122120.31402908852,17,42236,80,1477.8021404714088,DoS,CICIoT2023
8.015347151960757,242,17057.321038928243,6,7715,23,251.9578629566556,Brute Force,CICIoT2023
18.70767413191801,46,6899.128345153742,6,39203,22,2.1918233188966294,Normal,CICIoT2023
0.7917617369615771,5409,45911.56466973746,6,27775,80,1414.5335918743522,DDoS,CICIoT2023
3.302852867309915,827,5974.806837066782,6,37093,21,248.5336404330681,Brute Force,CICIoT2023
11.23598878829022,71,574.2811253141259,6,14956,443,0.42034485386778553,Normal,CICIoT2023
1.3394344941517786,7214,120325.22478055344,17,10611,80,1113.1156442127917,DoS,CICIoT2023
9.40336228098028,88,2806.153613864073,17,53062,443,0.13565654118146717,Normal,CICIoT2023
7.564739038538865,114,8492.954214491729,6,22272,21,136.6796903089778,Brute Force,CICIoT2023
7.718069159714026,520,3649.3197892330277,6,32139,23,148.6377823203433,Brute Force,CICIoT2023
8.1342331556444,431,4240.77810311421,6,39181,22,60.41100558499508,Brute Force,CICIoT2023
1.247647289382273,9502,988594.1442802397,6,52887,80,1811.7126549254635,DDoS,CICIoT2023
0.31282345045462356,7,2130.950733450333,1,0,0,30.986879897945467,Spoofing,CICIoT2023
4.335574637252549,12,1455.5032682598628,1,0,0,57.66154126414074,Spoofing,CICIoT2023
8.684453962311409,46,2267.084355378382,6,50562,443,3.1225470663983352,Normal,CICIoT2023
1.167125928661086,16,666.8880830182362,1,0,0,35.54903634316419,Spoofing,CICIoT2023
10.875138947002053,30,5521.480957021663,17,53500,443,0.9641020914964181,Normal,CICIoT2023
0.46373955183556115,9934,11960.89294721568,1,12680,80,1109.609430201493,DDoS,CICIoT2023
29.583449681163557,5,13390.714958562576,6,14290,80,0.20749441639451396,Normal,CICIoT2023
4.961017989983452,26,1331.2497926626825,17,17706,22,1.0726533136680023,Normal,CICIoT2023
2.4037834050524065,11,3261.218259939936,17,22400,22,0.15706305322214473,Normal,CICIoT2023
1.2430960140462461,4196,463249.329420799,17,36053,80,1006.0386175359195,DoS,CICIoT2023
2.4097310956750158,37,9851.343270280126,6,33299,443,0.022148908724559078,Normal,CICIoT2023
0.6307876957464883,2667,555993.1303185866,6,12888,80,766.8196931909429,DoS,CICIoT2023
33.91043926669785,92,14039.335454718183,6,35282,80,1.6888111013665825,Normal,CICIoT2023
30.69055777715554,14,26173.795015917618,6,19848,22,9.876293948579098,Normal,CICIoT2023
0.6177624128024838,3367,191423.82930217084,1,5687,80,502.14251461876506,DDoS,CICIoT2023
0.6798791958511908,4262,322936.296485691,6,60208,80,1397.281249907793,DoS,CICIoT2023
14.813005883289991,41,1778.6687189412496,6,36925,80,1.6410327840710093,Normal,CICIoT2023
0.7849719676085678,2689,179306.20616455056,6,63515,80,1710.0287821453694,DDoS,CICIoT2023
0.3443364248214764,13,1123.645845027401,1,0,0,35.853192538936085,Spoofing,CICIoT2023
1.1078239073781935,6660,197501.87252830027,17,51305,80,707.4247601071215,DDoS,CICIoT2023
9.330086428574385,25,3597.170054126467,17,56507,80,1.0217500365927321,Normal,CICIoT2023
23.599106869680465,38,8276.173452442143,17,58912,443,1.0562582828886637,Normal,CICIoT2023
1.7314874104199494,2,225.33260322714688,1,0,0,71.9521862422292,Spoofing,CICIoT2023
5.51240973074077,32,16399.979195840795,17,61036,22,0.32047778971573715,Normal,CICIoT2023
0.583557616023611,15,234.28860357490603,1,0,0,29.745045027662165,Spoofing,CICIoT2023
0.7018818723243911,3170,786527.6811469935,6,14830,80,1936.8681135734723,DDoS,CICIoT2023
8.418411873305871,766,3804.829531389874,6,36548,23,63.018101555317436,Brute Force,CICIoT2023
0.02910425777080268,4091,833923.7413611433,17,28964,80,582.0712622504599,DoS,CICIoT2023
5.819235171322044,939,19625.689692575077,6,32008,23,170.55630758433165,Brute Force,CICIoT2023
12.019654355524027,47,7453.35549147581,17,58181,443,3.333123355804931,Normal,CICIoT2023
0.303891572588855,1583,1350785.011432452,6,25102,80,1267.2884612142395,DoS,CICIoT2023
1.3785970803602507,4185,257384.20732402278,17,49530,80,1505.669997923764,DDoS,CICIoT2023
0.4403707275714951,1788,457450.20249319065,17,3913,80,1617.862229258662,DDoS,CICIoT2023
0.7765341272582937,6234,918387.5686144101,1,61507,80,1261.263641703997,DDoS,CICIoT2023
2.0661376576982673,5,514.3280237405677,1,0,0,93.83413482270335,Spoofing,CICIoT2023
9.175690965417125,558,9224.122045691014,6,35653,21,177.04220158599082,Brute Force,CICIoT2023
1.105862798616539,8320,1211681.9219025285,1,32409,80,839.2273997031776,DoS,CICIoT2023
1.3105170488884472,7302,50449.096710755904,6,41955,80,955.0464233212556,DDoS,CICIoT2023
0.5953302239572895,9001,192929.06052592347,6,9883,80,895.9632795647449,DDoS,CICIoT2023
0.6469862608130479,3846,493793.76770946867,17,28129,80,1783.8877843869468,DoS,CICIoT2023
9.555400915400465,70,1096.1385061489027,17,48807,443,0.6173691059641075,Normal,CICIoT2023
22.865785286729537,78,2040.7275748193697,6,38269,443,0.009792868023613056,Normal,CICIoT2023
42.38888251931782,16,2317.541096230726,17,25250,443,2.1538428156602185,Normal,CICIoT2023
11.721170589920725,33,13396.68432735383,6,51469,443,1.3209814552851822,Normal,CICIoT2023
2.7756044589072157,46,8185.824965858424,17,27037,80,0.5219927385021728,Normal,CICIoT2023
4.339123217536864,96,5056.056730069632,6,58306,22,0.8809252233901795,Normal,CICIoT2023
5.804797979059356,18,9635.487362639362,17,2909,80,0.1444763279350526,Normal,CICIoT2023
1.8997140341036274,24,1312.6467556732955,6,28781,22,2.813487379864903,Normal,CICIoT2023
7.050941289942771,733,9554.158352324916,6,22574,23,283.6026986428037,Brute Force,CICIoT2023
0.08221170638897525,9627,427227.05377173325,1,29900,80,1484.2685543340306,DDoS,CICIoT2023
8.224763623671109,77,6087.809431288189,17,56729,443,2.1230813410769414,Normal,CICIoT2023
0.7722700098633584,3873,78915.70501287273,1,57200,80,1212.7562990339425,DoS,CICIoT2023
6.724599341164299,70,3545.263796594251,17,65228,443,1.7977991813545569,Normal,CICIoT2023
5.839151695795905,417,481.0304381874897,6,36191,22,240.8237279993204,Brute Force,CICIoT2023
0.21338948800453744,4374,20163.460502122278,17,44752,80,1210.6599387716344,DoS,CICIoT2023
9.879780294710619,7,3256.893166338928,17,32783,443,1.5563891840974489,Normal,CICIoT2023
1.0191780226401326,3110,245081.34520232546,6,59698,80,978.5658948092112,DDoS,CICIoT2023
4.847942524203268,13,2055.060518127895,1,0,0,36.83353206489001,Spoofing,CICIoT2023
2.1381782086321404,767,23312.86125695527,6,49964,23,153.58175350505192,Brute Force,CICIoT2023
0.17745521349016846,1745,470258.0840100964,17,18349,80,1120.0136898067883,DDoS,CICIoT2023
0.8244562600988699,2610,101643.30548451246,17,59352,80,1030.3626854484125,DDoS,CICIoT2023
3.1315596988873264,87,1179.1565703028639,17,33824,80,3.603095740016866,Normal,CICIoT2023
8.582810575166215,392,20988.881707752946,6,58428,22,251.20820432411801,Brute Force,CICIoT2023
7.906446780195743,65,1476.8744912532657,17,59522,443,0.3478325767380686,Normal,CICIoT2023
9.066533969474092,544,10997.23477185524,6,7746,23,136.40504222519738,Brute Force,CICIoT2023
0.9360458935957453,1730,551394.2831821304,1,35440,80,1053.054386005942,DDoS,CICIoT2023
1.0381384776715754,5366,391306.9752526385,6,16246,80,861.8665040570418,DDoS,CICIoT2023
0.3202653948262395,7265,101219.34315028896,17,36481,80,1563.6907872289062,DDoS,CICIoT2023
1.3192399185057748,20,1481.0717531501155,17,12186,22,4.49207228132242,Normal,CICIoT2023
4.884784993597522,69,1953.3858018464498,6,61832,80,1.8516878313622593,Normal,CICIoT2023
11.198773692269347,47,6696.921718596537,17,54688,22,2.197477725735312,Normal,CICIoT2023
6.017167472553655,24,5154.8434890998205,6,23915,22,3.617224756718363,Normal,CICIoT2023
0.4048009217176101,6611,93431.31356408347,1,21331,80,899.0320650932026,DoS,CICIoT2023
14.40385060918027,15,5292.954925421332,17,7473,443,0.16312968388802343,Normal,CICIoT2023
18.481810033344612,53,8030.752141352411,6,29976,22,4.211611572147392,Normal,CICIoT2023
5.745296349556094,532,6306.394864839111,6,54792,23,165.88785447133102,Brute Force,CICIoT2023
4.450405820705113,3,567.2882385169236,1,0,0,90.96512404350835,Spoofing,CICIoT2023
9.197417982973565,449,152.9050527395435,6,36782,23,208.44924399818223,Brute Force,CICIoT2023
5.050467374985029,448,348.99878772847933,6,33185,23,88.71067040505685,Brute Force,CICIoT2023
4.030327760559484,76,2932.0190815661945,17,1933,22,0.5006464172198744,Normal,CICIoT2023
25.568200386978077,72,4366.288299186439,17,52960,80,1.69303109097837,Normal,CICIoT2023
0.023407999352051102,2695,271130.92389963527,6,34811,80,946.5181378435581,DoS,CICIoT2023
0.059092323685839665,6868,540649.9014831631,1,48853,80,964.7706751299199,DoS,CICIoT2023
2.3454949244016117,64,3388.7668535995263,17,40987,80,0.27187454319664744,Normal,CICIoT2023
1.8479435296136413,6,3610.561402030212,1,0,0,13.929483584170768,Spoofing,CICIoT2023
5.050248092423917,74,146.03906136992444,6,18381,22,1.9007389770623775,Normal,CICIoT2023
5.550493762603967,35,3428.090032470082,6,41225,443,4.265445319299957,Normal,CICIoT2023
0.6297113449032892,2181,129157.05310231583,1,23281,80,1532.601936064035,DDoS,CICIoT2023
0.24609413586933687,7475,825776.3614344741,6,45798,80,1538.8592001163727,DDoS,CICIoT2023
0.8621273084638411,1446,751139.6546843628,17,31639,80,1375.889808796612,DDoS,CICIoT2023
2.2904496047990652,37,465.33083946197064,6,13880,443,0.3783279395495361,Normal,CICIoT2023
3.7864423720916367,19,1235.592407800299,1,0,0,70.41739812078518,Spoofing,CICIoT2023
3.654340359011246,36,125.45876990787902,6,15672,80,1.9683859394708947,Normal,CICIoT2023
17.586978915565425,17,7541.660853216762,6,25568,80,2.9804046394487105,Normal,CICIoT2023
1.3975999767137623,4,1967.5236415074407,1,0,0,90.20807176616285,Spoofing,CICIoT2023
5.550907216871975,402,3655.6566450136647,6,22610,22,109.81471568786597,Brute Force,CICIoT2023
1.4745863270914648,3,630.376760232196,1,0,0,84.04842187290988,Spoofing,CICIoT2023
2.6397872228951353,16,2625.5528214921146,1,0,0,35.894659104102644,Spoofing,CICIoT2023
1.1082246412898211,6329,506072.10385481216,1,5042,80,1566.6827255229289,DoS,CICIoT2023
0.08742948621545857,4770,316478.3786046514,17,19287,80,1857.4428202548709,DDoS,CICIoT2023
26.543925965033193,55,2476.8707771586996,6,27769,22,0.2128281000518366,Normal,CICIoT2023
1.4432134757013049,6392,2003577.935933722,6,39484,80,972.2075883808525,DDoS,CICIoT2023
10.968327059354452,29,12869.568059683561,6,12033,80,0.31314979499530193,Normal,CICIoT2023
5.410887168907954,76,4203.658958768324,6,41105,443,2.833906295664159,Normal,CICIoT2023
1.2165579018069208,4574,162608.23778370893,6,58162,80,1198.2584997912195,DoS,CICIoT2023
0.40498286144053386,6769,53181.232055245935,6,53416,80,940.0229400051344,DDoS,CICIoT2023
11.120604152469351,99,2709.7406413468902,6,64179,443,5.748911428927319,Normal,CICIoT2023
35.92375713425804,27,1654.4798468944298,17,44037,443,3.0431786885364036,Normal,CICIoT2023
0.1642342910391352,1324,637111.0699531276,1,34778,80,1322.9514577918753,DoS,CICIoT2023
55.399442178278036,17,805.3144543853471,6,57945,443,0.5892313858082737,Normal,CICIoT2023
4.306504237731488,11,233.10745566689627,1,0,0,95.26851982538139,Spoofing,CICIoT2023
0.6408034607526711,4081,402497.39427277533,1,31387,80,1210.1524003910731,DDoS,CICIoT2023
0.9236238375072444,3829,552209.1160088954,1,14337,80,1729.1417805055476,DDoS,CICIoT2023
1.359317384983967,6830,468002.6213809934,1,16548,80,570.591796815421,DDoS,CICIoT2023
3.3758788060585285,16,355.6298247218544,1,0,0,83.11722918615105,Spoofing,CICIoT2023
29.800275808055318,5,9055.089360130285,17,31701,22,0.7732751908000078,Normal,CICIoT2023
0.8329836400486992,4747,2022461.055720986,17,25839,80,1887.4654223525522,DoS,CICIoT2023
1.1806470333179506,3506,115615.82528956232,17,44229,80,500.6023160380098,DDoS,CICIoT2023
25.590044405348074,90,515.0275702081449,6,26481,443,1.1798776412172265,Normal,CICIoT2023
4.488656350012791,5,263.1441750964902,1,0,0,23.270734042741104,Spoofing,CICIoT2023
0.05430702932895788,1713,1049755.571026824,17,21396,80,641.8345171615823,DoS,CICIoT2023
1.1399933096689776,1037,35886.47871432945,6,49722,80,1821.5061272220617,DoS,CICIoT2023
2.684730128335482,10,1402.641304109855,1,0,0,59.03935174264541,Spoofing,CICIoT2023
1.4891852323276034,16,1618.5792097756303,1,0,0,40.691815503043046,Spoofing,CICIoT2023
1.443178662778518,5997,66097.47492704401,6,1280,80,741.0700237864785,DoS,CICIoT2023
4.893500771294423,18,2117.940189226609,1,0,0,41.41471820153963,Spoofing,CICIoT2023
1.4496763313016725,2975,507690.80456576054,17,5539,80,1060.3104444714431,DoS,CICIoT2023
1.0082551869040184,6563,1235122.1590268987,1,14890,80,946.3560746612231,DoS,CICIoT2023
1.186043075468886,8345,92117.62570939977,17,61710,80,1656.0379561403508,DDoS,CICIoT2023
0.4033791406471206,4219,44356.46611920901,6,4799,80,558.9379177260387,DoS,CICIoT2023
16.95912534870618,69,2033.7056966621635,6,56021,80,1.8714359671029586,Normal,CICIoT2023
2.0730889204445893,16,140.86688569306298,1,0,0,27.441021702101935,Spoofing,CICIoT2023
1.1513676184549644,13,1704.2472026260073,1,0,0,29.371943845085834,Spoofing,CICIoT2023
30.66681290835017,57,520.7598224660893,6,14793,22,5.101771801265167,Normal,CICIoT2023
1.0557681389581803,12,5766.281944414294,1,0,0,45.66495362425305,Spoofing,CICIoT2023
18.755855245374764,21,3693.1067056201,17,53986,80,1.932896841446698,Normal,CICIoT2023
17.8835424554144,31,2097.325303357313,6,57890,80,0.3689049739442266,Normal,CICIoT2023
1.1430922633513394,5217,106842.51845340147,17,36501,80,1558.9856044429903,DoS,CICIoT2023
5.002495182826649,32,3124.27662023461,17,45482,80,0.43270326167703305,Normal,CICIoT2023
3.685230034058661,10,1730.8616319294686,1,0,0,27.016988840051397,Spoofing,CICIoT2023
4.514447878308254,3,1464.4540519011998,1,0,0,36.82518146153286,Spoofing,CICIoT2023
0.6395836765335438,8372,74462.81472055323,1,16855,80,1290.96634346359,DDoS,CICIoT2023
8.73218485971206,23,5851.125334435142,6,60396,443,0.3842267976837368,Normal,CICIoT2023
66.25801942631387,91,4434.723342586951,17,41162,22,0.19906376986297572,Normal,CICIoT2023
1.4640475855474695,2440,224317.58856242328,1,32639,80,620.1342645067418,DDoS,CICIoT2023
2.6485257468546335,543,7691.176029826712,6,16859,22,65.40199632311732,Brute Force,CICIoT2023
0.25212263905691773,8641,589219.7211712293,6,1864,80,598.4011474175443,DDoS,CICIoT2023
18.597547489775476,27,3265.343390171307,17,42948,22,0.48877083124979975,Normal,CICIoT2023
1.0077207722409012,5311,106619.61666467987,6,53158,80,1136.2775836189644,DDoS,CICIoT2023
0.6755661953995507,4019,372974.466557362,1,47636,80,1531.8651371829865,DDoS,CICIoT2023
1.2972926847941708,4138,110329.41011835581,17,55103,80,794.3514225317834,DoS,CICIoT2023
18.57139133619366,32,2787.3437787020994,6,43700,22,0.21209923322803498,Normal,CICIoT2023
0.4713513969042402,7327,616997.641237975,6,19746,80,775.1080229146096,DoS,CICIoT2023
0.6531737190742373,5608,1145284.3163810815,6,7634,80,841.300815404695,DDoS,CICIoT2023
3.5164128938061863,238,24283.931717575335,6,11097,22,83.55060658158757,Brute Force,CICIoT2023
16.524286704863925,26,7494.011878682353,6,26452,80,0.5914854059400115,Normal,CICIoT2023
0.9797336462290989,8338,118524.09542776621,17,62504,80,1187.974847121614,DDoS,CICIoT2023
7.092790770799256,316,20505.32211194819,6,15342,21,201.94069218585614,Brute Force,CICIoT2023
8.780495000773449,65,2031.8938162252416,17,37808,443,0.9154473194049071,Normal,CICIoT2023
9.224330703624497,191,23171.590748037735,6,45920,22,267.11903780069235,Brute Force,CICIoT2023
1.253299388659556,2446,213340.1899137942,6,40260,80,557.5457920335517,DoS,CICIoT2023
31.69557702917818,93,4468.179001626665,6,24268,443,0.3020305452750226,Normal,CICIoT2023
12.784962889610306,81,3059.631836093573,17,54835,443,2.585447998865241,Normal,CICIoT2023
0.13077875017762872,4041,283137.0552845641,6,24695,80,1398.9162767353878,DoS,CICIoT2023
25.71316767748876,28,9885.850402050437,6,43708,22,1.6855340913986676,Normal,CICIoT2023
1.293059144891524,7452,47671.56627232697,6,63600,80,819.2751290575361,DDoS,CICIoT2023
17.573375897261844,56,3629.648178605185,6,55200,80,0.2780252675159898,Normal,CICIoT2023
0.8396593568146783,8961,582003.7927578987,1,32309,80,1825.6000832470802,DDoS,CICIoT2023
13.36517753632954,76,9167.81216436373,6,60076,22,6.519501140251109,Normal,CICIoT2023
3.871246603029907,19,3436.0120152458708,1,0,0,35.67199080760899,Spoofing,CICIoT2023
3.1528997923079687,795,15321.46316922275,6,37883,21,230.2898170534693,Brute Force,CICIoT2023
6.920099020325675,577,13042.17379834946,6,12109,22,203.1710861686518,Brute Force,CICIoT2023
0.882209379958525,5503,945288.5461323884,17,18118,80,908.360813759067,DoS,CICIoT2023
8.27153980316605,93,1371.7676683527604,6,54688,80,3.112179202001936,Normal,CICIoT2023
0.5329536796498762,6640,182948.81694422683,6,59649,80,1657.6744086025217,DoS,CICIoT2023
9.116888219995957,97,339.04852935015947,17,37976,443,5.688306940913192,Normal,CICIoT2023
14.885433102610524,91,14663.719118133105,17,5559,80,1.9916892285057688,Normal,CICIoT2023
9.95662007100531,31,3645.340400828051,17,19071,443,3.446732027074209,Normal,CICIoT2023
0.05257066740877555,4872,183130.00249610154,6,47371,80,1013.0339963719725,DDoS,CICIoT2023
1.250036268995578,5261,670539.9525637293,17,55314,80,1927.0945587266233,DoS,CICIoT2023
0.9372517895003422,1544,695828.6291783985,17,36419,80,1371.1952447802137,DoS,CICIoT2023
1.0744374674355657,9015,507732.0653732449,6,48623,80,1056.6591366493085,DDoS,CICIoT2023
20.09993190486546,13,740.0718186196079,6,12203,80,0.9655695457089457,Normal,CICIoT2023
2.9987396938809088,686,7378.565029000956,6,14848,23,285.9989766776529,Brute Force,CICIoT2023
0.08127983063548781,8759,1135765.3518803807,17,42816,80,1985.333801922611,DDoS,CICIoT2023
0.3220160037854011,1386,141536.47623425137,17,31044,80,956.8630494328527,DDoS,CICIoT2023
3.904493622810376,54,4440.224200388669,6,56942,443,3.673086663424948,Normal,CICIoT2023
1.2729840909687902,7142,500141.8991912105,17,29096,80,816.8123878819275,DoS,CICIoT2023
0.47664125554841635,2854,1105562.9753745077,17,41621,80,867.918957461551,DoS,CICIoT2023
9.924195223056808,20,359.60879428981286,6,57919,22,1.1526266364882531,Normal,CICIoT2023
30.60282493442805,9,584.0360240317084,6,43746,80,1.44076749072495,Normal,CICIoT2023
0.9794037196456341,4563,88658.89230931702,17,38833,80,669.0102899521851,DoS,CICIoT2023
0.8695560797156493,4244,472189.34527791006,17,4653,80,1975.3959496081613,DoS,CICIoT2023
17.510018336784906,27,12858.361582004403,17,36076,80,0.11596444737815971,Normal,CICIoT2023
1.214957721872285,522,36631.905194428735,6,54824,23,138.94352105016503,Brute Force,CICIoT2023
4.5908901172435455,90,5942.117139979908,6,65397,80,0.7701177562099787,Normal,CICIoT2023
0.8917937824183556,9055,20128.24712894862,1,15701,80,1353.9220744257866,DDoS,CICIoT2023
8.307182034639142,754,13996.346762745923,6,7427,22,217.3463559174673,Brute Force,CICIoT2023
0.7207179539134807,7010,958351.6738613454,1,20183,80,1762.7380465478939,DDoS,CICIoT2023
0.4555288926179257,5637,231204.60353088344,6,56210,80,1464.2030752431237,DDoS,CICIoT2023
18.703902692594493,20,2782.115530380949,6,53324,80,0.7779842529859471,Normal,CICIoT2023
55.92186134304517,86,3745.2173440501997,17,21001,22,1.479348662393118,Normal,CICIoT2023
3.6242931534504157,818,549.1521657386787,6,20610,21,182.46890637955153,Brute Force,CICIoT2023
0.9262054917047348,8399,682809.823256145,17,34150,80,908.4284910622014,DDoS,CICIoT2023
0.9300428481947349,7,2538.735432857286,1,0,0,61.256915081382935,Spoofing,CICIoT2023
21.11128640807002,99,1583.0200400560254,17,58154,22,0.2712819224411885,Normal,CICIoT2023
10.296365542654353,94,11492.497149784893,6,27731,80,11.417556627015186,Normal,CICIoT2023
21.84190438171006,95,4209.438383050292,17,53699,22,0.06309872882548137,Normal,CICIoT2023
0.8357300706187102,5995,336501.1752588054,1,46302,80,637.9767660061999,DoS,CICIoT2023
6.933219693790178,64,1738.837255795238,17,18031,22,6.163959516959197,Normal,CICIoT2023
1.1939514652398686,3,1109.879517867179,1,0,0,98.69717199296963,Spoofing,CICIoT2023
0.835546991355714,5114,107648.36783877028,17,4975,80,1854.5759796537732,DDoS,CICIoT2023
2.2574851028105867,97,5474.105106746418,6,3792,21,165.67195792195673,Brute Force,CICIoT2023
25.636852245569,90,860.6659384152908,17,2184,443,0.8357930163605342,Normal,CICIoT2023
4.385568393065513,9,163.93603598872662,1,0,0,64.33796294538516,Spoofing,CICIoT2023
0.2542582642202721,9370,321242.79263467767,6,35265,80,756.9101159993594,DoS,CICIoT2023
1.1150403497402552,6697,1281814.8003003234,6,37451,80,1532.1764888095254,DoS,CICIoT2023
0.7281215567712626,7,567.927517881496,1,0,0,77.35377244853643,Spoofing,CICIoT2023
0.40043215671524307,6137,1121980.3633761918,1,8879,80,631.5764625799465,DoS,CICIoT2023
0.5933902784064276,1187,1017544.0753366263,1,26128,80,1291.751056341911,DDoS,CICIoT2023
24.262649429096,61,5321.070215137637,6,57149,443,2.467253897664981,Normal,CICIoT2023
5.294116450618252,52,12968.238929014306,6,4598,443,0.8342087835558014,Normal,CICIoT2023
8.229741161662302,724,5750.931992705915,6,38025,23,208.11805060286935,Brute Force,CICIoT2023
0.4395607487858419,3731,16547.793775704173,1,19117,80,1099.3977674313019,DDoS,CICIoT2023
1.2801213221779872,2420,22346.690264257762,6,56210,80,895.4081597103223,DoS,CICIoT2023
1.4324138394671848,4305,538155.8624441864,6,65250,80,720.3412458693991,DDoS,CICIoT2023
30.050693850482197,61,1430.1276159600698,17,50656,22,0.2626154446893315,Normal,CICIoT2023
65.4101516837615,81,2016.2095794281274,6,52068,22,2.54207769289697,Normal,CICIoT2023
1.283307309408635,9235,940240.8632081758,17,29048,80,1122.820635026496,DoS,CICIoT2023
0.9264860181812826,5320,317632.4176906321,1,2916,80,1379.9694916623876,DDoS,CICIoT2023
15.687367675832487,43,11919.322942049781,6,30910,443,0.9597746473745826,Normal,CICIoT2023
0.6236599018853005,1565,310410.72081233026,17,11339,80,1916.1421788955467,DDoS,CICIoT2023
7.140880577272515,72,599.4140443591887,17,24147,443,3.359889494278163,Normal,CICIoT2023
0.06329170209225352,8156,96157.64705493479,6,48002,80,1408.5488606898134,DDoS,CICIoT2023
18.65820605466727,21,3284.625692244194,6,24893,22,1.1578798356572526,Normal,CICIoT2023
0.11018854473753456,5023,869447.4056784749,1,13237,80,1241.0175058989585,DoS,CICIoT2023
2.8913025280017255,40,729.8699825252429,17,34024,22,3.1237723051768898,Normal,CICIoT2023
0.45067172358429086,1233,274259.6050254687,6,43239,80,704.5566575441876,DDoS,CICIoT2023
4.28519188670624,99,1204.0485206746448,6,43703,80,0.7606927064762349,Normal,CICIoT2023
55.259387651234825,78,2911.080098472701,17,32382,80,0.016974824926715443,Normal,CICIoT2023
28.414650739915494,11,14182.062314915524,6,22416,443,4.099993612588808,Normal,CICIoT2023
0.03301666732228614,3415,254735.9659561792,6,62707,80,1123.9844119628624,DDoS,CICIoT2023
1.1225397375320891,4088,369318.556173226,1,3614,80,1241.2364053277065,DDoS,CICIoT2023
20.744432109059293,83,2605.0666814265383,6,31844,443,0.3262040767632895,Normal,CICIoT2023
0.7603194108612968,9051,625130.9750512978,1,55579,80,1844.7563764384922,DoS,CICIoT2023
4.915132238739927,13,595.9918845439888,1,0,0,89.643407216047,Spoofing,CICIoT2023
0.8697603985189319,9498,770912.9569748332,1,9548,80,1217.9673058257872,DoS,CICIoT2023
1.6853388124316186,97,798.331893067655,6,28150,22,0.18330003427476085,Normal,CICIoT2023
1.2104563147736291,8863,276289.5875896607,1,35342,80,573.949493613755,DDoS,CICIoT2023
1.0352535025579173,77,5806.290553611481,6,7596,22,2.063269741029866,Normal,CICIoT2023
2.715640397255543,75,6325.22401588881,17,2933,22,5.6400998802695215,Normal,CICIoT2023
3.3459974430589154,690,1118.262171328407,6,18164,21,73.76006016290486,Brute Force,CICIoT2023
2.4965367740730735,73,2058.8109211260817,17,58231,22,0.609001715276627,Normal,CICIoT2023
0.19161492599973487,1444,232627.40415425337,1,36079,80,1461.5090859810518,DDoS,CICIoT2023
1.3528762196168793,1496,1183692.5711291514,6,21661,80,1987.8392859794628,DDoS,CICIoT2023
1.1867450428646054,2426,173469.2619961044,1,65414,80,618.4708990493475,DoS,CICIoT2023
1.043013228141723,9741,1131094.073308942,1,33999,80,1504.0225261441942,DDoS,CICIoT2023
27.718875323477906,98,1498.9928848948157,17,24262,80,0.6055782427764317,Normal,CICIoT2023
61.18206149430412,97,787.7869644589437,6,37852,443,0.06669969938979185,Normal,CICIoT2023
0.6362997299012935,2689,143290.00578174982,17,36978,80,888.8230006579797,DDoS,CICIoT2023
1.2866359178568758,47,12417.162743311765,6,19320,80,2.833251901727956,Normal,CICIoT2023
20.73503761127345,83,8266.757476109175,6,36060,22,2.3313832598484923,Normal,CICIoT2023
4.721589608184476,88,3396.7257380213505,6,8382,80,1.2075703029661244,Normal,CICIoT2023
24.566961718819115,33,836.599941188994,17,8661,80,0.6404429814307296,Normal,CICIoT2023
6.6715686653195085,45,16336.153768067823,6,4431,22,1.2151457539632453,Normal,CICIoT2023
36.86101003911865,88,6748.371678888634,17,52073,22,0.2013081028314722,Normal,CICIoT2023
1.3846328833096422,5374,236062.61910020944,6,65025,80,1540.2647555694807,DDoS,CICIoT2023
0.06916969928264835,5867,935872.4160390785,1,6379,80,1515.610568987672,DoS,CICIoT2023
3.8839773518770557,3,3251.779007852164,1,0,0,34.48023163578907,Spoofing,CICIoT2023
20.25300324352544,78,1537.4357644380314,17,27795,443,1.0569774754922823,Normal,CICIoT2023
4.922117497602735,50,1301.240647745033,17,9276,80,1.4865090762982816,Normal,CICIoT2023
25.605939177100307,86,2475.738457367061,6,49372,80,3.163492044284742,Normal,CICIoT2023
0.15746324887897317,1081,166706.63506630273,17,14857,80,1300.217713859439,DDoS,CICIoT2023
0.08860735609981532,1761,30920.74777258201,1,56827,80,1616.1900285715553,DoS,CICIoT2023
25.582449823902625,99,258.355940718901,17,21067,22,1.156216662624332,Normal,CICIoT2023
2.0151722697991925,618,32255.570569769247,6,36875,21,250.3428838659092,Brute Force,CICIoT2023
8.603375221429117,74,1111.7943183011585,6,50136,443,1.6051596568068953,Normal,CICIoT2023
0.9513445170426055,2203,294107.06121299637,1,20218,80,1907.0807803308944,DDoS,CICIoT2023
0.23817085290056178,5673,338046.80295569025,6,44559,80,1173.6851208953763,DoS,CICIoT2023
2.8962564370058668,3,278.2915149468125,1,0,0,74.38925829488863,Spoofing,CICIoT2023
0.1130695438530716,5414,905693.6153662441,17,63161,80,1414.2927646310955,DoS,CICIoT2023
2.9674544484249843,16,5348.051110282843,1,0,0,95.62983749985987,Spoofing,CICIoT2023
7.7286895524044255,64,1302.7280294355396,17,22472,22,6.015867684912928,Normal,CICIoT2023
3.6754242268714825,11,521.9564708409142,1,0,0,31.57381704182002,Spoofing,CICIoT2023
7.992686766183135,97,18764.853198210916,6,48471,80,4.893943490686397,Normal,CICIoT2023
2.1052048529398,2,568.8800222781496,1,0,0,82.66110590803316,Spoofing,CICIoT2023
1.1468594750716443,8512,34288.302460960345,1,23433,80,797.8142883023024,DDoS,CICIoT2023
2.524659437444959,3,1970.524202316745,1,0,0,71.62958424512786,Spoofing,CICIoT2023
0.19690825883127483,7185,554374.4624167853,17,32579,80,920.6948363069787,DDoS,CICIoT2023
1.0993434446753076,9594,104195.96552954859,6,40047,80,934.9810889662128,DDoS,CICIoT2023
0.9470686659361864,5419,176546.5457824755,17,58796,80,893.4573970766594,DDoS,CICIoT2023
1.2599429696974038,6731,143031.4187054484,6,23755,80,1412.8573897609613,DoS,CICIoT2023
54.057685351098925,73,7917.61569524865,17,58500,22,1.0091813590360448,Normal,CICIoT2023
50.787762359923,26,2688.8184476992114,17,6121,80,2.431607295024822,Normal,CICIoT2023
16.52848090358075,10,4105.236103686082,6,6521,443,0.7240178648825867,Normal,CICIoT2023
39.08781080468814,67,2377.8962956894848,6,44850,443,3.472290993947943,Normal,CICIoT2023
0.6054191283039692,17,223.2007664622004,1,0,0,73.58948220545443,Spoofing,CICIoT2023
11.38367485343214,38,2530.329478827,6,35181,22,6.58207642691167,Normal,CICIoT2023
2.1399028556247455,144,12800.512974968238,6,55888,21,72.81291477976202,Brute Force,CICIoT2023
1.2954300042262483,99,5884.470051316598,6,11612,22,1.931740722212174,Normal,CICIoT2023
16.784509126237566,30,3431.471131446317,6,12918,80,0.6797821284926737,Normal,CICIoT2023
0.36165181618233094,1562,82004.25621010533,6,47790,80,510.18226103538467,DoS,CICIoT2023
0.23788534784838497,6202,136684.18054359703,17,30519,80,1986.479254245028,DoS,CICIoT2023
0.7900769748470516,9720,1385418.0891445288,17,3963,80,1047.2271444617854,DDoS,CICIoT2023
1.3113532722847367,6392,604043.9200450781,17,31677,80,846.1014149091782,DDoS,CICIoT2023
0.5325985746224201,3775,446616.776461948,1,60895,80,786.9337350447715,DoS,CICIoT2023
8.848668094227907,22,687.841592219657,17,50916,443,0.588976289064671,Normal,CICIoT2023
2.1433021837590855,368,6303.394347855007,6,2918,23,252.70702834056772,Brute Force,CICIoT2023
9.828876725188149,129,159.64833420840077,6,43259,22,141.74953681705517,Brute Force,CICIoT2023
0.16812687366170462,3770,197978.17379522524,6,15657,80,1893.0940539160033,DoS,CICIoT2023
25.467947311338364,38,613.5909402728504,6,34062,80,0.36847184245283626,Normal,CICIoT2023
0.87666048568278,9250,77224.38455487219,17,5882,80,1287.7112776544445,DoS,CICIoT2023
4.403387783629562,25,3840.755572127058,6,11868,443,1.1695362951285864,Normal,CICIoT2023
5.38042891290938,73,636.5594723593604,17,40721,22,2.47694401111819,Normal,CICIoT2023
17.967427948085977,28,6654.334567089859,17,15925,22,2.2137651725127077,Normal,CICIoT2023
0.3320423603432719,9676,30721.502665432236,1,51891,80,1686.2745164497687,DDoS,CICIoT2023
4.034729549249106,19,456.91182532878713,1,0,0,32.24846070375699,Spoofing,CICIoT2023
1.4941722036241232,2151,127972.46727015555,17,7326,80,1214.0310603201797,DoS,CICIoT2023
1.3532433729824416,9402,17023.610267775613,1,19915,80,1047.6408803477088,DoS,CICIoT2023
0.9211273305516067,8494,42387.766032265725,17,29005,80,1242.1313606535555,DDoS,CICIoT2023
3.15391112445219,97,3776.6771412928306,17,9545,22,0.06845781063599479,Normal,CICIoT2023
3.2817101744913413,38,2144.0324342331664,6,37510,22,0.7990994780088305,Normal,CICIoT2023
6.29015864559735,188,1364.7073840250562,6,49724,23,218.06970736852,Brute Force,CICIoT2023
35.17257643150441,89,17540.214427191266,17,26275,80,1.4715834892149797,Normal,CICIoT2023
4.198282754593006,4,6253.1793503278905,1,0,0,72.84453341774918,Spoofing,CICIoT2023
0.31957823786519524,6932,786233.999694114,6,7357,80,1563.0150799482603,DDoS,CICIoT2023
0.3301333635732472,6067,451196.1242484555,17,41765,80,1989.7311553852408,DDoS,CICIoT2023
1.1398708996436726,7850,489156.82546826766,1,62033,80,1459.9345776718555,DoS,CICIoT2023
1.2917773967355595,3169,1338620.3279176971,1,56630,80,617.993087471388,DDoS,CICIoT2023
0.9421811424423095,8,408.27867624745,1,0,0,40.69848849286616,Spoofing,CICIoT2023
5.891856819175683,982,672.0959348940872,6,27986,22,81.48516026187514,Brute Force,CICIoT2023
1.3556152855034715,1039,322354.4782406798,17,55549,80,1429.1676107272299,DDoS,CICIoT2023
25.374033928563634,46,7804.423653684194,6,18691,22,0.8169539936339846,Normal,CICIoT2023
0.9158594327401895,1815,414266.7988124749,1,19919,80,1201.6373464363692,DDoS,CICIoT2023
9.712652526187105,80,461.369857677505,6,21125,21,74.5144621406144,Brute Force,CICIoT2023
9.59853414651959,20,352.64505675110945,6,16969,80,0.4395832769520413,Normal,CICIoT2023
0.482710272510053,3282,1123520.476065632,6,18885,80,1291.711045338245,DDoS,CICIoT2023
1.4995643803545282,6592,234528.28404016173,17,62884,80,1275.6813321699956,DDoS,CICIoT2023
1.1477796146250963,9357,1728863.5375755813,6,62861,80,1173.2475397709727,DoS,CICIoT2023
1.9737987074358707,97,2972.6777787232527,17,58040,22,1.5449742305530114,Normal,CICIoT2023
0.7085402474427096,3274,97535.83825835098,1,19985,80,985.9689120651494,DoS,CICIoT2023
6.284195214257808,904,19141.897875717437,6,22237,21,172.87855645795665,Brute Force,CICIoT2023
56.65297381408467,68,1822.914151622007,17,5298,443,1.8628848955363142,Normal,CICIoT2023
2.4085917489645636,23,6957.114362509838,6,56072,22,1.7238960078960013,Normal,CICIoT2023
4.220319517323486,270,19545.611193538636,6,12990,22,174.7590432260203,Brute Force,CICIoT2023
41.22149996740157,49,9463.351203609924,17,65254,80,0.46964234401142835,Normal,CICIoT2023
0.11822633800849003,19,1425.5701829877655,1,0,0,44.19639570337773,Spoofing,CICIoT2023
0.6782429897239244,1754,2937051.7262951443,1,18134,80,1641.9131845256188,DDoS,CICIoT2023
47.5975336720014,12,4327.800564899125,17,53160,22,0.9505112535284841,Normal,CICIoT2023
2.418545992991687,16,1086.3111451167256,1,0,0,80.49852011974252,Spoofing,CICIoT2023
0.4098262889992396,2914,2139318.664169854,6,63692,80,798.6234692419366,DDoS,CICIoT2023
0.8856778102288,7103,282310.73305613466,6,30082,80,1000.7223675638561,DDoS,CICIoT2023
20.513114096742225,88,2771.5465828381084,17,6938,80,0.10900927192688671,Normal,CICIoT2023
0.8189603197586788,8211,594156.5863293532,17,14477,80,1788.0080823942442,DDoS,CICIoT2023
2.8745377073894867,84,1731.8739754293554,6,24407,80,2.3737118082640003,Normal,CICIoT2023
9.738780029258324,77,12244.852387455558,6,48824,443,0.9624690663016239,Normal,CICIoT2023
9.6113320353179,57,13582.85552112732,6,45740,21,239.72221253511165,Brute Force,CICIoT2023
12.411297807204013,18,27235.530748302655,17,62772,22,0.7387889181187792,Normal,CICIoT2023
0.9209219495165898,1114,17691.273349944535,6,52523,80,922.9053265126377,DoS,CICIoT2023
9.79400923182525,49,12019.835782297298,6,4700,443,0.17810067774176316,Normal,CICIoT2023
0.9786377521984978,3036,94592.90057404341,6,64981,80,1235.0063761465153,DoS,CICIoT2023
2.754910478320788,28,13551.094298030923,6,60762,80,0.1918832657029103,Normal,CICIoT2023
5.624882513004103,511,27219.457855536508,6,61603,22,83.75953417013686,Brute Force,CICIoT2023
0.708290939124614,9448,1918206.9746512317,6,63136,80,755.2141102657368,DDoS,CICIoT2023
6.699260770914314,55,1950.423878436581,17,8655,443,2.187967104315091,Normal,CICIoT2023
18.609100276670915,10,102.05186815458131,6,39483,443,6.897076638248251,Normal,CICIoT2023
39.44563288847639,55,5373.16546303886,17,51369,22,0.7693167937383288,Normal,CICIoT2023
0.385781579217403,7200,340235.52082400117,1,46995,80,1034.7150062716812,DDoS,CICIoT2023
3.664956137546098,80,2861.616125276099,6,60964,443,0.22811253395954484,Normal,CICIoT2023
2.489149856643909,9,1174.3805042146498,1,0,0,80.32205965556803,Spoofing,CICIoT2023
1.023268623997662,9166,59859.291647282655,1,44976,80,1109.9087795691435,DDoS,CICIoT2023
13.904587340578063,46,2057.0385342855834,6,30093,80,1.272635568478261,Normal,CICIoT2023
1.318391643508695,7852,78240.1361019974,1,63719,80,1097.0822610184066,DDoS,CICIoT2023
0.77531374205369,8822,243923.2159333827,6,10667,80,1954.041867493664,DoS,CICIoT2023
49.14359612024633,53,2765.309118821937,17,11561,22,0.882045090851593,Normal,CICIoT2023
6.099431357102957,91,8907.49266148816,6,1075,22,6.7284217500934025,Normal,CICIoT2023
18.272746753973323,56,3420.6680434842433,6,37748,443,1.3381693861109705,Normal,CICIoT2023
0.47872650435387865,7875,259753.6545842251,17,47069,80,930.300312474191,DoS,CICIoT2023
0.4101836104561202,8874,3653972.4037262583,17,61738,80,993.2027068676805,DoS,CICIoT2023
0.9923989106961622,4464,41759.139086478404,17,30289,80,1652.6316066758632,DDoS,CICIoT2023
4.4365750902815675,18,3265.839913796106,1,0,0,22.41054481731189,Spoofing,CICIoT2023
3.9022865640946875,10,1439.2994554974164,1,0,0,70.36724804245961,Spoofing,CICIoT2023
1.2725590303249565,1613,267826.9899782583,1,53292,80,1610.4695462659272,DDoS,CICIoT2023
2.759922734236966,6,137.1791644520333,1,0,0,43.012529662600514,Spoofing,CICIoT2023
8.730329249313808,30,3536.7133901408592,17,47894,443,0.336091520859105,Normal,CICIoT2023
10.009805991733018,68,5079.865935654282,6,21608,80,0.336401267641322,Normal,CICIoT2023
7.922037100322699,91,12196.476645359793,6,51969,443,4.663546857231362,Normal,CICIoT2023
8.52513001834543,16,7215.373671097928,6,62734,443,0.3513275937048176,Normal,CICIoT2023
1.49405904723955,9411,359127.709432908,1,3635,80,1751.1673748994876,DDoS,CICIoT2023
8.197864685157157,138,19829.314743175495,6,60646,21,166.81033610220928,Brute Force,CICIoT2023
5.118224527441006,97,277.09558125722276,17,22764,443,3.3216495597280304,Normal,CICIoT2023
13.168993128059588,87,3153.4503543654723,6,28042,22,0.8867850332120458,Normal,CICIoT2023
0.5741771512721001,8391,171099.96202856506,6,36296,80,1304.2884189233064,DDoS,CICIoT2023
5.042333824589913,342,26201.281297944886,6,38912,23,103.43417199547767,Brute Force,CICIoT2023
4.290142315147648,62,1392.418239561669,17,32993,443,1.162373867406283,Normal,CICIoT2023
0.7236661365656724,6775,1542265.4200361704,17,34850,80,1960.6707514683933,DDoS,CICIoT2023
1.123481682684278,57,3545.5397720168367,17,31693,443,0.026325569557459454,Normal,CICIoT2023
3.8257132200844155,91,1553.2532665261278,17,45522,443,0.29220934902424944,Normal,CICIoT2023
5.478845990546963,371,348.61794761717783,6,13366,21,85.92190629605318,Brute Force,CICIoT2023
7.389397660908217,717,5088.965056231248,6,56918,22,252.03926225605318,Brute Force,CICIoT2023
3.9073106007919227,19,2609.8257031198264,17,27675,22,0.7585821924654182,Normal,CICIoT2023
1.7824560462302874,150,9319.178355216025,6,3424,23,214.57094585653934,Brute Force,CICIoT2023
0.40307105167007273,2018,183472.60318623422,17,4560,80,1064.3021199427972,DDoS,CICIoT2023
0.4094865880042826,9,1274.1861990818136,1,0,0,61.606146330793344,Spoofing,CICIoT2023
1.3925719384944202,6897,503767.3813230127,17,47032,80,1472.2201145734668,DDoS,CICIoT2023
1.12482860640874,2626,1005885.8069197851,17,7901,80,821.9569443566429,DDoS,CICIoT2023
0.960177248052474,3107,641541.674715229,6,22377,80,1769.841754941928,DDoS,CICIoT2023
0.10516089627812554,1043,598025.7062518039,6,4463,80,1243.5755151174133,DoS,CICIoT2023
6.6367904838738845,25,6132.52449419462,17,51936,443,4.01576400792924,Normal,CICIoT2023
20.33328705417908,53,1308.7306975803683,17,4089,22,0.38738622819821056,Normal,CICIoT2023
21.39963126018061,76,3127.21536102501,17,10056,22,1.3104319519506875,Normal,CICIoT2023
0.6775132274566136,5615,287663.3685162117,1,59355,80,740.4807070504016,DoS,CICIoT2023
5.972536364093525,19,377.2072348680789,6,58827,80,0.32397771309769735,Normal,CICIoT2023
0.1647206853052821,3808,63251.83245271044,17,61611,80,794.7239786043779,DoS,CICIoT2023
3.262871369687171,383,17843.553638898808,6,63541,23,103.3407670082428,Brute Force,CICIoT2023
8.293231296703716,67,1277.9335003390013,17,15270,22,0.24109392075883024,Normal,CICIoT2023
1.2109574486278418,4955,99798.24717286357,17,17812,80,1687.9415217000735,DoS,CICIoT2023
0.19949997193316152,3952,103256.75004874208,6,64990,80,894.8692622458166,DDoS,CICIoT2023
2.825558330726287,13,1532.5230729692555,1,0,0,73.4316039932766,Spoofing,CICIoT2023
7.213755770142157,9,1410.9725557747154,17,56589,22,0.30882468408939373,Normal,CICIoT2023
1.2882548860168974,1537,99297.27839571245,6,30738,80,1178.4117684337084,DoS,CICIoT2023
0.17893027089175118,11,2635.3128637907307,1,0,0,17.89956227110965,Spoofing,CICIoT2023
7.013625957621146,310,33416.893062557705,6,27807,23,206.8890059676616,Brute Force,CICIoT2023
0.541015852999312,7163,268378.775465873,17,57811,80,1260.1550610766822,DoS,CICIoT2023
0.1985525136826021,4164,732648.6497272806,17,53611,80,720.3633635343905,DDoS,CICIoT2023
0.8327196321868086,8623,930548.721320163,17,60429,80,1651.791384688783,DDoS,CICIoT2023
0.298494947412477,17,453.97835482944174,1,0,0,46.17567321536976,Spoofing,CICIoT2023
1.2701598687053872,1288,184278.11927625848,6,61294,80,1035.8629522552042,DDoS,CICIoT2023
13.907638168438993,71,1451.2604873958062,17,27349,443,0.2720574822557925,Normal,CICIoT2023
1.6511354545245163,103,1470.1882781905424,6,34639,21,146.35527493246965,Brute Force,CICIoT2023
0.8060281949733709,2239,161982.2723564684,1,44363,80,1483.1235452042824,DoS,CICIoT2023
0.02231529393932901,6055,359651.3662099751,6,41575,80,1880.295479111411,DoS,CICIoT2023
1.756118827547519,17,9708.085640946627,17,17532,80,0.1725695467578711,Normal,CICIoT2023
0.19799268932161776,1530,368738.5093228285,17,15480,80,1478.9201026210303,DoS,CICIoT2023
1.9488708304459288,53,3277.1866971180953,6,12944,80,5.058278126422919,Normal,CICIoT2023
0.6667402190362998,2142,282425.9150986217,1,60123,80,657.1438046771601,DoS,CICIoT2023
10.08330475050749,30,9966.724052564321,17,31227,443,2.5718806659216913,Normal,CICIoT2023
1.2506980031938764,1839,426845.82022138714,6,58524,80,1025.3549214906152,DoS,CICIoT2023
9.253886546546148,382,2539.357822234552,6,2161,22,279.20164451869414,Brute Force,CICIoT2023
13.320569502188704,79,598.4621048736349,17,56622,22,0.3716076703578927,Normal,CICIoT2023
8.356712097421994,670,5850.358284000809,6,48928,22,129.91301556382516,Brute Force,CICIoT2023
1.217545041224024,2977,13649.691746031878,17,52843,80,1143.258522946086,DDoS,CICIoT2023
2.0566981173184007,5,1006.6411413006496,1,0,0,25.71850589098313,Spoofing,CICIoT2023
1.2746989666360025,1883,85437.49911251594,6,10439,80,1367.8780228894248,DoS,CICIoT2023
0.1218895322499178,8478,206563.99468684776,17,8844,80,1007.7899520902536,DDoS,CICIoT2023
0.04056228850485036,9269,518060.00212888035,6,47077,80,1979.6210277243333,DoS,CICIoT2023
3.6882237803859113,9,56.48987330262025,1,0,0,82.45133921062632,Spoofing,CICIoT2023
0.03908863034001125,5861,339754.1203938545,6,35388,80,1743.7726699248765,DDoS,CICIoT2023
9.798967218595084,23,685.3868308187508,6,44126,22,1.9101405470197586,Normal,CICIoT2023
1.243784495803636,1938,461109.7660040164,1,13965,80,746.277446084538,DoS,CICIoT2023
0.7049715112806065,12,1000.823967685835,1,0,0,30.467955585117636,Spoofing,CICIoT2023
0.26527357123701867,7437,480093.6179221285,17,51379,80,632.0090412671784,DoS,CICIoT2023
1.341366529412671,8904,197979.4204415017,1,55523,80,1085.0990986214424,DoS,CICIoT2023
1.2967297346773274,4093,840695.7853513061,6,59830,80,822.6808955690614,DDoS,CICIoT2023
4.144352091557962,14,564.0636296909114,1,0,0,61.92632351088812,Spoofing,CICIoT2023
5.814334935370525,97,1032.4330573233988,17,26789,80,4.160819898990624,Normal,CICIoT2023
0.04963781975888018,1597,963532.8038988455,17,8169,80,1779.7594679700837,DDoS,CICIoT2023
5.610051742696085,99,5185.277877213097,6,11513,80,1.6275230854153497,Normal,CICIoT2023
17.249545717622887,89,3892.1712317934325,17,21157,443,0.13816486853249113,Normal,CICIoT2023
2.857034948643318,97,4778.758263650227,17,41885,80,1.1228444391720414,Normal,CICIoT2023
13.122398541532485,90,5913.713917423622,17,39323,80,2.8119538271445403,Normal,CICIoT2023
0.9765556133742228,8887,314050.5428726979,1,29439,80,1060.2794963476117,DoS,CICIoT2023
19.1572694104807,55,14389.400782469938,17,41332,80,1.2274079247527974,Normal,CICIoT2023
0.967056279953859,6695,218049.35070672721,1,15259,80,944.0982650584206,DDoS,CICIoT2023
11.851915424276767,89,7921.678983144735,17,62860,443,0.09696193723709151,Normal,CICIoT2023
1.6315267902976216,80,6553.289751511346,6,24270,443,1.6382639778857522,Normal,CICIoT2023
12.393559823226386,24,981.2876369558097,6,33494,80,0.67559585752939,Normal,CICIoT2023
7.858273639808257,61,5485.902867570936,6,38156,443,0.1542953332531426,Normal,CICIoT2023
0.16462431586576365,5960,466444.7349020935,1,32150,80,1525.8400321665154,DDoS,CICIoT2023
1.194248654682957,2499,341786.6985138537,1,1754,80,1072.9370285679033,DoS,CICIoT2023
0.850808586358047,2701,239500.69832650313,6,46790,80,1022.3459595610531,DDoS,CICIoT2023
1.0682126739912348,1757,420890.40657389275,6,6675,80,1280.85581644876,DDoS,CICIoT2023
8.458075647215272,85,6160.3193805624815,17,5641,80,0.3139767606606616,Normal,CICIoT2023
1.6498325087555596,19,593.6651540032144,1,0,0,51.051448805197,Spoofing,CICIoT2023
