flow_duration,packet_count,byte_count,protocol,src_port,dst_port,conn_rate,label,dataset_source
48.84001112510504,28,5175.516937709712,17,60644,80,6.100221279324899,Normal,TON_IoT
27.012942337404308,63,262.64551037941135,17,23284,22,2.038095559229033,Normal,TON_IoT
6.627782356500629,63,500.27007749118746,6,35088,763,519.3127416953544,Reconnaissance,TON_IoT
2.211965628755661,79,1114.362492071456,17,39949,998,190.85751439857762,Reconnaissance,TON_IoT
8.196223913242344,133,1032.5043751866829,17,48446,789,120.61904225504875,Reconnaissance,TON_IoT
37.89453446284711,1728,133002.80921000498,6,3786,445,17.60376456794114,Ransomware,TON_IoT
58.54690382168478,1352,101972.81681566726,6,20116,445,141.93808586103074,Ransomware,TON_IoT
12.014076583063785,79,763.2395784392099,6,57593,80,0.6812631475174716,Normal,TON_IoT
0.07338961578938887,3457,419623.5989248929,1,8236,80,1914.624424364755,DDoS,TON_IoT
9.359330961059918,46,3862.8791352754433,17,43023,22,0.3106458313206096,Normal,TON_IoT
3.1581485285587867,44,867.4390675962861,6,38171,44,726.7053609562429,Reconnaissance,TON_IoT
10.102026147040899,2503,733933.7447264211,6,2455,445,114.2194020802554,Ransomware,TON_IoT
194.90534878935097,497,3105.257774973829,6,57213,8080,18.68848294782493,Botnet,TON_IoT
6.375634027061647,51,7943.2250834052375,17,63410,443,2.3166508772374965,Normal,TON_IoT
61.599318763983845,241,17592.598692632982,6,2495,6667,45.65239098597439,Botnet,TON_IoT
0.251983549181961,4237,173339.32451846835,1,10842,80,1075.8629657690099,DDoS,TON_IoT
19.487934025051036,397,21686.63781700033,6,48654,8080,10.466412297816051,Botnet,TON_IoT
0.6937578087090203,1826,201136.26385205708,1,7479,80,967.464069686639,DDoS,TON_IoT
13.877020549479052,23,1063.6482626259617,6,59777,80,0.35580946599073754,Normal,TON_IoT
0.5950268437356249,2397,889536.2922815331,1,42538,80,927.0289774688463,DDoS,TON_IoT
3.8421239635696858,1972,348343.0112869945,6,14126,445,44.95330009609887,Ransomware,TON_IoT
2.124512351386022,67,5421.402456474706,17,17831,22,0.3418524123052112,Normal,TON_IoT
88.16066128949967,480,7761.890047322653,6,12472,6667,32.98694210829896,Botnet,TON_IoT
0.7776109621498687,2007,890455.7356805076,6,23016,80,1708.245818303012,DDoS,TON_IoT
279.8103376213702,398,966.824059739988,6,14233,23,34.097204084305346,Botnet,TON_IoT
11.121019257184228,50,1860.268612948973,6,64001,22,0.11126710864665032,Normal,TON_IoT
0.4205843192322228,9231,230650.05149653723,17,18598,80,584.1629686587944,DDoS,TON_IoT
151.5529522214593,145,4382.812483233971,6,17716,8080,14.272973462666442,Botnet,TON_IoT
0.7059045464355149,127,1851.8188663784767,17,64252,238,965.7008257679071,Reconnaissance,TON_IoT
0.43645470641445183,1676,584204.013958112,1,45539,80,1166.1084929321255,DDoS,TON_IoT
61.270555766147545,222,4940.292718886006,6,57766,6667,30.057276208994786,Botnet,TON_IoT
4.141287041395499,76,4823.150202055935,6,52819,22,0.5316916262822348,Normal,TON_IoT
24.2213698830478,50,16323.405517152449,6,11628,22,3.718179063396361,Normal,TON_IoT
8.33061077280233,9,4936.041083733353,6,40558,80,6.449577683349934,Normal,TON_IoT
40.35107107191141,77,15801.949940061955,6,58602,80,0.8295668177669012,Normal,TON_IoT
66.65158912383686,155,856.9265669670395,6,16456,23,39.0236014774508,Botnet,TON_IoT
5.084396723288735,25,3114.5326111979784,6,26675,443,3.6468918058249087,Normal,TON_IoT
30.117946412096007,215,469901.714964423,6,30496,445,97.20141368590973,Ransomware,TON_IoT
163.62566458342354,31,21847.46626674812,6,39742,8080,13.886814971566018,Botnet,TON_IoT
9.68569613363603,96,1392.284024068964,17,38752,443,3.8207763246538438,Normal,TON_IoT
74.96781076637598,436,17082.994367010262,6,55592,6667,32.74646543118418,Botnet,TON_IoT
8.773465274667265,2203,566835.6907387386,6,40842,445,103.2704789296907,Ransomware,TON_IoT
268.6193422901974,493,59417.18894734589,6,5444,8080,15.150885200657692,Botnet,TON_IoT
6.277384804439345,23,3999.9882681629715,17,1090,80,4.156610137353578,Normal,TON_IoT
0.798838938454115,8448,31667.242352377893,1,9657,80,1324.0864769804693,DDoS,TON_IoT
19.716934821392282,1268,2751677.6563955513,6,43845,445,127.10280292146943,Ransomware,TON_IoT
1.2745259347749682,6971,242080.51504859922,1,40489,80,852.771579124788,DDoS,TON_IoT
0.4487276897338768,8691,829606.8587526405,17,14857,80,1430.233241891519,DDoS,TON_IoT
7.679005335802543,189,4632.678715643314,17,53146,992,312.4616994098245,Reconnaissance,TON_IoT
8.507667553538367,562,1387469.706256888,6,62825,445,41.577674372313105,Ransomware,TON_IoT
20.34730145333863,74,3721.337442706963,17,34237,443,3.3854419160105853,Normal,TON_IoT
5.6874275165939165,148,108.82553590593922,17,61088,815,446.640523471214,Reconnaissance,TON_IoT
1.1436117728102853,31,4820.20554254577,17,40042,80,3.210046481456592,Normal,TON_IoT
223.17064382729276,453,32656.58723275066,6,55028,8080,6.830383027256435,Botnet,TON_IoT
11.371745809501299,81,15432.843561048723,6,23402,22,0.18064115405181957,Normal,TON_IoT
1.3269998271110393,2986,876523.9928850207,1,4124,80,775.6055173549371,DDoS,TON_IoT
27.047975294800555,60,1825.9725970299603,17,15060,22,3.584029620257016,Normal,TON_IoT
39.88417811567632,92,1092.705015538164,6,55587,22,2.720345413759939,Normal,TON_IoT
2.9971553257336456,18,192.98611945468278,6,28485,443,0.8363827185540315,Normal,TON_IoT
210.96252337589848,169,5160.58832463868,6,38758,8080,12.112412255985129,Botnet,TON_IoT
0.3134422537796293,5615,385507.0065609701,6,25437,80,1125.714813045247,DDoS,TON_IoT
4.518524310586759,27,7398.131441132321,17,18572,80,0.01841612121059532,Normal,TON_IoT
33.910385523285285,23,5971.5788549045465,17,1351,22,0.12205600684826143,Normal,TON_IoT
207.97358346844996,119,20183.096397013127,6,23479,8080,31.815639533401487,Botnet,TON_IoT
0.7742198583425186,6946,179845.96328970368,1,57350,80,1994.2525533829762,DDoS,TON_IoT
1.1316578182929027,6422,80482.2669104228,17,54182,80,1274.7862678794927,DDoS,TON_IoT
1.1967250040449469,2321,1080488.4494357733,6,25080,80,756.5802985573923,DDoS,TON_IoT
0.23506217448732938,9462,347521.63137320284,17,1491,80,1362.8066955145964,DDoS,TON_IoT
287.51392957645885,256,5938.622694574068,6,52252,8080,5.919948082846515,Botnet,TON_IoT
1.1282475307319624,2626,204118.22608091755,6,44330,445,65.88377422005463,Ransomware,TON_IoT
1.203273781537719,1195,231510.06969059474,6,55773,80,581.433065394479,DDoS,TON_IoT
56.17412896355161,227,32490.089106388885,6,45205,6667,32.46543818818614,Botnet,TON_IoT
32.33629699861872,27,750.4407997151689,6,55272,80,0.43537485981104934,Normal,TON_IoT
77.13174945684166,348,2148.912528005099,6,34520,8080,11.56932446057251,Botnet,TON_IoT
0.6731848563666026,1190,1674891.3314003882,1,33789,80,1518.8840243283953,DDoS,TON_IoT
4.3892206850444575,2563,424838.69301189383,6,42858,445,96.77950020935357,Ransomware,TON_IoT
17.484606805528443,262,5855.952305479244,6,54448,23,15.803237226150237,Botnet,TON_IoT
6.80937757262241,10,364.14726778089715,17,49454,443,0.22608787299166486,Normal,TON_IoT
8.890034245530515,98,873.8310052074618,17,16478,443,0.4742988973784441,Normal,TON_IoT
190.02080931947938,448,8037.922180917592,6,60698,8080,46.652689079052664,Botnet,TON_IoT
0.7248575979310162,5936,1003589.1545110017,17,1063,80,1342.4444753575021,DDoS,TON_IoT
11.696109201462159,496,15138.861843986186,6,30854,6667,6.784019358794409,Botnet,TON_IoT
0.9919893286294829,3739,537433.2155869786,17,5169,80,1558.8122240404148,DDoS,TON_IoT
209.227757314689,150,17859.847755530052,6,41403,23,15.48274015914968,Botnet,TON_IoT
4.546809851907902,87,13400.151541911468,6,47449,80,1.912526179604878,Normal,TON_IoT
3.2504020795829347,42,229.7617018361523,17,10224,683,766.9344156284868,Reconnaissance,TON_IoT
0.6566557989968289,9017,159653.35330225568,6,56745,80,625.0969101907824,DDoS,TON_IoT
6.439886007097896,13,428.7295258507431,17,8116,377,650.1064114724423,Reconnaissance,TON_IoT
2.3471448611234056,31,9323.12864828675,6,17394,443,3.0893173149280924,Normal,TON_IoT
0.09816099800515724,6604,622472.2522929624,6,31964,80,761.1683678244094,DDoS,TON_IoT
39.28150895568636,1491,1348622.7711376937,6,52740,445,143.82577883286507,Ransomware,TON_IoT
156.34041349588554,164,3279.372690201916,6,53346,23,10.547738764048749,Botnet,TON_IoT
3.460659209533807,1644,202860.77745181276,6,51425,445,113.59097919637126,Ransomware,TON_IoT
7.708418869507612,806,534414.8730034081,6,3114,445,129.00608698831476,Ransomware,TON_IoT
279.3107898379013,263,2704.632381375659,6,6476,6667,17.312889858877384,Botnet,TON_IoT
17.1498558720968,1783,2983862.798796294,6,61211,445,52.851344614930795,Ransomware,TON_IoT
1.6993541583761838,14,12958.019411634225,6,64198,22,0.3170027394963898,Normal,TON_IoT
0.31211413258120796,7300,304757.0077437556,6,29603,80,749.4689485892782,DDoS,TON_IoT
5.964352336700928,58,169.40602540617425,17,47758,2,363.5128354570393,Reconnaissance,TON_IoT
6.481132661657965,51,833.562850943141,6,48288,88,459.37472904824756,Reconnaissance,TON_IoT
11.370985554949904,27,3432.7116549731895,6,11097,80,0.6616307590125707,Normal,TON_IoT
8.362678479774658,46,6292.473093404135,17,38322,443,1.4508778057095826,Normal,TON_IoT
4.682605985317543,141,438.4402004772222,6,35982,69,686.0649262608007,Reconnaissance,TON_IoT
5.700038712154114,13,7840.693292270672,6,7984,80,0.22858539361559196,Normal,TON_IoT
36.665801047632954,81,3104.219822439975,6,64341,6667,12.722845857120781,Botnet,TON_IoT
0.09509500323830677,9716,483415.73115412437,1,35237,80,1285.2001279000933,DDoS,TON_IoT
115.8760091420537,145,908.1577797290607,6,16885,8080,14.624291488279807,Botnet,TON_IoT
3.8147708092358297,89,5446.441895340797,6,61593,443,0.29652926101040544,Normal,TON_IoT
233.45662032180684,254,11767.724199698161,6,36169,6667,23.07329281935355,Botnet,TON_IoT
149.97617866716118,176,30882.98460977549,6,43440,23,18.463522921223984,Botnet,TON_IoT
19.279743711355252,66,7108.682782374161,6,30863,80,3.3156890637042133,Normal,TON_IoT
0.29495883337213136,8136,515033.2183623463,1,15704,80,1004.3379287519545,DDoS,TON_IoT
119.8825637559325,136,545.8500328445115,6,57759,8080,43.071151116107195,Botnet,TON_IoT
0.9067445166918563,9910,127985.7340830706,1,37349,80,1555.295694690294,DDoS,TON_IoT
0.09025431189980881,5902,641323.5572742007,17,32328,80,1110.572818882215,DDoS,TON_IoT
264.11639441696434,117,5006.848506762362,6,37920,6667,8.026376240842676,Botnet,TON_IoT
11.784647299471207,76,16715.1918620995,6,9313,80,3.377162346608001,Normal,TON_IoT
1.267489330550823,5403,613918.4730223065,6,57521,80,1483.6400074017686,DDoS,TON_IoT
250.5784062154253,210,4452.908313089186,6,2979,6667,47.56271483500751,Botnet,TON_IoT
42.72501115690353,443,19073.921540382435,6,23438,8080,39.35021295394769,Botnet,TON_IoT
0.1790918856397414,20,3122.158220804901,17,21600,603,401.30645481824723,Reconnaissance,TON_IoT
0.5792031973833156,2646,3292298.5071292818,6,63654,80,989.4149731428877,DDoS,TON_IoT
10.702619239909044,1127,43413.29417946738,6,56898,445,94.38232515569958,Ransomware,TON_IoT
3.186283101437251,52,580.5906633856077,17,14807,80,0.34438495502253114,Normal,TON_IoT
8.191740743604823,1216,1009222.2944387918,6,39644,445,116.977849354683,Ransomware,TON_IoT
19.425221334542023,92,10014.52598428317,17,55793,80,2.6426989553028712,Normal,TON_IoT
8.106930737778848,58,92.94893751529834,17,43171,668,604.2334469498998,Reconnaissance,TON_IoT
11.556093437228565,86,1534.706390917468,17,15599,443,0.9485520227745089,Normal,TON_IoT
6.541676529332636,83,12772.610384267982,6,40504,443,2.665555627676405,Normal,TON_IoT
209.7742302952846,401,2281.607884073963,6,58256,8080,6.671027888336177,Botnet,TON_IoT
6.110523142389647,84,14314.643856291255,6,63913,80,0.6849900007417088,Normal,TON_IoT
8.653374134309914,70,4043.3074652365863,6,64241,443,9.738117639329229,Normal,TON_IoT
1.3470920684215766,98,894.861130797567,17,24040,22,0.9166019584550408,Normal,TON_IoT
165.9279771875337,125,5505.641010168021,6,52546,23,26.59128932795046,Botnet,TON_IoT
27.08555394258728,2388,3342811.9246626655,6,55520,445,121.63065595159944,Ransomware,TON_IoT
4.945151724789445,71,596.2145964549879,6,23562,443,0.7318301543887367,Normal,TON_IoT
281.3121514540945,114,19476.45558704491,6,62797,8080,31.097712699168333,Botnet,TON_IoT
1.4985009136885052,9241,245697.45268922797,6,55192,80,599.8339967338422,DDoS,TON_IoT
1.3495313532276798,37,3664.4379520315006,17,27753,80,5.820420645336402,Normal,TON_IoT
97.04043322542988,39,10703.812184958659,6,37392,23,16.959546997320206,Botnet,TON_IoT
0.09469774175903012,3073,17798.58509865108,17,8709,80,1303.9146888332089,DDoS,TON_IoT
7.274117650602018,19,738.2040636603325,6,38635,80,0.2730175940070086,Normal,TON_IoT
10.122076985716678,68,3144.8586941419194,6,10258,22,1.365407679171976,Normal,TON_IoT
27.75668003025798,339,1546251.9065164756,6,21425,445,103.88956854351942,Ransomware,TON_IoT
10.306047790196486,78,114.74569238565982,6,9841,443,3.6035935514843556,Normal,TON_IoT
0.7998129556995551,3208,374134.9594896789,1,17745,80,1950.1722171799754,DDoS,TON_IoT
35.48714901234415,1920,299741.89930842747,6,5937,445,117.08082505017161,Ransomware,TON_IoT
1.3325959874776436,6544,204512.36703903982,6,51116,80,1912.1379698687144,DDoS,TON_IoT
264.35932434227533,151,3769.430932716716,6,49899,6667,22.07279165489565,Botnet,TON_IoT
74.64628107500461,423,41647.71872270631,6,27172,8080,38.041662465372596,Botnet,TON_IoT
3.6376810261909083,45,3037.5902736337252,17,63642,80,0.33324221300912676,Normal,TON_IoT
75.04659559368545,2494,1397263.6853551106,6,23411,445,33.04217338175293,Ransomware,TON_IoT
179.57676612304502,199,11855.133529015564,6,62298,8080,6.4797163861942035,Botnet,TON_IoT
5.84915445271033,1451,4935449.1307314085,6,23863,445,67.1584296199157,Ransomware,TON_IoT
17.571895104901387,2259,1020609.6310311557,6,27605,445,137.413980735734,Ransomware,TON_IoT
125.37097941128927,118,4318.124342664999,6,37370,23,11.406258808753064,Botnet,TON_IoT
0.27547854633158353,8897,579654.2310889746,6,63370,80,651.1846044360445,DDoS,TON_IoT
0.317110091109555,2385,1310947.6878822336,6,49660,445,25.855087778170933,Ransomware,TON_IoT
15.511447607077558,15,9243.810375630675,17,42117,443,0.4876272643062611,Normal,TON_IoT
53.33106328725468,775,3759302.0500643686,6,61176,445,119.39556786743415,Ransomware,TON_IoT
24.027973523230962,28,6513.09125446145,17,39955,22,1.560104114808435,Normal,TON_IoT
15.560823712458246,53,343.5145745931347,17,37587,22,5.0724914485807755,Normal,TON_IoT
153.65991765732858,201,3113.2776861380657,6,54941,6667,17.932730762862498,Botnet,TON_IoT
7.835806322107871,72,215.12033979392567,6,60281,80,2.7386094542203785,Normal,TON_IoT
18.979781843871006,12,4529.100977875826,17,17898,22,1.489910780102419,Normal,TON_IoT
5.367693162594556,48,1465.7102029237017,17,13706,331,999.3203180675198,Reconnaissance,TON_IoT
1.20320943311301,2801,394351.68817557895,6,44996,80,1759.759492416878,DDoS,TON_IoT
7.694015784125269,2358,472959.4875296521,6,62612,445,52.91173442495208,Ransomware,TON_IoT
75.26210048042384,118,34436.90520274582,6,49265,8080,34.68153431945532,Botnet,TON_IoT
24.057365602999607,2639,542644.0853240715,6,33038,445,71.87358612401226,Ransomware,TON_IoT
3.3537542961782774,118,206.93980178440805,6,35579,649,289.87148723232247,Reconnaissance,TON_IoT
223.520368092459,91,12836.312936383247,6,63421,6667,26.728287971703743,Botnet,TON_IoT
8.801646207045954,70,10213.751953274954,17,55529,443,2.2231594198166724,Normal,TON_IoT
0.7255655043492608,7024,1534621.94583107,6,7945,80,1917.2731285975028,DDoS,TON_IoT
44.86751800807757,334,40242.68745978901,6,63962,6667,13.919296174875386,Botnet,TON_IoT
0.8282929598468765,3981,177045.6179916348,17,45781,80,505.2615770861953,DDoS,TON_IoT
1.0762785459494488,4612,28237.29736044312,1,65282,80,868.7603116932157,DDoS,TON_IoT
9.83176749939036,155,941.8648665303486,6,41006,618,652.7241899748046,Reconnaissance,TON_IoT
26.661847142012853,2416,5093948.023480947,6,40643,445,36.586415177551636,Ransomware,TON_IoT
5.126143049881583,37,12072.128911714726,6,19712,443,0.5874547313868672,Normal,TON_IoT
0.6901635601462331,5522,114553.30322561627,17,14382,80,608.7653289903161,DDoS,TON_IoT
41.69387594484534,2917,1083627.92513166,6,61887,445,21.15557573566953,Ransomware,TON_IoT
0.17855115996057527,5735,460526.0603094001,6,16266,80,1581.409629437622,DDoS,TON_IoT
1.1996020810821704,9562,845786.7944038393,17,25164,80,501.9777896349633,DDoS,TON_IoT
1.4079448635607634,9050,94413.04587193258,17,28194,80,1764.2987658889153,DDoS,TON_IoT
22.47498129362427,86,6628.339895221219,17,54022,443,2.1347299844574983,Normal,TON_IoT
8.653381067999732,71,2492.188128369377,17,26299,80,2.8233044718670195,Normal,TON_IoT
173.98165647609036,488,4761.231226151421,6,28077,6667,29.297143599723405,Botnet,TON_IoT
5.016860452320995,27,459.4361837806369,6,29088,22,0.2386029059505223,Normal,TON_IoT
39.99056401065701,80,27797.535412005844,6,22482,6667,21.176695307659365,Botnet,TON_IoT
30.65818070046871,25,11111.485254903237,17,45412,22,3.6336947760206497,Normal,TON_IoT
6.063241118269984,1195,602346.5308981133,6,20849,445,137.50730956646808,Ransomware,TON_IoT
0.9060792698183883,3898,530973.9697911219,17,7239,80,1768.014414925727,DDoS,TON_IoT
0.1526591039687675,99,454.23834529447635,6,17424,764,513.4549850250883,Reconnaissance,TON_IoT
10.659368603805781,97,333.9033395706838,6,2167,443,2.072233184261039,Normal,TON_IoT
8.676494533441282,62,4527.29344520786,6,31147,22,2.0993524066067355,Normal,TON_IoT
39.964009995636594,22,1372.4869981711342,6,55571,22,0.8991497716056241,Normal,TON_IoT
37.76299962199607,2377,4322542.298766021,6,16992,445,120.61512355784593,Ransomware,TON_IoT
0.5915715998798281,4222,144786.51883714725,6,4684,80,983.5926731506645,DDoS,TON_IoT
0.8394461353460527,4798,1613002.2291163949,17,2337,80,1486.703229049684,DDoS,TON_IoT
1.4157484044103748,5802,1636844.5921859709,17,19307,80,1493.7669213230965,DDoS,TON_IoT
252.03716584974515,499,15180.393942002816,6,4907,23,21.84898003757329,Botnet,TON_IoT
23.83743774247215,2412,1045573.2021504636,6,60348,445,54.66090340543438,Ransomware,TON_IoT
25.517752458622006,69,137.81735491039325,17,33140,443,0.22723415908506187,Normal,TON_IoT
3.7719331611229445,53,2272.3377925803356,17,25653,22,0.1093279898371872,Normal,TON_IoT
56.201252120688274,903,1571745.1952946787,6,18847,445,54.63465898347656,Ransomware,TON_IoT
283.3032895610602,466,1264.1998717110384,6,43866,23,24.91374026623465,Botnet,TON_IoT
109.25549440970973,57,7059.358211481779,17,20580,443,1.391519671426595,Normal,TON_IoT
1.7651552329266886,57,4613.9431108531935,17,26704,443,1.5527515297053929,Normal,TON_IoT
8.426561236401156,51,7844.491803769667,17,22790,443,0.892619203656844,Normal,TON_IoT
5.916031692274057,86,2534.707794129168,6,4269,443,1.9180580858488574,Normal,TON_IoT
246.2590457134434,164,31877.762027150395,6,50186,6667,42.91026360555205,Botnet,TON_IoT
33.82485578313013,62,5719.701960408975,17,3605,443,1.7425932742667039,Normal,TON_IoT
176.81259675816847,43,51306.38344790835,6,35979,6667,29.157335486470412,Botnet,TON_IoT
13.143702335710964,52,5541.557316458266,17,1315,443,2.940452696459566,Normal,TON_IoT
15.986178521945986,7,10920.42871239943,17,58628,80,5.8968015993603435,Normal,TON_IoT
6.15519884797284,97,4054.141495603883,6,44234,1004,263.2691133500492,Reconnaissance,TON_IoT
5.181484611480441,1768,315436.34022322635,6,7308,445,13.85695444900265,Ransomware,TON_IoT
2.502163233809707,85,4727.084825297917,17,40504,443,1.5626008566772907,Normal,TON_IoT
12.907623487870023,30,2618.8890975395234,17,61261,22,3.8068355920451227,Normal,TON_IoT
0.8734683803214087,1581,1169697.6782307727,6,7036,80,569.1369506257446,DDoS,TON_IoT
0.8904143600695905,2438,334871.0105331383,6,48762,80,1539.8800118408226,DDoS,TON_IoT
190.87673121676667,457,5812.208025751997,6,35467,6667,13.9605730850572,Botnet,TON_IoT
12.676693753330389,38,303.18206930593755,17,39754,80,1.4762331648933185,Normal,TON_IoT
0.25359514061835225,1107,27986.330623658032,17,1559,80,1127.6211380589607,DDoS,TON_IoT
44.35283298809035,397,80526.05134605462,6,3940,23,37.58389580281499,Botnet,TON_IoT
5.573010417385723,2023,354176.50611563347,6,3241,445,60.02110497681026,Ransomware,TON_IoT
4.508253138366439,1776,3008863.8181253644,6,4524,445,92.37781107675951,Ransomware,TON_IoT
2.621497912302229,5,243.1890321917383,6,35625,22,1.2271095689371792,Normal,TON_IoT
59.095930568114504,66,4276.659346549855,6,18214,6667,30.20141833369013,Botnet,TON_IoT
11.616195538235122,40,6938.024600345293,6,40642,22,2.8226367529943612,Normal,TON_IoT
39.9066034942234,63,167.14813263892165,6,30490,8080,23.469504522698283,Botnet,TON_IoT
1.4832607568683884,87,4758.936522761548,6,19598,22,4.543131507121254,Normal,TON_IoT
296.9278983424737,164,13266.728436016683,6,52432,8080,30.089956551703974,Botnet,TON_IoT
0.7393025785755487,6186,1160969.3785135902,6,47307,80,1509.8501128597072,DDoS,TON_IoT
0.8963224251350389,9453,85020.31188962841,1,14898,80,870.9868766312128,DDoS,TON_IoT
4.186442528249664,18,213.92601186915385,6,20240,22,6.287195429418737,Normal,TON_IoT
1.2309688454765215,1175,55235.75465312163,17,22892,80,1436.7715784058046,DDoS,TON_IoT
32.306699724784096,95,754.320544345089,17,49029,22,0.35509424294418457,Normal,TON_IoT
224.70367322675395,487,19338.9832595634,6,61810,8080,19.21683518880163,Botnet,TON_IoT
1.2095148294879838,1865,884281.5762714846,17,49612,80,825.5429288199712,DDoS,TON_IoT
2.491590374234063,48,11969.036564838529,17,20276,80,1.2031903197914948,Normal,TON_IoT
1.1783727506824826,9075,440913.857379695,1,3244,80,856.053584620229,DDoS,TON_IoT
12.666876292861994,65,3648.7822483767477,17,25000,22,4.187632865335495,Normal,TON_IoT
19.97943706899405,1111,3380030.837971127,6,22404,445,36.85969058644543,Ransomware,TON_IoT
244.23682234311391,444,41788.081439645095,6,38550,6667,42.201535556785686,Botnet,TON_IoT
0.8290271240270933,8572,346220.2254891323,1,7903,80,1612.5393537225796,DDoS,TON_IoT
0.29892957012554794,1914,657813.1193806663,17,35520,80,1800.7385616220454,DDoS,TON_IoT
0.06104985555665081,6717,419063.63422643,17,39738,80,545.2485781535156,DDoS,TON_IoT
1.2949112600625732,5243,911457.0634857767,6,10535,80,1594.9447302191063,DDoS,TON_IoT
22.26650247927059,22,971.3180797171908,17,38431,443,1.4411011579847326,Normal,TON_IoT
133.85059616704658,376,5908.4374339777005,6,5804,23,21.58056765613826,Botnet,TON_IoT
110.16517497422018,491,11265.24255284524,6,29186,23,41.442523490741195,Botnet,TON_IoT
107.76981703256779,367,12453.82475512922,6,37140,6667,20.73072452525062,Botnet,TON_IoT
1.0220036194906208,7253,403663.19243780524,6,53973,80,952.5716787766643,DDoS,TON_IoT
0.046834179451960736,9381,14304.606330662744,17,50320,80,1657.8882037385235,DDoS,TON_IoT
118.99557402037978,434,18088.891474996777,6,17543,8080,9.95290699183411,Botnet,TON_IoT
7.033740236663705,168,270.55043056549465,6,55074,704,491.99264903437944,Reconnaissance,TON_IoT
0.04994158291858018,8281,32720.24108217271,1,56021,80,654.8693420159263,DDoS,TON_IoT
7.231261850818557,2156,531943.370113668,6,23253,445,35.75901365800109,Ransomware,TON_IoT
4.697987508968027,26,4496.072266366186,17,54777,443,0.2318324846987239,Normal,TON_IoT
32.06194790161015,2538,1740552.7865425195,6,34705,445,120.77944250842697,Ransomware,TON_IoT
37.2754306669809,76,9884.322190250841,6,56805,80,6.004918619849796,Normal,TON_IoT
6.10601535849068,90,1766.5161690900247,17,7442,820,990.5622989031674,Reconnaissance,TON_IoT
286.987799048176,77,3567.6027484451406,6,1813,6667,34.92218117994979,Botnet,TON_IoT
125.03136365477792,459,16060.075659248323,6,11040,6667,41.50549320731741,Botnet,TON_IoT
13.0584412103121,2220,724080.5732767356,6,37449,445,103.68217067767749,Ransomware,TON_IoT
0.3018868395277587,8250,382297.1012678146,6,2326,80,506.7291166580179,DDoS,TON_IoT
4.43552003352915,750,509975.3058262443,6,28912,445,108.59419440420496,Ransomware,TON_IoT
17.32315242970876,25,10302.49055779753,6,48018,443,1.8879984469233946,Normal,TON_IoT
0.8579322303882686,9168,256031.56743066778,1,43619,80,1683.0077074667279,DDoS,TON_IoT
18.773842121868682,97,11931.181479222818,6,53757,80,0.2526853092964384,Normal,TON_IoT
99.27072849833482,134,11211.685307383994,6,11260,23,31.82826761468207,Botnet,TON_IoT
17.046909821224077,29,1422.265476622252,17,1598,80,0.7136643813693154,Normal,TON_IoT
59.8108460153569,1970,243518.99371122217,6,4469,445,100.81126710367019,Ransomware,TON_IoT
0.08358166154436536,5558,2425991.1573871095,1,45817,80,871.1025069942614,DDoS,TON_IoT
1.194666032206419,7748,1150260.1307404663,1,51508,80,1067.8038544246895,DDoS,TON_IoT
3.7192631531567093,1788,305788.3577762034,6,37744,445,75.69566066996747,Ransomware,TON_IoT
251.0497257262529,479,22058.530640874145,6,2424,6667,25.639637043132144,Botnet,TON_IoT
0.24998218738230044,8877,89985.48326469709,6,21133,80,742.4431671443973,DDoS,TON_IoT
10.895560021371075,55,5122.752742984453,6,19027,443,1.6850385983688028,Normal,TON_IoT
5.881113084048564,30,224.68567264735094,17,24591,227,988.640245370788,Reconnaissance,TON_IoT
5.707931210364408,15,259.5775188192139,6,26135,879,777.8496576110715,Reconnaissance,TON_IoT
150.9206778215248,270,10790.80744905897,6,38338,8080,41.88193632079526,Botnet,TON_IoT
218.31600323242674,402,47218.950456533115,6,55474,8080,27.823158009365105,Botnet,TON_IoT
1.1924745420931124,8767,44530.10995599357,6,50674,80,556.2236596841489,DDoS,TON_IoT
11.313835735504803,2330,148521.85171243036,6,18393,445,24.809558768020956,Ransomware,TON_IoT
12.900933737868325,85,412.38631435226176,17,28573,443,7.146348424099603,Normal,TON_IoT
0.7102497870366961,4771,295251.6509068076,6,13109,80,826.3852084650662,DDoS,TON_IoT
297.25204146443525,294,16110.1377841028,6,18428,8080,22.917353667450257,Botnet,TON_IoT
19.1815764507487,2417,13665.436599910105,6,47216,445,12.60372083975107,Ransomware,TON_IoT
128.31319163465187,90,47409.69066531741,6,64360,8080,44.33766327002692,Botnet,TON_IoT
227.91334976403996,159,6523.915065317508,6,10195,23,47.895951084549225,Botnet,TON_IoT
127.37930566338783,339,7980.343871918687,6,46719,23,33.566179592113414,Botnet,TON_IoT
0.5383805727655259,110,659.9010502697877,17,20416,495,155.10268307845058,Reconnaissance,TON_IoT
9.767700113527216,157,168.1043928692066,6,7231,788,631.1631644822182,Reconnaissance,TON_IoT
0.4056430347947824,1499,67615.80407784821,6,50965,80,1624.6724859758606,DDoS,TON_IoT
25.518103870713933,338,345557.6390292215,6,42073,445,96.83164878187534,Ransomware,TON_IoT
0.4792921108973621,6760,325250.90403087303,6,11160,80,1305.1618714486951,DDoS,TON_IoT
71.37744600031887,253,23443.171467043503,6,26257,6667,45.03206844494335,Botnet,TON_IoT
0.3146693105467623,1563,112595.69790370703,6,19441,445,63.70434973249386,Ransomware,TON_IoT
5.843815941479416,123,1572.6527936758248,6,54151,99,453.63521806584555,Reconnaissance,TON_IoT
7.001838702469339,115,3.533821524232483,6,55495,1017,886.9274200970132,Reconnaissance,TON_IoT
257.12750182968114,485,23218.369720880386,6,30972,6667,24.678228893314355,Botnet,TON_IoT
0.5729649827595508,2971,1765276.6940167733,17,63322,80,1000.7790390046422,DDoS,TON_IoT
248.71541459080146,391,5453.865546492925,6,29954,8080,47.2562878851884,Botnet,TON_IoT
4.987646949278792,49,646.821166179343,6,55180,22,2.3413426687647156,Normal,TON_IoT
0.9982886413796564,8346,78467.06438430998,17,25966,80,1233.4299076914092,DDoS,TON_IoT
1.059333406950861,9874,195377.0679096948,17,50006,80,500.5650648087749,DDoS,TON_IoT
10.986923598204042,89,1259.8982033137952,6,39003,22,0.01890256354510051,Normal,TON_IoT
40.25044304116564,2656,423512.22582884243,6,48775,445,24.668679200185686,Ransomware,TON_IoT
0.34822437159752595,8334,848161.8101135347,17,21981,80,898.8003222352088,DDoS,TON_IoT
6.238866120627397,179,1737.4800785351185,6,40103,582,917.6392493436381,Reconnaissance,TON_IoT
12.561472793630273,16,1233.3026711021912,6,14537,443,0.8007120615650023,Normal,TON_IoT
23.485713416971496,69,1928.9206677828834,17,31441,80,7.117626884961557,Normal,TON_IoT
4.959715406964579,70,3871.2528372000243,6,46834,443,0.6277083509304967,Normal,TON_IoT
2.6278799202925365,82,900.4122451075732,6,7146,443,3.550919877880822,Normal,TON_IoT
31.08115239402987,314,414602.3800288971,6,55959,445,98.72276348427198,Ransomware,TON_IoT
0.12339117260478057,5741,429072.86512914393,6,17154,80,1658.5301381938355,DDoS,TON_IoT
10.580601437289657,15,7131.168635859566,17,63304,443,0.2951563572637059,Normal,TON_IoT
19.402035527130526,99,1735.9091163296025,6,9617,22,0.08671592904357807,Normal,TON_IoT
7.872596045162808,123,899.6743889248872,6,19912,656,527.6749289876915,Reconnaissance,TON_IoT
17.025403195126874,82,239.80055882575545,6,11677,443,2.5222371578379525,Normal,TON_IoT
1.3044276955945733,6598,560983.6890091904,17,35525,80,1594.7299736489679,DDoS,TON_IoT
4.549904764533328,56,2957.4016191183773,17,58730,644,128.48702260134687,Reconnaissance,TON_IoT
5.2828809233250205,78,6529.388551549142,6,46241,80,0.09009649038876699,Normal,TON_IoT
7.975983059600008,85,1306.6398513203403,17,41761,22,1.1832929638810437,Normal,TON_IoT
201.78109711576082,186,176.54986290470356,6,28828,23,16.03764814459552,Botnet,TON_IoT
82.14846118740303,2830,2707687.283768894,6,47424,445,61.64713680726527,Ransomware,TON_IoT
54.375187245951636,58,642.3137843063283,17,58342,443,5.933466587236288,Normal,TON_IoT
194.39257306129565,408,18285.922554416167,6,39119,6667,40.71817508918897,Botnet,TON_IoT
1.3259519122736194,3044,948812.9461525534,17,1249,80,1263.6434388060532,DDoS,TON_IoT
11.730791916059625,364,838069.4420164338,6,47736,445,16.641811317959757,Ransomware,TON_IoT
53.38492706127011,31,1526.5877566231775,6,51382,443,0.8564516301079459,Normal,TON_IoT
35.413496631667584,25,131.42800656374914,6,61528,8080,39.52329817499835,Botnet,TON_IoT
294.04475403705726,367,19472.1181548796,6,29929,23,33.79975625137091,Botnet,TON_IoT
6.150669492800842,53,1183.7777110167983,6,40912,700,359.7467373430006,Reconnaissance,TON_IoT
6.78641008901014,156,205.27404236321667,17,2197,633,799.5141597181896,Reconnaissance,TON_IoT
5.652909672479947,89,5571.261671584731,6,29727,22,2.067529306900455,Normal,TON_IoT
194.15034057652463,264,20704.93820747416,6,49437,8080,26.298022901371144,Botnet,TON_IoT
2.493685314568123,1349,541327.6710920975,6,54046,445,144.25873905134114,Ransomware,TON_IoT
9.58038482024433,66,440.83262069846324,17,18290,22,0.12140479047273048,Normal,TON_IoT
2.939769381433041,52,3235.672014648283,17,26638,80,0.15453319903832785,Normal,TON_IoT
14.35856977804285,211,1252121.6843460954,6,38379,445,99.33238769638716,Ransomware,TON_IoT
203.4413153893591,257,736.0171919440777,6,22351,23,39.34048139876001,Botnet,TON_IoT
0.7027945426778186,8281,2494625.0250199465,17,3685,80,668.57829770291,DDoS,TON_IoT
0.05836000839550929,9953,739191.7095904935,17,26497,80,634.8107717977012,DDoS,TON_IoT
14.415595850317237,15,1179.8233427356924,6,24831,22,2.2292874793864015,Normal,TON_IoT
157.30131105119727,20,56018.33036068075,6,21964,23,22.533311127486083,Botnet,TON_IoT
45.479283366053586,2054,31606.724781662564,6,34089,445,68.40272250454332,Ransomware,TON_IoT
14.2094857498903,73,19152.711943600527,6,5512,443,0.12832877784826707,Normal,TON_IoT
3.540310074929739,74,2908.2081250239385,17,50294,80,0.8915558164703654,Normal,TON_IoT
13.666816865417706,63,8186.344203690777,6,15199,443,0.6704951639333527,Normal,TON_IoT
14.457807563009872,388,1208402.8208956292,6,13646,445,69.99683748352746,Ransomware,TON_IoT
2.5931994293574365,22,8137.790686381405,17,39923,22,0.3451149346923069,Normal,TON_IoT
49.71057055895273,778,46925.066282349166,6,44015,445,68.65344008850647,Ransomware,TON_IoT
134.83525825268043,336,1100.129117585519,6,23247,23,34.47673987795625,Botnet,TON_IoT
7.76600047948516,182,579.047172880567,6,57487,629,288.7264252617072,Reconnaissance,TON_IoT
67.4013386691066,2856,1202711.8149306644,6,23915,445,117.74718462348184,Ransomware,TON_IoT
9.350438463212484,836,786331.2209670558,6,12545,445,79.88307833094126,Ransomware,TON_IoT
17.34476804922084,69,2949.6497201162256,17,35216,80,0.03442704667580715,Normal,TON_IoT
39.94916899478515,2511,213619.57123404145,6,13352,445,53.36666141786262,Ransomware,TON_IoT
2.439580902926422,174,3609.2691709225264,17,8412,571,865.4775095252638,Reconnaissance,TON_IoT
7.590259769220695,52,2878.272571142994,6,64781,1020,129.4234693668219,Reconnaissance,TON_IoT
8.666292700628542,63,1971.6979488069394,6,24823,22,0.22824545821639208,Normal,TON_IoT
24.604465523565793,963,1343883.5953800355,6,8482,445,132.25799848725842,Ransomware,TON_IoT
2.008612821141449,21,8598.307056416561,6,31512,443,0.10810264660648455,Normal,TON_IoT
2.7353963314268617,1047,376025.4552207055,6,40885,445,96.34824269057442,Ransomware,TON_IoT
0.2336809693997883,30,1432.1115837899254,6,8249,448,466.42102115591473,Reconnaissance,TON_IoT
0.48296040555787284,2781,159218.8269732951,1,5573,80,1297.9878976007303,DDoS,TON_IoT
224.07641035395702,161,13361.56520979562,6,9310,23,8.718201392293938,Botnet,TON_IoT
3.089744364003648,34,4410.646558076272,6,62242,443,1.4682696942772557,Normal,TON_IoT
198.31842644905504,192,1762.6259354988645,6,59763,8080,18.860652624510834,Botnet,TON_IoT
2.99560597126332,77,481.3884961825188,6,18001,659,667.7566178566905,Reconnaissance,TON_IoT
9.374065233322295,22,1560.8376053801392,6,49078,443,4.788996142437791,Normal,TON_IoT
0.9005623362873401,4634,251744.02420921775,1,47656,80,1462.3781856046796,DDoS,TON_IoT
270.3305155401539,495,13086.260914324806,6,52793,6667,45.99145838859395,Botnet,TON_IoT
11.539905044328362,1761,279481.38324345107,6,16227,445,35.94900668276755,Ransomware,TON_IoT
7.28643041003068,82,1730.1877027452972,6,50698,443,3.5268228632502656,Normal,TON_IoT
12.465367108648765,71,512.1143039696027,6,6353,80,0.11622329032771227,Normal,TON_IoT
15.003151477300682,13,13166.237201922333,6,33459,443,1.3244066584938285,Normal,TON_IoT
72.73079846537959,374,13722.590234895,6,1302,6667,5.772445694995212,Botnet,TON_IoT
13.104836436843376,68,10150.851558666192,17,31221,443,0.7951131614141939,Normal,TON_IoT
51.82626169692966,175,43292.136362662786,6,13445,6667,39.43231994308209,Botnet,TON_IoT
1.475818260103813,4014,2142428.68984994,6,36394,80,1729.5354310735363,DDoS,TON_IoT
9.807804253246573,2332,1898062.137950569,6,1290,445,61.77225837561983,Ransomware,TON_IoT
0.3730963741927713,5750,904202.3073990884,17,13380,80,1420.0569748185649,DDoS,TON_IoT
17.132447123255304,2027,571731.7044872945,6,45189,445,22.788273514133543,Ransomware,TON_IoT
9.854783324912438,140,765.9371348935497,6,29529,489,804.2828345571511,Reconnaissance,TON_IoT
6.9995880378249735,45,1209.7670271013496,6,50230,22,2.3608320539243253,Normal,TON_IoT
0.49442372839470605,2867,224708.10034511916,6,42474,445,100.16101270777571,Ransomware,TON_IoT
7.923783974607775,179,377.49556042995744,6,22372,933,945.762130836277,Reconnaissance,TON_IoT
33.24276433289106,379,17037.890056444932,6,57324,445,24.60759393619023,Ransomware,TON_IoT
0.7711067514432496,3321,379904.3856581622,6,15830,80,1024.6692241618334,DDoS,TON_IoT
56.52335462165383,93,1706.1432003348339,6,39843,443,0.7404032976387597,Normal,TON_IoT
14.78500890726271,31,7993.117494559882,17,48465,80,0.3321595522691033,Normal,TON_IoT
20.136460850611922,73,3916.1006090178203,17,36953,80,0.9607843898716271,Normal,TON_IoT
0.2523479719126477,261,229426.23390252492,6,48725,445,79.80218797698414,Ransomware,TON_IoT
30.38538673007461,17,13021.077101452043,6,51210,443,1.4809438049303374,Normal,TON_IoT
14.30938400434635,1288,1774699.2532152496,6,9239,445,14.627154540466073,Ransomware,TON_IoT
261.61695165648536,248,73933.67145154098,6,37920,23,40.111354721126084,Botnet,TON_IoT
1.6164730933583027,2457,332938.96856389986,6,28499,445,55.406062880820905,Ransomware,TON_IoT
1.4929772334977482,114,26.53197414498752,17,25030,429,933.3650054245095,Reconnaissance,TON_IoT
293.4702688560585,140,13483.259377647651,6,2778,8080,34.082366971462996,Botnet,TON_IoT
53.383218551934775,1865,2382525.615155471,6,20965,445,22.947840930523455,Ransomware,TON_IoT
9.167110555300741,25,844.3799769275812,17,9944,22,4.123955726236824,Normal,TON_IoT
0.16370330262331753,6342,134158.02882001543,17,48100,80,1982.8017124677867,DDoS,TON_IoT
2.4347882935800285,48,904.9019353146871,6,63806,552,660.8150731691087,Reconnaissance,TON_IoT
2.938045055530984,35,1897.854968305721,17,2900,80,0.03147378684400745,Normal,TON_IoT
26.60324979620716,90,3818.6688689400453,17,55478,22,4.436713847165642,Normal,TON_IoT
38.77068893549272,1169,2475319.978066721,6,27433,445,116.67596333971409,Ransomware,TON_IoT
0.04147397472180899,2840,1338938.5265172038,1,8077,80,1945.6986105825226,DDoS,TON_IoT
38.99230224256104,58,7131.534699493792,17,12069,443,3.594182972807766,Normal,TON_IoT
14.469097086945737,47,8090.841984149123,17,40753,443,0.045558372194305516,Normal,TON_IoT
5.253433219518448,44,10365.795160402722,17,7974,80,0.343832656179329,Normal,TON_IoT
0.8972029135268978,5825,925705.8401766977,17,64445,80,1540.209830454015,DDoS,TON_IoT
2.6205972487082945,2967,19926.762242489072,6,49575,445,25.297584529380813,Ransomware,TON_IoT
3.9318100678237395,117,2522.195408191371,17,55533,297,594.1512500896849,Reconnaissance,TON_IoT
0.11748317198792374,7709,97124.73731443155,1,56303,80,1448.2740816682413,DDoS,TON_IoT
15.879623177110751,60,2583.425659339894,6,38961,80,0.2872348618632545,Normal,TON_IoT
272.4146638001024,436,3948.653377335823,6,58824,8080,18.869784043424772,Botnet,TON_IoT
13.140893444292692,1954,2327597.640167109,6,21957,445,105.84371431135223,Ransomware,TON_IoT
168.40935217172492,322,24279.36337437804,6,12742,8080,15.641719337076537,Botnet,TON_IoT
4.240434397017717,84,1229.9709104184926,6,50819,22,1.6390866209823292,Normal,TON_IoT
0.3617220183734647,6378,201884.6937545682,1,36663,80,1386.2433530950816,DDoS,TON_IoT
146.44820367945695,227,37562.640041939834,6,18913,23,12.457149168674679,Botnet,TON_IoT
7.089008252128746,48,185.76679216721888,6,38657,999,477.37029527352195,Reconnaissance,TON_IoT
118.90834005389391,341,17444.212192220162,6,26265,23,15.574026923861329,Botnet,TON_IoT
33.253123333666224,68,2580.8331349214914,6,54409,22,0.6618043477460357,Normal,TON_IoT
0.1964075038414602,3127,119196.17260400447,1,6402,80,677.6689859502208,DDoS,TON_IoT
13.606126586694154,57,13609.371077625194,17,33445,443,2.069405392665632,Normal,TON_IoT
14.512363021441077,6,4323.672876992085,17,33012,443,7.1699818951883225,Normal,TON_IoT
0.7192015608661736,1578,62816.63954122239,17,39235,80,1729.3667519720161,DDoS,TON_IoT
1.5596566338946587,193,321.0498723513461,6,17471,704,566.7558124779316,Reconnaissance,TON_IoT
6.826387768551321,109,2188.8591670683854,6,5895,493,431.3934593997536,Reconnaissance,TON_IoT
16.44735813878311,39,8000.717661722363,17,4721,443,0.03308679561208573,Normal,TON_IoT
1.3207831883949,7129,125350.55069098015,17,36514,80,947.1268624988612,DDoS,TON_IoT
65.36061689885499,2606,611671.8213528084,6,20770,445,115.6142377754197,Ransomware,TON_IoT
9.109084369936173,27,1539.106106866623,17,8274,901,635.9124890285096,Reconnaissance,TON_IoT
9.140066683486987,23,748.5095192576309,17,26832,678,894.6449124925662,Reconnaissance,TON_IoT
128.5226747349162,127,45255.328344356116,6,59808,23,11.403381682717942,Botnet,TON_IoT
13.236121465924171,61,9999.9971540888,6,54542,80,0.4758004085581398,Normal,TON_IoT
190.882166537109,54,27273.55461902559,6,21589,8080,33.178321596396486,Botnet,TON_IoT
283.08685224316764,94,1851.5710621538578,6,46380,6667,49.88363408647761,Botnet,TON_IoT
150.04830251464873,454,5224.435840219944,6,35294,8080,38.71989005319658,Botnet,TON_IoT
299.38385612543846,183,425.06674037560396,6,31980,6667,40.90787567361491,Botnet,TON_IoT
1.0203170362869978,4886,31856.08693427711,1,31144,80,1251.2702327867576,DDoS,TON_IoT
160.78128549485373,475,2796.852736602904,6,1726,23,12.035634647675197,Botnet,TON_IoT
37.7137091473395,71,742.9496640464241,6,52719,22,1.3309158042098639,Normal,TON_IoT
1.0456772763698394,1721,219407.95795518914,1,13710,80,1268.9032991230579,DDoS,TON_IoT
25.81678191410743,110,25312.46704314007,6,17577,6667,26.74596909643257,Botnet,TON_IoT
171.18809937539066,309,12761.58963338758,6,41874,8080,49.47261250554358,Botnet,TON_IoT
2.0188838575079258,38,45.57530649392055,6,18296,961,590.1694168525037,Reconnaissance,TON_IoT
3.7286597695329666,74,11755.670165481697,17,6824,80,0.3433626523089475,Normal,TON_IoT
224.38146504777652,216,7508.088484666065,6,47735,8080,25.07909547986582,Botnet,TON_IoT
1.1398183676742697,183,0.6120916857477531,6,63862,327,418.178040322921,Reconnaissance,TON_IoT
0.3199899102060706,7139,2717896.2195267943,1,21541,80,1924.7181257031527,DDoS,TON_IoT
3.4811931907433498,2341,154088.6627540253,6,61552,445,20.986899163384756,Ransomware,TON_IoT
7.913470839437955,20,400.6517556572061,6,2543,22,1.1394126169614203,Normal,TON_IoT
14.500070944048417,80,6466.415885476138,17,14740,80,1.128557237620464,Normal,TON_IoT
94.32053458094487,338,42947.16215899645,6,22732,8080,47.381358125598034,Botnet,TON_IoT
19.825658263042182,47,7999.568056163321,17,23908,22,0.11706578859960767,Normal,TON_IoT
8.390936414244445,81,786.6673303517114,17,21238,22,1.742195044361315,Normal,TON_IoT
11.850257163053406,1093,219704.4242081238,6,57937,445,114.05240906296645,Ransomware,TON_IoT
32.89600621624462,866,900395.5490476057,6,58632,445,109.90625321971234,Ransomware,TON_IoT
22.759438242020543,1839,1736129.463978916,6,7080,445,44.69927929219471,Ransomware,TON_IoT
5.011989607016258,936,745515.8445884342,6,7644,445,75.72035252630626,Ransomware,TON_IoT
3.1232389058995964,2429,1754694.9447900567,6,14764,445,51.37528525668507,Ransomware,TON_IoT
25.98693463762259,99,882.3937363167488,17,59687,80,0.7334961007462283,Normal,TON_IoT
39.271531205149316,2341,1856006.6464700415,6,51869,445,146.61980710533894,Ransomware,TON_IoT
10.41826019905385,17,4021.981644036201,17,17291,80,0.24304935364346134,Normal,TON_IoT
10.268114418648716,23,1832.8939057491627,17,17878,80,0.742176073684001,Normal,TON_IoT
0.2692446652318379,9025,768839.7236900253,17,58294,80,1342.4091443723823,DDoS,TON_IoT
62.85942698808824,661,3070818.7732717046,6,8087,445,77.88539090483775,Ransomware,TON_IoT
21.72455719111785,438,472457.5791274749,6,17664,445,61.099151751397,Ransomware,TON_IoT
193.125434098064,41,15480.19126580179,6,62493,8080,34.97368118341575,Botnet,TON_IoT
1.4762303250963265,152,117.0702328581474,6,45396,107,581.6960956443778,Reconnaissance,TON_IoT
121.09399184731745,82,8713.375930320652,6,2460,23,34.37214326258019,Botnet,TON_IoT
29.295839276379887,1696,514237.27380160155,6,19364,445,42.724937895547534,Ransomware,TON_IoT
32.47045983109982,2078,1462013.3140851774,6,61702,445,32.132142627167255,Ransomware,TON_IoT
30.83228389728541,330,13762.60767063585,6,3925,6667,19.047699335618113,Botnet,TON_IoT
7.902046885051574,8,1402.7503137814053,17,42716,22,1.071313550249889,Normal,TON_IoT
76.96804002062935,20,8940.163936697736,6,21458,6667,27.912440372624168,Botnet,TON_IoT
1.9064913626612743,2476,1326056.4117125336,6,2563,445,28.120233810562432,Ransomware,TON_IoT
2.2643337778514567,21,101.6253191607245,6,46550,22,2.2152546971165763,Normal,TON_IoT
277.25367287956846,378,4838.659731832409,6,48400,23,41.594544960047,Botnet,TON_IoT
9.664592622495169,51,315.58932548099557,6,52377,602,277.9977628959533,Reconnaissance,TON_IoT
6.76558576174713,70,1213.8811898877093,17,11055,80,1.0496259693563479,Normal,TON_IoT
18.563402152457975,733,391727.39941689617,6,37774,445,46.34167138484912,Ransomware,TON_IoT
3.287811250777751,2951,67602.9912531627,6,36824,445,89.47887030778772,Ransomware,TON_IoT
2.7162425785670274,178,1638.693595592714,6,36881,866,420.06060649501717,Reconnaissance,TON_IoT
1.3397470789996184,25,6748.047997795692,6,49603,80,0.4596259564902549,Normal,TON_IoT
9.397818506898865,12,3666.0709166735382,17,63325,443,2.01822113182048,Normal,TON_IoT
1.0440139455322301,4720,39858.8406775108,6,10215,80,1281.7859918232675,DDoS,TON_IoT
0.27072192932366224,7555,1521388.4823175943,17,30868,80,895.5361133950793,DDoS,TON_IoT
3.750595800828566,87,3217.796308315546,6,4004,22,0.5112368645834608,Normal,TON_IoT
0.35948268543363515,6703,200563.45777122944,1,29762,80,1511.5307506340994,DDoS,TON_IoT
10.260732209022377,93,1688.206282917173,6,31553,80,0.4522914427804323,Normal,TON_IoT
17.595295661976273,66,1500.0408004229669,6,28856,443,1.8566510801639926,Normal,TON_IoT
18.47542197798606,52,1892.7936961575895,17,10204,80,3.1369608138362812,Normal,TON_IoT
6.058986801358213,18,1394.5008813865945,6,38290,65,220.81329078012237,Reconnaissance,TON_IoT
11.190751529035637,22,1765.753509681737,17,55527,443,0.7443151738168623,Normal,TON_IoT
9.111383334224975,411,1565264.1032722795,6,31380,445,104.34351832970005,Ransomware,TON_IoT
227.1242773183356,343,16228.425324295542,6,5657,23,33.844480509497345,Botnet,TON_IoT
0.8148082841027193,9350,117453.4331765804,6,10800,80,595.6404388809648,DDoS,TON_IoT
71.0915802884578,815,1284742.6661320713,6,13023,445,132.59990138023338,Ransomware,TON_IoT
0.29949903945939443,7089,112632.59186865002,17,4780,80,817.5254817817988,DDoS,TON_IoT
0.996797118005923,2458,559791.9482194638,6,40317,80,1574.743750569708,DDoS,TON_IoT
0.07561153188500092,7550,45532.017634793214,1,60175,80,927.1766725954265,DDoS,TON_IoT
37.373550604394794,2487,12051.137727936226,6,14454,445,82.0515408082865,Ransomware,TON_IoT
88.13685815790723,208,4526.678190737025,6,14241,23,35.15195999959135,Botnet,TON_IoT
11.381439181470645,92,155.6875719427906,6,38536,443,5.170200530853545,Normal,TON_IoT
50.981158887824165,990,1315415.4954040567,6,24609,445,88.52773940451998,Ransomware,TON_IoT
8.116623749916187,477,553095.3226259568,6,23723,445,74.6040931404511,Ransomware,TON_IoT
1.3489959356948495,3096,729272.5331058995,1,59809,80,1715.19642483923,DDoS,TON_IoT
8.920980979558756,58,2404.2320925125878,6,30757,22,3.617922389728412,Normal,TON_IoT
12.077787559175464,208,1707290.0116048155,6,38662,445,27.092444046611888,Ransomware,TON_IoT
16.01650311184153,27,7991.257375835669,17,23682,22,0.8631110328017259,Normal,TON_IoT
11.5680715578535,80,1419.5784900797755,6,32219,80,1.5735286399336974,Normal,TON_IoT
33.213215571315935,319,24276.934772204928,6,61938,6667,26.116722807225983,Botnet,TON_IoT
10.00557837268892,216,431680.2688645267,6,3094,445,147.9346289452827,Ransomware,TON_IoT
32.801734639775944,662,2411088.503972398,6,53133,445,84.91890592350464,Ransomware,TON_IoT
1.2683166060484437,9004,566871.176015297,17,58597,80,1065.3406074004592,DDoS,TON_IoT
4.037360773688974,18,2119.4523912847544,6,29340,80,4.995215649800509,Normal,TON_IoT
231.86976891834072,167,13815.108012713912,6,27782,6667,29.039831949898883,Botnet,TON_IoT
30.268284389715166,1438,205609.06816158406,6,25291,445,67.12975849678764,Ransomware,TON_IoT
18.299433446528205,65,4815.821760710841,17,26006,443,3.089924935926367,Normal,TON_IoT
6.479463900737669,17,6867.425432728862,17,30223,443,1.5631073904520978,Normal,TON_IoT
3.6531389582370046,2399,1950526.7697532927,6,52956,445,11.43041143130061,Ransomware,TON_IoT
58.300658536677915,2372,122978.23964625415,6,52918,445,132.59707554804476,Ransomware,TON_IoT
0.3528161824600411,6289,483781.55454214936,6,14018,80,1067.159435134172,DDoS,TON_IoT
15.176607174927948,28,2484.7476734839797,6,46324,22,0.23383478103736954,Normal,TON_IoT
21.610002900775015,96,5659.804641929722,17,8128,80,3.248883718650938,Normal,TON_IoT
13.069238771635671,97,8072.887129945453,6,27023,80,2.1111023561970925,Normal,TON_IoT
203.56613897792133,273,17455.450975912623,6,22444,6667,24.767219662896725,Botnet,TON_IoT
1.360475345599511,1830,802484.5604854658,6,23326,445,46.34479039781496,Ransomware,TON_IoT
260.1579520614881,122,7619.5749589888965,6,21283,23,18.364007640351787,Botnet,TON_IoT
32.34156366731155,462,19417.849187786305,6,56344,6667,13.517004771257616,Botnet,TON_IoT
5.938854020799358,13,1741.112773177953,17,41460,80,0.9076870579762667,Normal,TON_IoT
0.6492635388952118,2195,163397.40393772695,17,43145,80,1049.5429609968076,DDoS,TON_IoT
1.3756749095244252,35,4926.477636179552,6,17626,80,0.3472479804179062,Normal,TON_IoT
42.44770271225904,1775,228855.13221714585,6,46672,445,13.06841997289824,Ransomware,TON_IoT
0.6978446656876537,6764,1264616.187477697,6,20165,80,1891.8464343916185,DDoS,TON_IoT
8.285936150788348,189,27.173474682019442,6,23924,799,292.84523428842334,Reconnaissance,TON_IoT
261.37896287066,430,19445.41202377399,6,62107,8080,27.412396721012662,Botnet,TON_IoT
129.9044245668893,474,19364.438274191823,6,62790,23,33.62990804269677,Botnet,TON_IoT
17.074051830670562,39,4394.820783906092,17,6025,22,0.3351954926053173,Normal,TON_IoT
10.592889110605318,8,3174.2444000179157,17,6847,80,1.107977968222058,Normal,TON_IoT
0.7579913991200612,6259,777773.8875480739,6,8186,80,1426.3811259534937,DDoS,TON_IoT
31.70094820790386,2286,1921111.2501464386,6,60206,445,115.48590894652439,Ransomware,TON_IoT
0.698852065551342,7932,636678.6023518333,1,29761,80,644.0749634510041,DDoS,TON_IoT
2.9269728981125627,540,693575.1637932686,6,58634,445,74.33330051794003,Ransomware,TON_IoT
31.55385216601177,65,7681.905174427343,17,1548,443,1.2073385135901087,Normal,TON_IoT
1.096661024669747,3973,215977.88537855164,1,2671,80,1078.1711301469154,DDoS,TON_IoT
9.061659254466493,121,219.81136507206324,17,37805,469,343.1173648401783,Reconnaissance,TON_IoT
12.16741702737667,81,2778.180037483849,6,49459,443,0.5235510064114341,Normal,TON_IoT
11.925579107742708,1868,579509.1304517152,6,19933,445,107.06997219823374,Ransomware,TON_IoT
0.6897472967821324,3513,639802.8684545624,6,63217,80,1192.0393138866764,DDoS,TON_IoT
119.88865133489612,276,15377.481469507555,6,30565,6667,33.4888852174492,Botnet,TON_IoT
1.1608650472346378,8465,428881.8570441104,17,45821,80,1448.328857298327,DDoS,TON_IoT
56.514068813542735,51,6639.65459425374,6,7335,6667,12.292149029484563,Botnet,TON_IoT
2.5145046837252947,388,96429.92746170571,6,17024,445,144.48033490653512,Ransomware,TON_IoT
19.151188448692203,50,1687.4583998609226,6,14401,443,1.0744085218484178,Normal,TON_IoT
0.9178873364515435,167,324.4453586668595,6,30786,990,910.2545327388264,Reconnaissance,TON_IoT
10.289777362938386,2997,4078094.6347222137,6,57964,445,50.70724815463214,Ransomware,TON_IoT
2.681426432250177,485,26710.011901787704,6,8251,445,100.47112520537102,Ransomware,TON_IoT
0.31872235444249486,9746,120961.5204078936,6,14621,80,1396.0434378438608,DDoS,TON_IoT
2.77092686672414,14,1067.3164173342716,6,34359,22,5.507838799873945,Normal,TON_IoT
19.732818133411982,1644,87254.8411990709,6,8525,445,59.230317082350055,Ransomware,TON_IoT
1.352887436363012,3566,2592443.15830819,6,13241,80,1732.1593006353423,DDoS,TON_IoT
11.98858722168789,75,9512.899975424429,6,17450,80,3.1071019784307445,Normal,TON_IoT
1.1915320430476395,9867,917059.5599319262,17,21007,80,1248.623400847053,DDoS,TON_IoT
30.114459193774877,90,3326.5800552161945,6,12522,80,0.6346767888697247,Normal,TON_IoT
1.05208028646127,7502,264943.44624790957,1,29578,80,1559.96815488467,DDoS,TON_IoT
1.0008899305780181,2998,40582.711619754715,6,51790,80,1630.9231033533397,DDoS,TON_IoT
43.584059789959966,13,281.6224547702295,17,26815,80,0.3462412943569377,Normal,TON_IoT
0.5688744279894251,4973,1298418.678210326,1,11918,80,1701.8833787208266,DDoS,TON_IoT
79.33009931732954,258,12527.945854080352,6,7660,8080,28.166804950075942,Botnet,TON_IoT
33.94868720432711,921,1173599.8788882624,6,14871,445,134.48625593165332,Ransomware,TON_IoT
5.822598452260545,9,2426.265179976993,17,20545,80,1.7084690593976188,Normal,TON_IoT
0.24539715211719998,3318,309820.51325794135,1,4840,80,547.1212908207735,DDoS,TON_IoT
34.616702345788994,1717,889400.3479342794,6,21750,445,44.82582365849852,Ransomware,TON_IoT
6.881907799136382,96,1118.7821376290383,6,64373,80,0.24320401810901784,Normal,TON_IoT
22.877755817086484,21,1329.1773131944344,6,27084,80,0.04006049130844236,Normal,TON_IoT
261.0557630340495,143,11659.896980049536,6,22771,6667,20.030165078108155,Botnet,TON_IoT
12.065116132203359,20,5576.970900360358,6,8397,22,0.5080544491945644,Normal,TON_IoT
4.757281218423511,119,78.51499442501307,6,50200,846,711.8392250008962,Reconnaissance,TON_IoT
16.868132588680705,6,16944.184000773643,17,61125,443,0.22338483501952347,Normal,TON_IoT
17.932888197655025,280,534.7833796145383,6,34880,6667,29.528245756000747,Botnet,TON_IoT
1.8140652092239669,63,53.08656772775132,17,20426,453,863.9758397534554,Reconnaissance,TON_IoT
11.046814390421332,96,3441.436322027075,6,61669,80,0.0408467524092916,Normal,TON_IoT
9.57958467270215,2336,491847.99656686914,6,56966,445,45.78603535401115,Ransomware,TON_IoT
1.4798461641856446,6196,1519310.24431094,1,28434,80,1138.9585376896491,DDoS,TON_IoT
0.16725527480675678,3629,152747.80007001705,6,38565,80,1651.0552618644138,DDoS,TON_IoT
0.6086640444433898,9819,430140.0953067663,1,16781,80,724.7449865218589,DDoS,TON_IoT
15.84432311267991,32,3985.30846297732,17,59735,22,1.9102691096346738,Normal,TON_IoT
148.44226627107446,33,14759.2720973242,6,20081,6667,23.538871358082936,Botnet,TON_IoT
25.887784882294678,74,6416.459316398057,17,31484,80,1.5976972628652255,Normal,TON_IoT
20.380440687602352,63,8112.78603770253,6,42762,80,0.2354253216747673,Normal,TON_IoT
8.780901354017807,75,2133.362840365572,6,18268,443,2.1429348463002587,Normal,TON_IoT
145.50285535257638,175,969.6691265835715,6,33260,6667,34.10187110765871,Botnet,TON_IoT
1.2662871007337968,7910,187293.2812838734,6,12228,80,957.2096518971058,DDoS,TON_IoT
28.907008792095358,27,6924.300922135844,17,45832,443,3.540264899557489,Normal,TON_IoT
106.89162207494117,148,18677.4083468215,6,12458,8080,41.725939361501545,Botnet,TON_IoT
2.2921002657823615,2008,2044006.0108260845,6,39321,445,114.26794838348421,Ransomware,TON_IoT
26.694643717669383,111,6072.547033256449,6,39153,23,19.424631837544453,Botnet,TON_IoT
106.40391771291031,221,18305.00202801072,6,25822,8080,5.130471272991364,Botnet,TON_IoT
5.626513832107939,80,10776.298204432287,6,28059,443,5.337990515075256,Normal,TON_IoT
0.9412832910795137,2743,124953.73798444877,6,34797,80,1031.9047911760874,DDoS,TON_IoT
0.30069835461687927,7441,135784.951560423,1,59773,80,1212.3599988514898,DDoS,TON_IoT
39.312932764123026,1549,2030793.0724879913,6,58122,445,146.6983636470304,Ransomware,TON_IoT
10.173272269990427,1575,674401.7839034173,6,29691,445,59.21997731530968,Ransomware,TON_IoT
0.9402978443137863,2044,320221.28214219114,1,41778,80,738.6976025877741,DDoS,TON_IoT
1.1019459129486129,6125,2328924.5667719734,6,2764,80,678.4947694381754,DDoS,TON_IoT
0.15425687935210833,46,354.941993075428,6,29553,764,351.8487216228417,Reconnaissance,TON_IoT
0.04306948141604496,8058,529659.4247403647,17,42182,80,726.7172628747394,DDoS,TON_IoT
46.36859109866746,14,3427.4161470024314,6,60022,22,0.6556405695686397,Normal,TON_IoT
10.115545014086639,1572,581631.9543544978,6,47873,445,46.52413757011602,Ransomware,TON_IoT
135.22587693554107,110,21414.09231559526,6,30944,8080,32.64830055809753,Botnet,TON_IoT
243.2176980226874,267,511.0386380560277,6,42239,8080,11.024304328097598,Botnet,TON_IoT
38.88106203116853,35,956.3502336771317,6,37829,443,0.6175512568169756,Normal,TON_IoT
0.9174052327524926,1412,301274.88285126106,1,58525,80,790.7745486648803,DDoS,TON_IoT
1.563302269442266,59,6963.577949050778,17,8084,22,0.12421240703174631,Normal,TON_IoT
13.324060930033887,59,111.80869517323805,6,17432,22,0.7329845582237273,Normal,TON_IoT
1.2511511010406704,148,194.72434624235345,6,4688,324,195.10736565121385,Reconnaissance,TON_IoT
7.844766673946683,31,5406.8120656773535,17,22039,22,1.835416331969014,Normal,TON_IoT
5.315586037105877,22,1326.8167655258144,17,65445,163,329.70229791966494,Reconnaissance,TON_IoT
4.41514648514878,54,510.1471857992691,17,43878,107,888.4143715413273,Reconnaissance,TON_IoT
31.78240611211601,31,635.3168245030276,6,12493,22,1.7504457878587216,Normal,TON_IoT
18.537208627449708,2479,174195.8291229626,6,14882,445,25.37110592481192,Ransomware,TON_IoT
4.831922434322334,2948,1581563.7960082765,6,32451,445,70.74944501334136,Ransomware,TON_IoT
204.66657245225,101,70.98057748098455,6,55128,23,24.81272785922096,Botnet,TON_IoT
87.77862081773392,252,9378.876016488646,6,41236,6667,16.703971595458718,Botnet,TON_IoT
1.110088786676822,5235,1904020.9126564788,17,54792,80,868.8184247440765,DDoS,TON_IoT
210.31993917168876,295,13413.731735419737,6,61683,6667,14.331411302953404,Botnet,TON_IoT
43.98300709917565,2669,583200.8201814819,6,33206,445,103.21699868882719,Ransomware,TON_IoT
0.937542455549709,1779,450573.9179989994,17,60015,80,1847.23868649981,DDoS,TON_IoT
13.839869392725175,90,7334.063411311327,17,48394,80,0.5993702578494033,Normal,TON_IoT
1.360942108887424,5673,28965.606576354057,17,27315,80,904.7415290998624,DDoS,TON_IoT
8.420372672894135,38,1487.9150990570365,17,50479,22,0.030050329271727832,Normal,TON_IoT
18.51904765204405,1717,177387.14453725907,6,44162,445,126.67060930834637,Ransomware,TON_IoT
0.3198527703582705,6600,66898.2033372291,17,43812,80,1694.08630152061,DDoS,TON_IoT
17.804035033106857,41,4581.515137022726,17,23948,80,1.327411510214855,Normal,TON_IoT
7.036533667734509,38,742.6554927287574,17,38575,831,940.810053408606,Reconnaissance,TON_IoT
92.11045797408927,257,10401.133447094886,6,39858,8080,5.606400685154499,Botnet,TON_IoT
19.76183283533007,1381,893658.8453324944,6,22406,445,89.16416896946384,Ransomware,TON_IoT
6.641376603989211,2801,389482.55471965065,6,31826,445,18.624618931031893,Ransomware,TON_IoT
1.1094991817467201,97,4659.7048007314315,6,19823,80,0.05150024638861225,Normal,TON_IoT
1.0046615465828421,1410,66744.01695985321,1,32927,80,951.1975490310904,DDoS,TON_IoT
6.548379517772018,24,6274.551026114822,6,52631,22,0.2579980623476243,Normal,TON_IoT
1.4959862241284227,46,3294.4225894322635,6,7366,80,5.5591078217688645,Normal,TON_IoT
1.1358782789505266,4783,231252.3325116691,17,7885,80,871.0647390721003,DDoS,TON_IoT
0.39360903985311785,6531,381081.5301199465,6,61445,80,1694.286657735257,DDoS,TON_IoT
1.5617492486123998,78,1514.118213005239,6,3961,375,357.02658850385865,Reconnaissance,TON_IoT
2.2078055674374233,52,2909.785510907732,17,22774,443,1.3768052595037736,Normal,TON_IoT
2.2201169221688026,108,3543.211654255494,6,8673,653,624.2658070373988,Reconnaissance,TON_IoT
0.03052631400884244,3582,1656045.7395777141,6,48181,80,1796.6834099693208,DDoS,TON_IoT
1.3504526330082818,9898,18184.014765689877,6,44419,80,1050.1782304730964,DDoS,TON_IoT
31.428883142144493,61,5681.518593899168,17,34836,443,3.828473620074742,Normal,TON_IoT
0.5335215686396603,3844,194462.1142081536,6,8198,80,1437.3053599922328,DDoS,TON_IoT
7.062167175284158,86,7464.807552166689,17,53036,443,1.4288174300086085,Normal,TON_IoT
149.12138187021276,312,10109.47245612677,6,57956,23,49.16764965125873,Botnet,TON_IoT
2.1865146169110345,83,19780.787139650678,6,36652,22,7.583956565148318,Normal,TON_IoT
28.333816571222258,38,2514.075270368587,6,58166,22,8.212811959786283,Normal,TON_IoT
0.14148475825175663,5769,111724.13083790518,6,14551,80,895.7910537898431,DDoS,TON_IoT
16.368075894059707,1990,19145.127070994717,6,4272,445,37.6622427882645,Ransomware,TON_IoT
25.103964289514437,2704,182911.34844615866,6,62229,445,76.97293722906791,Ransomware,TON_IoT
8.282538347853476,35,3774.4896940475337,17,10549,80,0.30643475685690574,Normal,TON_IoT
35.035581349873894,612,2082236.8044608312,6,58798,445,132.6260039865501,Ransomware,TON_IoT
1.3952259039904504,992,1351074.2964867798,6,60917,445,125.70901669110104,Ransomware,TON_IoT
11.427717691809425,34,3997.470221994485,6,57719,22,1.8028036239417393,Normal,TON_IoT
280.67748755043715,417,17269.822265252173,6,26055,6667,21.892408868160825,Botnet,TON_IoT
16.731089266363135,62,1038.0374813543704,17,33298,80,0.28019107924994374,Normal,TON_IoT
12.813179383098612,478,1630295.6253343658,6,42294,445,42.12703753927154,Ransomware,TON_IoT
23.154898473948716,81,4023.782544418536,17,10739,22,2.896986571692144,Normal,TON_IoT
5.421259235872009,59,10804.606115876233,6,35562,22,2.250187535107986,Normal,TON_IoT
0.8476134160729614,2671,311892.4239784368,17,44324,80,1214.5550469900768,DDoS,TON_IoT
201.88300771642255,258,29025.59543423259,6,38817,23,36.29034582791306,Botnet,TON_IoT
5.383601940920804,81,1373.863327187644,17,43706,443,0.7014855614993307,Normal,TON_IoT
0.3163047048059892,4423,564069.1326452605,1,31114,80,697.9165710089255,DDoS,TON_IoT
8.369796591262308,99,680.9283613107517,6,43266,443,0.06322466410139536,Normal,TON_IoT
1.1045018013285255,5995,374292.67974782287,1,20493,80,1645.9662869719018,DDoS,TON_IoT
1.47803912724252,8200,657290.3750824042,6,41919,80,977.4762515264014,DDoS,TON_IoT
8.414898616466946,7,733.3761097696039,6,25801,22,0.9703565110991792,Normal,TON_IoT
222.3786791405191,470,15195.231903653588,6,46296,6667,43.42135665446765,Botnet,TON_IoT
8.60566475346585,103,1087.7503294230312,6,56471,472,378.26149409600504,Reconnaissance,TON_IoT
0.10147336156860064,93,228.070822101421,17,60478,574,463.74735158354605,Reconnaissance,TON_IoT
1.246727235962889,71,1637.8734230195553,17,33304,22,0.2711541110999697,Normal,TON_IoT
44.6720063122811,83,420.090397742957,6,14548,443,3.621271565277199,Normal,TON_IoT
0.8319305963755493,7095,54155.80292213405,6,51864,80,773.879310903187,DDoS,TON_IoT
4.509808281618943,74,12645.191731965935,17,14107,443,2.1618360065024396,Normal,TON_IoT
29.37801269452751,7,4943.0990269674685,6,59868,80,8.345860354500015,Normal,TON_IoT
14.98549370259121,45,903.287046226891,6,3353,22,0.11674506180780944,Normal,TON_IoT
15.068067595407655,97,3839.2112389985487,6,48522,443,1.1666505522890736,Normal,TON_IoT
4.952362124819355,122,1308.40070705915,6,35962,475,815.0107149014881,Reconnaissance,TON_IoT
15.104186542997686,86,5210.039379208826,6,24055,22,2.803590313157949,Normal,TON_IoT
9.252411706168001,37,155.39484475304621,17,57812,22,5.458048610219764,Normal,TON_IoT
0.4745504010283014,2766,2516475.534800102,6,45497,445,109.52151654452953,Ransomware,TON_IoT
40.47475545184458,2260,392748.80327166524,6,55940,445,132.4688184416675,Ransomware,TON_IoT
47.79193379915522,127,34178.74410139489,6,34344,8080,43.63569782288085,Botnet,TON_IoT
13.660618314043441,26,8262.737237865087,17,8536,80,1.019656090202089,Normal,TON_IoT
2.5282529677272514,40,5147.323630519185,17,49921,22,0.9438138877152835,Normal,TON_IoT
4.062450627561879,1531,1502876.3596308914,6,29796,445,20.84184749467132,Ransomware,TON_IoT
66.99200656069942,281,30947.374771645013,6,14998,23,21.78446157397643,Botnet,TON_IoT
54.09621270603783,99,3188.0706682440405,6,42642,23,37.06933330553934,Botnet,TON_IoT
0.49261108192677566,9156,2319150.4699458005,17,18328,80,587.3931303191002,DDoS,TON_IoT
20.618495815498985,1491,329169.7713544004,6,11192,445,96.42306415359505,Ransomware,TON_IoT
275.1818000625669,355,45051.159829745186,6,39303,6667,29.5751478205784,Botnet,TON_IoT
8.61695238889271,17,2679.8153324364716,17,60665,80,2.5583730033265377,Normal,TON_IoT
10.985458139506672,25,3780.0771301249456,6,13693,80,2.1655480371479086,Normal,TON_IoT
19.046355187581156,72,3908.1529613724197,17,6261,80,1.9950512001329028,Normal,TON_IoT
80.14414961828406,1716,1669752.4072036096,6,64623,445,144.49695709419515,Ransomware,TON_IoT
5.1531363595084825,43,924.2047535289447,17,10067,22,1.2674153587264523,Normal,TON_IoT
10.178359941017337,87,2339.3953468160794,17,23913,22,5.327985423598554,Normal,TON_IoT
24.084117286966265,63,10469.1050676548,17,5136,443,1.2750422937316577,Normal,TON_IoT
152.50385636750661,230,42730.905957585994,6,8968,23,39.33255264632371,Botnet,TON_IoT
49.573460534992286,1689,585752.4260145376,6,62822,445,34.75822466869434,Ransomware,TON_IoT
8.243832980660203,84,1172.7525242331224,17,20724,756,969.4360570714401,Reconnaissance,TON_IoT
162.72015880530958,254,14440.374853563279,6,49350,23,31.127447192490727,Botnet,TON_IoT
101.58953735371779,282,7837.682170878187,6,3292,23,28.677952253170734,Botnet,TON_IoT
25.489868619456637,46,21025.011747136425,6,12098,22,1.3263917527902904,Normal,TON_IoT
144.56722168263835,290,64322.49332801936,6,12170,6667,42.23131466154073,Botnet,TON_IoT
4.126349080159663,39,9208.84994640098,6,18397,22,0.10176787693052886,Normal,TON_IoT
1.862615473583274,18,158.50965464267696,17,18262,154,119.85290360904824,Reconnaissance,TON_IoT
1.31826386558537,30,406.94999179285384,6,56360,443,1.062286662966292,Normal,TON_IoT
1.7269940049087307,99,5372.49114396142,6,25677,443,5.87899048203412,Normal,TON_IoT
271.39141714922033,22,8280.2951260636,6,3948,8080,40.14769282509832,Botnet,TON_IoT
228.99539464689224,458,21033.490349831412,6,13648,23,40.03657033230713,Botnet,TON_IoT
0.054569361470902245,6656,584169.6318976776,1,65255,80,568.9349622571641,DDoS,TON_IoT
9.24667588321707,98,182.84933342026696,6,10832,137,764.3141464480133,Reconnaissance,TON_IoT
10.5347008046476,1547,2691547.1296083615,6,1217,445,29.88142182252162,Ransomware,TON_IoT
14.100153231390287,65,22130.662940143076,17,37994,22,0.23143955733427923,Normal,TON_IoT
34.80037562005948,8,5294.669393766075,17,21773,443,2.3983115694976886,Normal,TON_IoT
6.664255391281665,2454,459868.25845518225,6,64376,445,54.03648910176615,Ransomware,TON_IoT
20.544886612806327,43,13764.480740866076,6,5030,80,2.0933603258806426,Normal,TON_IoT
13.133322788600278,17,299.8671022729038,6,41039,80,3.99330952443798,Normal,TON_IoT
2.5943351342291145,112,3066.6332593587404,17,26435,773,989.8533207989337,Reconnaissance,TON_IoT
15.907078790894937,701,552943.6159636923,6,29005,445,99.33707751890346,Ransomware,TON_IoT
4.5363154665711,67,1095.890074414951,6,41102,13,437.64979256068347,Reconnaissance,TON_IoT
1.9711686318351445,50,7888.660293124503,17,24624,443,1.7459144322211424,Normal,TON_IoT
10.465430500785141,8,3801.4537567072825,6,23187,443,3.327475465816803,Normal,TON_IoT
0.4726522144108532,3551,301549.74343071453,17,46297,80,1456.6043160747763,DDoS,TON_IoT
7.729891530100977,2622,620751.1909184597,6,29329,445,32.89320928114735,Ransomware,TON_IoT
4.6519140932055265,1319,17189.254110300495,6,42220,445,63.316500972181935,Ransomware,TON_IoT
15.24976764492561,29,4938.185647209493,17,54299,80,0.45684388635476303,Normal,TON_IoT
13.763311988133054,2884,118724.30327366928,6,52740,445,88.17774338859259,Ransomware,TON_IoT
2.5333949048054993,94,375.95353029393226,6,38185,832,272.4088589878749,Reconnaissance,TON_IoT
0.6213978445580159,4213,356975.0194880212,6,22880,80,1657.9827495257648,DDoS,TON_IoT
60.462061194661814,443,31454.443843611378,6,57623,8080,5.199296877288063,Botnet,TON_IoT
214.22961648231018,437,14370.29709245851,6,40390,8080,44.48511200201563,Botnet,TON_IoT
0.24371251505642075,9558,126315.41822771342,1,47955,80,1342.9733001038144,DDoS,TON_IoT
1.200041262547408,1561,198985.9820290071,17,44940,80,1055.8217756036215,DDoS,TON_IoT
0.2545875492911923,6222,99347.39158473704,6,57666,80,818.5586527551557,DDoS,TON_IoT
1.181437817266554,7177,293102.15856575494,17,36959,80,942.7432664949891,DDoS,TON_IoT
19.90674478208337,51,29907.687429762223,6,54906,22,1.0379108329433318,Normal,TON_IoT
0.32775784777186906,8329,818462.3567299863,1,4166,80,1910.946055775329,DDoS,TON_IoT
220.7057425713197,406,809.3382207737063,6,6196,6667,23.30325315621957,Botnet,TON_IoT
24.62743168433589,17,7104.209752833862,17,37372,443,1.86510439154219,Normal,TON_IoT
0.8583153828123634,48,485.3828851425803,17,3055,283,273.9960205054366,Reconnaissance,TON_IoT
7.838844822168287,129,375.56480639257046,6,39522,540,448.56385772435,Reconnaissance,TON_IoT
0.4170968685639047,2125,208208.32263312393,1,47387,80,712.895518399615,DDoS,TON_IoT
3.783455712578144,22,22482.42224396812,6,44986,443,2.5605362041285344,Normal,TON_IoT
279.83662815997496,188,21652.98773835936,6,11268,8080,44.375204687276884,Botnet,TON_IoT
3.1871866238736493,1448,2653083.0200645668,6,50961,445,122.34114895124917,Ransomware,TON_IoT
1.06003378833814,1586,33650.81726620409,1,46548,80,1814.1266373363567,DDoS,TON_IoT
0.4787000635966226,8578,171136.8666931048,17,6565,80,569.6253003896331,DDoS,TON_IoT
40.57791199668869,151,1210.1587282707524,6,41833,8080,48.00344159091455,Botnet,TON_IoT
13.03349833211739,92,797.4914607551553,6,47641,80,0.034370985347991476,Normal,TON_IoT
16.787682762727236,88,2906.0614660068513,17,25201,443,1.9567172455741542,Normal,TON_IoT
0.5965764475135397,5994,701672.7453991773,1,30270,80,676.2791021436607,DDoS,TON_IoT
8.218403363286166,87,4699.897204076696,17,51636,80,1.958892163725399,Normal,TON_IoT
0.4730967501194818,3182,1689640.0430990306,1,8727,80,1645.5220495416297,DDoS,TON_IoT
28.039818160662254,340,14058.0139634927,6,59884,23,48.16855089290252,Botnet,TON_IoT
8.199365254867907,124,443.135618013378,17,40780,1006,448.92186858731645,Reconnaissance,TON_IoT
0.40637341239760033,2662,283385.96192745713,1,19699,80,1508.1548976012991,DDoS,TON_IoT
0.40148816898245815,2403,838781.4590006181,1,7135,80,957.2090474880035,DDoS,TON_IoT
0.22064827972761852,2358,254687.58278967682,17,2229,80,627.7545148880588,DDoS,TON_IoT
22.315156115212385,1040,149099.3850730421,6,65275,445,65.39976115797293,Ransomware,TON_IoT
172.88449958572753,191,56591.06711392231,6,59132,23,28.56657258856007,Botnet,TON_IoT
11.330167875090442,61,14430.237042570698,17,55079,22,5.66979289627461,Normal,TON_IoT
197.22796145084877,127,37930.226809055996,6,36294,23,46.48930810994118,Botnet,TON_IoT
0.14201430913929453,5830,932581.1988423882,1,15981,80,1498.5512417145178,DDoS,TON_IoT
3.4203548247226734,2267,3372028.9369879616,6,9163,445,135.86882204902665,Ransomware,TON_IoT
20.673117594296894,812,2551711.310708001,6,56599,445,131.3080612414814,Ransomware,TON_IoT
4.9645727319815744,26,16482.88846424242,17,15263,443,1.0006582587225987,Normal,TON_IoT
268.13388916443876,401,9447.337774063126,6,27715,6667,43.52142242391911,Botnet,TON_IoT
60.33130904145981,65,13137.411944450452,6,31069,8080,15.471830995976688,Botnet,TON_IoT
273.9207319373546,34,35297.77976132733,6,11455,8080,33.43397123771326,Botnet,TON_IoT
25.70182767599885,57,7691.259140524239,17,63033,80,0.7597054003679172,Normal,TON_IoT
13.314793197739876,1732,3763734.4234676845,6,53960,445,39.97849589887623,Ransomware,TON_IoT
17.61310371706188,1847,1016554.8716964208,6,54617,445,61.34067558112603,Ransomware,TON_IoT
10.169253157416453,25,11820.754132888187,17,33202,80,0.32094158880965723,Normal,TON_IoT
34.80058087401169,7,3404.88117926424,17,36154,443,5.7926243129707276,Normal,TON_IoT
6.529930513683261,2057,566932.5972812222,6,62936,445,46.3758118889841,Ransomware,TON_IoT
10.506180014774039,10,2848.5431945456157,17,39437,80,0.3431650062325516,Normal,TON_IoT
20.31554872516985,10,3238.81879097128,17,48167,22,0.9760277042580502,Normal,TON_IoT
25.90909447183492,1726,4110557.429636733,6,55991,445,107.29126455750686,Ransomware,TON_IoT
0.037371979648635055,5369,427639.1355791653,1,25831,80,1348.2642022611817,DDoS,TON_IoT
72.18458741728301,65,6626.396736653915,6,17992,23,17.40418735220139,Botnet,TON_IoT
2.2657392546753927,98,984.2738502398097,6,10933,80,0.1115786192850328,Normal,TON_IoT
7.139691056429408,136,381.6868554845257,17,61209,909,845.0788152492821,Reconnaissance,TON_IoT
9.858790516507298,25,1463.3155393999696,17,30934,443,2.7356198701938643,Normal,TON_IoT
218.9579100829891,305,21887.394260165864,6,63665,8080,28.133595895735038,Botnet,TON_IoT
0.8385594547864625,5035,123292.36900510025,1,19719,80,931.3706648197449,DDoS,TON_IoT
0.2328767888368867,9899,187757.02573864762,1,21776,80,1806.5450622756662,DDoS,TON_IoT
32.076071527338485,38,7305.599549414496,17,15721,22,1.2522319648014033,Normal,TON_IoT
145.509436461806,104,639.5557361545315,6,21448,23,19.58041750364793,Botnet,TON_IoT
4.291522618757958,19,622.0459599513416,6,51515,22,0.9285655739323577,Normal,TON_IoT
0.22581802021625805,92,55.02131517673466,17,4743,204,605.3196261298915,Reconnaissance,TON_IoT
1.4885244214490847,6907,315496.5423330364,6,48712,80,1439.321267036141,DDoS,TON_IoT
97.05173176826949,291,1957.1063059458966,6,22662,8080,49.35939901871041,Botnet,TON_IoT
3.6968815114128106,13,4771.7001633050995,17,58735,443,5.347385691485263,Normal,TON_IoT
56.74354869409011,466,23586.11733608241,6,51922,8080,47.65737779830043,Botnet,TON_IoT
0.8913315471680767,2112,757665.2239489005,17,26514,80,1668.5881927744551,DDoS,TON_IoT
2.6068358459609984,58,3001.605252552405,6,60139,80,3.381599865032193,Normal,TON_IoT
50.56252580548228,57,1312.397154704884,17,6041,443,0.4588802378899852,Normal,TON_IoT
0.40821945807624616,9087,543982.2016857591,1,55671,80,1412.8953633509561,DDoS,TON_IoT
22.300672999375593,64,7245.650593897518,6,8654,80,0.9512274032311051,Normal,TON_IoT
1.7887831280613355,1985,148428.9038273805,6,57463,445,68.530919213228,Ransomware,TON_IoT
7.923543077956737,17,3091.7990025299578,6,3560,80,0.6491771022811718,Normal,TON_IoT
23.599750956440992,56,3149.340632725219,6,64102,22,0.4422501776158146,Normal,TON_IoT
42.865650829949786,1295,373050.6279469942,6,19045,445,64.99725101085116,Ransomware,TON_IoT
0.5072103592811755,5398,1187666.3572487105,6,24883,80,708.1692185201841,DDoS,TON_IoT
0.476799478916601,2564,474921.0621049928,6,53937,80,772.4412547250827,DDoS,TON_IoT
13.496723817042938,2040,347387.74284694646,6,48615,445,93.08630817465719,Ransomware,TON_IoT
0.3771079641058755,5033,727146.3502993122,6,43441,80,1917.0095930693813,DDoS,TON_IoT
244.0909877051006,339,14585.80136417936,6,14499,8080,5.23260778672504,Botnet,TON_IoT
276.326217392677,49,12476.607444128924,6,55974,23,38.36277244061731,Botnet,TON_IoT
33.48041443905822,44,23075.82386914367,6,9668,8080,34.12033607358245,Botnet,TON_IoT
13.360493241940166,1277,1032740.02243341,6,45612,445,31.638614593644192,Ransomware,TON_IoT
53.779633337822155,273,2887.538737234291,6,56433,6667,13.453610131030045,Botnet,TON_IoT
1.4429585983908446,21,3401.075371569896,17,34644,80,0.6698582099759215,Normal,TON_IoT
0.7541426013110584,5495,1148995.4171200148,6,28542,80,1131.1264208299926,DDoS,TON_IoT
212.15565610466385,51,78365.6361662124,6,15419,6667,37.195368731875256,Botnet,TON_IoT
14.99479906537759,47,457.2533753023365,17,51981,22,1.5276797816486485,Normal,TON_IoT
0.010492313853929717,7359,433443.04837202793,17,15410,80,854.0886240471543,DDoS,TON_IoT
197.74334359867342,286,8591.134431571349,6,30087,8080,13.17489302685554,Botnet,TON_IoT
2.9249171442540556,153,645.6361534403012,17,14369,864,404.95226815306927,Reconnaissance,TON_IoT
5.005651238992245,772,183311.84478442144,6,33559,445,98.85301816070489,Ransomware,TON_IoT
28.707541885887302,1180,826061.0011098372,6,52386,445,136.46005973217393,Ransomware,TON_IoT
41.68921423713961,65,4017.8741584449012,17,32148,80,0.030526382024010458,Normal,TON_IoT
1.8651839854339505,43,203.76275490086928,17,50677,381,288.3075084920315,Reconnaissance,TON_IoT
14.61244988141845,33,5509.336966385811,17,52116,22,0.26300063869083934,Normal,TON_IoT
38.318026363128666,97,6315.10441548302,6,21451,80,1.6668482620712806,Normal,TON_IoT
5.4933148283727515,1103,1863923.1522571293,6,18498,445,24.388122604691052,Ransomware,TON_IoT
12.80416889549676,12,1442.347615673812,6,35047,80,5.134031864274315,Normal,TON_IoT
5.4007159017107265,1575,187090.70255532305,6,44246,445,73.39611165170308,Ransomware,TON_IoT
24.262005306028747,32,1785.0934487160544,6,29981,80,2.7565858092090405,Normal,TON_IoT
36.217032042919165,12,2762.0302337358207,17,13715,22,0.10445690660718299,Normal,TON_IoT
3.7673214682567178,62,148.4214259057668,6,59340,443,1.260844264519994,Normal,TON_IoT
3.7633067772065045,11,220.13478753388927,17,28734,80,1.495915465602002,Normal,TON_IoT
49.201877532296244,33,10598.802288642037,6,40868,443,4.599136889909264,Normal,TON_IoT
16.399229895316097,1968,2701567.5420840536,6,4325,445,38.25557650704259,Ransomware,TON_IoT
0.6352334527176422,129,3872.8660328402248,6,3600,35,950.3972560703656,Reconnaissance,TON_IoT
16.50087244466221,1951,2402434.552506618,6,52252,445,13.632540547611383,Ransomware,TON_IoT
2.475960450768544,196,888.813174789378,17,26495,918,644.1565577690116,Reconnaissance,TON_IoT
0.38299049104002236,6777,157846.18187570188,1,23252,80,1600.6651319100604,DDoS,TON_IoT
0.8865049638788979,9244,470680.10915114434,17,48589,80,1257.2236629580261,DDoS,TON_IoT
8.997269109940289,83,5711.847553143401,17,20294,443,3.220478776719582,Normal,TON_IoT
0.8950745117349961,1940,408628.73105098796,17,24436,80,743.0815998734953,DDoS,TON_IoT
37.41219245241991,558,1220037.839655635,6,26658,445,16.74285033458844,Ransomware,TON_IoT
216.78925477011757,56,21265.414236189157,6,42984,6667,35.62610063980731,Botnet,TON_IoT
6.722578757905381,1316,192394.42031482674,6,52296,445,99.68410391543284,Ransomware,TON_IoT
158.35367513691193,496,34430.53396555639,6,37281,6667,48.538632633299166,Botnet,TON_IoT
164.81682074535058,398,14524.98651697493,6,34626,23,6.57722284529607,Botnet,TON_IoT
1.2567792578493835,1183,171163.37064737524,1,29322,80,516.802108029585,DDoS,TON_IoT
30.84469447995621,381,1853.9632980607028,6,61226,6667,26.48339173415747,Botnet,TON_IoT
11.546396792182945,61,858.6206551880285,6,31048,80,4.30770321714133,Normal,TON_IoT
11.351952398287079,1980,1543551.3290809512,6,26143,445,63.31538948338683,Ransomware,TON_IoT
3.5734147019543765,6,5742.76385511426,17,44671,80,5.075496667884027,Normal,TON_IoT
0.1737114054958155,3979,524173.3606050427,6,29667,80,578.4373862772934,DDoS,TON_IoT
262.7930150220849,219,7656.620610184319,6,13512,8080,21.15223629791954,Botnet,TON_IoT
17.182650268940126,82,2109.1665424764437,17,1295,22,0.7647129619350758,Normal,TON_IoT
168.2751598041592,307,31193.330203474525,6,41991,6667,25.46324957493894,Botnet,TON_IoT
9.264276572137518,48,869.1155079188331,17,43508,22,0.1329816503822611,Normal,TON_IoT
13.723463641227319,531,1890286.6735514216,6,2543,445,22.644098473796078,Ransomware,TON_IoT
10.665911539206457,59,4348.507730791859,6,17598,22,4.202258793771143,Normal,TON_IoT
30.739953774001656,229,6109.1707081049935,6,57553,6667,37.28426841478657,Botnet,TON_IoT
57.68809152334719,395,857471.7531143853,6,23323,445,70.77372571960447,Ransomware,TON_IoT
82.12796772001109,380,22033.77691120236,6,41614,6667,41.73970953985367,Botnet,TON_IoT
1.1595347489462444,2497,599321.8797353947,6,54854,80,1455.2410503288088,DDoS,TON_IoT
17.360208896726903,64,4257.622185828651,6,57026,443,0.4003899819697098,Normal,TON_IoT
5.273619660515092,30,5262.189192659961,17,51835,80,3.176548039354488,Normal,TON_IoT
7.716499822970723,64,417.82781786722484,17,35538,443,0.2872793438245572,Normal,TON_IoT
0.2781236355694414,463,4526186.767937071,6,49697,445,68.51794172223828,Ransomware,TON_IoT
60.19822525878075,1682,226462.57605785763,6,19568,445,116.11974318574387,Ransomware,TON_IoT
4.4765544328259175,48,2023.91182005324,17,14808,22,1.7783674126293396,Normal,TON_IoT
128.87535981035802,405,1592.770192478582,6,33762,8080,9.260355529037831,Botnet,TON_IoT
1.3385324294122338,6573,95718.79374467171,6,31938,80,1365.9764765338464,DDoS,TON_IoT
1.0444371068898621,3971,323948.2276479141,6,28540,80,538.2728663737026,DDoS,TON_IoT
286.0342178975896,436,12245.129492499102,6,37508,8080,12.037524401679418,Botnet,TON_IoT
0.39252708326973973,4798,963338.7746090338,1,47483,80,1643.1902176932092,DDoS,TON_IoT
122.4299242321194,494,8240.819840095366,6,32000,6667,34.50477369406812,Botnet,TON_IoT
0.1519576404820487,3611,976842.5226937181,6,20877,80,775.2367624823748,DDoS,TON_IoT
11.721851722712348,39,6868.787879591973,6,10117,22,5.057706689398576,Normal,TON_IoT
239.19620860365012,58,6183.072129456857,6,38685,23,32.32865590970832,Botnet,TON_IoT
264.56551533951,57,19673.151314503495,6,27272,8080,42.27608342174073,Botnet,TON_IoT
180.95755488958355,228,4854.570786700266,6,10104,23,31.646823456443585,Botnet,TON_IoT
0.3482486006492797,2118,242981.34575167377,6,46126,80,1603.9821334475346,DDoS,TON_IoT
55.75063639866432,1598,367120.6983110346,6,59643,445,60.0753024599533,Ransomware,TON_IoT
8.136286936813148,11,5851.784882878283,6,8710,80,5.488826710503038,Normal,TON_IoT
5.468849561071201,92,6769.540212485078,17,7359,443,0.24524067515162754,Normal,TON_IoT
22.12077353773236,2570,1205171.7961056414,6,53221,445,90.79812296359127,Ransomware,TON_IoT
3.901456521208805,6,17939.939681900723,17,25894,80,4.2511764184903145,Normal,TON_IoT
2.745490662862143,1322,368841.60454683984,6,43421,445,138.36013063190302,Ransomware,TON_IoT
1.021848623597735,85,8116.785207725401,6,41986,443,5.033415005474284,Normal,TON_IoT
6.999016599754789,96,2205.150073309421,17,44964,872,631.9334149668674,Reconnaissance,TON_IoT
20.480601077516205,63,6697.16691799124,17,38117,443,2.2146208484996572,Normal,TON_IoT
1.4803781582757627,9232,183909.8414749247,17,62879,80,1310.437938473909,DDoS,TON_IoT
0.3556955270462992,7539,84397.84482017846,6,43907,80,1307.5251752652848,DDoS,TON_IoT
4.9124382976155365,42,1181.4393430653051,17,40047,341,371.82243834123,Reconnaissance,TON_IoT
137.75115340591782,450,41962.86409908305,6,8928,8080,43.027204300491796,Botnet,TON_IoT
8.063589701354266,32,249.09498237218872,17,64159,89,582.632609887783,Reconnaissance,TON_IoT
26.05723943916777,56,274.9315181910798,17,30926,443,3.431223809442378,Normal,TON_IoT
5.871007733573171,72,245.14990766574826,6,30377,443,0.323950869577403,Normal,TON_IoT
2.539073121946929,89,12328.423229349366,17,10767,443,0.7792621365586051,Normal,TON_IoT
9.51726018735333,100,1341.3985387938208,17,4700,893,525.8985442837735,Reconnaissance,TON_IoT
229.2433308948462,447,5435.794409222318,6,15225,23,11.146408741911053,Botnet,TON_IoT
3.469944905226201,2987,1132255.6670989941,6,64543,445,12.858056110243794,Ransomware,TON_IoT
13.504674081133208,75,6597.680031794989,17,54115,22,0.14396841570758284,Normal,TON_IoT
22.00829108717764,1952,125180.85024216685,6,29977,445,133.72237724604366,Ransomware,TON_IoT
135.179286829817,331,1891.3405469865788,6,16722,6667,29.227849304512976,Botnet,TON_IoT
9.108064185167773,7,4026.8548046296605,6,20023,80,2.6863819498754413,Normal,TON_IoT
12.339512685674753,44,6343.061010313095,17,26357,443,4.132297315785095,Normal,TON_IoT
15.260513029440885,71,7393.8917850347425,6,53917,80,3.0996731249289162,Normal,TON_IoT
0.6042219218785633,4530,1480603.2004152322,17,10228,80,1567.8186863926317,DDoS,TON_IoT
0.3122068982439607,2268,1227403.5659458379,6,9932,445,92.91397760435227,Ransomware,TON_IoT
5.793481477453004,49,39783.92341936187,6,58105,80,0.25498241928707904,Normal,TON_IoT
1.9177196033111454,76,2394.454190800819,6,27833,80,1.1428586268191794,Normal,TON_IoT
3.438835955068784,40,1180.7846325340065,6,46931,22,2.8372148367189136,Normal,TON_IoT
5.519693863598459,2196,4118396.8751062034,6,57114,445,66.08981650205983,Ransomware,TON_IoT
6.250300539437026,72,11433.410805857387,17,53047,80,2.353911323095983,Normal,TON_IoT
2.3282699613878806,6,6636.914602581656,17,12669,80,7.615564768705067,Normal,TON_IoT
13.81746820031573,243,3157.4392424130906,6,60001,23,47.26919668933722,Botnet,TON_IoT
22.415824870959415,54,621.0255971597402,17,1181,22,5.688547359367284,Normal,TON_IoT
18.685881294384668,322,74452.01086282625,6,5321,23,41.10691487960135,Botnet,TON_IoT
22.587463371224867,61,653.492402709652,6,20232,22,0.3096827755407429,Normal,TON_IoT
3.155085558161758,71,4000.6232221517353,17,4891,80,0.19508783202500826,Normal,TON_IoT
0.2874742580575014,2774,1079224.3533968227,17,28452,80,768.9877530279211,DDoS,TON_IoT
16.61567997531752,2716,401748.9288872899,6,35207,445,69.21364802138544,Ransomware,TON_IoT
3.269320546893855,71,1228.8845794286356,6,29148,80,0.35621365913625325,Normal,TON_IoT
25.853442531262353,485,2573.159189326551,6,32596,6667,18.447230910908278,Botnet,TON_IoT
0.8531770925872942,9045,203413.6770885021,17,14864,80,772.1459657015437,DDoS,TON_IoT
27.42499405082812,76,3920.243849698275,6,48987,80,1.1675422159525302,Normal,TON_IoT
0.6403150825376208,5767,581900.7794978172,6,17690,80,578.4383480175143,DDoS,TON_IoT
0.6255518057909193,7147,565704.1862038256,17,53783,80,1180.7441083466545,DDoS,TON_IoT
9.868733619374312,181,517.2210797003395,6,51322,507,284.48857798351946,Reconnaissance,TON_IoT
1.8188042429542124,81,354.4492765927879,17,43560,22,1.8767042428389258,Normal,TON_IoT
258.07582148008555,369,2323.4007451318207,6,21322,6667,42.50168038252481,Botnet,TON_IoT
0.38831417315458616,1002,318801.0401073315,6,1807,80,682.5506824283314,DDoS,TON_IoT
213.46676889236923,457,4418.792638946062,6,16778,8080,20.23271644658032,Botnet,TON_IoT
151.1404456911365,361,29025.264494100866,6,31401,6667,35.18385982084995,Botnet,TON_IoT
5.411213847631482,80,4629.837971201833,17,5646,80,3.0883007915427787,Normal,TON_IoT
7.874378615537401,49,764.9868664494988,6,2399,22,0.2869518262499052,Normal,TON_IoT
6.712449016488533,38,737.6918338996909,17,3586,22,0.5222965036076843,Normal,TON_IoT
63.68191619074686,348,11964.7356660628,6,53648,8080,49.19535926694381,Botnet,TON_IoT
14.718770830065344,82,2091.0916952077055,6,46467,443,1.583229298372725,Normal,TON_IoT
3.9871528399631484,65,585.2087747177133,6,51861,849,444.85815815021044,Reconnaissance,TON_IoT
0.028787801353225742,1034,853719.0171246579,17,20813,80,1226.851953550426,DDoS,TON_IoT
292.8797122901119,284,10.397659600209675,6,8139,23,34.890581845965,Botnet,TON_IoT
128.48281783856788,299,9932.892503439616,6,1465,8080,6.526869750258149,Botnet,TON_IoT
28.942341742899828,2774,2666537.544220836,6,25008,445,112.26072399038597,Ransomware,TON_IoT
1.7400581229682914,25,3675.3049608811593,6,56305,80,0.6047944117204714,Normal,TON_IoT
0.41034547663836385,1574,157686.4051806914,1,19086,80,1723.9488775096502,DDoS,TON_IoT
269.44536139293564,224,11654.511990838068,6,40320,8080,45.995358889163946,Botnet,TON_IoT
8.422330527071615,37,1434.3560566273954,17,3862,22,1.684133992563364,Normal,TON_IoT
158.99743442468304,449,30008.62677526013,6,8700,6667,7.588353465118383,Botnet,TON_IoT
5.659338022294696,209,669994.9473893676,6,53062,445,32.88939687644798,Ransomware,TON_IoT
18.457545292287545,2070,476466.92619111587,6,7451,445,52.01433213891479,Ransomware,TON_IoT
1.459554329910503,8657,164706.54490374742,1,61991,80,1576.1667597054752,DDoS,TON_IoT
7.018488780298845,76,310.6936211795427,6,19581,443,0.22522703265659177,Normal,TON_IoT
0.7726342165348901,6952,18578.74411863819,6,60770,80,617.8550910073661,DDoS,TON_IoT
0.874883859707031,9116,1166826.4815700732,6,44586,80,572.9194131121478,DDoS,TON_IoT
56.777514837180185,1249,495108.1301210798,6,21707,445,10.518468022800976,Ransomware,TON_IoT
0.813726585009898,7473,84507.5393747461,17,23442,80,792.8769372244892,DDoS,TON_IoT
2.707090393814744,39,5524.138706832704,17,16865,80,1.5633339722773352,Normal,TON_IoT
1.9126856882946075,51,1047.1588592370388,6,57143,996,893.0306701573317,Reconnaissance,TON_IoT
53.47037544282764,855,2651654.5125223594,6,51800,445,81.35477252037334,Ransomware,TON_IoT
98.50331232449176,354,14724.088242915186,6,55357,8080,5.5433062087824005,Botnet,TON_IoT
3.347913250307403,77,8921.206264804205,17,5227,443,2.071692050756435,Normal,TON_IoT
1.242263565031215,9897,164234.85058951395,17,64105,80,1579.7488614765216,DDoS,TON_IoT
0.8432831120618699,6624,546860.5920998189,1,48853,80,1242.6267839307288,DDoS,TON_IoT
1.4653261419153767,1167,122007.78330576514,1,34081,80,1862.484464046691,DDoS,TON_IoT
292.983121012054,423,5447.246841946442,6,57802,6667,49.19769829259124,Botnet,TON_IoT
228.93241911813828,63,2430.265283192419,6,2541,23,47.71392935702863,Botnet,TON_IoT
196.30646995288686,468,38428.10277724467,6,64830,8080,13.022435937197626,Botnet,TON_IoT
0.6328170976558988,1936,1401132.4329874814,1,61788,80,1045.5171567954376,DDoS,TON_IoT
24.188935242648814,1930,850195.7703779085,6,53089,445,23.16724796259725,Ransomware,TON_IoT
0.12497217263516651,5390,59387.55622300405,6,46949,80,627.122561252449,DDoS,TON_IoT
102.56887251439426,181,12900.097194752667,6,53384,23,29.774053972472842,Botnet,TON_IoT
0.6115096741190635,7819,35641.463256505085,6,30922,80,1318.4326838519564,DDoS,TON_IoT
1.9788761380173245,76,186.80171777478162,6,6691,393,186.89513709077016,Reconnaissance,TON_IoT
155.02691000454288,387,15166.24687518854,6,38024,23,27.087718363163827,Botnet,TON_IoT
40.62409645843408,59,368.78953774824447,6,41384,443,4.195136428875501,Normal,TON_IoT
0.8592749478322694,134,2135.3626117855647,6,30480,591,528.6020136397237,Reconnaissance,TON_IoT
4.007690831451765,251,1288000.0591768275,6,20680,445,101.63419498015095,Ransomware,TON_IoT
45.75817158677142,85,338.3339645522794,6,7332,22,0.21953317093837732,Normal,TON_IoT
3.3758006455730727,2574,292568.7822035494,6,52188,445,72.28759038060807,Ransomware,TON_IoT
148.64044674558696,189,41.1295539278097,6,51994,8080,10.486886849746309,Botnet,TON_IoT
0.6040376347035634,10,294.65569648740615,6,37797,978,392.9426868824233,Reconnaissance,TON_IoT
1.3102419843681559,90,465.0110222604207,17,63531,831,790.5024948192575,Reconnaissance,TON_IoT
59.73534778477878,97,6649.44618455407,6,31508,80,0.7448583500793008,Normal,TON_IoT
6.20387711890953,82,718.5672934800795,17,36161,80,0.1774794722535276,Normal,TON_IoT
1.27036989167006,502,731635.4498782607,6,56629,445,77.24303500690637,Ransomware,TON_IoT
1.15301245249362,2354,134098.51486403827,17,49002,80,555.4794710187871,DDoS,TON_IoT
16.334865565716726,8,10907.324375762257,6,30709,22,0.6168587524557446,Normal,TON_IoT
0.68170672341789,4471,190309.99007291,1,18319,80,1757.5345807548401,DDoS,TON_IoT
19.750654009548768,93,8178.769835232503,6,23330,80,1.9787641016725197,Normal,TON_IoT
264.013062621984,249,5083.6230025095865,6,62018,23,34.43567536365277,Botnet,TON_IoT
48.174345208903745,652,913122.0842678897,6,15533,445,39.48077917081647,Ransomware,TON_IoT
6.277199315703151,91,2389.9579678372356,17,58351,443,0.005719527812122263,Normal,TON_IoT
20.302859298145393,44,11560.364891738402,17,28528,80,0.12230794577126046,Normal,TON_IoT
61.277868801077716,2022,917164.7243615147,6,6660,445,24.47525960846336,Ransomware,TON_IoT
6.2927899565487655,1904,70534.39658988714,6,13036,445,49.099803201281674,Ransomware,TON_IoT
2.2460106450436568,31,1823.3761029943362,17,11020,981,735.0133377840983,Reconnaissance,TON_IoT
0.9650334937962022,1370,517242.1177927935,1,25047,80,1696.7289028740156,DDoS,TON_IoT
22.339213558228874,84,404.5684446895432,17,53081,80,0.3539357323552789,Normal,TON_IoT
5.519010153112441,99,5187.334803987798,17,7173,443,0.7586670850217033,Normal,TON_IoT
28.039070433845602,85,5069.507096210121,6,53733,80,3.330482708439552,Normal,TON_IoT
15.168722603638393,2372,353197.73305777117,6,65384,445,100.19831541872416,Ransomware,TON_IoT
29.613948362010625,20,303.52879451587296,6,38599,22,0.7041281187496778,Normal,TON_IoT
0.31921520077479393,123,903.8654947347673,17,11879,342,696.1736386671504,Reconnaissance,TON_IoT
2.9974912121704054,113,3647.939119918851,17,35575,748,406.3727315189237,Reconnaissance,TON_IoT
0.20253500609746833,3002,601649.2061442228,1,17781,80,1663.8279050039594,DDoS,TON_IoT
0.3540260482899274,3401,329612.9524390938,1,17276,80,1773.5186749548038,DDoS,TON_IoT
13.470775615002628,236,1118923.0921752865,6,55678,445,62.08897859110631,Ransomware,TON_IoT
7.732496670593003,2609,847263.8979494632,6,12683,445,82.91478392045894,Ransomware,TON_IoT
71.16459752105013,22,7083.852645819966,6,11035,80,0.3751931546017589,Normal,TON_IoT
3.6857436597705813,2187,1692227.9753033288,6,29266,445,120.69882187202623,Ransomware,TON_IoT
45.30894055860206,129,25122.70697943044,6,65214,6667,8.256189083614998,Botnet,TON_IoT
6.645602543741361,99,378.8628412322721,6,24525,80,2.079040492151096,Normal,TON_IoT
284.1834250884307,22,5518.383933740768,6,10725,6667,24.05541708166897,Botnet,TON_IoT
19.93855879647745,42,19014.17907428704,6,40941,23,9.70877264057199,Botnet,TON_IoT
13.702518173862222,53,11198.975051149022,17,11286,443,3.953149751808829,Normal,TON_IoT
295.1709576369647,408,21133.539366684457,6,27841,8080,45.03602474947301,Botnet,TON_IoT
200.5325464215355,134,14364.361140021081,6,23211,8080,47.42424575478747,Botnet,TON_IoT
1.1187295941506215,1066,43554.38724273696,6,4171,80,1836.7288763891306,DDoS,TON_IoT
208.21445036184616,137,2305.5063438358484,6,35801,23,35.975433111923536,Botnet,TON_IoT
5.1264549798436665,10,7577.092459863004,6,38459,80,1.9773341970977574,Normal,TON_IoT
59.75943332275714,61,663.3540506263931,6,42339,80,6.260408692669168,Normal,TON_IoT
12.414474431272513,2279,284532.0181524044,6,42587,445,71.38489219652672,Ransomware,TON_IoT
1.3602375688472654,4233,1022659.5707697559,6,32830,80,1125.6717868397893,DDoS,TON_IoT
17.557800373084564,58,2320.983684526111,17,11410,80,2.258470169788186,Normal,TON_IoT
85.4622356375175,76,4401.257114777446,6,19723,23,12.154705500242287,Botnet,TON_IoT
106.23261924813436,249,35450.80611348657,6,10636,23,42.29626612349899,Botnet,TON_IoT
0.7884297278365676,3753,622174.1366058049,17,59566,80,1714.1225721671672,DDoS,TON_IoT
288.4556605266052,166,23155.825292557984,6,57361,8080,30.19962180353462,Botnet,TON_IoT
66.05043849290077,233,12180.664643493346,6,13118,23,18.490960105522852,Botnet,TON_IoT
2.191054100908161,137,1292.4185187527173,17,16431,444,659.2562397906459,Reconnaissance,TON_IoT
67.42887652864208,493,47302.57788948776,6,46493,8080,27.47647218421466,Botnet,TON_IoT
17.515627961474973,37,288.7282333034294,17,14683,22,3.183591911405434,Normal,TON_IoT
3.5463073790691637,142,3444.38606596998,17,31810,310,742.4315372067534,Reconnaissance,TON_IoT
137.40859195175892,144,17167.553752627227,6,12959,8080,6.747227757582598,Botnet,TON_IoT
274.9995136621123,327,12202.611432254555,6,32412,23,22.638734896229188,Botnet,TON_IoT
32.97740449795691,1404,771065.9435674028,6,48042,445,140.435526688362,Ransomware,TON_IoT
15.318168186430322,30,7413.206118101362,6,54072,443,1.9630865988980606,Normal,TON_IoT
0.7443912215482786,1350,258196.1327338604,1,3730,80,750.5206482626804,DDoS,TON_IoT
8.861431961185545,127,175.1993231352303,6,2001,860,769.3551901629846,Reconnaissance,TON_IoT
184.02862163005696,176,11070.951405978143,6,62139,6667,7.04022221788276,Botnet,TON_IoT
1.2884995599406126,7121,402883.9784654628,1,1478,80,1218.3754848409794,DDoS,TON_IoT
3.749095507223692,62,8054.435982575567,17,1528,443,3.282710897642693,Normal,TON_IoT
14.979466391972286,75,276.32748599673135,6,1716,80,0.9254831660072477,Normal,TON_IoT
5.350810156973508,2808,418808.5756027657,6,20827,445,61.375635422613755,Ransomware,TON_IoT
0.20203420572517572,167,909.5596267041107,17,63225,255,978.1874043488942,Reconnaissance,TON_IoT
41.10385007993748,42,953.7571066929276,6,6770,80,1.0946380909505862,Normal,TON_IoT
7.733177840187481,1727,665270.1446004217,6,45173,445,71.27673338974294,Ransomware,TON_IoT
17.025772967071518,365,23987.79298907163,6,11329,8080,38.43856957909406,Botnet,TON_IoT
50.801173157993375,78,4931.320788094742,17,58661,22,1.9711199393811294,Normal,TON_IoT
6.33354023091684,51,6279.031471520792,6,45387,80,0.25455171864089593,Normal,TON_IoT
192.75827821108365,316,2613.009194514596,6,10734,8080,10.492866838388583,Botnet,TON_IoT
0.07577588368048276,3884,247030.91767792188,6,22109,80,970.3337059222251,DDoS,TON_IoT
2.7622604573341945,47,1773.0771460680814,17,29477,80,1.9284700507050467,Normal,TON_IoT
3.946883922334663,106,170.40623786402912,17,13533,901,439.3606239702067,Reconnaissance,TON_IoT
17.285376785806953,87,7422.605453391699,17,12755,80,0.839822492364839,Normal,TON_IoT
1.0477808740649959,98,389.71586826358504,6,6182,80,0.8080971665586182,Normal,TON_IoT
0.4770901210485581,5071,245356.53724297293,17,46772,80,678.4164425734466,DDoS,TON_IoT
8.912639750295455,9,9213.745028792,6,53862,443,1.1898120307712388,Normal,TON_IoT
1.35022765116332,1518,12630.88494340505,6,52956,445,127.63648424870901,Ransomware,TON_IoT
149.50487945640415,382,1389.6227779382302,6,22228,6667,8.774673601546397,Botnet,TON_IoT
9.8436039085303,32,1515.8096749089934,17,35368,443,1.51180176890238,Normal,TON_IoT
8.094242210385303,1280,284572.49636285694,6,35022,445,109.86046283450929,Ransomware,TON_IoT
0.06581615640633143,8705,42588.13229292812,6,40847,80,1046.6359460566478,DDoS,TON_IoT
11.528751520143919,66,7641.129658528738,6,38292,22,0.37415469629541054,Normal,TON_IoT
1.1559332748077975,2979,41824.24643328784,17,27564,80,1725.2414732065995,DDoS,TON_IoT
8.01435599630167,15,4311.3068161814945,17,57476,22,3.40019792016635,Normal,TON_IoT
62.408604968798755,84,5640.192989000235,6,38813,8080,35.283174778915054,Botnet,TON_IoT
3.607669574918657,198,1015.813559153172,6,39806,7,957.5658902983511,Reconnaissance,TON_IoT
8.830651612606587,95,6813.305421301776,17,32491,22,1.5359757439995918,Normal,TON_IoT
0.5146534663564446,7175,207229.50032011673,17,4225,80,1048.006481838388,DDoS,TON_IoT
10.499225508623601,89,5151.521364495419,6,12594,443,0.23992687329044088,Normal,TON_IoT
4.844882603651104,36,4173.7565913486005,17,28714,443,2.0778510306006037,Normal,TON_IoT
4.080369159884709,1398,626294.7737845217,6,56073,445,30.1149163794219,Ransomware,TON_IoT
298.47860659670806,113,31695.69528077591,6,22664,23,38.70652130284451,Botnet,TON_IoT
8.512652026442943,83,15299.404379389014,6,7547,80,1.3502969214057776,Normal,TON_IoT
12.155538476053925,18,5354.549147633498,6,65526,80,0.9125156490195087,Normal,TON_IoT
1.2335562404573959,4854,106812.60762828046,1,37848,80,999.914873830253,DDoS,TON_IoT
11.574520528106039,82,12021.69773647745,17,60393,80,0.39518972040085004,Normal,TON_IoT
5.188579027814136,514,2003244.8627529691,6,43397,445,38.37765115228287,Ransomware,TON_IoT
25.927089918830863,14,3253.774160543034,6,64538,443,3.8264520431185782,Normal,TON_IoT
3.3923706865123213,178,622.115149906846,6,50784,443,390.9744298443287,Reconnaissance,TON_IoT
12.578261270562807,2497,1487724.1810151576,6,1404,445,43.91061354796578,Ransomware,TON_IoT
0.3612063107889394,4486,233351.73020193054,17,63047,80,732.5307456367698,DDoS,TON_IoT
0.824736212040697,5816,543979.1030546294,1,47026,80,1871.5182621938668,DDoS,TON_IoT
11.69039821976944,26,2459.167678827107,17,28795,22,1.251093713403811,Normal,TON_IoT
8.388932107530968,90,3949.8212173912534,6,16403,80,3.5008559999350255,Normal,TON_IoT
11.626966283049482,1632,2143056.664137421,6,16549,445,11.71273565032169,Ransomware,TON_IoT
0.28566940551054043,7955,102537.83608805785,6,15643,80,1071.3406368351075,DDoS,TON_IoT
260.89963247318235,56,21982.339049675713,6,23938,23,18.624610913145677,Botnet,TON_IoT
0.8435645103242938,8163,113812.14243875754,6,15183,80,1220.0017069167197,DDoS,TON_IoT
10.92918044150574,49,2589.112965997239,17,1888,80,3.805030969263124,Normal,TON_IoT
0.7011709365655302,4163,249299.66672073232,17,33395,80,1810.3778395927118,DDoS,TON_IoT
68.37695476029353,77,6945.837709428508,6,51133,80,2.0171887738211525,Normal,TON_IoT
6.91950859376337,34,1777.276288583524,6,32938,17,144.0239584218777,Reconnaissance,TON_IoT
1.2404518719683904,6085,532622.7871153096,1,16244,80,1226.209211264107,DDoS,TON_IoT
141.3530216604384,25,8329.272494185025,6,33205,6667,13.899992496940992,Botnet,TON_IoT
1.7570999449675992,123,544.0227036894213,17,53069,350,917.4265702292756,Reconnaissance,TON_IoT
43.33883753656714,212,3246.2111432279307,6,50884,6667,29.416488676646182,Botnet,TON_IoT
15.361930204475428,49,258.0475646670682,6,60846,80,10.25067614687683,Normal,TON_IoT
24.49965831557344,14,6034.385382877331,17,10679,443,0.704539623473745,Normal,TON_IoT
1.506936648337149,111,1929.155101020207,17,9477,319,392.0601811104524,Reconnaissance,TON_IoT
0.37617585651366686,7655,1244079.3932996155,1,38508,80,1647.4308886958174,DDoS,TON_IoT
15.752628381147321,45,3089.427037656982,6,26262,80,3.5312733455978003,Normal,TON_IoT
41.06053081963025,1454,401699.8881173027,6,46226,445,140.95976785652783,Ransomware,TON_IoT
5.754264097409338,42,1115.7502597051553,17,29414,443,0.7767859267866822,Normal,TON_IoT
20.005404036227496,1342,1322325.7755782814,6,60108,445,139.6277874576326,Ransomware,TON_IoT
43.14056168332378,6,2067.946083521513,17,49802,80,0.030446714324648072,Normal,TON_IoT
3.0675269133345866,2541,1200915.5697389173,6,49328,445,140.05511239885746,Ransomware,TON_IoT
15.371478733349836,31,10083.999480594804,17,20857,443,0.15786560148704618,Normal,TON_IoT
1.3774019395325365,2589,975456.0565263123,1,48651,80,1893.7242970333223,DDoS,TON_IoT
0.15001161577583363,9428,349231.28419941314,6,26272,80,1634.4739303389395,DDoS,TON_IoT
1.0983561948371623,8441,330791.2368095645,6,37078,80,579.8657644149135,DDoS,TON_IoT
9.298996212692968,593,119101.00008884378,6,65132,445,101.54358893089349,Ransomware,TON_IoT
15.76752967540554,44,11104.434487051689,17,33870,443,4.214762490253823,Normal,TON_IoT
1.651997845311293,11,2136.916430326312,6,58616,360,414.2842675393232,Reconnaissance,TON_IoT
269.42483193436925,490,36021.71186200461,6,11804,6667,14.802093635745663,Botnet,TON_IoT
0.34302443385611475,3208,1087850.126788373,17,58246,80,1790.4584975570194,DDoS,TON_IoT
1.8282341147640404,1806,113111.61600222779,6,44769,445,45.2831130492606,Ransomware,TON_IoT
2.88068937179556,157,11.926889976368525,6,2396,30,925.7679608228544,Reconnaissance,TON_IoT
2.3432624889228957,17,384.4314570333405,6,24151,65,470.68038356682234,Reconnaissance,TON_IoT
9.7599292189502,157,1564.9394882606118,6,37601,283,897.5908345236923,Reconnaissance,TON_IoT
5.408133642131424,1521,158156.44139482026,6,11141,445,127.83045347923705,Ransomware,TON_IoT
0.5491166955894229,1334,1678305.3333168644,1,63358,80,1171.936889185749,DDoS,TON_IoT
68.85847570994257,1440,510411.9788597491,6,10345,445,49.55284132821136,Ransomware,TON_IoT
0.48577956989273785,4934,633467.7321231256,6,5003,80,1047.5596946667254,DDoS,TON_IoT
156.8505004217309,69,28670.390954922474,6,19936,8080,32.90174113224928,Botnet,TON_IoT
66.13634032806192,231,1400632.7884735074,6,56464,445,123.35930557797266,Ransomware,TON_IoT
1.055781921904837,7088,289630.8948583119,1,27178,80,645.7230106886855,DDoS,TON_IoT
0.5792555129859294,2413,251590.27782145643,17,50894,80,1995.9366577175447,DDoS,TON_IoT
18.480555711065037,18,1667.2346748431187,6,56592,443,1.939079982233428,Normal,TON_IoT
190.12747408446887,110,18208.966712394344,6,53240,8080,46.330438175622696,Botnet,TON_IoT
5.11354069915858,57,5245.834860159698,6,44702,80,1.1704627302508266,Normal,TON_IoT
0.8632352458544188,34,1551.7115766642064,17,32320,372,829.8061625910608,Reconnaissance,TON_IoT
6.528180833233663,59,281.3982638864487,6,20962,599,667.6784203407798,Reconnaissance,TON_IoT
1.2342870671241353,29,468.31189423753636,17,62768,22,2.1534785359162005,Normal,TON_IoT
15.815552782441946,88,5400.82762909753,6,58471,22,4.97836638940578,Normal,TON_IoT
43.39525963345939,49,1251.9430001757455,17,37918,443,1.3193460765703795,Normal,TON_IoT
6.264370414046448,95,4126.7226492872205,17,31944,80,0.0696274377925274,Normal,TON_IoT
139.0340877889128,342,12436.188254209748,6,25715,23,31.638439028338254,Botnet,TON_IoT
0.7510561835552886,4183,1413185.9963383647,17,49137,80,1721.0718954913123,DDoS,TON_IoT
252.4558259463614,41,17753.097845658554,6,19217,8080,41.6357980287277,Botnet,TON_IoT
8.217575725789647,82,5202.164440431423,17,3115,80,1.3834633718684508,Normal,TON_IoT
2.1827847108832614,105,2039.5904246341786,17,33948,38,837.6370784444035,Reconnaissance,TON_IoT
0.810708968582976,3865,1075136.8728622794,1,63209,80,959.3256050667976,DDoS,TON_IoT
2.212968564561649,40,1202.9376171885833,17,48879,22,1.8970024554925524,Normal,TON_IoT
0.6643008416017955,6060,463293.1446353143,1,56172,80,1249.090982255833,DDoS,TON_IoT
12.900903274245804,45,5390.9664370462115,17,62075,80,0.6690872959808836,Normal,TON_IoT
284.9000893550976,346,6559.386623502351,6,61169,8080,17.79351103349907,Botnet,TON_IoT
21.495967369425273,44,1475.1865622875011,6,23035,22,1.6115494058412152,Normal,TON_IoT
8.914938294913007,77,1012.55715987791,6,56357,224,222.52570472669913,Reconnaissance,TON_IoT
5.905216612531463,44,893.7246621779544,17,61043,67,603.2794134634324,Reconnaissance,TON_IoT
9.682941538099127,163,3316.6563649236564,6,52105,67,518.3110501739573,Reconnaissance,TON_IoT
203.207682694893,133,11640.840039661649,6,60323,6667,9.048760740448936,Botnet,TON_IoT
125.01543026794246,234,18235.06221995193,6,52412,6667,28.509183939932672,Botnet,TON_IoT
7.536870409986026,60,582.0798901258001,17,11036,1006,512.3515131227931,Reconnaissance,TON_IoT
69.96740438252371,167,12898.589415526065,6,34849,23,16.009771922039988,Botnet,TON_IoT
0.6415124765602701,4338,414451.5228627115,1,56214,80,713.7158100353156,DDoS,TON_IoT
13.75776131895816,2569,2864021.682900433,6,10311,445,122.94981216535193,Ransomware,TON_IoT
0.16322246210242622,7147,966425.2281318002,6,52471,80,1091.2112770527924,DDoS,TON_IoT
23.92286633139041,58,5013.109598940711,6,58553,22,3.2262153379262695,Normal,TON_IoT
25.873796872281208,35,166.75414345312913,17,34547,443,12.002151434573898,Normal,TON_IoT
2.711752220301763,59,5488.143652718535,6,6159,443,4.844183976259286,Normal,TON_IoT
13.380867228619296,236,4655.93986925834,6,12610,6667,49.63041195532854,Botnet,TON_IoT
1.0023746786490564,7430,171362.71259552112,17,37350,80,1921.9563027941917,DDoS,TON_IoT
92.66816169949708,20,2728.905027860656,6,3958,8080,43.8501888039444,Botnet,TON_IoT
4.4703194878655,95,4437.165921623173,17,18592,443,0.3613507577829923,Normal,TON_IoT
6.626902862862869,18,6832.806641201297,6,39941,22,3.412456547669801,Normal,TON_IoT
7.387410052551097,2346,610388.4251033398,6,9514,445,133.8723091133843,Ransomware,TON_IoT
64.85127223677823,126,14178.433017212823,6,41159,23,7.286245592795098,Botnet,TON_IoT
0.4706078239160024,6180,346730.08241468854,6,15223,80,1575.1094631854862,DDoS,TON_IoT
25.325778456126525,272,19131.0522354407,6,65043,6667,30.892281423783192,Botnet,TON_IoT
8.075664039111967,96,206.24297892165882,6,15075,90,429.03335070670744,Reconnaissance,TON_IoT
66.53025347329503,109,11673.685152740862,6,33028,8080,26.450654094568154,Botnet,TON_IoT
34.31223089686145,387,4934.623439533955,6,9785,6667,13.340992480432389,Botnet,TON_IoT
13.846900303235069,41,3730.188877685707,6,38038,443,0.22455852037654486,Normal,TON_IoT
1.3934256152062834,2275,3344552.652132129,6,41952,445,99.86575613451693,Ransomware,TON_IoT
14.932015735951929,99,4685.78159411474,6,59887,22,1.1963148016372902,Normal,TON_IoT
2.7638492306011013,60,688.4421062343586,6,43077,80,4.304094844956251,Normal,TON_IoT
26.496153204280017,2535,545874.3953641969,6,1501,445,30.18390168845794,Ransomware,TON_IoT
9.587664902852183,62,8547.85065237418,6,25342,80,0.007151726669855698,Normal,TON_IoT
16.184248694253284,91,465.7055013656135,17,11522,22,0.6215258548757809,Normal,TON_IoT
42.71247021653878,1819,445315.9833583117,6,17846,445,32.882594281653866,Ransomware,TON_IoT
1.4848182541708561,1057,337854.9011948156,1,15122,80,996.8466587962243,DDoS,TON_IoT
1.4376240983456339,24,556.6998217223652,17,50377,443,0.276324210564627,Normal,TON_IoT
8.004552561172998,824,152921.30756595725,6,45858,445,145.30531546652344,Ransomware,TON_IoT
22.05871681451843,1068,197925.24434784957,6,27631,445,119.60696691544526,Ransomware,TON_IoT
61.48971133060759,2389,1724483.8571246061,6,40837,445,34.601019183972,Ransomware,TON_IoT
4.182370346542098,2319,1647432.5756501164,6,29258,445,94.0278472188385,Ransomware,TON_IoT
1.4578325995998231,1546,1827287.6925389266,6,35143,445,30.581923348854914,Ransomware,TON_IoT
6.1893738124715565,118,214.82689515625933,17,46161,215,874.2179494136653,Reconnaissance,TON_IoT
12.356283920845772,32,4470.561283908484,6,5672,22,0.5706156049541047,Normal,TON_IoT
8.443106513903864,127,2064.1565348475647,6,48351,123,626.6740275247231,Reconnaissance,TON_IoT
4.403750075268597,39,1434.4417269999703,6,8479,80,2.1154288413492486,Normal,TON_IoT
18.70524162408469,214,768367.6323121479,6,45962,445,74.39251673796275,Ransomware,TON_IoT
26.413445207547458,65,5502.3339393939095,6,63827,22,3.22911622309373,Normal,TON_IoT
234.68869736505107,300,7533.073052223876,6,23554,8080,14.152803961844688,Botnet,TON_IoT
3.452911956685973,66,1226.5141726221,6,23812,80,0.6158327965110783,Normal,TON_IoT
1.1544427476913788,5975,733534.380143496,1,44747,80,512.9817421039597,DDoS,TON_IoT
28.4786819774487,2248,1373309.976164067,6,2163,445,140.5581868599389,Ransomware,TON_IoT
196.3857303560532,301,5977.329120892954,6,13807,8080,37.505397856073635,Botnet,TON_IoT
203.47523442257247,282,28286.70952501885,6,42944,8080,26.136118723324195,Botnet,TON_IoT
197.591970913769,225,24649.569599322855,6,24837,23,19.831460210130338,Botnet,TON_IoT
125.10829266907474,390,35941.1955840928,6,44080,6667,17.928521958979854,Botnet,TON_IoT
123.83621246310892,106,5867.750644545916,6,43763,6667,18.400222091954962,Botnet,TON_IoT
0.20873132118902743,8127,151532.48605420013,17,44997,80,1313.7875138404079,DDoS,TON_IoT
64.07991291077694,2146,361832.3293331622,6,12288,445,80.48665830237663,Ransomware,TON_IoT
1.4107870909336708,2348,483448.8554484268,1,54560,80,1239.1280542482273,DDoS,TON_IoT
5.920025552566392,1356,136660.35726331195,6,29716,445,127.01107003004884,Ransomware,TON_IoT
48.05469628261268,1114,297679.1259542491,6,43977,445,109.82154047426545,Ransomware,TON_IoT
64.84021737661973,389,1635.098058472181,6,48853,23,43.41052502677984,Botnet,TON_IoT
9.897378897824584,62,693.1867735904121,17,8535,51,212.70882757717305,Reconnaissance,TON_IoT
5.839937909931021,2063,526000.4595270347,6,28102,445,19.752170099410925,Ransomware,TON_IoT
1.8478804378770557,53,1086.696951006965,6,25041,851,793.077014949935,Reconnaissance,TON_IoT
2.434207506556037,26,7976.291263947821,17,39395,443,3.183256797038188,Normal,TON_IoT
1.0906024604359807,2847,227370.1092520843,17,18258,80,937.5753726655917,DDoS,TON_IoT
62.609262920477356,1850,284637.7308962168,6,33096,445,107.67377277120897,Ransomware,TON_IoT
133.45852680208532,358,15727.722934120167,6,48190,8080,15.490363176425536,Botnet,TON_IoT
18.079640238151867,41,3076.4737984521876,6,52595,80,1.4946344841130081,Normal,TON_IoT
1.7358076839338317,189,1800.5067652787309,6,6647,370,189.00078112874502,Reconnaissance,TON_IoT
20.426546006920372,48,7478.656047198227,6,22358,443,2.794037499388043,Normal,TON_IoT
1.0633054050201118,78,6309.497407835991,6,36994,80,1.345242721290797,Normal,TON_IoT
0.56878576631145,3467,832739.9910465364,17,10007,80,995.353872250275,DDoS,TON_IoT
111.51647058030554,172,717.6284210225987,6,64517,23,19.471917979668582,Botnet,TON_IoT
8.258310556227611,1298,195714.01473780052,6,56048,445,97.67031453789222,Ransomware,TON_IoT
30.86954436791128,52,675.9239610643646,17,36099,443,7.791188645788282,Normal,TON_IoT
17.027891390469318,41,4620.662355221276,17,17163,22,1.0531259770919288,Normal,TON_IoT
4.649211954951126,115,77.24021797882966,17,50887,546,643.0137150594844,Reconnaissance,TON_IoT
82.05356591339921,135,65018.54784254745,6,43574,6667,35.169546531118115,Botnet,TON_IoT
8.20106218281106,130,331.151644053115,6,52150,828,278.538079481756,Reconnaissance,TON_IoT
2.5971832728814874,57,9671.871112611712,17,26022,80,1.742167302260703,Normal,TON_IoT
5.006801372986551,19,2192.637500066679,6,19713,22,0.5556540475265055,Normal,TON_IoT
263.298218462969,256,9468.60083801762,6,10960,6667,30.105954685125262,Botnet,TON_IoT
0.01544651066542701,8287,206858.04639946294,1,5198,80,1711.7094960419824,DDoS,TON_IoT
27.134583945989416,105,23171.41449857103,6,65426,6667,12.703372282110843,Botnet,TON_IoT
0.6085474532372845,1510,464908.21018348064,17,7074,80,1591.5814132317241,DDoS,TON_IoT
216.42831157430993,81,897.1235598730814,6,25895,23,39.5105817439434,Botnet,TON_IoT
124.0387302819791,252,11007.553374254432,6,60070,8080,6.287851475397943,Botnet,TON_IoT
59.920119424524984,54,1363.9251919167605,17,42925,80,1.546530532353484,Normal,TON_IoT
177.09057614660665,156,19629.089268120937,6,27436,23,17.682748621236563,Botnet,TON_IoT
153.19344357711273,64,21016.471686629324,6,23146,6667,47.064995329608095,Botnet,TON_IoT
290.702591779155,238,6661.105180047121,6,26382,8080,26.95214336125958,Botnet,TON_IoT
19.70770939192388,1318,807888.7981729854,6,3627,445,128.8551397483733,Ransomware,TON_IoT
1.4525027331139195,4159,314213.7854288085,17,33650,80,943.1235103571629,DDoS,TON_IoT
267.5049557544381,281,7634.67739146518,6,6706,8080,32.726747960177036,Botnet,TON_IoT
4.312322381159602,1662,1040130.014040255,6,7202,445,77.72504523285178,Ransomware,TON_IoT
0.41155819165636087,602,1026327.2940948429,6,11937,445,63.5800948864867,Ransomware,TON_IoT
0.9742618328792272,6990,287158.3043928531,6,15233,80,757.5635441277723,DDoS,TON_IoT
8.721541007742339,10,695.2584350719472,6,58561,874,317.1006423293668,Reconnaissance,TON_IoT
126.76165532856609,443,4783.041312924605,6,40687,6667,30.30255834559175,Botnet,TON_IoT
61.79219531687288,75,13074.177069745074,17,27102,80,4.8403154495155984,Normal,TON_IoT
1.3842453736790477,25,337.31105118628363,17,21525,443,1.3420183395890353,Normal,TON_IoT
17.916047642695208,68,891.2690498396387,6,33290,80,6.110682475907015,Normal,TON_IoT
18.81250234759413,798,277129.6918003618,6,57744,445,125.16312355163495,Ransomware,TON_IoT
155.07717524880186,275,3211.2893299785515,6,43254,8080,24.45313847940927,Botnet,TON_IoT
4.790785381411648,175,3000.51657550338,17,24811,469,312.4060771667939,Reconnaissance,TON_IoT
2.13979071321814,509,659774.510240898,6,10818,445,12.669170317695835,Ransomware,TON_IoT
0.078135568274808,5330,1001345.5338946811,6,46416,80,716.1723544553527,DDoS,TON_IoT
255.8927270209188,194,36455.74859557368,6,51933,6667,12.235677229945294,Botnet,TON_IoT
4.103778644744604,1556,235575.58374886765,6,61144,445,36.21089690807783,Ransomware,TON_IoT
0.6248500122623569,31,25.330210847849987,17,36049,663,773.5840833606951,Reconnaissance,TON_IoT
246.6694524344345,206,37780.80878731162,6,47135,23,31.630039545473984,Botnet,TON_IoT
12.436858202988887,86,5510.081256099871,6,26439,80,1.4934129211547087,Normal,TON_IoT
0.0894326850145808,2182,2522889.3320418634,6,45586,445,115.98540063592273,Ransomware,TON_IoT
6.583074276404594,68,2027.5356278494846,17,10864,443,0.32563535271494315,Normal,TON_IoT
36.30903855689601,49,3481.488909657476,6,7930,22,1.299014732277145,Normal,TON_IoT
4.992195985123722,92,835.5340121093836,6,57437,443,0.7582091031091579,Normal,TON_IoT
17.061381349058486,70,2825.2367683811276,6,64067,80,6.351294519975476,Normal,TON_IoT
23.543012595582532,31,1306.0789687622205,17,64931,80,0.40002312799164275,Normal,TON_IoT
72.78678264897117,374,79735.24677621113,6,4743,23,13.445860328665118,Botnet,TON_IoT
37.01033542192886,474,1422830.3809595178,6,47203,445,56.75492966765626,Ransomware,TON_IoT
19.106051692035464,220,874010.4416630939,6,30640,445,143.23596365594173,Ransomware,TON_IoT
168.98658137204743,236,30055.48380265435,6,10822,8080,40.893287859563,Botnet,TON_IoT
39.73317572176721,130,68632.71497295125,6,57652,6667,22.968456767796877,Botnet,TON_IoT
0.3197943144520439,8893,383291.65133466065,6,58869,80,1338.4435060210162,DDoS,TON_IoT
0.44401192170013015,5297,703637.058991708,1,9979,80,1616.6235459046613,DDoS,TON_IoT
21.049079201698724,852,509578.51113563677,6,5554,445,66.89426937466305,Ransomware,TON_IoT
266.58479649715844,498,1137.512038196961,6,56622,23,45.28623127699621,Botnet,TON_IoT
2.9382357961590135,66,439.54974116945783,6,25143,421,749.2415382393583,Reconnaissance,TON_IoT
155.71660808849145,263,4145.4486243261745,6,38754,8080,25.764223175098948,Botnet,TON_IoT
0.8054014718545106,5827,777707.1371619892,6,21817,80,728.0980531366305,DDoS,TON_IoT
257.88061819900554,234,4038.10328187279,6,31727,8080,9.735195994069963,Botnet,TON_IoT
