device_type,cpu_usage,memory_usage,temperature,humidity,status,label
WeatherSensor,46.07197078220596,56.694772659439835,18.442651231160617,78.66218351981229,anomaly,DDoS
SmartFridge,71.92857052472083,51.30562209909622,6.402489777681698,47.899000368620115,anomaly,Backdoor
GPSTracker,7.553610658618726,28.868538414435207,36.11557069734171,35.988867105540464,normal,Normal
WeatherSensor,2.0732777999502616,26.080617355742614,31.97878295489723,88.28790548612328,normal,Normal
WeatherSensor,72.74882324263262,69.30100597543723,-16.184606779366547,43.814358069195706,anomaly,Injection
WeatherSensor,4.67226751634934,5.128238726611424,25.864050305608117,58.53578202043519,normal,Normal
GPSTracker,6.553719391832341,26.857570281280776,44.26848896224136,41.80465254307357,normal,Normal
SmartFridge,14.342563093814382,15.298824584658966,7.19010272364309,53.443545589523524,normal,Normal
WeatherSensor,95.00462745061583,56.066977823601,31.09021580284912,85.01213684390746,anomaly,Password
SmartGarageDoor,66.25862333689128,75.22984262496807,19.112554890866353,54.53975983935977,anomaly,Backdoor
WeatherSensor,7.111552982524174,24.396629298023853,15.007232508068451,79.44955551896177,normal,Normal
GPSTracker,12.140344107424617,12.258319444268915,38.119256556477076,21.984671032280993,normal,Normal
SmartGarageDoor,43.10170312453733,93.23221311683142,22.44937774450362,48.66444650968063,anomaly,Backdoor
SmartGarageDoor,82.48865222339916,81.28673901297918,16.027427785732115,58.87284856368582,anomaly,Backdoor
SmartGarageDoor,47.84882531848709,91.19950783811669,17.662173283503098,48.48849430660877,anomaly,Password
WeatherSensor,7.738246668374432,12.285567241840198,16.274411366346293,64.17746393658354,normal,Normal
SmartGarageDoor,55.506768415426514,85.78700527371515,15.862670015865525,56.41412909922955,anomaly,Password
SmartFridge,7.085496495215274,27.147487388696835,3.530277682008779,48.866253894579685,normal,Normal
GPSTracker,3.7042566005999977,9.48849053023465,31.530472533647337,46.52255795956841,normal,Normal
WeatherSensor,95.5517003817407,84.96029150189463,19.304570299743723,84.29827083799503,anomaly,Backdoor
WeatherSensor,13.075911081692968,20.397759495109554,24.183717428773342,70.09818640270299,normal,Normal
GPSTracker,80.9546810090701,71.8108920321632,27.565206831521465,35.77481986455254,anomaly,DDoS
SmartGarageDoor,12.848853062679177,17.02654242651714,21.404554496294928,49.744915510603114,normal,Normal
SmartGarageDoor,64.40744654926684,55.43384767321044,15.603635443515536,54.5242334752155,anomaly,Backdoor
GPSTracker,57.34384496110908,55.8684613390802,29.611794247060647,30.796209431528332,anomaly,Password
SmartFridge,75.18329183043508,67.03499027532064,2.465346832969826,49.73812352464172,anomaly,Injection
SmartGarageDoor,9.41744618849384,24.370315132364805,15.257728497076908,57.63825226046113,normal,Normal
GPSTracker,12.731027401376037,13.87781176001911,41.535701444448264,11.0384907692778,normal,Normal
SmartFridge,57.95271491082058,84.82535224234056,6.338775790311621,50.84715473042987,anomaly,Password
GPSTracker,49.79814023912532,66.61783881693741,43.69119967740549,13.265645449005907,anomaly,Password
SmartGarageDoor,57.01846282068564,72.64585817843383,17.413682713908894,47.76452280372612,anomaly,Backdoor
GPSTracker,14.62814597314581,29.96796340772214,33.90426200264488,11.789827817673096,normal,Normal
SmartFridge,2.5626205262914183,9.011197140561373,4.648856951531121,43.37946961253453,normal,Normal
WeatherSensor,9.25623414293479,10.289525160156689,30.90151269999127,51.01835893367115,normal,Normal
SmartFridge,84.41769399587835,82.5631713274693,5.490272052289602,57.095216486838225,anomaly,DDoS
SmartGarageDoor,8.653760612632302,25.767765116058452,24.690670621397736,46.55069955397515,normal,Normal
SmartGarageDoor,3.0496852833796155,17.850954927332154,19.81513901431007,40.30940912569951,normal,Normal
WeatherSensor,72.97821555993559,54.81059921962106,32.9747418272331,66.90883244931433,anomaly,DDoS
WeatherSensor,8.516861207532045,26.263950909201682,15.777623958314663,78.70903610890643,normal,Normal
SmartFridge,7.7114209412851284,21.474453120072095,2.5156532705003714,45.92891223703188,normal,Normal
WeatherSensor,4.180369496942975,20.137589291073777,28.903865697522455,82.35029474896331,normal,Normal
WeatherSensor,7.393993054778793,26.94025243901981,25.783143717670157,61.529596990021076,normal,Normal
GPSTracker,13.510837170548237,27.567609028926938,29.27845877699879,48.768230924670995,normal,Normal
SmartGarageDoor,51.70658404540806,84.88869256005978,15.054313063952879,41.05492687066838,anomaly,DDoS
SmartGarageDoor,88.42304642190146,60.66721835718003,15.59313333755887,43.311178916312535,anomaly,Backdoor
SmartGarageDoor,9.017161285672001,22.57526950663715,22.147555699245913,48.92064313251647,normal,Normal
SmartGarageDoor,47.091393841212636,61.919104125541494,22.516912593833972,43.43520341931398,anomaly,Injection
SmartGarageDoor,65.7690987650239,78.06044208045213,18.242878653498014,40.65172247448123,anomaly,DDoS
WeatherSensor,80.03943145785965,89.18649132349667,22.74770610505455,55.47698184883787,anomaly,Backdoor
GPSTracker,6.501626472885555,6.7557199736373565,33.87697349567701,17.952496841140512,normal,Normal
SmartFridge,60.31861208594111,85.83524983519477,3.2244691930354596,58.493023188546644,anomaly,DDoS
GPSTracker,40.52308867411499,77.78529843131565,41.19627180697497,47.11852254702847,anomaly,Injection
WeatherSensor,3.629940607141749,27.09956824382693,28.20649374062622,37.66372491187741,normal,Normal
WeatherSensor,56.66400981271413,69.73264855769224,33.898051892557945,36.41341776449592,anomaly,Backdoor
SmartFridge,40.698070832082685,64.53179355644826,4.754190266917619,48.39299552567662,anomaly,Password
SmartGarageDoor,2.0725263837673245,27.36810197281085,24.835750694534877,48.519896350096516,normal,Normal
GPSTracker,8.636634414540163,28.66299197032269,30.017551527616263,22.254686368532077,normal,Normal
SmartFridge,81.52316287187415,82.50735340148398,5.907477227297138,41.309834458979545,anomaly,Password
SmartGarageDoor,44.171447892119296,54.89649190798625,24.6626323895197,58.21339027485095,anomaly,DDoS
SmartGarageDoor,14.20074661764929,21.394094036564816,19.334470346712635,59.22850663901508,normal,Normal
SmartFridge,4.81170284755607,15.780920769183574,7.2978772511962235,41.91542026557235,normal,Normal
SmartFridge,85.41470420021591,57.33121456695602,4.932488079639498,52.22315009651981,anomaly,Backdoor
GPSTracker,5.202824128134068,28.559140393066713,28.0426253439876,28.092576947266643,normal,Normal
GPSTracker,10.531787303951905,11.300549747952562,34.897099463184986,21.832762554587234,normal,Normal
SmartGarageDoor,13.727449720839498,16.424178186731815,22.516583065323054,50.928363993440776,normal,Normal
SmartFridge,6.7317378256216935,28.380709951936183,2.3027162153494265,56.1797438724169,normal,Normal
SmartFridge,13.034256396228175,17.918905172105426,4.690530840136565,55.8218520999495,normal,Normal
GPSTracker,3.433901402800919,22.33897973397891,38.399409295706064,11.269798058957363,normal,Normal
GPSTracker,1.8751303406522148,19.497239222791357,26.52130188790337,23.104498278204503,normal,Normal
SmartFridge,5.210571372865295,7.901818496867903,3.810940836648974,43.39430650794745,normal,Normal
SmartFridge,10.589789400287009,27.767180357977228,7.459497098221671,59.76547396473141,normal,Normal
WeatherSensor,8.96754340640749,27.45389594635159,29.827341466110934,71.57697271917704,normal,Normal
GPSTracker,83.72725395165698,77.18496486318388,36.36599602759355,11.303348792395628,anomaly,DDoS
GPSTracker,73.20520092414816,91.07740127575178,43.31536783643374,44.09063716597786,anomaly,Injection
WeatherSensor,10.481153822281025,24.261015280135318,30.20659075687483,89.11391162037403,normal,Normal
SmartGarageDoor,5.442514315662848,24.42099134083555,18.403115610398974,56.277256870981894,normal,Normal
SmartFridge,70.82407057656626,94.92153977650219,3.022214692478812,47.793229566152384,anomaly,Backdoor
SmartGarageDoor,82.24657710534282,90.1828695781035,18.196964179443484,58.63761787581832,anomaly,Backdoor
GPSTracker,52.947106441820715,62.64364259834504,32.77710121961225,17.58171187766711,anomaly,DDoS
GPSTracker,89.30607576212779,63.22872458285609,27.39861311822507,30.793969561049114,anomaly,Backdoor
WeatherSensor,90.61123052925882,73.0511042664555,473.6086524635207,78.95203719585854,anomaly,Injection
GPSTracker,88.88212955750467,52.40504615717098,44.10839854100133,14.629235107891105,anomaly,DDoS
GPSTracker,64.30705266301803,67.8435506907928,41.76140606326757,19.723336274963515,anomaly,Backdoor
WeatherSensor,55.35941483534366,55.349915859079275,31.163581435741104,71.2178152007039,anomaly,DDoS
SmartGarageDoor,97.1891381637978,85.59015269413801,24.638390056839775,42.48546706385801,anomaly,Backdoor
GPSTracker,88.27698129096277,60.834640768483,36.16426959448417,16.89388147507769,anomaly,Backdoor
SmartGarageDoor,96.74253526491206,52.1714669888341,21.52245591554069,56.49519899118922,anomaly,Backdoor
SmartFridge,12.172487681321748,20.29391827682116,7.463361948129705,58.970267281561306,normal,Normal
SmartGarageDoor,9.5038489827854,20.527076598493885,20.45721588479762,55.1922524545835,normal,Normal
SmartGarageDoor,7.667918319861271,6.402145567485497,20.76281166981225,55.6484913116915,normal,Normal
WeatherSensor,57.57777838748633,68.24618179788213,329.89520046294376,87.69275117115927,anomaly,Injection
SmartGarageDoor,12.871615158607472,11.54008005123461,19.450435789287965,49.76986316736673,normal,Normal
GPSTracker,4.04521691965082,15.027237465516976,35.3587764486675,49.39362290054952,normal,Normal
WeatherSensor,88.48301061164204,74.11499819381706,22.201279681442852,32.661223797868246,anomaly,Backdoor
GPSTracker,2.503850050616827,29.285796309942487,29.171963722270505,36.4957676939442,normal,Normal
SmartGarageDoor,9.111242310319826,21.000099694364472,16.991811854465396,53.34907667705797,normal,Normal
SmartGarageDoor,6.399393986149808,19.156070678375215,23.789362392697214,50.227273466906524,normal,Normal
WeatherSensor,58.975146228770896,55.504794019815996,130.90373561912918,58.30651176178266,anomaly,Injection
SmartGarageDoor,88.01734492557877,64.43303179617875,16.480638471332504,41.29431617010482,anomaly,Backdoor
SmartFridge,54.89511267294835,62.581442220993615,5.882771090965454,58.4608551883097,anomaly,DDoS
WeatherSensor,62.44723133773724,54.94182226422052,51.20567076524338,51.29720940803253,anomaly,Injection
WeatherSensor,10.48537016804118,23.437675640819016,28.945252631566767,63.386813198520976,normal,Normal
SmartGarageDoor,2.5968842806901216,17.469742949806502,22.748067659836593,58.05262515693943,normal,Normal
SmartGarageDoor,12.79762766156668,13.000162174782139,17.793204427404007,45.66865786751971,normal,Normal
WeatherSensor,52.85583925347749,93.11188233542975,24.922161258090064,52.846672992313,anomaly,Backdoor
GPSTracker,72.91286074139535,92.52749220918216,38.2951606860463,47.05037678400269,anomaly,Backdoor
SmartGarageDoor,9.442471488576379,29.919227266957854,24.261536794287352,47.07460979628033,normal,Normal
GPSTracker,69.19855122312588,80.9080418246321,30.68597992204838,29.194222572019555,anomaly,Injection
GPSTracker,11.42209070435571,7.930116858579196,25.21068192528012,13.575303513271496,normal,Normal
GPSTracker,75.2817525751829,78.32842846132547,28.211349580213284,42.71997911539619,anomaly,DDoS
WeatherSensor,64.04760944983757,93.53345699673426,24.20201401954856,67.31989387349982,anomaly,Backdoor
SmartGarageDoor,2.992024880194277,26.782255758922908,15.569118460439253,52.62733638555527,normal,Normal
WeatherSensor,5.977000943619567,8.124279090963611,21.479696070139045,39.19834716357927,normal,Normal
WeatherSensor,71.72116474165114,50.36747139063282,235.25744571182258,64.63175818069666,anomaly,Injection
SmartGarageDoor,1.5359222360377396,10.32342201374399,15.457709918791,57.98242310072335,normal,Normal
GPSTracker,10.961868283445357,6.147370130825529,31.94459808623364,31.090284905660596,normal,Normal
SmartFridge,59.789773977812274,94.34146182879317,3.961869729187878,59.083352107066844,anomaly,DDoS
WeatherSensor,77.62429895666307,82.05632526137788,23.65811653133528,60.63282283498461,anomaly,Password
SmartGarageDoor,93.60724439013129,52.69709463675845,18.21432721121233,54.49973644289085,anomaly,Password
GPSTracker,97.03538564865238,55.93487113189238,43.123224528112424,23.55770960755436,anomaly,DDoS
SmartGarageDoor,76.9489819742384,58.75954588779587,17.082638401999255,41.453841882349856,anomaly,DDoS
SmartGarageDoor,7.409614470905316,20.413717175242283,15.596017340029132,57.01028375413354,normal,Normal
WeatherSensor,77.31682014232368,91.90061450567961,26.9258215672591,37.08295079473583,anomaly,Password
GPSTracker,6.485360838491291,28.052650827595684,30.91898563863316,49.85179303196081,normal,Normal
GPSTracker,88.66721139091793,53.77012062964259,26.477314855536523,49.46992433832922,anomaly,Injection
SmartGarageDoor,78.86771158439463,83.80475480485532,24.991130031899736,57.38848996632475,anomaly,Injection
GPSTracker,10.540908106511914,17.448240022665367,28.926128687936902,15.565796556301002,normal,Normal
GPSTracker,13.630616647692966,9.821701352046595,39.99840754402821,44.26823099455817,normal,Normal
SmartFridge,2.985846865483383,11.629070815634154,3.478518023490254,46.9539710746091,normal,Normal
WeatherSensor,95.98645795969115,68.25077670986508,213.18787989511821,31.929088540142672,anomaly,Injection
SmartFridge,85.7778397114804,53.84601683644901,7.140088894925549,53.517134103889106,anomaly,DDoS
SmartFridge,8.526878656728915,6.131711641382549,4.089493507911518,46.99638621324856,normal,Normal
WeatherSensor,1.0918399142644326,19.54042049869644,21.82453864399443,38.42923998433263,normal,Normal
WeatherSensor,61.322614960365115,69.06996659732916,33.79459946693189,69.44550301218072,anomaly,Backdoor
SmartFridge,14.708919211556829,9.787063386324157,2.070292334375468,52.45727517379835,normal,Normal
GPSTracker,87.24963921175367,91.14176359879612,35.018660907800836,47.51850450989387,anomaly,Backdoor
SmartGarageDoor,78.48883491073978,87.24880614754096,18.398740515011916,45.45594339664415,anomaly,DDoS
GPSTracker,9.926442843359478,5.649859288330415,26.493159409928012,40.234605306315075,normal,Normal
GPSTracker,89.28198494602412,89.89598252437068,26.210122699117246,23.28982967793545,anomaly,Backdoor
SmartGarageDoor,93.313099586048,84.89227529711721,23.802419301529028,51.98338374860391,anomaly,Backdoor
SmartFridge,9.786998951228146,23.83859522844593,5.063186586554523,45.6166729077391,normal,Normal
GPSTracker,9.749306580352533,18.96043773775962,33.38676692164453,21.601811003282776,normal,Normal
WeatherSensor,9.942651153887011,21.166229592559535,15.843570692510205,79.23067419956811,normal,Normal
SmartGarageDoor,83.63750907468147,51.138199727640185,21.59991713177812,41.43831470623897,anomaly,DDoS
SmartFridge,85.82552244380415,53.620916561598584,3.7890823594101093,57.37733204258308,anomaly,Injection
SmartGarageDoor,14.70991558086736,15.424427877326433,21.22960158016506,58.17768612780789,normal,Normal
GPSTracker,2.973642246851855,10.678342430034526,37.98793582358528,45.61848186794494,normal,Normal
SmartFridge,95.27384531027639,60.21500931452598,4.968836094527261,48.910006473686984,anomaly,Injection
SmartFridge,14.253408982891512,16.493671829525724,7.462980641866261,59.86610527245165,normal,Normal
WeatherSensor,42.64450071030139,57.558356560980314,20.732137003576938,73.74580009844377,anomaly,Backdoor
SmartGarageDoor,92.30468358771074,75.37457074712181,17.923172850738837,59.93062252191119,anomaly,DDoS
SmartGarageDoor,2.310289417429872,18.27297444552914,22.472712942925252,59.19653625600432,normal,Normal
GPSTracker,53.68808096880843,69.87751056667568,38.39064542986456,11.029178044981474,anomaly,Backdoor
GPSTracker,92.13535325219334,94.10778381010859,38.21815015081114,42.052217751288374,anomaly,DDoS
SmartGarageDoor,71.92470305035108,67.43801684344567,20.564717487098484,51.699399735571426,anomaly,DDoS
SmartGarageDoor,96.78971093464216,84.97070751212286,16.03720350020127,42.51283245590087,anomaly,Password
SmartFridge,92.62460453980302,72.93602638643141,2.5876088838599367,46.82288578113492,anomaly,Injection
SmartGarageDoor,91.74390948173372,81.08138020019726,19.837223311166717,54.87507506858709,anomaly,Password
WeatherSensor,58.9611638437495,58.89968555552834,-31.383409428128715,46.76726727212289,anomaly,Injection
WeatherSensor,11.325702937558818,12.680794741751765,18.018212311731126,86.8982854716754,normal,Normal
WeatherSensor,10.462332445945481,8.181356165978414,33.10452836678328,31.853793583566077,normal,Normal
SmartGarageDoor,10.023190887335156,29.758107776156322,16.385081547069994,42.34701076675799,normal,Normal
SmartGarageDoor,11.381800934542458,10.83775430406586,23.145229132318672,43.421475954125555,normal,Normal
WeatherSensor,86.58116904695913,92.67782725095381,18.265583657663104,75.43600012774912,anomaly,Password
GPSTracker,56.55816481390839,92.47098281897195,29.259676755188227,12.611152678443425,anomaly,DDoS
SmartFridge,93.47258891411366,73.89627392415233,2.054402679329219,55.21535206557034,anomaly,Injection
SmartFridge,1.689493088037469,9.896146669207848,3.216821035743287,53.805783606983326,normal,Normal
SmartFridge,42.11468754952186,55.709788079517686,3.4518604675272178,54.75241345424264,anomaly,Backdoor
WeatherSensor,64.4745476546235,94.86358567513065,27.007283960781503,81.35410540586662,anomaly,Backdoor
SmartFridge,79.96142851742871,88.18542460420959,4.500330514599969,54.78348341396728,anomaly,DDoS
WeatherSensor,14.372460221852315,8.849069298635516,21.748796277935412,77.66911185694566,normal,Normal
GPSTracker,77.71307926986648,88.40738256697063,43.47502794198275,39.013122574642566,anomaly,DDoS
SmartGarageDoor,60.913826080090416,66.56963578307841,24.56509385154208,50.8895933141211,anomaly,Injection
WeatherSensor,3.13182424998712,15.367082371136169,15.964524929595651,51.58128369262049,normal,Normal
GPSTracker,3.732038426904906,20.38803015912141,26.54836735247736,35.48357602402807,normal,Normal
SmartGarageDoor,41.82714730429807,75.53275048930382,23.850313772943217,55.90034004694906,anomaly,Password
SmartGarageDoor,8.922894777968608,17.00207073139846,22.018456567414397,58.24512532919695,normal,Normal
SmartGarageDoor,85.52577456037199,92.21362899384509,15.300764054486994,47.32398246989437,anomaly,Injection
GPSTracker,1.824965926020359,18.011222946672085,31.19317952291977,43.79399649145248,normal,Normal
WeatherSensor,2.9348496332133833,9.747035541233263,31.8242658540389,41.89177222681248,normal,Normal
SmartFridge,4.4946154942674195,27.54693042086398,5.237265074493808,45.634556060983876,normal,Normal
SmartGarageDoor,82.23085980078903,64.47618901923936,18.841257887628856,50.39939199343415,anomaly,DDoS
WeatherSensor,11.906958792298083,26.260698036649337,15.025024370481333,45.20110108374331,normal,Normal
SmartGarageDoor,93.64371143670502,86.81594052986593,18.118585260914678,45.02488010278927,anomaly,Backdoor
WeatherSensor,54.33799021258974,91.64243992981596,24.11950850675,30.166127382362312,anomaly,DDoS
SmartGarageDoor,7.821202430231179,25.692099948988165,23.55897038738031,49.993510965812575,normal,Normal
SmartGarageDoor,53.70377592195321,73.91734198660617,17.396809527022242,47.89070027793761,anomaly,DDoS
GPSTracker,51.862603527829904,65.59595361170385,27.10025280692521,10.277587632030848,anomaly,DDoS
SmartGarageDoor,62.254660935967244,92.30400814337052,16.47510562725922,57.83187076989614,anomaly,DDoS
WeatherSensor,45.39784726264455,79.64787655555314,428.585603623716,58.8145917325044,anomaly,Injection
GPSTracker,11.205128485136274,6.25190209193288,44.45361066431265,13.892405578539417,normal,Normal
SmartFridge,87.59104416497584,83.9508754682019,2.240908149875783,51.63856554783165,anomaly,Backdoor
SmartGarageDoor,12.44446447256363,12.58575123405145,16.594338229682926,46.85532098022796,normal,Normal
GPSTracker,1.6335183930256143,18.843490077680897,30.40623672206098,42.09792828668273,normal,Normal
GPSTracker,13.86417641654685,5.896575647523398,27.28160667594494,46.26498420929416,normal,Normal
GPSTracker,9.46387878768469,10.383715831112621,30.98537658501893,25.733204853005155,normal,Normal
SmartFridge,2.6352056620589206,11.15286014295819,6.964025405368861,46.39104152696384,normal,Normal
SmartFridge,7.2032300847488235,10.568960670681129,4.12980863074846,47.4791123535955,normal,Normal
WeatherSensor,13.799826510068655,27.134839127965567,29.900725826630573,70.5601095173552,normal,Normal
SmartGarageDoor,71.65958219350017,80.25882859305304,18.721166534873998,47.61831850583553,anomaly,Injection
WeatherSensor,76.53910465536177,94.36262223010525,16.548602911717513,36.17123675188638,anomaly,Password
GPSTracker,54.45995773897251,67.1235586914946,36.94890782987877,45.03572656707896,anomaly,Injection
GPSTracker,97.90815880280383,71.34984261894465,27.599880865963378,38.795797162978964,anomaly,Password
WeatherSensor,71.19259542549901,67.77452358123001,23.029283984741035,73.81491309725808,anomaly,DDoS
SmartFridge,5.7449552665220915,27.649095293884596,2.1032523466135857,53.69354277052378,normal,Normal
GPSTracker,51.69504896472133,78.52346361111113,38.07057807296467,11.16259200575401,anomaly,Backdoor
WeatherSensor,54.789409018714515,59.32159728238036,32.71210589404044,39.402372527824966,anomaly,Backdoor
WeatherSensor,3.8723516846798622,13.973108356129234,26.867332525040613,85.01475681439518,normal,Normal
SmartFridge,6.776018085889861,25.354324599996104,4.945753142225435,47.69367344028655,normal,Normal
WeatherSensor,61.87574514418482,75.12929516442529,26.299965586767186,39.87972093801362,anomaly,Backdoor
WeatherSensor,40.13859838451776,50.88001485247626,16.93931216065423,67.19349861028765,anomaly,DDoS
GPSTracker,60.28896089158792,66.40616485046351,33.30942689857081,12.579807392641111,anomaly,DDoS
WeatherSensor,78.60718764800538,58.3575517632337,25.01028958890453,53.037481749987194,anomaly,DDoS
SmartFridge,52.073625298929414,81.33172970643079,4.432531090860685,42.87304090863032,anomaly,Password
WeatherSensor,14.924949150067002,7.911893841828678,27.183012104713296,70.95011688750769,normal,Normal
SmartGarageDoor,49.063336347097035,87.48926397774852,16.552342266184937,53.097944461441216,anomaly,DDoS
SmartFridge,64.56754718517573,57.12958260196503,6.289828826342016,49.987039063844506,anomaly,Injection
SmartGarageDoor,49.45114072897542,89.58581319361247,19.4607896300262,52.23039541740083,anomaly,Injection
GPSTracker,42.43539083155359,84.30329803366902,33.88604485675516,40.580127878645996,anomaly,Backdoor
GPSTracker,67.70866541570834,57.783691587681766,29.647609350679467,46.10592226723628,anomaly,Password
SmartGarageDoor,2.6187200775439954,19.466299482910966,21.15702485263619,49.99480602365831,normal,Normal
GPSTracker,11.14875029122373,22.69534570419934,33.693681262445395,39.07949599944678,normal,Normal
SmartFridge,14.280468193899072,22.832830242252978,7.354966622432206,50.89374999505884,normal,Normal
GPSTracker,1.9273273599691403,22.164794803747707,39.68418083656409,12.125851838017908,normal,Normal
GPSTracker,95.59228957081277,73.77389902131391,42.16358243564957,17.382614809103845,anomaly,Backdoor
SmartGarageDoor,88.40646410982545,66.09774865478933,24.505010008950475,57.61716353837912,anomaly,Injection
GPSTracker,86.28249531974511,91.00088160760615,25.542350087571947,38.84246007422922,anomaly,DDoS
SmartGarageDoor,48.0730984440344,87.03483599752084,19.61812758161592,44.24942241450664,anomaly,Injection
WeatherSensor,94.75075646230074,73.69275782896933,17.869089786047063,58.25380347320753,anomaly,Password
GPSTracker,83.67460016185545,85.1272584998273,34.737271363393575,49.689136532086486,anomaly,DDoS
WeatherSensor,2.6507512916928078,7.224606577068503,16.436262607095212,80.72102241496917,normal,Normal
GPSTracker,69.73718526872327,83.66689356476704,28.81259735029374,11.334715357951888,anomaly,Injection
SmartGarageDoor,43.51998548805385,76.69025866083771,20.20610258483707,47.724335421693084,anomaly,Password
SmartGarageDoor,86.06467539734973,54.04151554650154,15.710815419778111,44.904441406155826,anomaly,DDoS
GPSTracker,8.926328968271427,25.403633572913446,26.502539947174967,45.938694026312575,normal,Normal
GPSTracker,72.6538816030976,62.87861332555529,29.65481162964604,46.06176995250301,anomaly,Injection
GPSTracker,61.04985422927578,89.861307141355,33.94627539847178,17.422981976885357,anomaly,Backdoor
SmartGarageDoor,56.7728514990979,81.73188651450968,15.14945382339502,52.3420153248135,anomaly,DDoS
SmartFridge,58.485731641190625,94.68189586806167,7.47942125359007,40.48867102509841,anomaly,Injection
GPSTracker,82.64903848849146,50.353540286655296,32.79634374136669,39.03294287345685,anomaly,Password
SmartGarageDoor,50.249906941468346,74.63554758973451,17.446912073669573,43.923719002454426,anomaly,DDoS
SmartGarageDoor,44.7170781211069,81.72885409796619,18.075135375483843,59.2056791283383,anomaly,DDoS
GPSTracker,98.45628977257607,58.67358406048904,44.86401548143995,16.941831403470037,anomaly,Injection
SmartFridge,58.812635782592935,71.74234128800883,5.390860772763141,53.35464606765744,anomaly,Injection
GPSTracker,82.52655178313043,69.53739549917881,42.02245237272251,17.69860027437542,anomaly,Password
WeatherSensor,43.55120047249636,73.19504219277334,-34.1256694206193,55.49071375273273,anomaly,Injection
SmartGarageDoor,77.91847848880539,58.309151912241774,22.914470423204584,53.81815269826886,anomaly,Injection
WeatherSensor,13.895220634506002,19.73645235796196,22.797567329552212,40.851711362721076,normal,Normal
GPSTracker,2.8546545260395297,26.685971430414842,25.553901792968038,48.08550609013479,normal,Normal
SmartFridge,2.8082194126156566,21.87701437829715,4.636285330096792,54.92324195730714,normal,Normal
SmartFridge,70.92439877631384,72.90755203775393,6.236635639668253,50.48926390539234,anomaly,DDoS
SmartFridge,50.53141108471927,84.91684890941278,2.9370641245316733,49.712691538418504,anomaly,Backdoor
WeatherSensor,93.77188954099125,50.44370866917768,19.677080810377,71.87830097261498,anomaly,Backdoor
SmartGarageDoor,6.812721032273959,26.381846985367897,20.260149647895126,53.68917263492797,normal,Normal
WeatherSensor,93.1355401133012,64.4631922512842,27.935494300382217,77.0214124883527,anomaly,Password
WeatherSensor,92.9722892514761,79.29934366147542,356.9681132951979,50.288118435719454,anomaly,Injection
GPSTracker,13.910871174787907,22.19761109475211,37.53488292025082,18.12724868467955,normal,Normal
SmartGarageDoor,48.47526698686883,74.45035765569503,21.21361918054006,56.290815840613455,anomaly,Password
WeatherSensor,88.25828381743013,73.66518302671757,32.222268718288774,40.991906378837506,anomaly,Password
SmartGarageDoor,3.8809863056635185,19.708650269203176,17.756909871911624,59.35774081816892,normal,Normal
SmartFridge,50.52133299318943,54.317713116816954,4.8170253221828645,47.21295899875705,anomaly,Injection
GPSTracker,45.34096975683699,82.8238024168132,33.9630281419134,29.474755467869983,anomaly,DDoS
SmartFridge,4.439366017336319,17.839553371645057,3.2288634758499883,43.76074205955566,normal,Normal
GPSTracker,4.523360866952397,26.96472266203076,43.435261028843016,30.430517676032956,normal,Normal
GPSTracker,48.25551820773704,81.74712933248024,43.437578982664206,44.302886839377116,anomaly,Backdoor
GPSTracker,41.967902072875354,91.65691645763783,37.68989185020253,24.05849324222747,anomaly,Backdoor
SmartGarageDoor,50.877188339328384,50.46411668988817,18.650223732091483,42.62957401229973,anomaly,DDoS
GPSTracker,11.525217073074874,6.274522984637713,39.42655666911655,10.484253744416012,normal,Normal
GPSTracker,72.63839505910195,62.10267115931991,27.866383367108277,23.021953559185157,anomaly,Password
SmartFridge,87.20045931769548,77.43339181834926,2.702871620536235,45.721170730050396,anomaly,Backdoor
GPSTracker,9.990420934147084,19.086396759343575,27.39802213113319,16.281896357187687,normal,Normal
SmartFridge,11.516606672266132,26.56472155821529,7.600202747144479,58.65531469364457,normal,Normal
SmartGarageDoor,10.437446751874969,12.24694287705903,21.513703377273856,54.71163061012188,normal,Normal
SmartFridge,77.2886340151372,64.13299172988161,5.724753864837453,52.1780876551653,anomaly,DDoS
SmartFridge,97.35640232759016,90.08143055712577,4.840468961559116,57.14159927204137,anomaly,Password
SmartFridge,5.501843549659528,18.44402277901911,2.4529579418671785,53.734351999111595,normal,Normal
GPSTracker,44.58065089216696,89.0399770763307,37.806741324791496,46.3414628343108,anomaly,DDoS
GPSTracker,8.526540698616849,26.248802563301226,25.140854847983437,47.387741971504155,normal,Normal
SmartFridge,79.5934179782806,53.024313272904536,3.9039413931692746,43.841186066989344,anomaly,Password
SmartFridge,94.10581499046997,55.12185643620103,2.6970438038462357,46.84086255632727,anomaly,Backdoor
SmartGarageDoor,58.836050151116524,56.37458720554557,21.97646963857882,47.26549414490509,anomaly,Injection
WeatherSensor,53.406147548202604,88.85628062338317,280.88364720318333,45.824160704433375,anomaly,Injection
WeatherSensor,78.44497692835003,72.2953384074572,20.68988571589693,67.30312642421752,anomaly,Password
SmartGarageDoor,13.303700707323475,22.04890898139166,17.919988910198455,55.128672972760285,normal,Normal
SmartGarageDoor,8.18195204473949,11.721577965536849,22.390819945931,52.76111538121849,normal,Normal
GPSTracker,47.98214275469225,53.949171159805985,28.078686458235158,36.65288631876351,anomaly,DDoS
GPSTracker,2.470088888796255,13.714478442482598,25.487899159524574,30.85802180182117,normal,Normal
SmartFridge,56.809960136643625,52.12548725747401,7.333096702609753,50.59109738388714,anomaly,Injection
SmartGarageDoor,11.901746745652934,25.898087801700115,21.23563676915962,57.59797797134496,normal,Normal
SmartFridge,53.60241265723883,54.75050444055175,4.7972341367208715,59.27037567480241,anomaly,Backdoor
SmartGarageDoor,59.37379568542697,76.00831385219873,24.594305888035542,53.25592905362108,anomaly,DDoS
SmartGarageDoor,72.96020766882745,56.920592488024205,18.085335245202728,55.787465500490455,anomaly,DDoS
SmartGarageDoor,59.46021924996458,78.70732377211971,23.320766537908945,50.9703480088964,anomaly,Backdoor
GPSTracker,3.629043594322125,25.195214222783175,38.26675585637049,34.4591468057822,normal,Normal
GPSTracker,7.330475093649068,13.222862291250452,43.03711411103483,14.336619169234869,normal,Normal
SmartFridge,81.51441519660762,62.79812204393899,4.034516722125487,51.936189478561516,anomaly,Backdoor
SmartGarageDoor,52.3314477567294,62.02635173850672,16.243758717374543,44.69563208406804,anomaly,DDoS
GPSTracker,73.48545094057474,64.4906917200226,29.688244468174915,38.4832091491369,anomaly,Password
SmartGarageDoor,40.107928427324495,60.79987369522984,18.12174192798007,48.883323916347194,anomaly,DDoS
GPSTracker,93.41655565172209,90.84194564832424,35.457229813851605,10.87194996267666,anomaly,Password
SmartGarageDoor,65.25924215982148,76.44201711391506,15.773880239557183,40.81220163507305,anomaly,DDoS
GPSTracker,7.679066711239548,14.221715548466044,27.488564892370317,34.86699910974032,normal,Normal
GPSTracker,54.620509903262636,62.88699103309966,25.173054760944723,10.875868415566107,anomaly,Injection
WeatherSensor,76.82438085197731,89.37317898795808,30.21290962624801,68.051392361495,anomaly,DDoS
SmartGarageDoor,67.91852441904685,79.50213474326266,18.624164528126883,55.45568239488367,anomaly,Injection
WeatherSensor,74.68431830683525,82.73754014874118,15.251158620389436,37.420314281876976,anomaly,Backdoor
SmartGarageDoor,9.397036557492513,22.944561910945175,23.71838997898706,40.869315449864075,normal,Normal
WeatherSensor,56.9891346654198,53.55253517131538,120.23542341532783,36.426996387175805,anomaly,Injection
GPSTracker,10.832448257157008,10.03504380485726,33.829260604828505,23.738168924928402,normal,Normal
SmartGarageDoor,13.012819337986585,23.930181123589318,18.983846774005478,46.946616480317545,normal,Normal
SmartGarageDoor,11.741697882425614,19.793850094312987,20.86301449493943,44.976796235267585,normal,Normal
GPSTracker,46.75323238506298,90.10115274635982,43.213427827357314,47.1932662679884,anomaly,Backdoor
SmartGarageDoor,81.89369775527813,70.23909200223261,16.80315022359534,52.26398028661426,anomaly,DDoS
SmartGarageDoor,56.67691796323537,90.29892640860268,16.161919253176848,48.960520596865855,anomaly,Injection
WeatherSensor,81.78713417822246,91.76261666577355,25.60511585319543,53.1674307824949,anomaly,DDoS
WeatherSensor,12.504951474958016,21.674356912226692,22.449816262957004,30.170564123051868,normal,Normal
SmartGarageDoor,94.64409504044629,78.29815535743668,15.49999630698205,55.131422829338014,anomaly,DDoS
SmartGarageDoor,5.194696351702797,6.882419717966186,19.422673446652166,46.497406462709286,normal,Normal
SmartGarageDoor,86.51717456047176,61.04950898275067,17.372583490485404,47.942902064449214,anomaly,Injection
SmartGarageDoor,89.3812303373118,61.334519362776184,20.287449189612214,52.174894459837944,anomaly,DDoS
WeatherSensor,70.4393338951166,54.70636356735892,305.76620001877086,67.97098325880279,anomaly,Injection
WeatherSensor,79.24281900324726,91.30870812106568,27.98203250895147,69.43988011879833,anomaly,DDoS
SmartFridge,79.11792379607886,56.508844057806016,2.3736540389004404,41.40511252125252,anomaly,DDoS
SmartFridge,5.089369532514639,10.037901850358534,3.573480387351213,43.10894385706576,normal,Normal
SmartFridge,58.883900091669034,85.90332259735266,2.9833997256595604,50.35954705879689,anomaly,Password
SmartFridge,4.090997623079733,12.675480774402303,3.1470395539559446,48.36051496970445,normal,Normal
GPSTracker,80.34350476634165,94.53575237144565,27.6245889277992,26.712058759339552,anomaly,Backdoor
SmartGarageDoor,13.69122151813087,17.276624711270223,23.220662660161786,47.38941757233959,normal,Normal
SmartFridge,8.508158598782877,25.1287894519567,5.794255701318139,50.48247570145104,normal,Normal
WeatherSensor,92.23198953943933,82.16827606671484,26.665950660552262,75.49914059635324,anomaly,Password
SmartGarageDoor,63.7483703872216,80.05030646963716,15.226989924754541,58.30913497971068,anomaly,Password
SmartGarageDoor,76.52351758107068,79.26721682274331,21.580368067427035,44.53668823627179,anomaly,Password
WeatherSensor,44.57603672585753,88.20562979930011,26.83129285045193,57.93647655865423,anomaly,Password
GPSTracker,78.5452173100046,61.036704015689594,44.167204320215056,12.74201993802949,anomaly,DDoS
SmartFridge,12.367442379424578,15.601859985493764,5.1524266802661565,55.56279125052839,normal,Normal
SmartFridge,9.36378771184956,15.346002694116791,6.366981420672251,57.75735071419161,normal,Normal
WeatherSensor,51.590712255157726,63.28569053039044,32.697109499307714,66.68418636215273,anomaly,DDoS
SmartFridge,93.68913172337184,78.76764572900075,7.611268496838402,44.60927676824513,anomaly,DDoS
SmartGarageDoor,90.0709801815853,54.618634894595864,16.488197381442554,58.81393061115256,anomaly,Password
SmartFridge,4.035005561133895,24.376876809951053,6.3295450419333426,59.76907242884512,normal,Normal
GPSTracker,8.810086310633631,21.238551525219215,31.68592895247857,32.47080675991727,normal,Normal
SmartGarageDoor,53.9224390444951,68.0580970730405,24.61257896668587,54.84630802025735,anomaly,Backdoor
SmartFridge,97.99857465884392,51.19829729536945,4.564043199841795,42.683816266426824,anomaly,DDoS
SmartGarageDoor,47.54410029619141,50.69904228571321,20.113562803824962,58.49407369633681,anomaly,Injection
SmartGarageDoor,57.16015124610843,60.996339857253446,18.716172608382408,52.83912098825576,anomaly,Password
WeatherSensor,52.362664360980716,88.50144160924478,29.293937638542246,65.02007001343415,anomaly,DDoS
SmartGarageDoor,8.057074735692044,11.624444981811198,19.79644022595478,43.901308409927026,normal,Normal
SmartFridge,81.32925038051063,76.27229318427558,6.947486034995525,46.71249225290385,anomaly,DDoS
WeatherSensor,9.628674779797192,19.020100317552547,24.896941755793137,65.07337183320706,normal,Normal
WeatherSensor,41.761887169281515,91.5780020949307,118.34189564612035,84.47556544423989,anomaly,Injection
WeatherSensor,11.736278678019373,23.54439293137757,29.153219917027634,48.81487137332773,normal,Normal
WeatherSensor,46.73976176541928,91.56291562945131,35.016187411145495,80.17112351160233,anomaly,Injection
SmartFridge,12.53418299057805,11.669969145056989,4.717495847787248,58.290030465531785,normal,Normal
GPSTracker,7.076556227530823,22.27804114368753,43.441631221076065,15.770859710109036,normal,Normal
WeatherSensor,1.0951650862699387,11.211875730705103,15.739296027475325,32.8988154795129,normal,Normal
SmartGarageDoor,53.253528449465406,53.16588703339904,16.04668758134239,55.29373743262191,anomaly,DDoS
WeatherSensor,6.685058407919749,29.55658645510015,28.54906717348661,61.46287666998397,normal,Normal
GPSTracker,47.287207282708714,62.61328560819486,25.305101678333987,42.45503156494553,anomaly,Backdoor
GPSTracker,40.22029133119324,91.9743330056765,31.214662460252107,10.164225354143529,anomaly,DDoS
WeatherSensor,44.905030930403164,90.20513268134079,31.246471553027124,58.193837682473195,anomaly,Password
GPSTracker,68.99651419808204,73.26872649591422,32.26796515834872,38.923818122477186,anomaly,Password
GPSTracker,83.1505745383902,75.70663093244559,33.6532329619892,38.61840143150417,anomaly,Backdoor
SmartGarageDoor,10.450275995794655,26.268197426790703,22.16467554505275,51.47702160631859,normal,Normal
SmartFridge,14.747185302142512,12.949038846966001,7.454857059228846,48.4118654335561,normal,Normal
GPSTracker,3.7910480067215486,29.86212542346367,30.21808111685609,42.00170609329466,normal,Normal
SmartGarageDoor,12.191361646337217,15.278959038580215,16.444193769260394,59.29818002080832,normal,Normal
GPSTracker,67.85068575442278,76.27651266881269,42.03391585299873,21.800921031277145,anomaly,Password
WeatherSensor,13.154355045541937,13.834434419456205,25.72035702966658,74.23639147375513,normal,Normal
GPSTracker,2.8893395245101336,12.976047410660488,41.824395198940636,36.270119738761366,normal,Normal
SmartFridge,58.61549872993467,91.04175161202113,4.855790881311361,43.70193751465946,anomaly,DDoS
WeatherSensor,95.95022847330644,50.13013795741365,25.672568228610906,79.72271325312909,anomaly,Backdoor
GPSTracker,64.25868371560667,84.62904454117171,37.894514045632654,26.529767702355876,anomaly,Injection
GPSTracker,90.49345762318886,77.29664646834384,26.690886168027035,18.162876388731128,anomaly,DDoS
SmartFridge,67.6847915427233,79.56410980800244,7.478345127351714,53.224252326726784,anomaly,Backdoor
SmartFridge,92.12849994054338,79.64102169175855,5.5913651394185075,41.383889315182785,anomaly,Backdoor
SmartGarageDoor,70.11692792661776,56.6988900726255,20.210983973569537,46.187045067074244,anomaly,Password
WeatherSensor,75.14960064730252,52.477053107530644,18.737514159000334,57.180969037223214,anomaly,DDoS
SmartFridge,50.97751755524953,89.30280534578726,2.1570616219614607,52.589964859554826,anomaly,Backdoor
SmartFridge,88.78622296249816,68.82538719696853,6.6295446618995815,57.12877617482995,anomaly,Backdoor
GPSTracker,67.66243337149902,72.90961647713443,30.280044173743065,17.31000717929963,anomaly,Password
WeatherSensor,82.11015914760983,51.199222238310085,26.35468628778608,61.03478266642833,anomaly,DDoS
WeatherSensor,63.76696433456358,77.27631125643651,27.467941344673118,34.51080651354583,anomaly,Password
SmartGarageDoor,71.98014040328425,55.52172982421763,16.3329325692398,47.91029653449141,anomaly,DDoS
SmartFridge,48.243991490198994,93.31012997428486,6.99963453643087,54.47550049407556,anomaly,DDoS
GPSTracker,84.67523157128159,87.26580424909469,42.277142693019016,37.004714044766466,anomaly,Backdoor
WeatherSensor,91.46264857260556,86.86654118654785,24.51260858614063,71.30186720787586,anomaly,DDoS
SmartGarageDoor,10.204009509617643,18.268845801383485,21.849780752325934,54.96384257277621,normal,Normal
SmartFridge,48.04095394900104,75.51799311382132,4.998535178311819,59.018386987461604,anomaly,Backdoor
GPSTracker,42.756016277466955,66.14596531109396,41.16921845858154,49.01757471151789,anomaly,DDoS
SmartFridge,89.50709610141278,63.059299404256976,2.732841823794085,49.05004449680915,anomaly,DDoS
SmartGarageDoor,85.21233870371987,51.08086917364583,19.002834319985148,50.383369390001356,anomaly,Injection
WeatherSensor,89.0680092283255,84.53456191460356,20.44389905851228,47.92866580760796,anomaly,Backdoor
WeatherSensor,1.9045430942882522,26.29071163811948,29.817781728220623,66.40161828340875,normal,Normal
SmartFridge,12.041772206449313,28.96943228728079,3.4696314588026143,58.85383512032745,normal,Normal
GPSTracker,7.795539131071285,16.549856416732442,44.25108902940434,46.542442217765256,normal,Normal
GPSTracker,91.90906450288733,51.9671325439911,25.780181083048582,14.764975248544253,anomaly,Password
SmartFridge,7.342862788437638,23.900992270509914,5.646461497864191,43.255198359296614,normal,Normal
SmartFridge,11.631814455415844,12.590161814157288,2.390570825131685,43.81517048031099,normal,Normal
GPSTracker,56.63165870140479,67.95571658758577,39.32114946246528,16.941204422827376,anomaly,Injection
SmartFridge,96.05464519619238,87.20086562908813,5.8539784493710885,51.25583698141162,anomaly,DDoS
GPSTracker,3.142502812205697,29.715399352287225,30.718532484090495,11.650907869166431,normal,Normal
SmartGarageDoor,51.10322521381509,93.26283612380485,18.056768846391307,48.38178722309154,anomaly,DDoS
SmartGarageDoor,54.78671503708928,75.31779868850171,22.65594927702284,58.732933416586945,anomaly,DDoS
SmartGarageDoor,49.252205782426344,55.402728646234664,15.291646734320812,52.03593353611424,anomaly,DDoS
SmartGarageDoor,65.04834243969364,55.05946604137534,20.268417138594792,41.09991645104729,anomaly,Backdoor
SmartGarageDoor,7.19615822896133,27.890091362938477,20.057937078820366,48.31948588258187,normal,Normal
SmartGarageDoor,12.553301624019067,22.73855572926644,16.895359381138817,48.13586796635885,normal,Normal
WeatherSensor,6.770617294842788,29.518064227861494,29.648030860594137,49.66146642651684,normal,Normal
SmartGarageDoor,55.30301406357195,59.0068957949873,22.755114163829305,41.455269562154626,anomaly,Backdoor
WeatherSensor,8.5413226390337,15.996759625946058,29.501623396986602,75.71970244068508,normal,Normal
SmartGarageDoor,96.07542587886931,92.91278545541158,16.427821080073937,52.69584658845136,anomaly,DDoS
SmartFridge,4.975398797320791,21.763979980909184,6.860882395066209,52.87032316566011,normal,Normal
WeatherSensor,68.31219830696227,85.62404257020313,32.03661029710362,63.36148282439165,anomaly,Password
WeatherSensor,96.98262681614082,93.5384132615126,19.721111550494626,39.13996749909359,anomaly,Backdoor
SmartFridge,76.3410665081256,91.72555989929646,3.5895774337865944,47.59885916538914,anomaly,DDoS
SmartGarageDoor,87.10322665257385,61.267038648850885,23.32091847728175,48.1165528864568,anomaly,Password
SmartFridge,74.2084092642232,74.63045010504504,6.788424147806414,59.72822199011455,anomaly,Injection
GPSTracker,87.51087949437084,85.85802690680613,42.2865100025045,40.26317078136792,anomaly,Password
GPSTracker,62.628483972316886,74.69745077355799,39.79059625792887,35.52011800510606,anomaly,Backdoor
GPSTracker,52.672255176484065,93.80262348561614,38.11838808217951,15.502467613489618,anomaly,Password
GPSTracker,76.85062361301955,73.28889406850693,40.87347521390182,45.392029627816,anomaly,Password
SmartFridge,63.557785790898585,68.07712121429785,7.315448693712311,42.16184173627562,anomaly,Backdoor
SmartGarageDoor,8.384862839799892,7.860584581874187,19.796955915387276,42.11561392704554,normal,Normal
GPSTracker,1.6773334996143359,17.354361248045265,44.125535602567396,27.991044308619838,normal,Normal
WeatherSensor,3.89634581925341,29.880740021722236,19.504235221594506,51.894746947879725,normal,Normal
WeatherSensor,86.89218446591624,76.20122446736477,142.70785283696708,84.80189180922329,anomaly,Injection
WeatherSensor,14.547747085895715,26.31477455111853,23.98254929925242,77.64424279788693,normal,Normal
WeatherSensor,81.23334793566315,71.73226833892376,30.926538166046587,41.94264154757552,anomaly,Backdoor
GPSTracker,81.50897501398742,58.48704293307824,25.941775901075243,47.253725482276,anomaly,Password
SmartFridge,59.988865377778176,82.7610901068003,7.028742282678069,55.61761993745647,anomaly,DDoS
SmartFridge,44.001980418640414,76.63681946317018,5.654629128920655,53.89152104777108,anomaly,DDoS
SmartFridge,2.652634319670864,20.08112761715314,7.563643448593373,55.62626424048997,normal,Normal
SmartGarageDoor,11.398951525178234,23.633766036556292,15.2214630176388,41.21991070294857,normal,Normal
SmartFridge,9.92033592802028,15.649643290133154,2.92672431114233,51.58896276255906,normal,Normal
SmartFridge,66.5969887506428,68.18483209203795,2.2016004379567757,45.071866995874025,anomaly,DDoS
SmartGarageDoor,84.35975068623453,84.6701120046178,22.217993961886624,48.74208124911554,anomaly,DDoS
GPSTracker,75.27238131621357,50.53069426097286,35.816233754299844,40.783221497491766,anomaly,Injection
GPSTracker,52.71060227977261,76.05216441196683,25.395787317313644,10.412878366124811,anomaly,DDoS
SmartFridge,89.40498978208419,59.53505508848752,6.588230230437801,42.25196536174168,anomaly,Backdoor
SmartGarageDoor,11.878641348465928,11.815425770575679,20.05253877035335,46.21231064164162,normal,Normal
SmartFridge,40.5292617497995,60.57588423839435,6.333220869401538,55.04504044752629,anomaly,DDoS
SmartGarageDoor,54.497888219918565,51.89130527163144,15.446330072082793,44.337919746600505,anomaly,DDoS
SmartGarageDoor,5.58321261562455,26.511092736067212,20.508913068563086,41.48531966393203,normal,Normal
GPSTracker,63.43594104642892,65.01085095758926,32.42298963984003,43.232371688093146,anomaly,Injection
WeatherSensor,77.41948146426205,72.9721787641718,23.96142301242532,73.6901706652342,anomaly,DDoS
SmartGarageDoor,9.261207499460015,13.75096252148505,22.04514163536439,48.78475090271782,normal,Normal
SmartFridge,71.68246401054803,55.96048503781751,7.178509885478249,53.758759478292035,anomaly,DDoS
GPSTracker,66.36494507744939,63.553758659963805,29.34864750818094,33.33215409681523,anomaly,Backdoor
SmartGarageDoor,51.46892446486581,74.90144407976896,23.07507201796385,56.707314794473135,anomaly,Backdoor
GPSTracker,44.76222340563794,59.11915634805787,44.146691125619824,17.62437998919731,anomaly,Injection
SmartFridge,14.844388016450296,11.576748192103471,6.5395739176547645,47.41566356878565,normal,Normal
SmartGarageDoor,79.1524369252896,51.129343385684926,20.50206667263355,47.315085548057304,anomaly,DDoS
SmartFridge,53.37383375430129,57.58777999294138,2.8801495623697395,42.64527704200365,anomaly,Injection
SmartGarageDoor,51.99224258779323,91.87495804857589,21.891594946486165,45.154945638748465,anomaly,Password
SmartFridge,71.41771815778984,61.23049921568852,6.829639820029268,44.567781147500305,anomaly,Password
SmartGarageDoor,49.341824791817714,93.87115612062968,16.01550637212916,53.18994045233188,anomaly,Injection
WeatherSensor,85.02918031200437,76.30974662351413,27.830178634929606,57.83164566589286,anomaly,Backdoor
GPSTracker,89.44212426546746,90.41774278937667,43.85734902189924,22.846195761922942,anomaly,Password
SmartFridge,66.8466306272473,52.03327498581908,7.171385285714482,48.92877598636807,anomaly,Backdoor
SmartGarageDoor,81.54482716095951,73.02727470254479,16.624680358894995,41.45894616084371,anomaly,DDoS
SmartFridge,1.207933802449773,27.901597498867645,5.096036455500283,52.58621176036074,normal,Normal
SmartFridge,96.7960192866208,77.30600192987896,4.588063523797801,49.12318365246462,anomaly,Backdoor
SmartFridge,63.71223919019023,60.27428853958474,2.529750146994823,40.194492310162424,anomaly,Password
GPSTracker,92.5628551585977,70.54085563357275,37.763528572991945,15.668490072047462,anomaly,DDoS
SmartFridge,50.25868939278914,60.328669914874816,5.742009113313169,41.394616780268734,anomaly,DDoS
SmartFridge,76.95825387877505,93.8307164232355,3.2744351251971557,44.224259184642854,anomaly,DDoS
WeatherSensor,90.0983382635147,54.18049912820956,287.37532550780446,69.71773378539473,anomaly,Injection
SmartFridge,95.74899782584056,87.94508040002103,3.068979749384397,51.65288650452128,anomaly,Injection
SmartGarageDoor,64.03090043134911,84.14127930741216,21.38908049181163,51.814276416542675,anomaly,Injection
SmartGarageDoor,10.560059574041242,14.135049906280383,22.14843803952799,41.77343301802717,normal,Normal
SmartFridge,7.831619527999136,21.85480832723807,5.793767094974929,59.33000075339188,normal,Normal
SmartFridge,12.828867179390059,24.99059002604051,2.0888005652754473,54.08843810526908,normal,Normal
SmartFridge,42.44592740547154,58.41932198051919,2.566437548471984,45.2003353625686,anomaly,Backdoor
WeatherSensor,13.481088633041677,25.514696865719287,23.632691434033823,49.201182261981515,normal,Normal
SmartFridge,14.792810714915959,26.056931520128398,6.660981144500366,56.992160090841075,normal,Normal
WeatherSensor,9.55932142645289,18.664996842739594,30.62398872417887,47.61417691730297,normal,Normal
SmartFridge,1.7556067106598496,12.851229438301488,7.26734285359457,44.59533434769273,normal,Normal
GPSTracker,6.332081106811503,21.533984770584706,34.04431924168349,18.472107395687985,normal,Normal
GPSTracker,3.068509236642557,19.661349117001805,42.302643821349704,19.291292843314952,normal,Normal
SmartFridge,13.554402495020275,16.16840783496444,2.1112872315121707,40.48502723912697,normal,Normal
SmartFridge,12.583170723170943,27.975526848043543,5.03231692915746,59.857510245027996,normal,Normal
SmartGarageDoor,40.77642414877161,81.67249827385959,15.050800730062843,45.43781444568055,anomaly,DDoS
WeatherSensor,55.51306546889132,81.43775234361536,22.83007825109567,54.68289350100282,anomaly,Password
WeatherSensor,13.32015856417839,19.697267886427056,20.141623257140896,63.61292057369285,normal,Normal
SmartFridge,74.71582467786507,68.28691294968262,6.154027842285679,41.56311565457919,anomaly,Backdoor
GPSTracker,9.450950412346213,13.154657468034793,40.482091757600045,47.07868554032729,normal,Normal
GPSTracker,45.63316479558764,94.40814945974046,35.358716167604385,14.72309823079334,anomaly,Injection
SmartFridge,1.8414574615384216,14.168813717012755,7.208704378459583,48.285375469402254,normal,Normal
WeatherSensor,88.78868337855273,68.15085905920772,26.755461692391393,81.69373038001427,anomaly,Backdoor
WeatherSensor,4.433110163891041,20.01760028613603,15.349198366521577,84.21256373310702,normal,Normal
SmartFridge,49.58218160066009,71.31697633847074,7.851123266732683,44.73131270078374,anomaly,DDoS
WeatherSensor,10.22610768662282,26.072054500671133,32.0184452447256,48.312605215710406,normal,Normal
SmartGarageDoor,61.72722529311798,71.5477048197125,21.320687293683385,58.9437202249195,anomaly,Backdoor
SmartGarageDoor,81.98648923126798,80.48523622684958,17.094720813459737,58.25913030758175,anomaly,Injection
WeatherSensor,65.20342419397332,91.95651863359905,54.720444289273644,81.30714670477957,anomaly,Injection
SmartGarageDoor,76.58960961892254,60.95519692446042,21.611827698070485,45.162819194541804,anomaly,Backdoor
SmartGarageDoor,49.99456105768395,63.20938077971367,23.854505621991628,46.39994565215429,anomaly,DDoS
GPSTracker,58.26028406112066,72.86324076029156,41.53575035003825,31.109510897086167,anomaly,Backdoor
SmartGarageDoor,7.543999626985708,25.719522119255128,16.51878700586321,40.81287298131736,normal,Normal
GPSTracker,97.7202926743042,89.55717283463773,32.44952957249169,41.47202913315389,anomaly,Injection
GPSTracker,98.00925212492737,62.46183704617609,34.89157964301344,16.592824476270387,anomaly,DDoS
WeatherSensor,87.91624765333646,89.88385487835485,28.257678345986047,69.94651488669979,anomaly,Backdoor
SmartFridge,88.04084736715177,90.08221738106822,6.223401319285467,56.98928854548848,anomaly,Injection
GPSTracker,48.09416919416543,52.11582971169274,29.92018396536003,42.6423131115148,anomaly,DDoS
GPSTracker,13.780690057428588,17.127549043066978,41.72481576485744,25.764753185762345,normal,Normal
SmartFridge,93.5317694931935,79.06112690247225,6.3113060449641925,59.11224922165986,anomaly,Password
SmartGarageDoor,2.170884863472306,27.05980122541602,18.71591500122898,53.011915027970076,normal,Normal
GPSTracker,46.67688327589351,70.50023528445037,34.43349259924297,27.9587753468223,anomaly,Backdoor
GPSTracker,66.39198857980128,60.93468893882387,41.62660324326443,33.51065746914931,anomaly,Injection
SmartGarageDoor,7.722455835732489,6.16687353816578,16.14651670469828,48.78443927805235,normal,Normal
WeatherSensor,5.914952476296726,25.673732686290457,25.528148206312515,80.17370930191285,normal,Normal
GPSTracker,94.86990129005001,72.5999707676403,43.31665180398614,16.855698196456913,anomaly,Injection
WeatherSensor,6.113860031565296,13.060754568070678,19.92375372774537,81.787602741011,normal,Normal
SmartFridge,8.109430764480987,16.90883514032138,7.929142136155046,53.41803479678077,normal,Normal
WeatherSensor,64.05957409680221,82.87127760456207,31.428711908812364,69.91640007309668,anomaly,Backdoor
SmartGarageDoor,8.205921344698861,22.24391879822787,19.091770968119267,44.06883486525379,normal,Normal
SmartFridge,46.50242397737701,82.64260311546063,2.9744839703100903,53.083405205569605,anomaly,Injection
GPSTracker,97.57281193159525,75.85487776725665,38.97367099754521,10.886559758143726,anomaly,DDoS
WeatherSensor,56.254680433933046,50.06128329906046,32.2088503412097,40.781100714050154,anomaly,Backdoor
WeatherSensor,50.81148208834732,89.37937712373909,19.382809565083875,68.45526234304123,anomaly,DDoS
WeatherSensor,3.958697578937748,14.041691101987464,18.166989862521564,75.62371231606798,normal,Normal
GPSTracker,8.691753527736875,22.79780740277312,31.798052141087194,37.7755663966386,normal,Normal
SmartFridge,97.4121562397542,86.93314255316862,4.3637340722631155,55.556660370709025,anomaly,Injection
GPSTracker,85.10881676156521,78.09081866163372,39.46902694479126,45.53573342943092,anomaly,DDoS
SmartGarageDoor,8.229014288390413,11.447677584223069,18.388656257761866,50.35182135735312,normal,Normal
SmartGarageDoor,56.40053162663918,51.72726461879195,19.23153821256476,48.18694618505089,anomaly,Injection
WeatherSensor,7.995574603938956,9.517207283282751,15.986213062983694,70.91577937952553,normal,Normal
SmartFridge,2.076896773001126,18.11456346346295,2.578758137984531,51.73332092691841,normal,Normal
WeatherSensor,76.83695891517553,73.31609339151375,33.65326587209294,78.911084016666,anomaly,DDoS
SmartFridge,48.71126222162774,53.34988221201526,6.015729225764954,50.84330488424868,anomaly,DDoS
WeatherSensor,8.325418090673448,20.243217962519786,31.227510409460056,65.91984486620898,normal,Normal
WeatherSensor,91.7192944163238,91.58897277372625,25.62864907989228,57.581364805929205,anomaly,Backdoor
SmartFridge,94.25258412265593,76.66309874764967,4.613574959685509,43.07031060111805,anomaly,Injection
SmartFridge,62.76906687475375,67.3539063423096,3.506168822700263,54.14839673841291,anomaly,Backdoor
GPSTracker,42.14637640861581,67.01466756954488,37.11017734520179,18.312670571968958,anomaly,Password
GPSTracker,94.97327104252602,84.90897914028974,30.629520619113705,43.74536141084066,anomaly,DDoS
WeatherSensor,68.6881544568701,77.6849097839329,-71.17443675583957,81.79910383829267,anomaly,Injection
GPSTracker,7.464355571373171,10.709642865445907,43.487954517152396,18.00938834372673,normal,Normal
SmartFridge,6.455523731297254,19.2620197584574,5.916326996414394,45.034939018690395,normal,Normal
SmartGarageDoor,97.18252830520966,73.52259638745966,16.192198058095098,42.43721673835327,anomaly,Injection
SmartGarageDoor,7.736657926660203,22.005709398159528,23.610725971004943,45.9128833138011,normal,Normal
SmartFridge,67.88467405654632,66.46218097367954,4.379046410414806,59.49569590307296,anomaly,Injection
SmartFridge,4.8934814271987666,5.13565247436903,5.58295993383306,42.62062577179244,normal,Normal
GPSTracker,57.38300879293298,93.18205123943747,29.810029431660503,39.012525529535864,anomaly,DDoS
SmartGarageDoor,64.3664353083393,91.10237222766096,17.783399849865248,59.61141926835914,anomaly,DDoS
SmartFridge,13.418777672375171,29.899581361847922,5.818443855277044,56.63479980463364,normal,Normal
SmartFridge,3.503127700237627,9.692601615093327,3.563905687435902,59.77583180842484,normal,Normal
SmartGarageDoor,59.12490064339935,59.76448817281237,19.682032095851692,51.69141535446063,anomaly,Backdoor
GPSTracker,86.37763975517367,73.62299045616297,37.72492617714339,23.854261489423145,anomaly,DDoS
SmartGarageDoor,42.73575076647131,61.13363316541538,15.886056025146914,45.173620185796075,anomaly,Password
GPSTracker,10.771994687109752,7.272574505775923,39.43447370714575,26.215876640063655,normal,Normal
GPSTracker,46.49349432204421,94.47792625810266,37.478702624411895,20.489570963779947,anomaly,DDoS
SmartFridge,13.629968735726232,15.259247837962604,6.9709368750725424,46.22055807143414,normal,Normal
SmartGarageDoor,71.4282954836003,92.38328881302769,24.815217500714432,41.87260563403139,anomaly,Backdoor
WeatherSensor,95.50364770956494,62.42408376481795,21.589728936882736,50.39874880826464,anomaly,DDoS
GPSTracker,14.117004229549904,14.477621501301881,33.84496769512201,19.467236171293223,normal,Normal
WeatherSensor,56.166864961511564,51.538642392168306,32.43339239683616,52.18879126622606,anomaly,DDoS
SmartFridge,82.58032268652207,86.13405895047575,7.025422986485752,41.761293706672255,anomaly,Injection
SmartGarageDoor,7.87657002284692,11.280110600893856,16.23268685621797,52.26793654374646,normal,Normal
SmartFridge,7.588840076223766,18.056515803863128,4.383384118531147,58.33320631890587,normal,Normal
WeatherSensor,79.13085351068729,75.5775816437892,128.4971477546884,81.74729601733495,anomaly,Injection
GPSTracker,90.41143259167868,83.63090701309548,30.989709654827728,44.10974318900344,anomaly,Injection
SmartFridge,95.06744492879483,82.36680152606318,3.4193036172945552,58.80264319733862,anomaly,Backdoor
GPSTracker,14.123012330486556,29.505589187923533,33.18612482600063,37.565938222470265,normal,Normal
GPSTracker,59.50786825346903,83.97858432624102,33.74320209220559,19.806044677357107,anomaly,DDoS
SmartGarageDoor,77.06083331060918,83.60302417351849,19.572705643848963,54.22930733846048,anomaly,Backdoor
GPSTracker,84.90504012030165,64.91178271700028,41.09861131834017,42.802766895040996,anomaly,Injection
SmartGarageDoor,1.1593332912041276,13.070695179848869,21.64428550383338,46.89778299532459,normal,Normal
SmartGarageDoor,95.20838349109233,58.422784421413795,21.688381390018204,58.71208154187569,anomaly,Password
SmartFridge,3.8961051820496913,16.61124971557833,2.3572720902509836,59.77067617876908,normal,Normal
SmartFridge,73.13010187306833,86.29158541141453,2.222801173162704,50.97689682872129,anomaly,DDoS
WeatherSensor,44.1241522638498,55.01901807015117,20.968460184459484,51.27641355827986,anomaly,Backdoor
WeatherSensor,64.97952950829946,53.4318383091628,19.772659403059468,35.266726073797834,anomaly,Password
GPSTracker,53.961263414994285,52.03133952280362,41.73170438816683,48.57145950555575,anomaly,DDoS
SmartFridge,50.84232482773228,93.61374975530961,2.02748161020053,57.12061774319964,anomaly,Password
GPSTracker,13.068890664793292,26.97582872760499,41.975544329799476,14.311455199200985,normal,Normal
SmartFridge,87.53483465581137,62.697996676471604,5.667412733496943,46.720891024357634,anomaly,Password
WeatherSensor,82.45492075376023,56.266134827167086,17.526982328629323,42.629363907165725,anomaly,Password
GPSTracker,69.12627762684626,68.15287150034732,25.336544645238245,11.542706634206294,anomaly,Backdoor
GPSTracker,41.8035483781083,56.04045538803065,38.75238094056478,25.86292394971526,anomaly,Password
SmartGarageDoor,66.17020107658766,51.827557789380975,19.01977516184528,51.390085882916146,anomaly,Password
SmartGarageDoor,47.05630685775885,62.24058189907376,19.017526001354064,51.575747624299765,anomaly,DDoS
SmartGarageDoor,41.06613211079363,54.39725022049704,21.977286617661825,45.70183858631219,anomaly,DDoS
WeatherSensor,42.01441910607872,55.56458397786467,24.127736188525013,89.81675459536768,anomaly,Backdoor
WeatherSensor,7.574942382263461,13.058358211965878,33.80132434473556,58.46683832999628,normal,Normal
GPSTracker,4.719422058770235,28.79684497842597,28.502654229213924,27.394188052571774,normal,Normal
SmartGarageDoor,46.37957724141004,62.24111550437112,16.22337249095705,57.22243664693603,anomaly,Injection
GPSTracker,97.32665075150496,90.64181993401155,36.536193950413164,41.637384789097,anomaly,Backdoor
WeatherSensor,5.918336565949975,25.838899850882857,16.84246276825773,42.11169654310078,normal,Normal
SmartFridge,85.6997593161704,90.63354065993505,7.519550735575322,46.80086615879749,anomaly,Injection
GPSTracker,71.77561473851046,75.02196353172793,28.544596038851136,36.32583273905253,anomaly,Backdoor
SmartGarageDoor,69.96662176825745,92.30071276216684,21.817387757807502,49.05807952612841,anomaly,Backdoor
GPSTracker,54.71310203723284,83.55018677214082,29.496090843681365,11.414989510663464,anomaly,DDoS
WeatherSensor,79.24564267049524,90.33871766758409,28.747713651780035,41.51454561348155,anomaly,Password
SmartFridge,6.78072512060083,29.40041523157226,2.8202058498098657,43.57002834411703,normal,Normal
WeatherSensor,58.56125990587664,87.86510604051735,-32.67083746083277,57.227197514827026,anomaly,Injection
SmartGarageDoor,75.1765220176296,52.03440817300764,18.61024599852325,45.548322760139,anomaly,DDoS
GPSTracker,85.60960520066865,50.158868828872954,43.05491987410532,21.651343714115004,anomaly,Backdoor
SmartGarageDoor,70.31984164537621,93.0165680288242,15.819743821231611,47.9817623010173,anomaly,Password
GPSTracker,57.223486896543804,60.743935163828624,38.760192819617096,19.79468098579541,anomaly,Backdoor
SmartFridge,45.642785487809746,78.88878658950367,7.508261746039835,51.420017584646025,anomaly,DDoS
GPSTracker,7.574462989498443,22.18726794258506,36.50275760222512,30.574208101634383,normal,Normal
GPSTracker,60.3978051247473,63.34688983537314,25.69495879239277,42.665890524700686,anomaly,Password
SmartGarageDoor,6.968465751466411,18.513634670318233,22.71478481805719,47.255494857630616,normal,Normal
GPSTracker,46.810818441691936,85.93322408960015,39.7118000008185,46.172643697461915,anomaly,DDoS
GPSTracker,45.017169718652404,92.42354851815887,36.48398224731017,33.9730645055552,anomaly,Injection
SmartFridge,3.476566851228331,27.392493642541986,6.245940590316175,55.661086449904964,normal,Normal
SmartFridge,84.82903479690061,63.729982158850994,2.0819692264170344,52.44741150299399,anomaly,Backdoor
WeatherSensor,14.046519957893983,21.91609462557566,18.48925971476888,72.00846241305732,normal,Normal
SmartGarageDoor,93.87667151377448,90.54677295397723,16.225509111394693,55.66940901194383,anomaly,Injection
SmartFridge,3.0540714679307133,7.29805253181593,3.8509463295346444,48.59209724761162,normal,Normal
GPSTracker,12.453686338667042,26.447543098541917,39.83624662772189,19.311312537376683,normal,Normal
SmartFridge,97.65421776709546,66.76188029346187,3.5200096178270384,45.82483226571467,anomaly,DDoS
WeatherSensor,83.21554757365395,77.74290235659481,19.637531961554068,77.25774501056802,anomaly,Backdoor
SmartGarageDoor,14.219809651395174,15.35185132787241,18.490802946756496,49.75797159022428,normal,Normal
WeatherSensor,83.93994735186608,78.4056151844847,27.470794771649537,72.32874343104868,anomaly,DDoS
SmartFridge,54.30553392054864,52.56279506309665,3.5175040161252413,40.94360601059632,anomaly,Backdoor
WeatherSensor,70.65209525263059,92.18257488676248,23.49068018992945,61.66361358650915,anomaly,DDoS
GPSTracker,72.12649163255479,64.20963536168128,27.087630722617245,41.71423392161253,anomaly,Injection
SmartFridge,4.715011961208193,8.470279444684671,5.238299049909334,58.602519605636346,normal,Normal
GPSTracker,60.917631586742445,92.84771854431378,42.93843443269577,47.410499796208256,anomaly,DDoS
SmartFridge,67.49674185854407,84.57480719904655,4.407183463042008,50.90717162827233,anomaly,DDoS
SmartFridge,78.79345132344153,90.46317938176028,5.179091672733354,58.59999074193552,anomaly,Password
SmartFridge,8.631949186630091,7.623255226843507,3.437081336557789,44.501604539911796,normal,Normal
SmartGarageDoor,83.71095431060242,90.8974520509964,23.452594317852025,50.74301084094373,anomaly,Backdoor
GPSTracker,3.0467921501078528,20.617959712095825,36.370766816999954,22.034555487855798,normal,Normal
WeatherSensor,63.50909357172554,89.2540448632987,27.12647364230224,86.6115872803088,anomaly,Backdoor
GPSTracker,6.059524341911223,15.46218817647618,35.393142785155334,39.60747283611623,normal,Normal
GPSTracker,76.88668850470582,94.94251707054894,38.655235828022434,41.85020592788818,anomaly,Password
SmartFridge,4.543425753359314,17.13645942773106,5.282785096009599,51.12852034561958,normal,Normal
SmartFridge,52.007781579222524,58.08494609449542,4.479145935050386,46.094434117679256,anomaly,Injection
GPSTracker,5.00253408769825,14.984472871874244,43.460754922367876,11.8825096829212,normal,Normal
WeatherSensor,86.19091110682962,78.04001836359627,26.330048150271214,64.72296194427521,anomaly,Backdoor
WeatherSensor,70.55627970021648,76.03774076051843,-4.724302245587026,34.64872170297542,anomaly,Injection
SmartGarageDoor,79.92638552265149,65.55309351795378,16.142065060085965,48.09031374335249,anomaly,Password
SmartFridge,11.377019180438372,20.98555508427959,5.126789022943778,58.025413943535696,normal,Normal
SmartGarageDoor,86.52232101428558,57.27019216294228,16.784326177797517,42.25517817958522,anomaly,DDoS
SmartGarageDoor,40.38084988730877,60.34188342609079,15.926509637381951,49.182427647008524,anomaly,Injection
WeatherSensor,73.75140901435608,77.62800913847569,23.43748779905906,79.76518796082327,anomaly,DDoS
GPSTracker,85.17516149368787,92.20565120136504,32.92681779398042,39.28716892856656,anomaly,Backdoor
WeatherSensor,1.997909555808697,28.165151835527908,31.50983951996011,77.7099125428399,normal,Normal
WeatherSensor,5.8900851637989105,12.7811291200011,21.438450762874357,41.40134367599309,normal,Normal
SmartGarageDoor,1.605341259367627,28.7273639647591,24.934271332097175,56.94242359547972,normal,Normal
SmartFridge,66.84139581625772,71.59236463819184,4.550159304397707,40.92239878202496,anomaly,Backdoor
SmartFridge,73.22422016890046,61.79363106505748,5.28062655318732,43.85789779736847,anomaly,Injection
GPSTracker,81.07270122581136,72.81359164241239,41.711125304510006,31.76902356918509,anomaly,DDoS
SmartFridge,8.545896016355872,27.40347917046965,3.49373314770857,57.91343240311933,normal,Normal
GPSTracker,14.894697832909037,7.346067229647478,31.022364122917345,24.240424966207847,normal,Normal
WeatherSensor,75.04998784416873,75.15911290018018,33.21846044755497,77.95925365575135,anomaly,Backdoor
GPSTracker,78.31369668813653,88.21587950274804,28.566724092460568,30.76964090076624,anomaly,Password
SmartGarageDoor,4.851204934997264,22.79986792246602,24.600975070867577,58.87573646136143,normal,Normal
SmartGarageDoor,6.839630929059971,5.097497609061476,21.934851060289557,42.810852111724664,normal,Normal
GPSTracker,1.7363488565639948,17.037004569834078,29.127060988918863,36.58103800196896,normal,Normal
GPSTracker,11.410125660208966,28.74893707019316,37.19525702810275,12.142648465300425,normal,Normal
SmartGarageDoor,80.04025415933,90.10617768912488,22.955804064713732,44.0244217281302,anomaly,Password
GPSTracker,95.92242209847308,54.82107213635133,44.193211943908565,41.08992274339672,anomaly,DDoS
SmartFridge,54.04561638054832,68.37250032551907,4.377064991565135,41.75308036837833,anomaly,Backdoor
WeatherSensor,73.29518160711395,64.98182084678345,25.91825784466657,89.83556303191833,anomaly,Backdoor
GPSTracker,43.53523800786736,84.73223109959673,42.948535421809,33.03341219558058,anomaly,DDoS
WeatherSensor,4.4130109261522925,8.405231896847436,16.594795714179217,47.490326623069436,normal,Normal
WeatherSensor,12.383223027829457,12.365412942277954,15.540493350000839,60.30253554834735,normal,Normal
WeatherSensor,1.8265343368797027,15.418688417837696,22.690604728407685,56.02638277929459,normal,Normal
SmartFridge,3.646371193879177,16.25980100656586,3.6790256066789695,59.85321621353898,normal,Normal
GPSTracker,73.57732842718605,89.68765919415367,44.601228293447356,36.991915473529986,anomaly,Injection
WeatherSensor,77.79340619693507,78.8381121256255,32.42451421419112,83.92516341137548,anomaly,DDoS
SmartGarageDoor,48.99021724176288,70.44773651039588,20.171788485398032,52.504563237180726,anomaly,DDoS
SmartGarageDoor,14.463452071868009,23.101347185270203,16.063719312110287,51.47127504729428,normal,Normal
SmartGarageDoor,86.53507631501637,67.17315206579465,16.50849033547558,55.41563766109536,anomaly,Password
SmartGarageDoor,87.71842265720032,90.62676903657521,16.980983444789032,59.41531705821486,anomaly,Password
SmartGarageDoor,98.56420725263183,62.377093744920266,19.95267694780198,53.777689337769424,anomaly,DDoS
SmartGarageDoor,65.26329265127858,74.20257869565995,23.97641322269765,56.53088744312383,anomaly,Password
WeatherSensor,63.75090443715537,89.53546408175492,25.364071330286894,78.29068233024253,anomaly,DDoS
SmartFridge,70.95788749828336,75.72031540895023,3.8982527910025206,42.635230156111504,anomaly,Injection
SmartFridge,83.30906064914639,59.25034160986489,5.254483133120592,57.326914051085254,anomaly,Injection
SmartFridge,14.966636578985739,11.719416149971803,6.182344704172074,57.56361440635061,normal,Normal
SmartGarageDoor,60.06141294849172,77.43555272463047,20.65241933691766,44.76599275076497,anomaly,DDoS
SmartGarageDoor,72.43576563776466,52.627508351514145,22.6281928888882,58.78294543513097,anomaly,DDoS
WeatherSensor,12.472522071781695,19.01806813097659,27.18271257318193,78.56694197593518,normal,Normal
SmartGarageDoor,11.14029886399399,17.396686528417458,15.38841709137375,40.30856465621247,normal,Normal
WeatherSensor,12.344386477244397,7.885112362043227,17.705184919617597,31.291126923883894,normal,Normal
GPSTracker,80.70273303028327,94.64159176107421,31.375620246664568,36.74254856356153,anomaly,Backdoor
WeatherSensor,49.72061129195275,77.43159924616195,18.749364012235162,59.022378061351446,anomaly,DDoS
GPSTracker,5.02756821050877,28.97544897522389,38.80661872110964,17.234939518181132,normal,Normal
WeatherSensor,97.00420224699567,50.34872420849608,15.87675024833161,69.5806087234004,anomaly,DDoS
WeatherSensor,3.9930559400100054,15.056092340381351,26.985391043105075,33.90113216323404,normal,Normal
GPSTracker,4.760346304067591,18.497594566089347,41.64182658047023,20.305630342011632,normal,Normal
WeatherSensor,86.74382934265404,72.22070635467249,34.88270869523052,45.65217133533011,anomaly,DDoS
SmartGarageDoor,60.94894581100117,74.5694067600457,24.98248980488382,52.73172890429206,anomaly,Backdoor
SmartFridge,94.87114993591157,93.54025704705218,5.927388225997416,44.37034979775606,anomaly,Backdoor
SmartGarageDoor,7.627469362431326,22.018696932867073,15.012854165010914,55.675479459085636,normal,Normal
WeatherSensor,14.100903597775623,7.9306773241356865,32.39875251244952,72.33164344031577,normal,Normal
SmartFridge,9.186557503016191,28.143185366685348,7.953189124333436,49.00330700337186,normal,Normal
SmartGarageDoor,6.0318241898102825,19.119101096889004,24.317302666017063,44.78289388247624,normal,Normal
WeatherSensor,49.49017062814152,68.16552650086818,17.149933688908746,75.39981208987571,anomaly,Password
SmartFridge,7.631851037323964,10.625227485487672,5.560141300689899,51.23985641118711,normal,Normal
WeatherSensor,94.67417500381902,71.09570821506037,24.170629483543177,56.14173152035236,anomaly,DDoS
SmartGarageDoor,71.9969297550421,50.95304712691587,17.33040812461065,51.18885195656978,anomaly,Injection
GPSTracker,73.6599889125508,53.02203926449981,41.973341497287606,32.04493040871206,anomaly,Backdoor
GPSTracker,8.600043486496293,27.151295859668057,33.01909963497086,36.14194769602325,normal,Normal
SmartGarageDoor,9.329581965388536,18.663521092953662,19.835455400154785,55.75586331366496,normal,Normal
SmartFridge,48.633975074769324,81.19836917962203,6.601749111728371,58.66565105595501,anomaly,DDoS
SmartFridge,3.9387989806570545,10.217579241736173,4.315825316174125,58.467475854597254,normal,Normal
SmartGarageDoor,11.020955421392715,26.954044401358104,21.507021684314687,52.232000511214466,normal,Normal
WeatherSensor,98.60297159035235,88.6439238821949,313.4434886010402,59.863355503536255,anomaly,Injection
WeatherSensor,92.8914890015239,94.28869735389779,246.6564404920765,82.3462001588612,anomaly,Injection
WeatherSensor,96.34936217712662,90.4202024837569,29.96424765183508,41.539139312819586,anomaly,Password
SmartGarageDoor,45.32450651181523,83.72094916765337,18.95003320682759,45.234058944637866,anomaly,DDoS
SmartFridge,14.914165645016842,26.003727447975102,4.383456715904942,52.72796674458763,normal,Normal
WeatherSensor,53.49206670798929,92.22358117668985,-52.63548104167528,78.5273117173636,anomaly,Injection
SmartFridge,4.604812770615228,11.740851268029857,2.509736542490592,51.15463044814402,normal,Normal
WeatherSensor,6.499794824877847,20.76910961134381,27.264423046171036,62.81251958566422,normal,Normal
SmartFridge,9.264108346789124,6.545937377393786,3.832811612637976,41.94151834212042,normal,Normal
SmartFridge,3.520419606312603,8.2370057987227,4.574385385459481,58.47626354018685,normal,Normal
WeatherSensor,64.26133591359459,84.36166313881483,17.146060929644083,69.78452002198416,anomaly,Backdoor
GPSTracker,3.3958445449993153,29.47631642898611,26.129972544883916,31.86394598259382,normal,Normal
SmartGarageDoor,14.450619405491656,6.5264893169320475,24.0478972616909,56.48050940574916,normal,Normal
SmartGarageDoor,8.960522160552395,8.053345062144807,15.508285691830759,42.64075614178325,normal,Normal
SmartGarageDoor,82.12867398014924,88.41995331298193,15.751083056611034,43.371218497852254,anomaly,DDoS
GPSTracker,96.08798449315961,58.230254819589845,31.940082272621872,46.529504558117,anomaly,DDoS
SmartGarageDoor,93.34424363747172,60.479736134327744,22.36051562866613,54.71876658796833,anomaly,Backdoor
GPSTracker,47.91590776400494,74.69383873465682,31.712419688765955,30.216779619540812,anomaly,Injection
GPSTracker,64.42537344355591,50.22478417220195,43.32325833082236,42.597249897570435,anomaly,DDoS
SmartFridge,13.625141771046195,13.29277976003399,4.956474780153288,46.42282114388698,normal,Normal
SmartFridge,6.278575642710539,23.007480943987595,2.47042935702285,42.822370928705624,normal,Normal
WeatherSensor,12.027286785152295,16.098913367409438,25.514771283158062,33.25885794297757,normal,Normal
SmartFridge,3.8855322064139033,26.85705294309735,2.773523687383441,41.38266599427705,normal,Normal
GPSTracker,64.52405031670556,92.58935848961664,41.14171537240844,26.21495213457667,anomaly,Injection
GPSTracker,7.783878794947754,16.57923494397029,40.216025539989886,12.285576833773044,normal,Normal
SmartGarageDoor,57.288758819083355,72.24096484005923,17.26701609244509,56.718861421399446,anomaly,DDoS
SmartGarageDoor,11.66875648747238,29.84017615475376,15.283090115402103,50.77059967933348,normal,Normal
SmartGarageDoor,2.3138562021802134,27.35622693809027,20.42174850623675,45.71073180820348,normal,Normal
SmartFridge,86.98922386111039,85.52323506313553,5.616950543577293,41.722110183673735,anomaly,DDoS
GPSTracker,70.77457228204186,64.72846198984425,25.927875537719448,46.572318597655205,anomaly,DDoS
SmartFridge,3.69195699352565,29.348112171449415,2.148281912171737,49.47706620134566,normal,Normal
WeatherSensor,4.233996769417792,28.008563753782155,21.303439301974915,41.11777678225367,normal,Normal
WeatherSensor,91.82147092419345,89.3464695395188,93.00516857048859,54.84708322696031,anomaly,Injection
SmartFridge,83.65205149883803,73.66689314533457,3.373283161902966,54.61621318135197,anomaly,Injection
GPSTracker,6.498745342222487,11.093561125189701,39.83256740199256,24.12075681637687,normal,Normal
SmartFridge,54.416754344449515,85.37212217838979,7.639168477145642,50.04999394875279,anomaly,Backdoor
WeatherSensor,1.9017175114482197,7.5473677670531965,19.083262981724317,65.0592243373523,normal,Normal
SmartGarageDoor,89.31661558434348,82.72910820019113,20.169394598048484,40.82582821187768,anomaly,DDoS
WeatherSensor,80.0613808509807,61.74930958943628,18.062752735770943,55.10778171846278,anomaly,DDoS
WeatherSensor,1.041516670117603,22.32713552643223,18.573777959759273,74.60052128284266,normal,Normal
GPSTracker,53.28633816985909,52.97151581659757,30.013051635424134,33.76775721011484,anomaly,Backdoor
SmartFridge,81.27395855623718,66.72536811481191,5.329677438732077,47.07546043125307,anomaly,Injection
WeatherSensor,66.40473574909544,86.04118753681905,33.9141114033192,51.12008393276042,anomaly,DDoS
SmartGarageDoor,10.66653842368709,10.798553122035695,21.428423050663497,56.81730518624744,normal,Normal
SmartFridge,4.335116138554442,21.26519253978376,5.50518492961415,58.74403443864761,normal,Normal
WeatherSensor,13.147322838123094,16.825588499003278,28.50621305063555,44.8470025787366,normal,Normal
SmartFridge,12.989969189044862,15.149867081143254,6.240601571570989,49.8971654639668,normal,Normal
GPSTracker,59.858612941174165,69.47655023442306,29.999387152160267,16.2287250854297,anomaly,Backdoor
SmartGarageDoor,70.98756568179746,54.89517472210227,21.786420971919142,44.01452116877782,anomaly,Injection
SmartGarageDoor,14.95163202693973,27.915242720108004,21.137904403367543,44.115907183315166,normal,Normal
GPSTracker,65.96818937332579,60.59829611333189,31.473753667956515,22.94053765539955,anomaly,DDoS
WeatherSensor,74.07556973661784,94.18931441418422,28.552664501540317,65.83640684693663,anomaly,DDoS
SmartGarageDoor,40.67083392456943,74.56281493571154,17.578344895849717,51.978245899659015,anomaly,Backdoor
SmartGarageDoor,13.855846959679367,14.682941408101852,21.35322877785865,48.57887390660561,normal,Normal
GPSTracker,78.92177500510164,93.87380635556107,28.854369138724852,34.92798423592624,anomaly,DDoS
GPSTracker,3.890493356202661,19.364846270244296,26.532381175614418,14.20982127171789,normal,Normal
GPSTracker,49.058929982987735,61.776738712765194,32.46803927128015,17.826565063285436,anomaly,Injection
SmartGarageDoor,86.50412749813358,68.23335750221419,24.925162842582726,56.566512815574995,anomaly,DDoS
WeatherSensor,14.02779822848062,10.249255136675654,24.0443235027025,68.86331870611824,normal,Normal
GPSTracker,98.71546898020671,81.56934606912031,44.81358079054263,43.704491766989946,anomaly,Backdoor
SmartGarageDoor,73.67483064567128,66.8453727063421,15.121953619623898,52.67068995991248,anomaly,Backdoor
SmartFridge,74.7542902100075,80.98170759388279,5.8561167402092575,49.24238840504859,anomaly,Injection
SmartGarageDoor,7.767068873994798,20.32150427674462,19.152074549243405,52.514426511178264,normal,Normal
WeatherSensor,7.334930616186834,13.204214342564736,15.796261831047545,66.72459634765234,normal,Normal
GPSTracker,92.43282732673072,86.91679288892529,31.47639719619655,14.41266320614531,anomaly,DDoS
GPSTracker,2.439185634039228,14.402175263786658,33.05963146854833,15.279295837496765,normal,Normal
SmartGarageDoor,82.86925209417987,86.71651031264767,22.031367036946122,47.71401060662755,anomaly,Injection
SmartGarageDoor,12.205268249033923,23.153987586473818,18.71378477354995,45.2457966548899,normal,Normal
SmartGarageDoor,62.861978885578,69.82782247332317,22.266881125271127,54.5783447894031,anomaly,Password
GPSTracker,5.4811386922414815,19.47480969558751,41.15597994978077,20.112834633647182,normal,Normal
SmartGarageDoor,10.765351574581441,19.450992100885276,23.51559523569616,59.19924980246765,normal,Normal
GPSTracker,13.31364224188918,13.530050812125763,43.25596973287587,22.826105139156745,normal,Normal
SmartGarageDoor,62.9829813186754,59.679787668701934,19.997510971951364,41.49627906012748,anomaly,Backdoor
WeatherSensor,11.638220201525927,9.174430921754425,29.67076428024732,71.1575341518118,normal,Normal
SmartFridge,2.407385528044702,6.1343308959525285,3.644060064922929,55.82855959968035,normal,Normal
WeatherSensor,56.941027864061155,66.42580068632242,16.902832028144083,53.596104430609046,anomaly,Backdoor
GPSTracker,57.04788535545803,64.57519202151995,27.42483457108947,38.57996845519021,anomaly,Injection
WeatherSensor,92.47182667134732,90.35326337932395,172.79993360899175,44.8221074054873,anomaly,Injection
SmartGarageDoor,41.69430629864353,94.7292715332736,19.610678928739652,43.92223331033549,anomaly,DDoS
SmartFridge,12.583066475975187,27.558011878408816,4.966657490037231,59.00735147503966,normal,Normal
WeatherSensor,6.451007486115143,18.912527418380694,22.690856216381867,75.63972648772807,normal,Normal
GPSTracker,10.484496216800483,28.338595917150258,42.77730129066396,43.460821101195144,normal,Normal
SmartFridge,3.2441311433683904,27.061790223923985,7.537199161189543,47.75061824227987,normal,Normal
GPSTracker,11.003355222088585,16.267217306601395,30.43520634811735,18.873637756137246,normal,Normal
GPSTracker,87.40444840002831,51.641875086104754,33.8992149113619,30.28526793649762,anomaly,Injection
WeatherSensor,68.2688582428778,85.54264636876131,32.41832020539367,32.9094069579336,anomaly,Password
GPSTracker,84.24720633633754,52.23548366129641,34.851167954096624,44.344090035335924,anomaly,Password
WeatherSensor,43.91462440345778,58.57493533693466,17.69348080763794,70.80890693495334,anomaly,DDoS
WeatherSensor,10.889724229289515,25.067452069244197,15.201614041767817,47.42327523420819,normal,Normal
SmartGarageDoor,87.64330486091106,57.16547500802833,16.249651667390523,42.324694857675325,anomaly,DDoS
GPSTracker,2.7967528672196718,26.899851998618814,42.42850346689461,23.27922822166375,normal,Normal
SmartGarageDoor,72.00481468289564,87.33603089557647,15.36503054353561,48.60817519096712,anomaly,DDoS
SmartGarageDoor,12.31622229870845,18.411384930057068,23.93062823811814,56.80401104878009,normal,Normal
SmartGarageDoor,55.922590361839355,51.978233657481276,21.167561670794882,51.25435589724789,anomaly,DDoS
SmartGarageDoor,88.19525054584244,89.38739168492589,21.685329337837764,55.15425409158169,anomaly,Injection
SmartFridge,14.249414390209576,6.809231001197631,6.939855722698854,47.034809963339946,normal,Normal
GPSTracker,9.936501907981878,12.885429809037683,34.0445227727198,36.391734365747055,normal,Normal
SmartGarageDoor,11.884334265668219,9.983710972979738,24.27190292229528,54.100505224645744,normal,Normal
SmartGarageDoor,86.86087158612628,89.28701776656865,19.595232452119248,52.27084618422088,anomaly,Injection
WeatherSensor,79.33595019702777,76.10740463186141,339.633582530052,34.37861328131416,anomaly,Injection
GPSTracker,2.1392632031578453,14.367571407131702,39.47705661756329,33.77620959474029,normal,Normal
WeatherSensor,41.44167219971731,51.3761800589528,27.917228246735753,33.94800435949037,anomaly,DDoS
SmartFridge,49.232745038393986,66.77874302141659,2.1135260877316906,47.490907531913805,anomaly,Backdoor
SmartFridge,5.430825861821768,25.5338150498386,6.784947420859091,59.12532669457809,normal,Normal
GPSTracker,64.09406323942231,65.67633054051605,37.60750912829561,48.44848253595043,anomaly,Password
SmartFridge,7.611475916462225,28.5495596001672,4.440546510230527,49.685799789416606,normal,Normal
SmartGarageDoor,86.0473318250973,92.03623078449024,16.91108352171279,41.17832253103815,anomaly,Injection
SmartGarageDoor,60.80245247591862,51.056922805499816,18.233114346484378,42.62293675693344,anomaly,Password
SmartGarageDoor,56.80278832103602,86.69092900844643,23.206752575132366,47.11387768684361,anomaly,DDoS
SmartGarageDoor,43.28775471036644,78.97095051522795,21.292420113642027,54.45348629529182,anomaly,Injection
SmartFridge,51.46002079126234,66.740331441433,6.1630616500458215,43.44761586442721,anomaly,DDoS
WeatherSensor,13.295116879145668,20.56058664117349,32.06816203413593,71.28534188038765,normal,Normal
SmartFridge,4.606345281237817,6.990025788150454,4.941862071731936,41.65244987410916,normal,Normal
SmartFridge,8.486301156959012,18.62279521717455,3.347219814281437,54.31030738937293,normal,Normal
SmartGarageDoor,76.62666361654374,66.97064030006135,22.47945006699895,52.8910178336794,anomaly,Backdoor
SmartGarageDoor,72.94692462164724,91.81888747604154,22.171090739267036,45.857253132612605,anomaly,DDoS
GPSTracker,8.292354123904921,22.031289405135254,28.32457736979322,15.950638505546308,normal,Normal
GPSTracker,48.51442081375417,75.67633976968905,26.548306874366926,25.899942013721137,anomaly,Injection
GPSTracker,60.08960583673456,66.07030231258761,31.7957616659666,36.206718427275746,anomaly,Injection
GPSTracker,47.65824808505209,80.88038392087245,27.207703402719044,16.043073967456046,anomaly,DDoS
GPSTracker,69.16063244030731,79.38010374054886,26.8349687628479,26.408346684451274,anomaly,DDoS
SmartFridge,8.642622284851809,7.743929732642453,7.537470933975269,44.65258905223611,normal,Normal
SmartGarageDoor,6.632541345397046,18.042895103644323,16.48328239687105,56.808771846229135,normal,Normal
GPSTracker,65.11218621287588,92.77058220865698,33.08285533346597,11.837810454270098,anomaly,Injection
GPSTracker,87.04291594918362,93.32534816313537,26.215345404398544,21.127268862719998,anomaly,Backdoor
WeatherSensor,4.830931958189644,20.293763099516994,29.66808430029303,52.04183541519146,normal,Normal
GPSTracker,96.66635090060456,82.70008367908454,30.740630373325246,17.330972086345987,anomaly,Backdoor
SmartFridge,48.62676301329186,84.26461945548698,5.9546035992456545,58.782172736781604,anomaly,Injection
WeatherSensor,4.42238085585267,16.91106763013279,18.59159517507117,38.54841558868245,normal,Normal
WeatherSensor,57.54662358348551,52.43545517982134,3.2232322603076966,80.56361915745471,anomaly,Injection
SmartFridge,94.85526754940055,81.08322065758257,2.358595166274994,42.63923153236783,anomaly,Injection
WeatherSensor,56.08264543297953,54.13752379816148,188.17257552483306,49.93001259343385,anomaly,Injection
SmartGarageDoor,44.150918039063974,63.216719229692146,20.335143140634003,44.10876883989273,anomaly,Injection
GPSTracker,9.006009594794842,6.081161486568511,37.019044705211535,20.119555605817613,normal,Normal
GPSTracker,8.945627209252311,7.247329923062614,25.547672314539764,32.617204622021646,normal,Normal
WeatherSensor,83.23438555178909,62.35620844832358,25.64545749191423,62.80074036012589,anomaly,Backdoor
SmartFridge,75.52243869313271,79.17468955988986,7.072069632328471,44.29867170061326,anomaly,Backdoor
SmartGarageDoor,85.50035142408497,60.034717263820795,15.179439982553419,44.86289368448508,anomaly,Backdoor
GPSTracker,75.743613697406,69.79154518238524,27.693918722202785,18.483110868759496,anomaly,DDoS
SmartGarageDoor,91.79534187174741,72.61825902928416,22.151020734918745,54.97613358386529,anomaly,Backdoor
GPSTracker,9.511807889239872,23.225171900394535,41.00685411539765,13.031233499686326,normal,Normal
GPSTracker,71.12805298802839,56.753772269249,36.52223063570302,26.501064112696806,anomaly,Backdoor
GPSTracker,86.04823754911953,82.83426790736686,36.56223677213153,41.68678937770394,anomaly,Password
SmartFridge,12.603678904507023,17.056665511077433,4.214517559100727,56.93268299269998,normal,Normal
SmartGarageDoor,53.946524218909786,71.74592230775649,17.782436887404568,53.36939596715726,anomaly,DDoS
SmartFridge,89.49415498541796,64.08476549902774,2.872443186741404,57.23318737819879,anomaly,DDoS
WeatherSensor,76.06969679732646,50.448616273301816,18.31960457206547,43.86975771114389,anomaly,DDoS
SmartGarageDoor,2.292490512627017,11.68287489657338,20.599213663736922,47.69207306464872,normal,Normal
SmartGarageDoor,88.67443738932216,63.44620525483558,23.431025454772552,54.24511783826884,anomaly,Injection
SmartFridge,75.07543520887714,56.731754580712725,2.3384786528720136,47.87020220620056,anomaly,Injection
GPSTracker,7.254328150529109,22.995647184251943,37.43812592349559,18.297833625026172,normal,Normal
SmartGarageDoor,82.98859971050115,50.150431467066824,22.964354392077098,43.41473084452145,anomaly,Backdoor
SmartFridge,8.715346916187483,19.655223134197414,3.504983196813974,53.328540600301174,normal,Normal
WeatherSensor,3.6767796006992137,22.99736128159776,20.612387444572093,43.012043218872975,normal,Normal
GPSTracker,4.009541781720252,29.249001165229178,36.00191645990265,46.55463129984278,normal,Normal
GPSTracker,49.43814054208788,71.92352600319359,44.8100533919969,29.69007494067167,anomaly,DDoS
SmartFridge,4.992054483889296,12.810127076200306,6.259668669784719,50.67559941185189,normal,Normal
GPSTracker,75.61925327352895,82.01628956842782,35.214323260280196,45.77285950879101,anomaly,Backdoor
WeatherSensor,13.612555910398072,28.96221817143941,33.9886254136764,52.301912145807364,normal,Normal
SmartFridge,44.75490580001041,65.23063232632026,6.4252548688933375,41.920772206009815,anomaly,Password
SmartFridge,57.68422325759836,59.81243687004425,6.27109777826949,45.08736060522457,anomaly,Injection
SmartFridge,97.41463906848895,71.61907041951804,5.316809996262571,51.00946499905939,anomaly,Injection
GPSTracker,13.074277642655904,5.6274905397559705,44.76693063663355,26.595621566712996,normal,Normal
SmartGarageDoor,98.78291681902854,64.33421120057525,23.291769332347684,58.23570191447799,anomaly,Injection
SmartGarageDoor,57.39722781032093,85.28690510850026,18.085169318803167,42.02981658390532,anomaly,DDoS
SmartFridge,3.0048753056635746,6.82847969911126,5.674588217336643,55.11765852853704,normal,Normal
SmartGarageDoor,5.670028948164919,21.90577502443084,17.08129447393807,47.57304395482448,normal,Normal
SmartFridge,55.81013912528525,82.53051403359292,5.723438344145638,41.78307427685912,anomaly,DDoS
SmartGarageDoor,67.28847144009676,61.646081028132485,24.945508420968842,54.48070035528686,anomaly,DDoS
SmartFridge,56.59698823946252,63.838549250908976,7.113561117956008,47.23713336537762,anomaly,Password
GPSTracker,81.1331507052522,92.74784473453074,42.74930268860368,24.700141991917253,anomaly,Password
SmartGarageDoor,10.547183396345334,27.3292275804239,18.121888650149703,51.151458691590534,normal,Normal
SmartFridge,70.7479095972447,58.67993531245982,4.608645065672018,53.74799261049944,anomaly,Backdoor
GPSTracker,73.54227395524705,89.92481938795625,30.540136533818213,18.93707320837351,anomaly,DDoS
WeatherSensor,91.09069678893118,72.67207182502618,19.00760617610736,51.75818685164451,anomaly,Backdoor
SmartGarageDoor,59.77915417150271,72.68812549767006,17.677591392792294,40.21534531776739,anomaly,Backdoor
SmartGarageDoor,72.91232381662958,65.89111404367851,16.1306727048249,44.5086891526918,anomaly,DDoS
WeatherSensor,10.529455233744423,10.490068311036367,17.59940422451086,46.02971008157583,normal,Normal
SmartFridge,5.211311476721158,22.608836814597222,7.341013767231178,44.44491231961523,normal,Normal
SmartGarageDoor,6.968004667552964,14.06871064253566,22.56635794682956,51.19505434546844,normal,Normal
SmartFridge,5.302568393347228,14.655797361498584,2.4345049440519166,56.48938400285273,normal,Normal
SmartFridge,2.5259609247457524,7.677650292804701,2.4277408800844356,59.98174017184655,normal,Normal
GPSTracker,2.0500489219187332,15.164303099052333,44.32661959970207,10.44912105468974,normal,Normal
WeatherSensor,6.315044031267139,16.64682952309289,16.494034382097837,57.96299338122003,normal,Normal
GPSTracker,97.54777976984157,90.35336454201376,28.99689758040996,36.09773099385531,anomaly,Backdoor
SmartGarageDoor,3.977224415602694,5.809626851732786,24.937565805318336,50.555945586000725,normal,Normal
WeatherSensor,14.851392223685796,27.718906927758145,27.39545400492509,67.62294724510384,normal,Normal
SmartGarageDoor,9.080472687396812,20.473208326613936,22.698522286665074,47.30608565273969,normal,Normal
SmartGarageDoor,66.56372256076185,88.60902485271255,22.03121669769353,48.31443643688937,anomaly,Backdoor
SmartFridge,80.9998323957659,77.28069004490757,6.068512145158488,58.1436289225921,anomaly,Password
WeatherSensor,59.89874107140494,65.5416300698386,16.8956838958291,53.86055963389563,anomaly,DDoS
WeatherSensor,8.123658800834535,21.812894745183307,19.059075986467928,36.26861704738576,normal,Normal
GPSTracker,14.380239035201656,10.626246473054383,40.06802668971152,47.43465247464855,normal,Normal
SmartFridge,71.61029986525399,74.73528657358017,2.6418258068469544,44.73846130469064,anomaly,DDoS
SmartFridge,57.40723020664923,83.84183075142442,6.539613426209502,42.59357131877625,anomaly,DDoS
WeatherSensor,2.5018533393594935,24.095734606545843,26.161773934020253,45.8456842154479,normal,Normal
WeatherSensor,5.347378840193951,15.821427667467907,27.395399173792683,85.42961974166128,normal,Normal
WeatherSensor,63.86778348217274,82.9484332054819,252.3641180737706,57.57797708393045,anomaly,Injection
GPSTracker,91.68101420034671,75.7150593698274,30.499265951302426,33.09557897504824,anomaly,Backdoor
GPSTracker,4.659312597524997,18.400965320970563,43.56334694843035,19.07253641706746,normal,Normal
SmartGarageDoor,88.02140752829438,75.94667634454593,16.52245235785024,50.4706819800574,anomaly,DDoS
WeatherSensor,76.8423965309442,50.27405213087938,23.736247007644444,30.238204903366807,anomaly,Password
SmartGarageDoor,86.78042753109267,55.56992546558884,18.448222874009712,56.96126913955969,anomaly,Password
GPSTracker,74.23305518628496,63.66685219631151,29.15334229379186,32.53136519848943,anomaly,Backdoor
SmartFridge,40.03606474384213,59.42925098901995,4.422453762436307,47.96241777115908,anomaly,Backdoor
GPSTracker,12.197019188082496,19.52176706904173,40.648464801763275,47.950198268724606,normal,Normal
SmartFridge,55.27129818998958,65.31315678636948,6.306377747229799,44.98391944353106,anomaly,Backdoor
SmartFridge,54.865549029517254,79.69589258641952,5.373629830586928,49.358056350173506,anomaly,Backdoor
GPSTracker,82.83660579733922,81.82771081704676,44.843031453595046,49.187388311177685,anomaly,Injection
GPSTracker,43.547048835638904,73.6269436780799,33.03847307675285,44.326928196600015,anomaly,DDoS
SmartGarageDoor,50.156381058524396,69.35368189592472,21.85253849796962,49.776732880260234,anomaly,Backdoor
WeatherSensor,80.4968011440763,81.56082788901776,27.90569245758367,70.38190586070152,anomaly,DDoS
GPSTracker,81.37091254637518,56.56960071355429,36.923272734726666,11.089032753626595,anomaly,Injection
SmartFridge,54.18720700238762,93.28858911127816,7.994869409463274,53.42799736640106,anomaly,Injection
GPSTracker,4.328940958770469,16.73116775034071,40.65659630194852,17.364404816425967,normal,Normal
GPSTracker,54.81321374620337,69.03382735535683,36.507830022535956,42.847152917827046,anomaly,DDoS
GPSTracker,70.03851916631923,62.10102996190467,28.93468334027411,32.27571883571416,anomaly,DDoS
WeatherSensor,57.24324818171906,61.58942818080479,18.34314251940436,76.18881033429119,anomaly,DDoS
SmartFridge,3.664069401863772,6.108566250378712,6.52134190276372,48.20485044737488,normal,Normal
SmartFridge,58.532082187009216,67.61860989880195,5.989748523882809,46.675151671951824,anomaly,Password
SmartGarageDoor,42.58977516220735,73.4795043093377,21.40255297102133,57.31869816298312,anomaly,Password
SmartGarageDoor,61.66926102580611,58.66100542351059,17.249106785468513,49.94978996367669,anomaly,DDoS
WeatherSensor,75.30408298901172,85.15055208080163,18.660841821271564,32.26532844544442,anomaly,Backdoor
WeatherSensor,67.52463099723013,78.04019695163672,16.79376625323321,65.27930973742085,anomaly,Password
WeatherSensor,3.940708145859747,15.94737538437073,26.163236305961945,34.602249036469566,normal,Normal
SmartGarageDoor,14.388304714651584,23.372274972030038,16.93421293551062,48.82508055067753,normal,Normal
SmartGarageDoor,50.3238450118689,88.3318856601214,20.495646505149818,40.06350528083458,anomaly,DDoS
WeatherSensor,84.53478468225586,65.52276668730819,33.83777481405851,38.64350927303112,anomaly,DDoS
SmartFridge,82.64159893231201,50.5377396538764,2.0460036458085806,57.63256763936845,anomaly,Backdoor
GPSTracker,1.3684310438788603,22.147313576776714,36.882159115365866,39.11315227384591,normal,Normal
SmartFridge,64.96030424058792,86.53384287065205,2.052153282493175,49.92968121994868,anomaly,Backdoor
SmartFridge,72.86314964712841,91.3373293391009,7.064905858037305,57.2330406951671,anomaly,Backdoor
GPSTracker,5.728973609728515,18.336855493811505,28.865546978796047,43.28428981250884,normal,Normal
GPSTracker,69.23048564112526,93.8290800566382,40.38422805261936,33.60146349715536,anomaly,Injection
SmartFridge,14.404644850531119,22.679324383539775,4.573798902963887,59.74839629906353,normal,Normal
SmartGarageDoor,9.409350797142489,22.59967223171386,24.293773764580024,54.993778430076254,normal,Normal
GPSTracker,65.44663089093842,68.65305663304116,42.945996067468315,27.277091829954053,anomaly,Backdoor
GPSTracker,82.09143771295656,52.870096024398336,43.866821048282546,20.778450161898544,anomaly,Injection
SmartGarageDoor,2.535540289045521,5.647444912601736,17.963414183595674,51.512408334483794,normal,Normal
GPSTracker,81.49040204397728,66.10812854091942,39.98567920687525,20.373924172071266,anomaly,DDoS
SmartGarageDoor,1.9217194988660629,22.40824829620072,22.50351774262911,59.435781284143175,normal,Normal
SmartFridge,1.544419005969673,16.07115329895277,6.392963305470293,48.787128507483324,normal,Normal
SmartGarageDoor,91.64630338023308,88.65536635449732,17.173392140806843,54.601765599458226,anomaly,DDoS
SmartFridge,51.84661886822859,69.44204277429273,2.594337914988899,56.723052891755216,anomaly,Password
WeatherSensor,57.49725045593823,85.38177956271676,29.639027977354534,65.21372848684004,anomaly,DDoS
WeatherSensor,40.42881087436917,59.78370445249973,333.44029985737245,37.35654177272325,anomaly,Injection
WeatherSensor,13.80950651751147,28.42757642182156,32.71166127700192,60.65704783281532,normal,Normal
WeatherSensor,76.42900503416274,63.69065525927356,34.92271182497248,60.67125032001477,anomaly,Backdoor
SmartGarageDoor,69.86615209064286,52.25590109672239,20.781607369800174,58.91218276206965,anomaly,Password
GPSTracker,98.0810256651721,86.76853497080022,27.487777241632227,19.117122219343287,anomaly,Backdoor
SmartGarageDoor,77.16597217118613,81.2372740216635,15.256082560657354,57.61683058603393,anomaly,DDoS
SmartGarageDoor,1.6337387493234794,28.991127930493462,21.25825064076526,52.61490148864825,normal,Normal
GPSTracker,8.222741305447492,20.709667346930342,32.1540833837306,46.049452977848425,normal,Normal
WeatherSensor,53.10393234095046,78.27823010459005,28.45782985076024,44.836259421152334,anomaly,Backdoor
SmartFridge,41.58564686627821,58.28569392251295,6.231253957726661,49.936042871736255,anomaly,DDoS
WeatherSensor,13.07779024569512,7.400972055918629,16.25854110527496,77.1819813185683,normal,Normal
SmartGarageDoor,6.545409570757214,14.412392758096166,22.961164598031814,48.69690011153426,normal,Normal
SmartFridge,81.38760269022323,52.862381542803575,3.745649491400898,49.08564084601706,anomaly,Password
GPSTracker,44.223816439836774,66.57446741566,33.373135065033054,32.19324315275679,anomaly,Backdoor
SmartGarageDoor,45.55580840531919,85.69314058780122,16.25398367388855,48.732774483482714,anomaly,Backdoor
SmartFridge,69.99480167812024,80.89663057072565,5.2065556222617175,59.85336385467656,anomaly,Backdoor
WeatherSensor,90.60879725640825,67.38101928730434,302.37289843824567,65.44135954828909,anomaly,Injection
SmartFridge,59.308117079290774,56.85248601562761,3.0119461087363577,53.7788875373823,anomaly,DDoS
GPSTracker,8.513181492644133,16.15761326122194,33.71549014654859,18.762901676706885,normal,Normal
SmartGarageDoor,74.60257854731779,92.38844882679128,15.697377684953706,56.652348040895276,anomaly,Backdoor
GPSTracker,60.50164319804116,78.64071895792331,43.95385458937872,25.88822994781514,anomaly,DDoS
SmartFridge,86.49978116527203,93.25004534826155,4.598949499129014,48.78421501564992,anomaly,Backdoor
SmartGarageDoor,41.7582643558,81.36714302667792,18.36438787379744,54.675364602951106,anomaly,Password
WeatherSensor,14.263221207968913,19.558762526508815,28.04373405358085,69.73873947258676,normal,Normal
SmartGarageDoor,91.30308688041643,80.63500486326235,18.112296451311796,53.74123337544647,anomaly,Backdoor
GPSTracker,62.24925144868309,64.81494102132527,42.465942591028806,16.092733233628262,anomaly,Password
SmartFridge,12.96059504013761,24.961121064192195,6.205779792308676,50.36525497498174,normal,Normal
WeatherSensor,58.559137980543426,86.0749760453493,-71.7775842773025,54.278739710415365,anomaly,Injection
GPSTracker,4.564625492659349,9.544519857953162,30.24129269303622,47.47795503510425,normal,Normal
SmartGarageDoor,1.7476166763973893,12.547833125145385,20.251602644680858,53.27099037121024,normal,Normal
SmartGarageDoor,86.08926407932326,55.7759128205375,23.412977081649082,43.28906998541745,anomaly,Injection
WeatherSensor,82.82568655720365,63.78316546792954,-47.52044576347325,60.19166298836434,anomaly,Injection
SmartGarageDoor,10.115486555837355,27.320052547832333,22.274418160301952,41.97314166350629,normal,Normal
WeatherSensor,87.21407902096149,67.12701066915817,32.924734904954164,63.39942050991016,anomaly,Backdoor
SmartFridge,46.205127123663466,90.4544306714248,7.707940089754631,45.903901902663634,anomaly,Injection
SmartFridge,45.56061833628387,62.3990345364764,4.318495048608108,51.55081010671122,anomaly,Backdoor
SmartFridge,11.2665491066062,18.55934698369508,6.079116213273363,43.9094453670815,normal,Normal
SmartGarageDoor,60.864713346261524,82.78554628882637,17.57817289409283,50.93380868379798,anomaly,Backdoor
GPSTracker,51.87519789577338,88.84647398455834,44.06851356201515,28.28761329314057,anomaly,DDoS
SmartFridge,66.9673677500699,76.0869260579355,4.690272569545808,47.45463317150988,anomaly,Backdoor
GPSTracker,89.80460897177537,61.48898260670762,43.27173324868522,12.095092441120144,anomaly,DDoS
SmartFridge,91.25508330287711,85.73261728003047,7.483509399047592,58.03634805028274,anomaly,Backdoor
SmartFridge,12.413188477944534,29.675982949654713,2.7930700481532384,55.126364149357855,normal,Normal
SmartFridge,5.250392196218623,11.934377322113066,2.215371632237739,48.343500316280036,normal,Normal
SmartGarageDoor,76.782789953937,88.98408323121478,20.031781778087357,46.265641552004475,anomaly,Injection
GPSTracker,93.51834786494436,93.44342759242511,44.14202957014456,18.13344915762148,anomaly,Injection
SmartGarageDoor,65.88110021525638,57.47297993219779,15.010075975079683,47.84686140497933,anomaly,DDoS
WeatherSensor,61.16008378858521,88.2211046440822,449.0957911156156,77.24941504828195,anomaly,Injection
SmartFridge,79.05873969546471,73.41084476171501,6.078947307317634,41.51161049455852,anomaly,Password
WeatherSensor,50.86891628351308,87.50548562254389,24.64147790595344,86.75040355518337,anomaly,Password
SmartFridge,13.908148784012862,12.265568283530332,4.740107729563999,55.33642872857063,normal,Normal
SmartGarageDoor,52.44229834970991,90.46512796871099,18.9334501437237,40.90195700397573,anomaly,Injection
WeatherSensor,52.98479764455003,70.89973515159537,15.813486019541592,32.93042629186311,anomaly,Backdoor
WeatherSensor,1.185327458695526,18.70888461258253,33.29626142151322,50.761907335265605,normal,Normal
SmartGarageDoor,60.52831021215936,94.42286607278831,24.84050605866848,46.332255176354366,anomaly,DDoS
WeatherSensor,77.62632395076328,69.38389935547582,31.192037183993452,68.68353620540782,anomaly,DDoS
GPSTracker,13.538334849555378,10.18055885465878,38.23173910154116,48.27992350659302,normal,Normal
GPSTracker,85.37366794301585,94.96310939691776,30.399957180938998,38.709774861503135,anomaly,Password
WeatherSensor,2.50548076294705,18.32874848536649,34.27794836554996,46.97155199406154,normal,Normal
SmartFridge,43.334392884343224,65.34147349944838,5.865968724018417,44.497484808700264,anomaly,Injection
SmartGarageDoor,4.0336293217101025,29.79435998383507,23.084118280145287,44.965582959821255,normal,Normal
WeatherSensor,43.66902710583125,74.85668855061202,-0.20254380693023677,84.9732232464457,anomaly,Injection
SmartFridge,89.03522718559933,73.72839661588624,6.7354842082712745,50.25246660104784,anomaly,Backdoor
WeatherSensor,43.18392620968187,63.01426879372155,464.97451536577114,44.66601410040248,anomaly,Injection
SmartFridge,53.47900481548879,70.64126012311625,7.364568028800117,41.945624159838474,anomaly,DDoS
SmartGarageDoor,88.66604205436256,92.33563637892678,19.881101871081537,53.297444640248905,anomaly,Backdoor
SmartFridge,5.243451442603913,24.585186966093946,2.704011777411434,42.394780123714646,normal,Normal
SmartGarageDoor,81.32152527587489,83.49111692806352,19.04009610443545,50.065300998337804,anomaly,Backdoor
SmartGarageDoor,90.92678411822959,62.64976363356067,23.756555394176786,55.22852147131612,anomaly,Injection
WeatherSensor,55.24682067561366,93.58001135121759,31.168513003403188,62.52234522453733,anomaly,DDoS
GPSTracker,10.851939319223126,18.881434529628525,29.520731584279545,33.27891681499679,normal,Normal
SmartFridge,42.16155659213689,66.03588154887481,3.170179873209096,57.28498654126287,anomaly,Injection
SmartFridge,13.484534362212392,7.464005639346336,4.78246557814866,48.96593241844803,normal,Normal
GPSTracker,79.59662722006833,88.57832020458659,37.129479314182554,26.033329341408287,anomaly,Injection
SmartGarageDoor,61.51492187632576,60.17609873843682,18.721059512228926,40.118802012471654,anomaly,Injection
SmartGarageDoor,96.80260730858424,58.32245545912308,21.057456561011904,55.04667444433706,anomaly,DDoS
SmartFridge,82.8765064729007,63.92277143279513,5.465932738911348,55.14407697012309,anomaly,Backdoor
SmartFridge,60.83548827052679,69.12526546478183,2.513519619325672,50.192202915633516,anomaly,Backdoor
WeatherSensor,82.86455792246161,76.09564327389894,191.4728595243318,55.92921151673798,anomaly,Injection
WeatherSensor,70.95582149982522,77.06032515586347,23.400717854439286,62.951499668482086,anomaly,Backdoor
GPSTracker,5.3215290891622145,26.158272696948437,35.57853247629501,26.741086651406608,normal,Normal
SmartFridge,11.423690761447478,26.730397033492643,7.745273817155664,57.360207177371954,normal,Normal
WeatherSensor,98.14006849308433,94.89101953891793,26.88967100031369,35.55420457675058,anomaly,Password
GPSTracker,95.05839926721114,73.29696982539751,44.355524045179074,46.58311917728525,anomaly,Backdoor
SmartFridge,5.829134738483098,19.542163117808883,7.846848735621793,40.51564749040625,normal,Normal
WeatherSensor,95.79945764993671,54.610412265114434,32.174175259006596,32.47743637373425,anomaly,Password
WeatherSensor,74.58049122564252,83.82515326761343,20.772070035149355,40.879582011241844,anomaly,DDoS
SmartFridge,94.93093046390268,67.5394965461651,2.1671165565426254,59.52259272422947,anomaly,DDoS
GPSTracker,10.330775890437303,13.08503531673132,25.969669956548852,45.51449402082645,normal,Normal
SmartGarageDoor,91.88791041873574,59.174510572469565,18.825586688875045,48.696795771573946,anomaly,Injection
SmartFridge,42.12354262880181,68.95136974512799,2.0308981966905155,52.314178993138626,anomaly,Backdoor
SmartGarageDoor,78.32358634784903,82.08171807637535,20.611229626930488,56.817025078503534,anomaly,DDoS
SmartGarageDoor,4.02054529677484,14.83237109849934,16.37737364326042,55.50448358516326,normal,Normal
WeatherSensor,4.135280844360715,25.96574084477832,29.61942122549055,74.55327439347462,normal,Normal
WeatherSensor,82.22696325064999,53.85180961424267,19.35180901129683,72.98573785233992,anomaly,DDoS
GPSTracker,80.1224724841558,79.79140399745263,31.58738110457968,30.548969287349188,anomaly,Backdoor
SmartFridge,12.767233242297689,27.52556778161206,3.8080711521970616,48.656626597479224,normal,Normal
WeatherSensor,11.405852841865867,21.675077769889135,23.480126681294045,32.85540844023409,normal,Normal
GPSTracker,1.248474712615248,28.570278306307802,39.6070215429437,34.51311780703079,normal,Normal
SmartGarageDoor,54.87086723674231,74.4335948883658,24.03867913430814,55.46645005664356,anomaly,DDoS
SmartFridge,95.13364068518536,92.53405404538066,4.5763995929281975,56.002486471862454,anomaly,DDoS
SmartGarageDoor,12.782923655503142,28.600896525626457,24.580257746826582,41.247868767672585,normal,Normal
SmartFridge,5.4299873198776245,16.127820997664358,4.9354071733784854,55.72964873071559,normal,Normal
SmartGarageDoor,90.24042589000224,66.91104126157687,24.372127011520213,41.8634329912692,anomaly,Password
SmartGarageDoor,87.70205039142138,91.32388139856789,22.93534663431645,57.05347389102996,anomaly,Injection
WeatherSensor,6.273809330357078,19.500071598649104,18.019691218979276,49.51321065313711,normal,Normal
SmartGarageDoor,63.249770046055765,81.54535552228977,16.999320187248173,59.32679340340381,anomaly,Injection
SmartFridge,69.90071651087825,92.35653428744948,4.025456732418233,56.996869503718514,anomaly,Backdoor
GPSTracker,12.372910572594336,19.692169367261485,31.605545768993952,22.33099224395778,normal,Normal
GPSTracker,5.138782745520026,17.821157553890266,41.36416521268846,11.413227328278888,normal,Normal
SmartFridge,3.8441780613677166,5.529599670499562,3.858220913308432,45.43204903068577,normal,Normal
SmartGarageDoor,56.385175825526474,76.15577496724214,23.527553827424153,50.80326371535102,anomaly,DDoS
SmartFridge,77.73295377317089,60.64037615652725,4.3649617921785655,56.97545813964139,anomaly,Injection
SmartFridge,64.7434845163632,67.98584235404601,7.932875198052882,43.56530602067854,anomaly,Password
SmartFridge,11.353001441548695,7.845550595410853,2.146894957263701,51.490023755587764,normal,Normal
SmartFridge,75.46149441679552,89.63195591481802,6.608870589715595,44.19338001929501,anomaly,Backdoor
SmartFridge,96.18635911193817,63.13780864321738,2.2180961733618036,44.38839756425048,anomaly,Backdoor
SmartFridge,53.15090367682952,55.3701101294304,2.3675657080920463,59.15969179290005,anomaly,Injection
GPSTracker,42.654614311152336,64.42588736483508,30.112367811865933,45.31350473715655,anomaly,Injection
SmartGarageDoor,71.83599546602855,69.22201850752774,20.043807829674467,55.342320012855424,anomaly,Password
SmartGarageDoor,70.06968875976139,73.35999539051237,16.491060914949603,49.38684933404761,anomaly,Password
WeatherSensor,79.07557759071625,70.40725226017997,15.644041641263238,53.08426933751709,anomaly,Password
GPSTracker,5.57195220914824,13.994335682875388,39.22606597595715,42.14174841838657,normal,Normal
SmartFridge,53.19579015539688,66.33415221141595,6.514606606005919,55.640067760792974,anomaly,DDoS
WeatherSensor,45.019948706878324,66.13819256148882,20.20698428674009,88.15625736277102,anomaly,DDoS
WeatherSensor,13.829840798787268,21.466211758044494,22.746760154320082,63.556877952842214,normal,Normal
WeatherSensor,96.04381823662439,83.26647233951056,25.1078576893157,73.92916661773369,anomaly,DDoS
WeatherSensor,77.4659180539909,77.1780895758287,222.65604288955723,74.07045444160144,anomaly,Injection
SmartGarageDoor,86.45815160341557,59.95760954257754,16.109754350534153,40.96909896544065,anomaly,Backdoor
GPSTracker,8.655846946372503,13.524168195614642,43.56660233082293,36.32026856998593,normal,Normal
WeatherSensor,94.27200523375998,60.6092164043651,28.860542412828867,34.96841801863978,anomaly,Password
SmartFridge,89.93824634993392,80.49872868638113,7.00926157828588,51.62889874328661,anomaly,Injection
WeatherSensor,8.098602114580515,27.72451878214264,26.35541620939919,66.77169600104611,normal,Normal
GPSTracker,73.87440294082171,60.2853400584619,34.43076789097715,48.91297290431968,anomaly,DDoS
WeatherSensor,64.98866976347955,78.35413168716306,25.099459317635255,44.02250456326854,anomaly,DDoS
SmartFridge,12.153003117665799,18.62638358161526,2.2198167952046193,59.13554833282879,normal,Normal
WeatherSensor,10.350393141591276,25.880845372668112,27.064352513481204,30.192254429017627,normal,Normal
SmartFridge,90.41268930550486,50.80523576581257,5.656470247675867,42.75104762309017,anomaly,Backdoor
SmartGarageDoor,78.29116129065886,57.718164388337996,18.181552628704488,52.65997295838749,anomaly,DDoS
WeatherSensor,5.922987815930751,8.564932401775405,32.84000474456907,53.8553627896773,normal,Normal
SmartGarageDoor,10.026114516893552,22.30204695855168,21.98255306009565,42.90098589350874,normal,Normal
SmartFridge,1.1105277806568261,18.521308613645203,7.4744794723557275,45.821485341456835,normal,Normal
GPSTracker,1.2306124399287424,21.34435650519031,32.90329963791004,49.72597881364978,normal,Normal
GPSTracker,1.1295770269682261,21.461688515138786,36.09507058577856,31.302919922261637,normal,Normal
SmartGarageDoor,10.5051412902333,15.232927546763312,24.77994114495938,45.324364874238576,normal,Normal
SmartGarageDoor,73.9464770280684,66.05678785177882,19.72829827065,55.702421929169944,anomaly,DDoS
SmartFridge,52.46266537355643,72.55634797567383,4.0955151599620265,41.78318375894983,anomaly,Injection
SmartGarageDoor,10.732353995487157,6.684028129587691,24.543775180367774,58.89349300956156,normal,Normal
SmartGarageDoor,14.449640137191825,13.430728823271203,17.97766367176541,41.75135217309956,normal,Normal
SmartGarageDoor,76.63374165072531,81.11882439976169,16.532483278343307,48.661045034164985,anomaly,Injection
WeatherSensor,45.104633663742305,60.125082983255496,127.04524401999043,67.7175175743199,anomaly,Injection
SmartFridge,5.506984589015892,20.145538499303132,4.420222564092815,56.92819696337656,normal,Normal
SmartFridge,7.550466169926435,25.872124096127077,5.772089497007459,51.438638094585556,normal,Normal
SmartFridge,7.056465283659287,20.16841617921095,3.8619110190696713,48.95732453155941,normal,Normal
WeatherSensor,47.99943579794709,59.52913698276224,17.92142173197162,85.5690797047068,anomaly,Backdoor
WeatherSensor,82.6814418058588,60.872204890197594,18.7308408776757,42.068484345018476,anomaly,Password
WeatherSensor,77.17582504840448,65.42330870932824,30.11648150768075,79.86867392886904,anomaly,DDoS
SmartFridge,51.25767636703265,91.03409937216382,7.485270242656969,52.68491413440195,anomaly,Injection
SmartFridge,87.0661931761178,63.30601848975783,7.849405960521578,59.61355582604975,anomaly,Injection
SmartFridge,14.477157871578175,17.668984138128017,4.663010698284445,52.991279440742055,normal,Normal
WeatherSensor,4.539444975850252,21.056013917502348,32.767111239968216,31.436333536247297,normal,Normal
SmartFridge,87.11857083148516,63.08311408899971,3.5481948491239734,51.78290308344508,anomaly,Password
WeatherSensor,4.634367613212811,10.638739422219132,24.387222781263322,55.19712592222622,normal,Normal
SmartGarageDoor,11.818102116530428,24.649966995264684,16.009740341033968,56.35402169963912,normal,Normal
GPSTracker,64.41703425911882,83.38376157590102,42.455224863021904,36.876604140640126,anomaly,Backdoor
WeatherSensor,61.66789875535207,68.2272772602596,-56.17528460492529,48.60798723464423,anomaly,Injection
GPSTracker,89.34486184531303,92.55059182793414,25.097315143188155,19.45106272636074,anomaly,DDoS
GPSTracker,5.731229687544641,22.700691986934476,38.154485773648055,22.927681422940317,normal,Normal
SmartGarageDoor,80.98683963626267,84.85271555300064,22.649082760906495,40.36340698581045,anomaly,Injection
SmartFridge,10.63293541179784,21.579243997763026,3.7362415800185174,58.6671045085271,normal,Normal
WeatherSensor,97.50900647182497,87.52877469613924,18.33334750857662,63.63387801555562,anomaly,Password
SmartGarageDoor,10.024475045745714,13.10627497029946,17.384666044150777,57.2440904883482,normal,Normal
SmartGarageDoor,93.2405496343473,71.62473109926357,15.994911577127663,45.80600496176906,anomaly,DDoS
SmartGarageDoor,88.57418254735771,83.25699659232076,16.78402506757084,52.84447515511939,anomaly,DDoS
GPSTracker,13.491007825861889,23.521507385621103,29.665937247761995,15.786701910545586,normal,Normal
WeatherSensor,14.419386259399246,7.711960976619099,27.27073011554648,58.46843769139497,normal,Normal
GPSTracker,14.676575636262873,16.755229401013484,41.05213073674457,24.15256387136388,normal,Normal
SmartGarageDoor,8.925939060628323,11.213078363392412,22.52374279961544,52.23913001216784,normal,Normal
SmartFridge,78.03119515734994,58.03559947540052,6.611175010486538,59.19546312167967,anomaly,Injection
SmartGarageDoor,62.36340490092955,59.41011675160951,18.87274595631507,44.197086649971546,anomaly,Injection
SmartGarageDoor,83.65824027691919,56.40996838829379,22.934883114009104,46.559123378222424,anomaly,DDoS
SmartFridge,97.33922105102626,94.58785276738766,7.979970120754459,44.204306325479756,anomaly,DDoS
SmartFridge,7.904880880953357,23.356476341735686,5.763858733758903,50.628489789379785,normal,Normal
GPSTracker,11.660392257088656,5.934884444761952,31.70742899909572,29.526220695076848,normal,Normal
SmartFridge,7.522932241244851,15.291603861496382,3.245365292513807,47.31912151010015,normal,Normal
SmartGarageDoor,13.023283504122208,10.724831484643028,24.76985653219002,51.26842677663333,normal,Normal
SmartFridge,2.9300760079674566,25.99278131896318,4.448087382842779,57.21362613363729,normal,Normal
GPSTracker,87.46606006951177,84.64369130470129,36.559603884815445,24.86433222599791,anomaly,Backdoor
SmartFridge,50.16574292454089,62.989504112021834,3.9788725932018973,46.56369330058257,anomaly,Backdoor
WeatherSensor,14.12841763838431,17.67388410289391,29.34463012702929,83.19829837109313,normal,Normal
SmartFridge,80.37314519084896,52.856730612532964,7.045012539963192,54.05592528921882,anomaly,DDoS
GPSTracker,8.632668010067551,17.365268479332038,34.419623815025005,37.05340734207761,normal,Normal
SmartFridge,72.78825517010402,67.75854389137123,6.528070564768879,43.26610883134673,anomaly,Injection
SmartFridge,52.61685921651034,83.17952567402952,3.828605292827742,50.50989985190251,anomaly,Backdoor
WeatherSensor,5.62730384767867,14.485082482728183,20.325070000752003,49.45800028659515,normal,Normal
SmartFridge,11.841915037011017,5.044840170487567,5.915404183545956,43.56347906529881,normal,Normal
WeatherSensor,52.010611669926085,81.06817333633417,15.566575201382403,31.995258980287215,anomaly,Password
GPSTracker,57.82526104742179,64.44243214388895,26.097689248862565,47.50436479006791,anomaly,DDoS
WeatherSensor,79.85259589466004,50.058171418459416,22.442064211381663,83.49508219498586,anomaly,DDoS
SmartFridge,50.948224343973635,86.74732480213751,6.859664745014644,44.02575927616705,anomaly,DDoS
SmartFridge,5.142096231599499,13.752648843420225,6.857709022749411,52.18050329859423,normal,Normal
SmartGarageDoor,4.5387001590567415,6.87486768523904,20.30997200414718,59.030327015794576,normal,Normal
SmartGarageDoor,60.15121961078172,73.18074363447664,20.949140676574803,55.29077657130158,anomaly,Injection
WeatherSensor,81.54676015124468,92.66786123278787,31.392959883756486,67.44670642707626,anomaly,Backdoor
WeatherSensor,64.4449256261568,81.5040342891388,32.63460300443237,52.978951649137606,anomaly,DDoS
WeatherSensor,8.402299804413353,12.31992368199969,25.124097489185004,36.19495476514659,normal,Normal
SmartFridge,81.01690250041545,77.53163949573633,6.413423470435722,50.48794326608021,anomaly,Injection
SmartGarageDoor,14.276133182154508,15.136230929492044,21.114418712297873,53.13795617121448,normal,Normal
GPSTracker,68.82346359807829,81.24764214668639,31.617232336878608,16.674479146079054,anomaly,Password
WeatherSensor,13.301051266618634,11.865499633687278,34.451892710383184,85.23013529416197,normal,Normal
WeatherSensor,65.68157062324396,57.35452327934825,33.45593062353796,82.32681877182371,anomaly,Password
SmartGarageDoor,10.123179519966394,27.95387951448168,16.673993663088325,47.521475472095005,normal,Normal
SmartGarageDoor,96.18758223047791,56.69713694914276,15.75082742419127,44.86739455834909,anomaly,DDoS
SmartGarageDoor,1.1935706481392023,21.25153818151176,21.519676772829733,46.88322359972508,normal,Normal
WeatherSensor,92.96139060580184,88.70397192389134,32.03445988249085,66.11462869993997,anomaly,Password
GPSTracker,94.69004556302781,64.16543576500847,44.774873004682306,31.009016009013436,anomaly,Backdoor
WeatherSensor,93.7932606234409,65.88751680955427,20.377614899279706,59.703656073715564,anomaly,Backdoor
SmartFridge,4.47448598652679,12.884258995255545,7.782162319807199,58.57735157776733,normal,Normal
SmartFridge,8.672939455649452,7.0697760891945745,3.5804126227248005,47.42121981822677,normal,Normal
SmartGarageDoor,8.115213441137906,28.914832896977387,18.081403640314353,54.32136660315795,normal,Normal
GPSTracker,6.217805201778151,15.471593204805757,39.94392836205705,27.842083870004174,normal,Normal
GPSTracker,73.76216988100599,92.22268025657672,31.023595389318203,35.34722676429996,anomaly,Password
WeatherSensor,57.00481403760017,58.11665657511125,-72.74306911423176,47.227631345378846,anomaly,Injection
WeatherSensor,72.20850248095506,63.18058579679395,15.2816234694594,57.461618783478634,anomaly,Backdoor
SmartFridge,74.53160456321885,60.854319505588165,3.9876750794181395,54.87199225650798,anomaly,Backdoor
GPSTracker,74.03649160110716,64.65063241930925,37.03272152955326,48.29211944945762,anomaly,Backdoor
SmartFridge,86.01260151393267,53.025947393589355,7.510214959905954,48.90185144756019,anomaly,Password
GPSTracker,47.184104199090775,61.893013450915475,38.662016657410234,35.56733205126945,anomaly,Backdoor
SmartGarageDoor,12.441502075504324,11.943438107894522,16.076173003993755,54.155357605786236,normal,Normal
WeatherSensor,7.938634010636616,18.90169331940711,31.633442640667354,38.42094067649145,normal,Normal
SmartGarageDoor,4.88640130646555,17.94295254045607,19.53339989447339,46.3543097626082,normal,Normal
SmartFridge,85.61092136133706,53.21915492843577,5.3810019969966385,40.39480878079675,anomaly,Injection
SmartFridge,55.01069447240152,85.23792541027676,3.603676845012652,41.02584120510643,anomaly,Injection
GPSTracker,9.881695768205395,22.84362434598202,33.361482909400394,12.036471678691356,normal,Normal
WeatherSensor,8.600505203917582,29.838700893272605,33.68356854147189,87.79120305337261,normal,Normal
WeatherSensor,4.849379317230173,16.822529496791432,29.26558193335604,52.51635573557708,normal,Normal
SmartFridge,97.52368013276308,68.0074613521259,2.203589200928162,55.76434953162357,anomaly,DDoS
WeatherSensor,5.502657819676739,28.057665758636677,25.419417578243333,48.21636294224734,normal,Normal
SmartFridge,7.850314794716067,16.74091435488976,2.8713881389687907,54.87313283279184,normal,Normal
WeatherSensor,3.87657759396086,8.43708303739803,15.569072877761062,72.45941108767734,normal,Normal
SmartGarageDoor,64.57918901264925,94.42456276315957,16.264646538529483,50.43704114581543,anomaly,DDoS
GPSTracker,14.891090835327027,26.74510072619206,43.249401926033094,11.775857560027054,normal,Normal
SmartGarageDoor,58.11930204527428,86.22988965866165,16.625616576423162,54.97592046171383,anomaly,Backdoor
SmartFridge,94.03395634001181,65.55780758767179,2.065959237410863,46.8381378770999,anomaly,Backdoor
GPSTracker,77.6522891589797,93.38020194423527,33.32677672763106,37.32430877841251,anomaly,Password
WeatherSensor,44.87727640908417,92.57594425204508,22.06623063520002,37.32720828148377,anomaly,Backdoor
SmartGarageDoor,14.089979342562385,22.504260750403144,15.843164339309958,45.70824869759711,normal,Normal
SmartGarageDoor,43.345807888604256,88.90632324468599,19.163995546121313,51.422280326290554,anomaly,Backdoor
SmartGarageDoor,4.4640615533514225,28.183693706983068,21.68548478569287,52.70016720339916,normal,Normal
SmartGarageDoor,10.0131007644651,28.674181846403517,22.830000426095697,53.5735106040839,normal,Normal
SmartGarageDoor,79.98134714886751,53.35619247060293,21.374112296895486,47.65013796064101,anomaly,Injection
SmartGarageDoor,81.32946560089385,92.04255588392849,16.86596751468734,46.2064751238701,anomaly,Password
SmartFridge,96.91415179717964,62.8488261189318,3.3039662393355673,48.44048360657398,anomaly,Backdoor
SmartGarageDoor,90.68428144670227,51.32379554101682,19.098069677313738,44.53787008016093,anomaly,Backdoor
SmartGarageDoor,8.60473493741946,15.151750361353775,17.703435799521774,45.70759192355712,normal,Normal
WeatherSensor,75.50971552477029,58.24929031019108,7.638620463599949,51.972544487264116,anomaly,Injection
WeatherSensor,78.40700147347455,69.32885830378636,17.71233887205079,65.25752031903329,anomaly,DDoS
WeatherSensor,60.65062789412301,64.31317663883432,351.26340219484456,42.12671101920092,anomaly,Injection
GPSTracker,50.65873510188187,81.53269337559414,41.04834690582834,32.485266052840714,anomaly,Backdoor
GPSTracker,9.337638823758974,17.19800203455666,25.140385146481556,12.617942835887558,normal,Normal
SmartFridge,56.982587159939115,51.555592974290164,2.091061425097556,53.72602999876285,anomaly,Injection
SmartGarageDoor,1.785254247818013,17.23434256159355,19.153474132257088,45.06524816942715,normal,Normal
SmartFridge,10.876416002927035,7.51991635976207,5.327642166803416,53.626221307613974,normal,Normal
GPSTracker,59.64293779777136,53.074823006090725,40.4058230016235,10.636226456350064,anomaly,Injection
WeatherSensor,42.881254363001474,78.93519732682672,489.42181999544323,72.41648197770665,anomaly,Injection
SmartGarageDoor,12.424810829954085,13.797386374057478,22.307455503698826,48.18725043234751,normal,Normal
SmartGarageDoor,89.14359278184703,78.64672377491638,20.44428664703818,57.08246013922743,anomaly,Backdoor
GPSTracker,98.16752646819066,51.93044495636222,44.938556821057574,33.44154124430796,anomaly,DDoS
WeatherSensor,46.48293059089102,85.01994297152379,26.202918055432292,62.018529147445875,anomaly,Backdoor
SmartGarageDoor,89.76572500009834,70.96392674607449,21.42859533830996,42.7180216908411,anomaly,Backdoor
SmartGarageDoor,43.28654655497376,57.12675697102387,18.358182715860266,46.93931142050032,anomaly,Injection
GPSTracker,40.811246594944855,56.047094881863146,30.852562802581417,20.681359564858113,anomaly,Password
GPSTracker,90.92980931347037,68.72209096512067,34.00380147346177,29.114476147477273,anomaly,Injection
GPSTracker,4.110178472695972,6.363911306214483,37.73719040621423,41.53887236910961,normal,Normal
WeatherSensor,88.05306247508133,64.52408752294764,34.5009799743295,77.98212435835548,anomaly,Password
GPSTracker,53.2597015219835,67.20523274635376,28.500489004755305,34.46861729120338,anomaly,Injection
GPSTracker,6.791078261341696,25.546300628412258,35.16910328229357,11.411009840124082,normal,Normal
WeatherSensor,4.541667311116978,27.951747208967628,32.42479588234191,42.116058101480434,normal,Normal
SmartGarageDoor,72.00150767288797,70.23777384886645,15.258862961818895,56.30377927255027,anomaly,DDoS
WeatherSensor,68.9859406688741,51.86679648487464,18.507208355111526,60.45535395146487,anomaly,DDoS
GPSTracker,80.43889816271783,82.4355603383258,39.732805001760184,34.84267810485228,anomaly,Injection
GPSTracker,6.3453579686883,16.380823159017773,38.428253843023185,46.60885287864286,normal,Normal
GPSTracker,47.848787155132,87.26588007666754,26.745117982116845,30.037376179118034,anomaly,Injection
SmartGarageDoor,62.23411914726888,70.11834153252423,17.61424062480332,46.73499042363446,anomaly,Injection
SmartGarageDoor,67.32983568399557,51.51378862653506,21.9919893845841,52.23059065556512,anomaly,Backdoor
SmartGarageDoor,2.00446728854483,16.404271348766493,23.351034354145057,41.44651056595918,normal,Normal
SmartFridge,74.20132012367245,88.9089888613018,7.002688472220981,56.18996026947214,anomaly,Password
GPSTracker,56.9708520860013,53.945690610507164,43.78821980678782,23.525814484698273,anomaly,Password
SmartGarageDoor,86.9855266277737,60.54863363413302,16.07102412133207,52.685286241869406,anomaly,DDoS
WeatherSensor,12.80106597077141,17.807586927575276,29.11226943405245,61.35867063449136,normal,Normal
SmartFridge,64.89316854063406,85.41746975005677,6.751665539675178,50.15975093293537,anomaly,DDoS
WeatherSensor,1.8783904554770576,28.96091211220016,23.185037341049984,60.16793990253798,normal,Normal
SmartFridge,46.86918164067746,63.388160036809275,6.132554714772001,54.72697796426887,anomaly,Injection
GPSTracker,50.07783788848228,65.0666990986517,34.921376382539044,20.299921671142354,anomaly,Password
SmartFridge,63.01676376138943,50.401470700248986,4.189389119230361,48.69995993584359,anomaly,DDoS
SmartGarageDoor,45.714743773828516,87.81761110806357,18.85513721715094,58.01642634106104,anomaly,DDoS
SmartGarageDoor,80.0472117835383,72.29589966420849,19.361244193589158,41.4932391862493,anomaly,DDoS
WeatherSensor,54.58978971698975,61.513174394915055,25.649169579877626,61.97470137600676,anomaly,Password
WeatherSensor,61.2824546431239,76.3547394150282,30.19409240557887,69.89438554944195,anomaly,Backdoor
SmartGarageDoor,5.7760789120666285,6.84754651534747,23.42135814604721,53.925572831525734,normal,Normal
SmartFridge,78.53053952758162,77.1555968948062,5.319017337747765,56.038660304801496,anomaly,Backdoor
WeatherSensor,7.675535542191952,28.072352153111833,19.569461378982112,33.752858205415464,normal,Normal
WeatherSensor,69.88921656571426,66.29041451719166,16.38153967657505,61.135607751817844,anomaly,DDoS
SmartFridge,4.124746872227895,23.322536703741918,2.3961405369472137,41.128687694228056,normal,Normal
SmartGarageDoor,1.2464131437258956,13.877885853000523,22.17435118600211,52.69583741385539,normal,Normal
SmartGarageDoor,9.25753935458733,23.95249498146516,18.48142766767947,45.58508904033095,normal,Normal
WeatherSensor,97.8811134813657,87.85691109024151,19.895434434399956,32.161236025859296,anomaly,DDoS
SmartGarageDoor,3.989496365633089,26.3674294474949,23.465932218148442,57.98704809744278,normal,Normal
SmartFridge,13.376858684286145,15.833566856501445,5.9357537231439395,52.26817935547164,normal,Normal
SmartGarageDoor,8.890874947519837,18.167678572425494,18.267450515452392,54.453871181409674,normal,Normal
SmartFridge,12.460160694332478,8.96481597115032,7.895585839753747,58.669972742575666,normal,Normal
WeatherSensor,13.448200826128401,11.9733823340652,29.060008739647724,41.84258208510951,normal,Normal
WeatherSensor,7.908621790519336,6.241258238522411,32.21580920096947,78.33464257832134,normal,Normal
SmartGarageDoor,4.6902721701472165,29.65366144695505,15.399767799203554,58.69886180807667,normal,Normal
SmartGarageDoor,10.000567176324449,29.485165964417142,22.06892404417915,47.831050201606494,normal,Normal
GPSTracker,78.27432984259576,90.24531942628141,27.296041881692112,27.96691538555781,anomaly,DDoS
WeatherSensor,14.434472478652197,19.193850908073053,34.84903135349661,33.9488067140313,normal,Normal
SmartFridge,74.40056711041638,84.10713586969754,2.42153929936279,42.01873098989661,anomaly,Injection
GPSTracker,47.559268264135916,79.56490787668228,30.682979953901487,40.73289939515122,anomaly,DDoS
GPSTracker,56.139481909774716,52.95540320748584,40.58386243380391,43.836250467871054,anomaly,Password
WeatherSensor,13.369192047745107,21.334865166129493,19.673833820996126,80.65346922055105,normal,Normal
GPSTracker,9.466142000401083,21.49744998974664,38.15083130680834,19.75680217443915,normal,Normal
WeatherSensor,67.81265036948638,71.79786568387615,31.5729502196136,81.21859811342415,anomaly,DDoS
WeatherSensor,7.494908920331389,20.62717495358828,25.476104748153446,49.951483538332226,normal,Normal
SmartFridge,48.484757017959936,66.9065253458118,4.254135347372943,53.15730674188646,anomaly,Injection
SmartGarageDoor,41.65779641365163,74.19086619829878,23.80637640336668,48.243248924443925,anomaly,Injection
SmartGarageDoor,59.32872972303264,82.14139709849047,23.366315467251663,40.9030191908037,anomaly,Password
SmartFridge,6.958739288390229,5.898787088158387,4.264960226241166,53.47370070780838,normal,Normal
WeatherSensor,7.8434395133052215,29.457044725855447,29.273638697144012,56.36811559315257,normal,Normal
SmartFridge,87.64422661960151,77.5207887517447,5.96515530289259,55.59480294295367,anomaly,Backdoor
GPSTracker,6.874696673747935,27.2490591765799,36.25902342831844,19.56115180137623,normal,Normal
GPSTracker,93.03452383166302,83.34641104441614,31.545856784602968,48.918399024059404,anomaly,Injection
SmartFridge,94.00079067495298,82.16510366449072,2.5512993169965315,49.14082552046697,anomaly,Password
SmartFridge,1.4220776731884126,20.880372764143864,5.478125148724915,58.121170912457146,normal,Normal
SmartFridge,74.7380000468977,90.60891521356521,7.760967425337108,43.51783407522579,anomaly,DDoS
SmartGarageDoor,9.485765851017135,14.174079474148785,21.82166836618237,50.449150944387675,normal,Normal
WeatherSensor,58.946728756299095,69.75294756022635,-34.79307342231017,54.010172253762015,anomaly,Injection
GPSTracker,1.2444281687523233,15.940705083177313,28.340058459764606,12.371365212114306,normal,Normal
SmartFridge,8.856203080242643,23.21387816029059,2.2264002336608817,48.6837019819401,normal,Normal
GPSTracker,13.452774671261455,21.511345489375532,35.58754472890304,41.683485074306816,normal,Normal
WeatherSensor,3.566673410539982,26.334904610628307,32.72770300992576,70.72885122769173,normal,Normal
WeatherSensor,49.63446824610688,53.00589881057791,446.91140015554925,63.00038452305386,anomaly,Injection
SmartFridge,3.7816441438784194,14.88500341231716,2.7973478355970522,54.10047327388495,normal,Normal
WeatherSensor,91.81035772639858,85.00451565176343,32.001533456761024,35.26311007022866,anomaly,DDoS
SmartGarageDoor,8.505641190472808,18.062990041965968,17.991015360227028,54.046244680020045,normal,Normal
GPSTracker,12.738661254596547,25.398356499690166,34.730442817117805,34.432235086304274,normal,Normal
SmartFridge,12.884534509008693,21.147407965733233,3.0038735777009515,43.62309035260399,normal,Normal
GPSTracker,55.51462911584234,76.41231801844995,42.68916483877568,44.944030843448544,anomaly,Backdoor
SmartGarageDoor,9.25017480279937,9.239125506159287,23.893571219332735,41.536338509443276,normal,Normal
WeatherSensor,90.37488552279687,50.871983620659854,33.88793561534811,49.299439604753445,anomaly,Backdoor
GPSTracker,94.4157809054599,69.6309832302801,25.26074429225153,33.08411199452935,anomaly,Password
SmartGarageDoor,45.10140548503204,58.47184559317473,19.96622067385985,50.62021675436272,anomaly,Password
SmartGarageDoor,89.08993309924887,73.08562304112078,24.436289373409814,59.69638271163713,anomaly,Injection
SmartFridge,70.39803416439219,78.14392470614389,3.9278159567961177,41.74611022245545,anomaly,Backdoor
GPSTracker,13.275259829243439,22.753654974613347,37.4357784370192,27.182434331733837,normal,Normal
SmartGarageDoor,10.905481689486498,8.398712602980522,19.770629685041126,51.959597112425,normal,Normal
SmartFridge,3.7762716273385197,12.397774996492728,5.051963637951965,48.087120279262116,normal,Normal
WeatherSensor,75.83448041782516,60.68817746709803,26.74019083666282,64.161007421629,anomaly,Backdoor
GPSTracker,85.71823685298756,67.40217634109001,27.984751172335976,24.704450161237773,anomaly,DDoS
WeatherSensor,92.08153280520254,79.65026697251479,27.25874631102971,73.0422993176494,anomaly,Password
SmartGarageDoor,49.000304796763615,75.16213828906383,17.07053786782541,46.690636569990026,anomaly,Backdoor
SmartFridge,9.617997372244734,8.667530424919788,4.6719196756453965,51.31020018078037,normal,Normal
GPSTracker,77.01936605590465,71.20026956926625,36.43640128234124,46.972357434921946,anomaly,Password
GPSTracker,6.395726063280997,7.884052958232247,37.7303632607089,10.371068887760275,normal,Normal
SmartFridge,11.271873786931048,18.408538176991286,7.258233151572899,55.34932678736281,normal,Normal
WeatherSensor,14.763396771064606,21.17509416576726,29.308254521008855,88.25049102804992,normal,Normal
SmartGarageDoor,54.023121239974714,67.62189454903411,15.069164533458837,55.496861188001716,anomaly,Injection
SmartFridge,92.87169894422425,68.4643001762816,4.0048494306202045,49.70680665662371,anomaly,Injection
WeatherSensor,94.0000820492073,71.16634071113798,19.497542655075364,69.23366619079852,anomaly,DDoS
SmartFridge,14.367110530866949,9.505712234542372,3.062788259473792,48.254310018421414,normal,Normal
GPSTracker,76.72056081939829,67.63479762340397,32.51581334435575,22.820614448373718,anomaly,Password
SmartGarageDoor,74.44209685136876,85.70387253712374,23.077062981856336,50.266701793734654,anomaly,Password
SmartGarageDoor,41.97672397210612,63.780138915234794,24.545556914476755,51.79331331338366,anomaly,Backdoor
SmartFridge,9.267784867631107,13.684691833949534,5.810158930503857,53.90968117066182,normal,Normal
SmartFridge,40.05424209286528,57.34859294939126,4.628161869826672,45.21656339560316,anomaly,Injection
GPSTracker,54.479724992196054,71.93538278226075,32.787035721117455,36.2017329286203,anomaly,Backdoor
GPSTracker,6.642982537874307,7.300013682383548,41.39905935029016,46.92266530252795,normal,Normal
SmartGarageDoor,63.06617561190218,86.94942229355078,23.724608112495424,43.17239044260147,anomaly,Injection
SmartFridge,5.287441906833449,17.661768434130014,2.650724734410618,54.1539290864754,normal,Normal
SmartFridge,3.0076515338820062,5.559321513699606,4.856058645311947,41.027779493830664,normal,Normal
GPSTracker,59.528173190493334,83.51336546980495,44.17878018883511,47.0816888837837,anomaly,Backdoor
GPSTracker,63.53269460587699,68.86408832032517,31.997476871738566,36.597029503559746,anomaly,Backdoor
WeatherSensor,14.16659248847046,5.1091597658841845,30.308962700973943,75.44728525288735,normal,Normal
GPSTracker,61.68046390820115,56.37174190404264,28.023651674179362,20.28106066845748,anomaly,DDoS
WeatherSensor,7.523228192381877,11.329553368335574,27.138244382569745,58.88802602358989,normal,Normal
SmartFridge,2.2849025006837516,16.28104135291823,7.80789431509704,55.44326011959534,normal,Normal
WeatherSensor,76.41518526074,93.25995505339097,28.384963316749857,85.39645817396317,anomaly,Password
SmartFridge,50.805750037146765,79.19243585515649,3.644542323989983,58.121447254993555,anomaly,Injection
SmartFridge,70.6307809293555,69.02133178423922,3.7540408221510866,50.71640173789892,anomaly,DDoS
SmartFridge,6.889109118667424,5.027268085303408,2.1950753281727504,50.05091386785828,normal,Normal
SmartGarageDoor,63.56613817616311,89.15883771395484,20.995266060788815,44.24993720828831,anomaly,DDoS
GPSTracker,8.935207839979562,29.292420464255933,29.282158974293054,41.08521630178221,normal,Normal
GPSTracker,42.681344130151814,58.35087732042775,32.13340451730724,21.32410005320585,anomaly,Backdoor
GPSTracker,13.564124968092308,14.344093951976257,41.0913462332792,38.09524888264242,normal,Normal
WeatherSensor,41.20688020788211,91.48522041170227,24.081240607371544,77.84237723716447,anomaly,Backdoor
SmartGarageDoor,7.7761178483184255,17.82775787992628,15.846841641063353,58.89099201310988,normal,Normal
SmartFridge,70.266411691353,68.08226004357594,3.8497398983232864,48.9667004211851,anomaly,Backdoor
WeatherSensor,8.068180505323914,20.563636605758518,27.075529173656772,80.98864432288292,normal,Normal
GPSTracker,72.43510385062731,68.71072772931414,26.407142811949175,10.053926772622606,anomaly,Injection
SmartGarageDoor,89.29965084725838,73.26201933234887,23.634776450328125,56.82480810800416,anomaly,DDoS
SmartFridge,13.89403845432934,8.913796255055448,4.418247114805916,40.48140140275293,normal,Normal
SmartFridge,12.216886105037664,23.30130659227305,7.77411087738244,54.85308246135827,normal,Normal
SmartFridge,9.102922179094172,16.006852712935107,2.592747781723503,40.835740868467866,normal,Normal
SmartGarageDoor,10.842782683452121,16.227381940518832,24.45010530038693,55.12115492048278,normal,Normal
SmartGarageDoor,9.049106016212917,7.28166061447107,21.631628256988595,54.56191335312693,normal,Normal
WeatherSensor,81.47528438615703,83.07806479860633,388.8889143919808,61.59150134929725,anomaly,Injection
WeatherSensor,9.62126733088975,19.792917382174487,18.772693633518827,60.22748520198347,normal,Normal
SmartGarageDoor,14.63318392086727,29.963831274347353,19.606688078560683,42.88014324746811,normal,Normal
WeatherSensor,8.539257919463633,20.190006479596757,18.05175658574123,78.47625001359505,normal,Normal
WeatherSensor,49.2934848850571,82.23940509877568,23.556266552130047,47.802347832603125,anomaly,DDoS
SmartFridge,4.470074942970879,22.220219160436553,6.796034839699839,50.18445306734719,normal,Normal
SmartFridge,41.31647594682913,90.60351908867867,5.651240867003327,46.32545109887524,anomaly,Password
SmartGarageDoor,55.33217452200784,55.04759042815894,17.80429728915482,55.82962838006738,anomaly,Password
GPSTracker,9.638334355637568,13.810013156206972,26.95405605567491,31.526133960267707,normal,Normal
SmartFridge,7.880753243994928,5.939517879454205,6.692423613944758,59.221242374108314,normal,Normal
SmartGarageDoor,89.43386766290365,64.97883969899061,15.610490280683031,44.55600141635424,anomaly,Injection
SmartFridge,14.411809359256935,10.182611458041649,3.1670556547355715,50.00906931536335,normal,Normal
SmartGarageDoor,3.047767100995072,23.750152702802296,24.43263910864598,56.565673746269724,normal,Normal
SmartGarageDoor,42.376598597453885,69.2506217980644,20.216341244077,49.62654281340527,anomaly,DDoS
GPSTracker,80.16484304113672,85.46511366103366,35.777569250822324,41.55956401966795,anomaly,DDoS
WeatherSensor,82.95310152009345,62.49611591687886,24.030174229145878,38.11213051511453,anomaly,Password
GPSTracker,63.738502186000346,72.2971444985049,27.907617209253544,15.107500805737097,anomaly,Backdoor
GPSTracker,7.227354469470597,18.836482364722254,26.418647399881344,18.134785702508122,normal,Normal
WeatherSensor,10.641708845837954,19.693210763057635,19.203598347647173,30.975968136102946,normal,Normal
SmartFridge,14.364419182087808,10.808141003027476,2.62254494909876,40.19514359018468,normal,Normal
GPSTracker,68.90665442304345,71.81482423418856,42.57338679648602,38.15698324197975,anomaly,Injection
SmartGarageDoor,86.3815508996722,52.94018432945545,17.413422896501604,43.31706805475187,anomaly,DDoS
GPSTracker,97.14354036210182,94.18581120433282,29.38623484143304,24.732277224691565,anomaly,Injection
SmartGarageDoor,57.23537781356325,51.998884276406145,23.912843707287152,43.50191035263746,anomaly,DDoS
WeatherSensor,14.061292847642715,11.840692605751066,18.987128385138586,74.16812492425794,normal,Normal
SmartGarageDoor,96.41947440621698,51.64066606121239,18.048822645307368,56.34322861018066,anomaly,Injection
WeatherSensor,94.30285641596937,72.58887366423153,26.830949841639725,33.99174681657396,anomaly,Backdoor
SmartGarageDoor,6.78931120990274,23.356936623568572,18.82450306986605,58.94241994210361,normal,Normal
SmartFridge,2.68116252365244,16.41938622253243,4.125708408020435,57.00272707020662,normal,Normal
SmartGarageDoor,70.98826349101091,70.07315259737888,19.941846218282816,48.20046414968681,anomaly,Injection
SmartFridge,85.69774636178909,82.68935597478412,5.279277103512447,42.08290808776497,anomaly,DDoS
SmartGarageDoor,92.50654454421829,60.61003147356102,18.105661004922773,40.722735668038936,anomaly,Injection
SmartFridge,92.33326022388938,73.1489610389471,5.679993475432623,56.07610207277327,anomaly,DDoS
GPSTracker,6.560267384207084,25.134385724743094,39.719456612384604,21.299489828274616,normal,Normal
GPSTracker,78.81677430727697,85.3197862157381,38.235428658228436,19.617431169037566,anomaly,Injection
SmartGarageDoor,59.484262352885835,60.81161735888301,21.507621343474437,52.71565457088052,anomaly,Injection
WeatherSensor,9.257646774343533,10.783591508576773,16.101132290837903,37.75117218948511,normal,Normal
SmartFridge,14.914704320189813,28.78233694646412,7.046485204943416,46.082719511281695,normal,Normal
SmartGarageDoor,11.980826666982228,11.554213235106415,22.807552031403528,53.34191553620767,normal,Normal
SmartFridge,1.242904381898219,24.665053864211018,6.1280476068618155,55.054188480474735,normal,Normal
SmartFridge,78.15711293602344,57.0394275318872,5.797065294420802,46.43052889475029,anomaly,DDoS
WeatherSensor,4.417566525255981,14.617842285646311,24.944553755098887,35.33798280132818,normal,Normal
WeatherSensor,43.17405642493521,58.0511134807458,19.475573764124263,48.46346351989982,anomaly,DDoS
SmartFridge,55.70048269740278,84.74702235016962,2.5165731303186165,43.572410129158925,anomaly,Backdoor
WeatherSensor,91.06038222542279,50.18419081642632,329.9548965718491,81.86463137444909,anomaly,Injection
SmartFridge,93.94570005787438,54.24245367516542,6.07605937631061,50.113584339181195,anomaly,Password
WeatherSensor,65.55847170998348,56.423335647036694,15.369414873813438,42.32982180410479,anomaly,Backdoor
SmartGarageDoor,95.94191979996563,68.50448862740733,21.1360788174841,42.68005454183097,anomaly,Injection
WeatherSensor,9.192735637392467,14.02712218737029,28.33944798299078,57.11393802475015,normal,Normal
SmartFridge,71.69474790839169,51.745987122528376,6.468137119304831,43.50128696859558,anomaly,Backdoor
WeatherSensor,46.83778796908719,94.06361929959239,20.413713414172637,48.181008902783155,anomaly,DDoS
SmartFridge,12.274699209317896,28.1176558705926,3.0619584673731577,55.87764914679093,normal,Normal
SmartGarageDoor,50.37984416086658,51.01786347772939,15.452639642818282,51.63733867687098,anomaly,Injection
GPSTracker,82.5517716076577,84.58078964850954,38.19484716654205,33.40569814111903,anomaly,Backdoor
GPSTracker,2.1857068066262855,22.025999575662876,41.23375576084686,41.654778034810015,normal,Normal
GPSTracker,87.12320382924362,78.5702183648996,35.52352731074302,45.066423849040746,anomaly,Backdoor
SmartGarageDoor,45.99536524610852,66.19074805208395,18.146771831832616,45.590507731667266,anomaly,DDoS
SmartGarageDoor,11.50537687850111,8.34924547052714,22.507091195872288,47.120752929180654,normal,Normal
WeatherSensor,49.23563120742179,56.628694051836746,26.657171844562306,88.2980075362828,anomaly,Password
SmartFridge,13.180773912335281,27.93055546528369,2.3266525659160058,42.797901631121775,normal,Normal
WeatherSensor,77.30448359869936,68.57017864469546,34.961669700525604,47.7263315445712,anomaly,Password
WeatherSensor,78.00019177054423,73.0078269689599,31.82415902640081,77.21663552338174,anomaly,DDoS
SmartGarageDoor,40.08088852678921,86.31156209715853,16.01389003450669,49.02632424384149,anomaly,DDoS
WeatherSensor,11.98412411620248,8.4544352692425,22.124680595760733,40.74966627094901,normal,Normal
SmartFridge,5.431403794360595,17.485756503518655,4.8094170149922775,59.50851595746638,normal,Normal
SmartFridge,89.41430261107924,69.69984974288727,2.4617473063084736,49.159720015295164,anomaly,DDoS
SmartFridge,85.40254424550417,57.16288541192577,4.071904140439841,40.37151054589527,anomaly,Injection
WeatherSensor,42.48792330940188,93.53260547490967,23.586945669478375,46.952745116170036,anomaly,Password
SmartGarageDoor,43.27416372054743,90.21704915949799,20.605533862021773,40.855598727588806,anomaly,Injection
GPSTracker,11.730341551253156,26.357729101240118,41.912325898741756,43.997419916040485,normal,Normal
SmartFridge,56.156654755582636,59.524646429382315,4.796195587042799,47.81504958700956,anomaly,DDoS
SmartGarageDoor,55.005137318348034,66.75469319405897,20.057113957071877,41.7359577813073,anomaly,Injection
WeatherSensor,6.823157853456386,6.289587345748869,19.51400277798649,64.29473986232986,normal,Normal
GPSTracker,55.707024288879545,87.17612104668879,43.48228347846283,16.730008777394204,anomaly,Backdoor
GPSTracker,71.28956200174365,89.46470165966007,34.11997820265917,45.04916997341212,anomaly,Backdoor
SmartGarageDoor,98.84086227904683,65.95608351695768,22.981501316796383,47.38502054605326,anomaly,Backdoor
SmartGarageDoor,57.94430655440797,52.5025313521509,24.68382462154986,59.51912221185157,anomaly,DDoS
SmartFridge,1.694465503409869,11.02824483008244,6.420477010489886,43.781658215632056,normal,Normal
SmartFridge,5.461760617305476,9.463672204705135,2.5249286983009593,49.263671399719,normal,Normal
SmartGarageDoor,88.69685894548104,93.69194234283157,15.38528707466237,40.53640249144344,anomaly,Injection
WeatherSensor,58.9344564828222,53.147176611500804,32.17151388773583,69.90223290048223,anomaly,DDoS
WeatherSensor,72.75314726529146,77.77268773191392,18.89994701792294,52.763479765419845,anomaly,DDoS
SmartFridge,49.07760320637838,94.87440149317655,2.606602068236451,45.856374819997484,anomaly,DDoS
SmartGarageDoor,14.59007019361652,7.671456192873683,22.071115875755567,40.614699847918224,normal,Normal
SmartGarageDoor,42.96040375136472,87.0564203585231,21.24822914392441,46.67455269054979,anomaly,Injection
GPSTracker,2.359026901525232,29.009194544125258,31.674341493094975,20.954984143210158,normal,Normal
WeatherSensor,69.43109883147211,72.45566458828651,26.410579660403563,87.65470440582195,anomaly,Backdoor
SmartGarageDoor,13.917107367529141,18.285629723942378,19.2677112471447,56.94172259631485,normal,Normal
WeatherSensor,71.57380185715446,90.79713648568534,174.1067613256552,81.26896595893574,anomaly,Injection
GPSTracker,83.44177158936064,87.87289814314818,44.86744588940028,24.887229950462476,anomaly,DDoS
WeatherSensor,44.642887815597746,55.41182323520902,332.9459174896912,72.93737079204551,anomaly,Injection
WeatherSensor,88.65313377476707,73.03983636595102,19.404694860721644,36.52860866603256,anomaly,DDoS
GPSTracker,12.971811509681185,17.744197276434043,39.19159376629098,48.85209751890028,normal,Normal
SmartFridge,9.302037410885795,11.948127753539401,2.385491014001614,52.86895862095746,normal,Normal
SmartGarageDoor,96.18842989476504,73.01570467013451,15.826520413076416,47.08252981539529,anomaly,Injection
GPSTracker,9.334760174286084,13.384183773330903,30.307917727819856,13.11086477537291,normal,Normal
GPSTracker,84.06496279448552,89.69826761984858,39.23940783481252,28.73082449168963,anomaly,Injection
WeatherSensor,7.964313124921901,16.994306208299296,33.17388826907204,81.15789538676535,normal,Normal
GPSTracker,7.331831587482189,20.929524373581557,41.38723805911779,48.133330880786346,normal,Normal
GPSTracker,70.23721814416734,55.43771477899405,26.654613736342963,16.436312452227675,anomaly,DDoS
SmartFridge,1.1348001789705409,26.604933173010124,4.945351743926693,42.83573981692313,normal,Normal
SmartGarageDoor,9.226470269324691,6.051840688899425,20.250286921835148,56.708105746220525,normal,Normal
SmartFridge,95.94845646116613,65.41494271442102,7.2012697044209135,47.41504504414174,anomaly,Injection
GPSTracker,1.9336789481979733,21.93945375911695,36.12578153331658,31.154174916463404,normal,Normal
SmartGarageDoor,69.8430809261068,94.28656861450116,17.675835503462817,59.73355722890522,anomaly,Injection
WeatherSensor,61.71917498181777,69.51911998437416,463.90023308719685,30.501757960068726,anomaly,Injection
SmartGarageDoor,72.33496690802309,68.66816481635298,20.57570946368466,55.164333381308786,anomaly,Backdoor
SmartFridge,98.18594520945219,69.68164589156106,2.1015858182040663,46.05939836941228,anomaly,Backdoor
WeatherSensor,68.90073821334262,78.05844422941222,24.458731067936817,63.744526186925434,anomaly,Backdoor
SmartFridge,3.1380435017949067,29.22183129403905,3.97470840279159,41.97543843594951,normal,Normal
WeatherSensor,88.7542402256039,87.84709049903978,-86.27906969720497,31.303622537246177,anomaly,Injection
GPSTracker,82.66518960209757,50.152196399193585,44.82550268277173,38.53862090237454,anomaly,Password
SmartGarageDoor,3.8013407070372995,20.464908223160137,23.17603228470195,42.51416809234212,normal,Normal
GPSTracker,12.36685058403547,29.41746398304137,35.13990738581239,33.10409874157266,normal,Normal
GPSTracker,41.36375096900548,85.73138219678255,43.09657283563378,12.534270732901426,anomaly,DDoS
GPSTracker,56.110450892925044,60.81562123355605,33.06500932792089,40.82920648784713,anomaly,DDoS
SmartFridge,69.52115789477676,62.347212116479156,6.831964765328795,52.941008058368034,anomaly,DDoS
SmartGarageDoor,9.418045293367605,20.84472869413317,23.344709697005516,42.69009398315362,normal,Normal
GPSTracker,41.90910260429134,54.82661401171211,34.38559062773496,17.31330368185183,anomaly,DDoS
SmartFridge,5.402610784079922,23.436613566686923,2.3416639765758953,44.048565747131406,normal,Normal
SmartFridge,98.44836446478045,52.962078129587574,7.752605826775465,45.979536030797256,anomaly,DDoS
GPSTracker,65.68804758745077,51.438809825128885,25.02675514671382,27.546902102263452,anomaly,Password
GPSTracker,5.373099525271244,11.805820118021424,31.32179336900014,16.017722518979053,normal,Normal
SmartFridge,6.9913356757586165,6.5602667830030725,6.93335108595406,49.17205735362297,normal,Normal
WeatherSensor,7.356718308792321,16.61688266411327,23.602175705503342,78.72332928353872,normal,Normal
WeatherSensor,7.270411711350439,18.451372166780622,16.540071966111697,81.7879732548072,normal,Normal
GPSTracker,5.250536642912469,27.694049610669907,27.333507298916302,16.26904741079187,normal,Normal
SmartFridge,72.43195967654839,53.059091782902726,4.483311159243397,53.822959869152555,anomaly,Backdoor
WeatherSensor,45.0109683147623,58.75550237174858,208.2771123534144,43.75464058251805,anomaly,Injection
SmartFridge,77.07510966746675,61.845719131162454,3.58196926727487,43.6389049488094,anomaly,Backdoor
GPSTracker,9.486729777689584,24.47449306973379,41.24986461946193,10.462051034832749,normal,Normal
GPSTracker,11.984684278531528,17.242190634197677,26.3409279297003,23.971720001578607,normal,Normal
GPSTracker,40.9416340410457,90.61664829714861,34.974719422890786,34.75565763272921,anomaly,DDoS
WeatherSensor,91.70840943259311,53.08809943816006,255.64258429972915,52.442377668480084,anomaly,Injection
SmartGarageDoor,90.73997244517167,58.916064426794364,15.977885556837094,52.09243444726404,anomaly,DDoS
WeatherSensor,13.9932104583523,22.300821983530533,20.579759723898515,74.86040189104098,normal,Normal
SmartFridge,56.66415970952329,82.10797728715866,5.482640806700917,48.19804347362754,anomaly,Injection
GPSTracker,77.54528676577176,92.13977553539574,31.15582739530395,17.777184967722043,anomaly,DDoS
SmartFridge,73.99992477096106,94.44505303239688,3.7341598541059424,50.477032131004684,anomaly,Injection
WeatherSensor,94.08759104334041,54.18967356424898,386.36361908770306,82.23126565152236,anomaly,Injection
GPSTracker,75.30792437484264,66.21083908849639,26.406223619002272,10.531246656198277,anomaly,Injection
SmartFridge,2.971589117804599,24.39251468177462,4.778970466553942,54.28368058567901,normal,Normal
GPSTracker,46.8460048535854,61.16519256879304,28.95038309531727,36.62637918698995,anomaly,Password
SmartGarageDoor,52.72810995732954,61.70414652351563,16.13304038246052,58.804699893365125,anomaly,Injection
SmartFridge,6.302384008215088,9.010537571885923,5.154070183201323,41.06125321017309,normal,Normal
GPSTracker,6.398089006371074,8.802465216681814,34.822473690795235,11.923711845065226,normal,Normal
SmartGarageDoor,7.943458205561064,25.100240637941386,22.08845651490916,44.65760344515239,normal,Normal
SmartGarageDoor,44.436795359874054,89.31833234281459,22.541203437343086,52.534011268714615,anomaly,Injection
WeatherSensor,95.34797357251162,60.61206879160045,21.40260567578423,72.78757618796533,anomaly,DDoS
WeatherSensor,96.04653908461933,61.43892221043009,-83.74333719564422,49.13068479335911,anomaly,Injection
WeatherSensor,83.95673962537137,75.26047485811452,29.124553084797352,33.00691695294221,anomaly,Backdoor
SmartFridge,1.0172650659405593,15.738835292661314,7.145422736484409,40.82460669109281,normal,Normal
WeatherSensor,46.74608786653124,56.9642039100702,25.859553188735042,37.588246505794764,anomaly,Backdoor
GPSTracker,46.11917903075623,91.05926533540564,29.48732368144783,38.13001212902306,anomaly,Injection
SmartGarageDoor,7.012774968846348,24.806280157910784,17.03341815716699,58.1290921638049,normal,Normal
SmartFridge,6.192973278505684,23.81744115323089,4.36833453577252,49.05590098678239,normal,Normal
SmartGarageDoor,63.49110353000776,64.58738180984783,24.93327500135807,44.90812147917334,anomaly,DDoS
SmartFridge,58.16317673983953,78.19491140222344,4.9538706694226535,59.3713239769081,anomaly,Backdoor
SmartGarageDoor,58.37215295651126,63.667061488389905,24.465951061535634,51.76206237814603,anomaly,DDoS
GPSTracker,78.52157857562747,89.4726946289093,35.57978826727072,32.39144064813626,anomaly,DDoS
WeatherSensor,69.64012127496001,93.74451430974179,23.357912265668553,40.13197145891671,anomaly,Password
SmartFridge,78.02444703199352,85.06476100699604,7.109151279227673,42.11368144378587,anomaly,Backdoor
GPSTracker,5.168240792686783,15.774013811449349,26.719153704531337,31.876581131380327,normal,Normal
SmartFridge,78.96206932257567,87.06968833413208,7.252281962905435,50.22253344669485,anomaly,Injection
WeatherSensor,11.183831479680268,7.622825447600663,29.788748170632225,59.62133375967338,normal,Normal
SmartGarageDoor,80.76680221737206,51.38270945912835,22.058822219431907,44.87887196368407,anomaly,Backdoor
SmartGarageDoor,84.51056788506928,55.50411401734223,15.6631264204923,56.43728253329138,anomaly,Injection
SmartGarageDoor,90.90513348339394,77.0965287105308,22.688908767117,43.21630912834469,anomaly,Backdoor
SmartGarageDoor,61.30197347831289,53.29001390863133,18.250051274271843,45.72874252735961,anomaly,Backdoor
SmartGarageDoor,10.966056158269543,20.1657284795301,24.227218176725877,48.52567044886342,normal,Normal
GPSTracker,89.23623825291165,90.28992650002925,44.89930254770144,13.846460017692856,anomaly,DDoS
WeatherSensor,3.468182927445423,22.898404670936923,34.30885415352412,88.0867632243702,normal,Normal
SmartGarageDoor,12.136886652589494,6.841796111441196,21.216731752244506,43.27414071545105,normal,Normal
SmartFridge,73.746690239375,89.37194607524857,3.1637245280945097,51.41422801856389,anomaly,Injection
GPSTracker,13.57304351190716,6.478391516881677,27.07878508770673,39.71167945973616,normal,Normal
WeatherSensor,8.103698302636216,13.738916932757862,21.296009087354797,80.54185581527759,normal,Normal
GPSTracker,11.156551708173353,9.219036980450525,25.567673659362054,35.645463820711115,normal,Normal
WeatherSensor,47.13942989363037,94.62679753512333,16.347293046602122,75.95645880637707,anomaly,Password
SmartGarageDoor,46.666254803666014,63.352211049337825,19.593274548016662,57.04140736679034,anomaly,Injection
GPSTracker,56.770821306671465,65.3125135841617,33.533408622712926,22.01062898933884,anomaly,Password
WeatherSensor,48.44894466061235,61.3541576340479,32.30330665618469,51.449232675722904,anomaly,DDoS
GPSTracker,50.788852941807264,62.94052963490306,30.241049735525834,21.032034107756886,anomaly,DDoS
SmartFridge,95.80691179352993,50.14305697212321,5.472685275817329,55.36967269800928,anomaly,DDoS
WeatherSensor,4.831862759932915,12.454170997357348,18.926651706107325,88.88638569469914,normal,Normal
GPSTracker,69.77588143679475,55.388265831024405,37.419443460573426,32.669082355616325,anomaly,DDoS
SmartFridge,11.994161924606052,12.177485934269583,6.540355868172571,40.490349424868974,normal,Normal
SmartGarageDoor,46.40813176175335,92.02428487554334,19.360677858206863,44.43958846802516,anomaly,Backdoor
SmartFridge,10.037665867516157,27.54712153256872,4.217418123076986,46.738143070183874,normal,Normal
SmartGarageDoor,76.7825979679006,70.49314095400648,17.544904296478457,59.530858852071134,anomaly,DDoS
SmartGarageDoor,7.756683897885201,22.203100735326014,23.765429695521306,55.98124084889104,normal,Normal
GPSTracker,80.76475126530809,89.55671722159136,31.05456157542718,16.133410244914693,anomaly,DDoS
WeatherSensor,4.168219625843294,27.242875442924166,22.58986644440775,80.44211954735171,normal,Normal
SmartFridge,77.04464887782925,50.93123278924324,7.8949200447462236,59.90195140430632,anomaly,Injection
SmartFridge,1.43434593332944,18.95023006154806,6.949957884026392,55.04629377190125,normal,Normal
SmartGarageDoor,12.864375648527494,27.59192858711283,20.217136065483704,41.58083807380803,normal,Normal
SmartFridge,9.753647563529297,11.120010734751494,2.818422813037163,51.55149953155288,normal,Normal
GPSTracker,50.89820577180217,73.41686939681378,41.2869552480246,34.41924118086585,anomaly,Password
SmartGarageDoor,7.408158327022466,12.966739123254037,23.16486740509246,48.106137109085175,normal,Normal
GPSTracker,2.53749959343603,9.053897747615327,35.914711949041305,45.104683629039386,normal,Normal
GPSTracker,5.209111836717205,9.486067002982,25.926143235257662,43.43431520878313,normal,Normal
SmartGarageDoor,77.68107529427992,61.18688152464645,24.618154929379724,49.11125079044673,anomaly,Password
GPSTracker,93.3452402858085,93.8665226433102,43.13362266364957,30.987730620904333,anomaly,DDoS
SmartFridge,8.072115311773821,10.838739420892164,4.353396252970548,54.1182003886374,normal,Normal
SmartFridge,52.69086419135955,78.12312030919085,4.432871759798706,58.50375302049106,anomaly,Injection
SmartFridge,3.4843412198564723,29.999623736190262,4.338359659222787,49.23729539204837,normal,Normal
WeatherSensor,87.92210264340176,62.475441873085124,228.59409774560163,77.13815267792455,anomaly,Injection
SmartGarageDoor,7.386210459724326,13.118556875084076,22.00591609524729,44.81359660966216,normal,Normal
GPSTracker,62.687249988429954,60.20435868589695,30.430738828530714,37.59736869414897,anomaly,Injection
SmartGarageDoor,95.63557276824685,94.36235185764099,15.89261096289171,58.22544681667188,anomaly,Backdoor
SmartGarageDoor,4.099728041488004,15.665546079599734,19.47326355055376,58.83455932764464,normal,Normal
WeatherSensor,63.315727203384824,86.05421538591176,18.64572338494643,82.62335640833815,anomaly,Password
SmartFridge,7.139807004227784,20.89262999075151,5.514864317097581,54.323744938632956,normal,Normal
SmartFridge,60.017563736695045,63.833058640831645,6.504462039934218,47.076528239393404,anomaly,DDoS
WeatherSensor,2.4024271439723686,25.16131582239206,27.948301430906863,47.77376617291549,normal,Normal
GPSTracker,14.360312801017493,22.23592672698552,26.874775577952157,41.97573002740344,normal,Normal
SmartGarageDoor,46.107351140130504,77.80706512647942,18.562680861795876,55.322748819639315,anomaly,Injection
SmartGarageDoor,10.071633653384142,7.850077694763694,20.04788331058624,57.88104255337815,normal,Normal
WeatherSensor,14.153106733418298,19.793073675169765,32.25410363360605,50.70618542499898,normal,Normal
GPSTracker,2.4266524720973344,8.402371132756024,31.26862999066654,11.428276827512175,normal,Normal
SmartGarageDoor,96.614006627485,80.81305111452369,22.614962467643085,41.87252256218146,anomaly,DDoS
WeatherSensor,14.15288544103337,5.664659057493999,29.539598657361932,34.33399627078432,normal,Normal
SmartGarageDoor,74.776948201902,87.15413704568147,23.345411255878638,57.59849867386269,anomaly,DDoS
SmartGarageDoor,40.7745552524278,51.41331629980658,16.88698176923901,50.333793030826584,anomaly,DDoS
GPSTracker,9.49168149069397,8.286058058071484,42.857745580906865,13.09906375352126,normal,Normal
WeatherSensor,14.148087391906548,24.824202991930964,25.257985582339685,45.02232192979905,normal,Normal
WeatherSensor,10.652898809564496,8.521855831548422,21.175644106656314,47.32037851446473,normal,Normal
WeatherSensor,65.05779279417195,78.88417699408782,432.93647325111795,38.76211811709852,anomaly,Injection
SmartGarageDoor,64.38156992758175,72.32703993729456,20.249942038719926,49.563258316190456,anomaly,DDoS
SmartFridge,8.375679015933644,21.264704698465742,5.304887976343817,44.41133979902773,normal,Normal
SmartGarageDoor,50.25943867551678,66.75805299365491,23.56151742419153,44.35089101483923,anomaly,DDoS
WeatherSensor,3.8040596837403404,7.661040664600769,24.018540190419078,30.403435469031002,normal,Normal
WeatherSensor,72.09265097101584,58.473422423693044,26.31255503508661,53.2031297456907,anomaly,Password
SmartFridge,86.15184728460886,50.64861308756089,2.8298399361953885,58.34978267618932,anomaly,Backdoor
SmartFridge,68.89617809665606,84.80091675747661,6.106775675524653,49.82175473731782,anomaly,Password
SmartFridge,13.5264537260145,26.332245257051397,4.6455591484916186,47.52962491719014,normal,Normal
SmartFridge,13.333162943410365,17.518860799277427,5.550104663144725,50.456246748860565,normal,Normal
SmartFridge,73.7642574804062,94.1595807252209,2.0967392126398305,48.65576196550255,anomaly,Backdoor
SmartFridge,10.759687412870463,18.08922538899909,7.960618346546729,52.21643168056198,normal,Normal
GPSTracker,43.93920325818568,67.80574662186729,39.906251955230985,38.291421571383765,anomaly,Backdoor
GPSTracker,64.2322432522628,76.1930452126684,43.38288978294965,35.048984109038855,anomaly,DDoS
SmartGarageDoor,58.04862400906855,53.885036072985585,22.57767684880227,56.732273045715644,anomaly,DDoS
WeatherSensor,44.67081268345851,91.16903223635245,21.085290884901074,64.82266154837325,anomaly,DDoS
SmartFridge,54.02413748970033,69.86537832085037,3.15753382180402,52.99603133660202,anomaly,Password
GPSTracker,47.17487871032002,76.6604307649901,42.83179757458193,23.54401808108922,anomaly,Backdoor
WeatherSensor,1.6235604423634096,18.315216808895514,17.90365456350245,31.360390130558407,normal,Normal
WeatherSensor,93.2934267430891,54.820559718925125,206.6509596615324,43.02878860404846,anomaly,Injection
GPSTracker,8.644319782275378,7.78074528843463,37.91598137866876,42.69758391804795,normal,Normal
SmartGarageDoor,8.704864932683188,12.977116992879902,17.033791101747426,50.37184303423532,normal,Normal
WeatherSensor,7.160822365496038,9.778905180997047,25.878896616114677,73.75395133692834,normal,Normal
SmartGarageDoor,72.64858224517657,80.16228009746851,20.62330259309872,55.944672342357265,anomaly,DDoS
GPSTracker,7.719769548772997,21.658743064301397,33.8102513415007,12.905438504655024,normal,Normal
SmartGarageDoor,88.34414339160212,70.94289206022184,16.360757929829667,42.90631455246467,anomaly,Injection
GPSTracker,10.343558064741362,28.649974116157008,25.369322344929174,45.31319353254043,normal,Normal
SmartFridge,45.79016705455294,83.63472296506119,3.525600901107723,53.50242235320709,anomaly,DDoS
GPSTracker,61.591568875091944,71.90171022258107,35.432562446746054,41.46144816054606,anomaly,DDoS
SmartFridge,14.282366020536598,6.0991358462039305,5.337101224174645,52.04325875804834,normal,Normal
SmartGarageDoor,46.16898955652909,63.28872491372992,22.50336929558322,41.668192640130734,anomaly,Backdoor
GPSTracker,3.841787881678341,20.053128175156345,37.17894023899389,15.191861143563301,normal,Normal
SmartGarageDoor,72.86646112709903,90.04012842786415,19.589120355780807,53.5567459249023,anomaly,DDoS
SmartGarageDoor,51.487621178479486,88.24382666854265,15.027336300099151,48.90235863729596,anomaly,Injection
GPSTracker,11.855067206352,28.723644110997213,26.018701343375092,19.08014240251429,normal,Normal
GPSTracker,95.95807540166186,91.21866796203858,39.64356053784378,11.263716441259387,anomaly,Injection
SmartGarageDoor,12.021324158086678,22.672025029750028,16.424074121213465,46.57470895940384,normal,Normal
WeatherSensor,89.58712069848158,68.74675674773681,29.492780526738066,73.90610521939593,anomaly,DDoS
SmartGarageDoor,52.85971410614303,54.013282069421294,21.885729511293384,53.295705516262174,anomaly,Injection
SmartGarageDoor,51.72942596248178,70.08469026704509,16.652754013303475,42.289756121542226,anomaly,Injection
SmartFridge,49.953140666090476,94.89510969988683,7.632449779461398,41.31045068731734,anomaly,Injection
WeatherSensor,63.55158842521565,83.14090784283954,33.287340395234125,46.20967660680952,anomaly,Password
SmartGarageDoor,93.17058070638956,72.82540617012693,17.545497614541237,40.64339254976305,anomaly,Injection
WeatherSensor,3.9107559326112,27.877923961472902,21.55641306289361,35.447659644484546,normal,Normal
SmartGarageDoor,88.99007026187058,92.61243676178563,21.494059504516226,46.08853437499499,anomaly,DDoS
SmartFridge,96.45301555486017,62.542344654994324,4.57153536134246,40.40429606757941,anomaly,Injection
SmartGarageDoor,2.591910379882039,11.543999731649038,20.177807280652907,53.23858531931571,normal,Normal
SmartGarageDoor,87.34046621984534,68.09346992028301,21.392354405747252,41.33645089134578,anomaly,Injection
SmartGarageDoor,70.46724223405027,61.79755455248899,22.636854353415405,50.376883923331974,anomaly,Password
WeatherSensor,10.48195599185368,13.46113941292373,29.63030396781496,47.29114008272374,normal,Normal
SmartGarageDoor,93.39224728432679,90.02828970409462,23.045077879890403,50.70349845391209,anomaly,Backdoor
SmartFridge,8.117088413920957,8.239730367963814,2.4899636127455773,46.49207360314812,normal,Normal
SmartFridge,47.569880812923024,71.35938115344973,6.35134806563072,43.31954068143343,anomaly,DDoS
SmartGarageDoor,7.614411441090997,23.765113703057207,20.747911937104995,46.461323025998155,normal,Normal
SmartFridge,76.95479459741158,83.55380995120765,3.350870899607867,58.980072854354546,anomaly,Password
WeatherSensor,92.07501021390354,69.9295560827321,16.158672299656374,48.7348925675437,anomaly,DDoS
SmartGarageDoor,10.856560642299856,25.177276788893003,17.368574685087722,46.560554345382265,normal,Normal
WeatherSensor,82.9661737853574,61.61687550570847,33.2280146772437,63.758711630171646,anomaly,DDoS
SmartGarageDoor,96.30266122469062,81.22152691733046,24.004198964934908,53.811400971690574,anomaly,Backdoor
SmartGarageDoor,66.89082903354263,77.79071958127547,19.480953624948818,40.81151565477457,anomaly,Password
GPSTracker,1.9640952656055495,14.683420127618867,41.978330937228776,10.207738116654026,normal,Normal
SmartGarageDoor,47.1140457537209,61.472733731618874,23.763817832499406,58.76307099688333,anomaly,DDoS
WeatherSensor,54.097961421749005,84.37830063588372,33.48774512913617,49.05347863564189,anomaly,DDoS
SmartGarageDoor,72.63298830270429,54.22923453797744,23.55384983984967,47.23520248431652,anomaly,Backdoor
SmartFridge,81.41650321359926,73.52686103816126,6.181550241336245,59.45277190546606,anomaly,DDoS
WeatherSensor,83.40314517602712,51.73047610031064,20.58425686607996,53.90292592867836,anomaly,Backdoor
SmartFridge,11.503025619347666,18.03339955346913,7.882348882657611,53.54746690819486,normal,Normal
GPSTracker,12.825886985511822,19.91231039949561,40.473297323354146,22.283599657910656,normal,Normal
SmartGarageDoor,4.7400393847390845,5.0897238894910055,23.582999914272158,49.029193336647594,normal,Normal
WeatherSensor,88.72711384766293,85.14602407593223,32.13902818038714,67.88227188895542,anomaly,DDoS
SmartFridge,55.08284631144154,71.44045655855345,4.877435525235295,43.55177200524793,anomaly,Backdoor
SmartGarageDoor,11.69491353450986,6.15810632723648,18.8669966406608,47.94802661708748,normal,Normal
SmartGarageDoor,75.89137234909536,83.41433495105699,16.855647084988547,43.76403875492354,anomaly,Password
SmartFridge,3.644295434379386,15.682593728306314,4.138189951679953,43.592194125103546,normal,Normal
SmartGarageDoor,14.64859560295043,28.292810791345556,16.795205770470396,55.87918620677922,normal,Normal
WeatherSensor,3.728696482562736,17.60122559595331,34.018771257123525,43.31212528944176,normal,Normal
GPSTracker,74.87958745229808,56.94331109802063,37.03547472337607,44.9806043841939,anomaly,Backdoor
GPSTracker,9.123717719560663,18.973050221546114,35.14050337904037,47.02833416961076,normal,Normal
SmartFridge,5.259690003590295,13.721551904994138,6.810786348220019,44.856473590203294,normal,Normal
SmartFridge,5.410544889741121,14.43634556767628,7.495634493047461,53.49433537122485,normal,Normal
GPSTracker,1.6018651762714762,27.86471984502168,42.34927167484169,10.027904982664126,normal,Normal
SmartGarageDoor,46.15406998128146,68.66105341891914,21.14008695909721,58.657272875498165,anomaly,Password
GPSTracker,11.341978457244617,29.72167453344154,26.67683511847763,14.448445113532348,normal,Normal
SmartFridge,54.794895875247676,57.79536289677205,7.609010030793289,43.69680937686853,anomaly,Injection
GPSTracker,93.48576743516098,66.55471579070368,37.71584872676587,29.39847242816027,anomaly,Password
SmartGarageDoor,53.495122925925244,80.91941283791861,22.569119770237496,52.10156692010678,anomaly,Password
GPSTracker,14.626296538359984,21.59213650772044,33.719079418733514,14.641295228859757,normal,Normal
GPSTracker,41.23228215394145,77.20948235614819,43.69316361379137,45.57652256417098,anomaly,Password
WeatherSensor,13.652997508036322,15.948058539594847,34.27814301522005,30.307634881570728,normal,Normal
SmartGarageDoor,83.63470507993495,89.34267647432091,16.444579758805357,58.01814728301366,anomaly,DDoS
SmartGarageDoor,14.840694269317076,17.92861017307834,16.673182341239727,40.808818613761225,normal,Normal
WeatherSensor,7.845108401017113,17.384634114315208,25.12049720316689,58.47241190681818,normal,Normal
WeatherSensor,13.64659757863699,20.91474334496433,34.360678310287305,57.97661190321875,normal,Normal
WeatherSensor,75.82499833694763,70.89181911876719,225.0141676325627,30.797565280163283,anomaly,Injection
SmartFridge,12.173959343790557,7.882280994791592,6.470385402543783,45.31245905563352,normal,Normal
GPSTracker,13.499453481909095,9.212028267415782,31.859899717492375,33.58662825397075,normal,Normal
GPSTracker,9.735998394179017,20.95011508438144,38.50034061184215,49.815278510249954,normal,Normal
SmartGarageDoor,82.3342191533983,74.95593035469105,20.36993046995684,52.23968675608539,anomaly,DDoS
SmartGarageDoor,6.805316245116026,22.494946079139293,19.74867560263418,43.02019279771953,normal,Normal
WeatherSensor,9.873417459117311,28.658642015490628,23.491876611282468,64.41111407896622,normal,Normal
SmartFridge,12.226594622745877,19.014966466177526,2.841555871014328,46.77079480903247,normal,Normal
WeatherSensor,88.29267860059952,66.53279225080973,32.72091061305419,52.10236571051526,anomaly,Backdoor
WeatherSensor,1.0499853670127348,21.984495374893715,20.946556946023183,50.993897643980944,normal,Normal
GPSTracker,12.218666463567107,20.482128020035844,33.27869031216133,20.85584485118604,normal,Normal
WeatherSensor,45.03642672343446,85.48445181488397,31.729940572780006,52.03979665946188,anomaly,DDoS
GPSTracker,69.37333413175256,83.79379127516714,36.95377330178866,24.549674921508867,anomaly,Injection
SmartFridge,78.92695800285027,84.08946300225452,3.2731567943483166,41.111289232003465,anomaly,Injection
SmartGarageDoor,59.08215996960567,73.71224798879625,22.794463277483878,47.792166072084314,anomaly,Backdoor
GPSTracker,73.50967097814697,67.36518345712963,33.775266635305066,24.98036950736781,anomaly,DDoS
SmartGarageDoor,48.489632858843294,77.31939098687056,17.675056240128896,44.3536478340061,anomaly,Injection
SmartFridge,14.695321107208366,19.837260776487966,6.976009504776073,48.219791469525504,normal,Normal
GPSTracker,2.798245616894776,23.13589818778249,40.4537712579516,47.41036881673124,normal,Normal
SmartGarageDoor,10.981071679349236,20.073747959566752,20.703016062880444,57.25963047986498,normal,Normal
SmartFridge,89.80843423768187,57.16751789759941,7.367807432030605,41.39439766978013,anomaly,Password
SmartGarageDoor,3.808911398511256,11.315722605610038,23.273442074516463,57.133931234841135,normal,Normal
SmartGarageDoor,12.083082437953317,25.97069600073706,20.350839232277043,50.56420087254684,normal,Normal
GPSTracker,3.793020006604764,25.145739368881966,29.450584036911494,26.554897366610582,normal,Normal
WeatherSensor,75.15970710623387,62.52441650085367,21.462046689296365,35.774868677948625,anomaly,Password
SmartFridge,64.5775364739513,87.74059777123523,7.4896039138173816,53.83899323350528,anomaly,DDoS
SmartGarageDoor,54.24749698615972,79.74339323021053,22.835545292037494,54.6736719346511,anomaly,DDoS
GPSTracker,92.94076686528089,71.92813744295766,39.74418566232029,16.97864241968617,anomaly,Injection
SmartGarageDoor,69.70221191708511,54.929218482744986,21.239871938222233,46.571658658250314,anomaly,DDoS
GPSTracker,8.826160446560946,13.262236656276196,29.89571576502869,17.00570274711184,normal,Normal
WeatherSensor,93.53671082340463,86.49265598554234,18.385573513628607,64.0265448196163,anomaly,Backdoor
WeatherSensor,11.118155471358525,25.462939855316424,27.51967443401745,43.54119719094914,normal,Normal
GPSTracker,90.04203341136622,90.66938742393803,40.38967975475305,40.79708945381779,anomaly,Password
GPSTracker,77.49850362865593,64.20462903731354,28.930684259405343,41.853368398707396,anomaly,Injection
SmartFridge,98.9750165924614,59.54783783527997,3.3229582584458264,42.08783304428322,anomaly,Injection
GPSTracker,68.93123617849662,83.98437502523673,34.07821554498401,38.60765705710247,anomaly,Password
SmartGarageDoor,95.99167960296866,80.53185643657625,24.211961827645336,59.653705856838826,anomaly,Injection
GPSTracker,58.19506169180828,68.11909071144225,41.62749296272762,45.83611553284136,anomaly,Injection
GPSTracker,78.75657304400224,58.63736713877392,39.75164439536984,13.140434368492171,anomaly,Backdoor
SmartGarageDoor,14.609293542310402,23.4894694403885,23.918690006475373,41.94127707970907,normal,Normal
SmartFridge,74.57220415559746,51.24637718351987,2.0532796189760756,40.463759619498646,anomaly,DDoS
WeatherSensor,3.817473562146742,6.240328878721359,34.66588184863911,32.42322068599634,normal,Normal
GPSTracker,5.28789622612661,13.312884204165115,32.70752721465434,28.276754320416018,normal,Normal
SmartGarageDoor,12.54894590647435,15.916378185053578,24.906652091429464,55.11814569666031,normal,Normal
GPSTracker,1.9951983318539246,19.97524723846341,28.76997436807396,34.238181322183365,normal,Normal
GPSTracker,93.39970014980011,64.37969456326164,42.494897868767325,27.314221908346752,anomaly,DDoS
SmartGarageDoor,65.91903582411612,50.678600509807744,22.799370968965217,53.95276723446347,anomaly,Backdoor
WeatherSensor,45.12062183010133,84.49172967675099,18.067070873643335,83.47673943067966,anomaly,Backdoor
SmartGarageDoor,64.42937442462721,92.84263563169078,21.390710405431914,54.87465608917111,anomaly,DDoS
WeatherSensor,53.08852101103961,70.80043778479669,17.17581450629481,50.5775556445313,anomaly,DDoS
SmartFridge,53.89734252021028,53.918265610770824,7.166910851906887,48.575144957642436,anomaly,Injection
SmartGarageDoor,87.97323658205266,53.49640640071137,24.665454183572052,52.45903388772539,anomaly,Injection
SmartGarageDoor,53.30640022669568,84.0304783525657,18.093623465697412,53.941435525833484,anomaly,Injection
SmartFridge,41.071314316332604,92.20747826893461,5.112550187138831,47.87680017001977,anomaly,DDoS
WeatherSensor,57.645675230652344,66.40922073297328,24.98899611824754,41.87657332503636,anomaly,Password
GPSTracker,91.5922889376912,62.76303482687422,39.48194672094775,14.407354323513463,anomaly,Injection
SmartGarageDoor,58.490872790801646,92.38452414112685,22.24468893787651,57.25026450229555,anomaly,DDoS
SmartGarageDoor,61.72373907510026,64.51746424579426,22.941271859201354,52.34577335111083,anomaly,Backdoor
SmartFridge,41.315025246020255,75.98798436671886,7.081907687867503,49.58692084694238,anomaly,DDoS
SmartFridge,91.46649831419883,84.08629595905371,5.754208003491906,46.32919829445288,anomaly,DDoS
SmartGarageDoor,84.82529634269486,78.18964193069745,22.00897121487585,54.97073143242021,anomaly,Injection
SmartGarageDoor,4.868686989156868,6.316124654114251,21.415506579771705,57.38133444068002,normal,Normal
SmartGarageDoor,9.935438982667787,23.341977968546075,23.763591680152416,47.2701061286004,normal,Normal
SmartFridge,86.95313754845331,90.84067957383473,6.649099451585436,43.02138210003061,anomaly,Password
SmartFridge,69.8924991035439,68.89840010866686,6.69616278728091,48.29414009485797,anomaly,Backdoor
WeatherSensor,40.51517714983641,85.46177110814116,17.645277206984794,57.89711294924357,anomaly,DDoS
WeatherSensor,91.85071963218596,73.80068141293253,24.576956681724837,89.29011370063927,anomaly,Backdoor
SmartFridge,82.06597216859778,85.85748912077963,6.126804189407481,47.29810725434769,anomaly,DDoS
GPSTracker,89.32340425171478,68.44930284953165,42.56627396219163,49.849879223521064,anomaly,Injection
SmartFridge,79.27209089037544,73.97043297670872,7.107508625523864,46.40038208748505,anomaly,DDoS
GPSTracker,54.92660403394477,89.07852490819536,39.921623165358994,37.31717435682967,anomaly,Backdoor
GPSTracker,86.43707732468845,83.79434534812091,43.67552657424949,20.990000237831453,anomaly,DDoS
GPSTracker,5.56242627369538,11.673998699411124,38.03820909086832,26.49868586816874,normal,Normal
WeatherSensor,13.5193607270565,17.294319372232543,33.727135316275394,33.96102792996069,normal,Normal
GPSTracker,3.0349295575692916,11.06043905688495,35.7436619232808,41.72843758605416,normal,Normal
SmartFridge,1.9530182878298397,8.96350480153695,6.2021519983745055,56.24909624193081,normal,Normal
SmartGarageDoor,88.50966840509594,62.93279817031486,17.842768460829888,43.9362220075815,anomaly,Backdoor
SmartFridge,7.0473156720223775,22.80032386274521,3.500134082953323,56.77915939690399,normal,Normal
SmartGarageDoor,55.99543721107628,62.26268394246235,17.00006627428762,45.816508329305805,anomaly,Injection
GPSTracker,54.81326210338068,55.64285460606265,29.91503257487184,48.53594167619746,anomaly,Injection
SmartFridge,13.998326533742281,13.91237132915102,7.347376943089331,58.88445808688343,normal,Normal
GPSTracker,79.9961091016163,93.30383526249865,36.79567053047385,45.15371996709821,anomaly,Backdoor
SmartGarageDoor,6.798858489411627,14.658871816064007,23.59080238792306,51.21250713388759,normal,Normal
SmartFridge,70.23837957438076,93.53275136437018,4.179497324929729,58.49681120071585,anomaly,Injection
GPSTracker,5.560725767939236,14.073570635375663,25.2890390696319,17.256114473595385,normal,Normal
GPSTracker,7.137971453264368,17.91758614910634,44.56676684650117,20.969101733653783,normal,Normal
GPSTracker,92.2476485981077,52.42686006326568,42.91250820203072,29.287575408086425,anomaly,Backdoor
WeatherSensor,3.261431679266224,16.947311808251747,23.893904851824814,59.69604366081007,normal,Normal
SmartFridge,63.84859559511952,51.35933631527684,4.549482375474925,59.11699135169861,anomaly,DDoS
WeatherSensor,4.869839024929629,21.63365098134762,29.57773861156131,84.68566394106587,normal,Normal
GPSTracker,47.89918488013926,91.39862085636523,40.989055692642694,17.2360074064672,anomaly,Injection
SmartGarageDoor,3.2339887670836864,11.439025589495554,21.852524852577602,46.02149129005995,normal,Normal
GPSTracker,43.6321005074107,54.75190024757117,26.77071665469559,31.896716915356535,anomaly,DDoS
SmartFridge,11.106090027319974,5.683318699757884,5.6664473296348135,44.5821240020651,normal,Normal
GPSTracker,46.9572254747274,94.24339020100089,29.568832613103694,35.41571016069881,anomaly,Password
GPSTracker,9.758452830643947,11.046909426381834,33.83782598328454,15.83737476591352,normal,Normal
GPSTracker,13.177329659624775,11.94429189000637,31.19392924421858,13.889418953487924,normal,Normal
SmartGarageDoor,11.746443221671196,23.188827615879262,20.199397832916738,45.16477317669205,normal,Normal
SmartFridge,95.88362509441072,52.08058887030042,2.5509340450201474,45.213377396117664,anomaly,Backdoor
WeatherSensor,5.829913486982731,29.577091702942337,23.491834892543306,60.04101149300459,normal,Normal
SmartGarageDoor,6.749841622373673,8.666962199982848,23.840032961619286,52.62080497132112,normal,Normal
SmartFridge,40.343297280632314,61.280649095973246,7.448754337500096,56.804932862527814,anomaly,DDoS
SmartFridge,43.61709768085762,57.82979603864393,3.20779193870442,41.92816668811316,anomaly,Injection
SmartGarageDoor,95.64048832332871,72.1439114653394,21.192881242448497,55.13217763720577,anomaly,DDoS
GPSTracker,13.113477033470575,8.3623963268745,26.64915504101965,49.20687196234938,normal,Normal
GPSTracker,89.08189358009074,92.55069334055577,38.2621148774027,44.270735969674554,anomaly,DDoS
SmartGarageDoor,45.94617534631814,50.01108987049847,18.215934997633624,54.23997402570339,anomaly,Backdoor
WeatherSensor,44.1642724448365,57.237402491655196,210.9399103420775,81.80465485097885,anomaly,Injection
SmartGarageDoor,55.8792511523395,65.78034904152463,16.31161628362716,50.06639636856033,anomaly,Backdoor
SmartFridge,40.25883192570277,92.3198450567127,5.995816207604665,42.08475979894228,anomaly,Injection
WeatherSensor,3.67408904977669,16.90966214217154,16.36467751966004,83.72598179733089,normal,Normal
SmartFridge,14.063054832610337,6.744695518576678,3.4185748616612677,50.50709562343826,normal,Normal
SmartFridge,2.0452524891666224,19.527567190591494,5.471883798970434,52.322469900169324,normal,Normal
SmartFridge,88.50155519967217,72.28428200021257,4.7687198506165345,58.891655381144,anomaly,Password
SmartFridge,66.00248286427218,91.55428988276115,2.599000335654173,55.25684632539907,anomaly,Injection
SmartFridge,10.49036136616694,15.698673392192093,3.81305368257339,51.533332780615744,normal,Normal
WeatherSensor,11.193061226889371,22.357226934791655,30.568768842465513,50.39894719064441,normal,Normal
WeatherSensor,14.695877866446377,5.208764191313826,25.01702090674355,74.84356205745212,normal,Normal
WeatherSensor,10.668238480283835,10.108568501613709,30.581909919859456,51.99807877804864,normal,Normal
SmartFridge,10.141497257656694,28.220239326360222,5.836471197274155,50.80630554849978,normal,Normal
SmartFridge,7.056893069473945,26.809695917745458,7.4109696621768615,45.10892263522942,normal,Normal
WeatherSensor,14.791015845593934,13.336991209625891,15.326353906058255,83.83581366502973,normal,Normal
SmartGarageDoor,56.95176798779387,53.76191505024045,24.332700620896695,59.99421922581443,anomaly,Password
WeatherSensor,7.940579908400777,22.274279922382966,28.72609472467199,82.1679145780782,normal,Normal
SmartGarageDoor,46.00884224635277,63.676261555096374,19.098291854258164,57.92968049015913,anomaly,Backdoor
GPSTracker,48.76080361498883,92.12489643132525,34.930456192485465,18.25237765493094,anomaly,Backdoor
WeatherSensor,86.81137783671173,70.59175324551262,337.3290451996135,81.92984874971192,anomaly,Injection
SmartGarageDoor,11.168708322778159,23.395127575723137,18.393527399724338,53.18064682067465,normal,Normal
SmartGarageDoor,84.17460131361243,78.05499449099395,17.590333150215386,51.48952553240368,anomaly,Backdoor
GPSTracker,80.7620725825646,64.82244690997783,33.46569201319158,37.809900636704214,anomaly,Backdoor
SmartFridge,5.851044890672448,13.364022684639927,2.3693795838380645,42.81923340760656,normal,Normal
WeatherSensor,93.33504767172525,75.61558887406422,15.242136529245778,35.0283371700855,anomaly,DDoS
WeatherSensor,8.014122775353261,5.6850777272276645,25.601362452638266,36.348105667771186,normal,Normal
WeatherSensor,1.5102978066351966,11.119752003593193,27.780916555511553,83.44524805633064,normal,Normal
GPSTracker,10.45316766502825,25.186969221534415,36.0436493159529,47.30484871513368,normal,Normal
WeatherSensor,2.72528779233484,29.68965128856752,22.78662852723795,72.64160583836204,normal,Normal
SmartFridge,42.047242284462115,69.07637661959481,3.2264137030046838,49.181988360957206,anomaly,DDoS
SmartFridge,2.264570400126213,8.838287159662773,5.692886418965989,45.522324969360355,normal,Normal
SmartFridge,1.878413523464761,8.360841351270095,4.942088074334701,56.840092707332104,normal,Normal
GPSTracker,10.67360692036464,12.089195162722609,37.1698103477462,18.755217139609357,normal,Normal
SmartFridge,93.39748446249807,65.13492360092643,3.459669997405219,58.46671815663808,anomaly,DDoS
GPSTracker,96.25075398322143,92.77014701394276,41.298982034768855,44.84705242817577,anomaly,Backdoor
WeatherSensor,90.99499899033901,93.12662368183592,425.5107141543242,82.39071827447827,anomaly,Injection
WeatherSensor,82.53529419612943,92.19518015974896,385.3442898763459,41.75927135425789,anomaly,Injection
SmartGarageDoor,87.63438898380676,94.86317208313845,16.959128779489145,58.48479984233208,anomaly,Backdoor
WeatherSensor,57.74887395516685,66.37254048812093,33.27304288983905,83.98966588948187,anomaly,DDoS
SmartGarageDoor,82.79929680108607,94.56567600890966,15.73636164619275,59.49044079557363,anomaly,Backdoor
SmartGarageDoor,3.5008747771162403,15.114057060131525,20.305132540649765,54.7232502185326,normal,Normal
SmartFridge,1.5360256722903332,15.95092391686959,7.948066515370392,44.6747714093371,normal,Normal
SmartFridge,82.35169563283497,75.66923195302746,2.888822779111332,49.969288792144326,anomaly,Password
SmartFridge,97.80338483300542,70.60482826490968,7.139576988488121,49.65277861793152,anomaly,DDoS
SmartGarageDoor,3.7206957635537847,23.518087605151802,22.674998644589223,44.81611139382061,normal,Normal
SmartFridge,92.6630403966135,64.17862785059205,4.153940061656915,59.49063070550444,anomaly,Password
GPSTracker,79.39953386549621,58.933991838510735,42.5447513545989,32.29427477095463,anomaly,Backdoor
WeatherSensor,94.19549322638085,93.53536789718675,-81.99356159330779,51.60266346021177,anomaly,Injection
SmartGarageDoor,88.80998962617166,75.63620083911914,17.986734507844055,58.19687826369058,anomaly,Backdoor
WeatherSensor,92.71698396338606,55.69626229262016,-16.321791111355722,59.693527139811636,anomaly,Injection
WeatherSensor,81.72503435276127,89.08433932043334,19.78955144864947,62.844477120043216,anomaly,Password
WeatherSensor,70.02327511325879,76.37914432325246,16.796926843083703,41.91302036566454,anomaly,Password
WeatherSensor,96.85903979524431,83.593312511996,24.24330082721355,37.84279395908606,anomaly,Backdoor
SmartFridge,86.20025762736171,80.96014271911856,3.5856524042673374,40.41054481273291,anomaly,DDoS
GPSTracker,7.526291197542209,27.200610191847638,39.99111013023121,21.81811079693822,normal,Normal
SmartGarageDoor,10.762562693996824,22.433533602792174,15.220141858008983,54.11307380871975,normal,Normal
WeatherSensor,48.69876837752472,65.15891240924734,412.1904842524102,64.51888806228283,anomaly,Injection
SmartGarageDoor,14.886254570073223,16.17121318910073,19.659184778671428,49.778554642991104,normal,Normal
SmartGarageDoor,9.694753022837844,26.875254359276617,22.239516110072877,55.28178310553267,normal,Normal
SmartGarageDoor,2.237320995413613,23.308281405545838,24.154328429061987,50.45775372898915,normal,Normal
WeatherSensor,75.15569293579304,94.93966905710448,359.1612788837848,87.64788514583395,anomaly,Injection
GPSTracker,47.43672004674843,52.7154348282753,40.15642338580792,15.179183561903118,anomaly,Injection
SmartFridge,53.284461880710076,78.11612310828235,2.66686703474706,58.617030452339755,anomaly,Injection
WeatherSensor,4.871214547555719,5.57746757862496,19.897106049658568,88.21408242107117,normal,Normal
GPSTracker,9.501675899696373,8.291778739612061,43.443253301836705,38.85071406775034,normal,Normal
WeatherSensor,95.59551713198219,66.69135069070296,31.928593099042914,75.90783270974666,anomaly,DDoS
GPSTracker,73.740069815861,86.3122160035092,33.755258525738945,21.328153988488367,anomaly,Backdoor
SmartFridge,8.14776683787223,20.091237539553717,6.961910747400709,55.962405176654116,normal,Normal
WeatherSensor,97.28364254192296,85.86652030344132,15.359156002643923,30.729821602897943,anomaly,DDoS
SmartFridge,3.7059866823096326,26.451722847441022,5.429860793771064,45.881726381655724,normal,Normal
SmartGarageDoor,87.04330826550485,61.6189159819963,15.702798943447629,53.2005130937152,anomaly,Injection
WeatherSensor,50.15304964814154,82.12881428091691,20.098754893661173,35.572260899478614,anomaly,Backdoor
GPSTracker,42.581581843392705,83.26315467442203,34.51189637060249,13.149777005217768,anomaly,Injection
SmartFridge,1.2558967200503466,20.751916397689968,5.096377994163555,48.68609920682228,normal,Normal
SmartFridge,11.30109994792204,7.546629702020168,7.760455201069449,49.11166193858587,normal,Normal
SmartFridge,95.31746662323096,75.69023957221259,7.727053334157577,43.746848928513934,anomaly,Password
SmartGarageDoor,59.69545956904564,85.32218112411874,17.60062032986621,47.45596162891269,anomaly,DDoS
SmartGarageDoor,4.672499569753487,8.320204374348634,19.3172642842205,58.968184005333,normal,Normal
SmartGarageDoor,65.40116823210276,64.42836364336256,16.051559003260607,48.2486679921101,anomaly,Injection
WeatherSensor,68.2748080810022,52.4967390758334,32.73362739033691,63.318455246477946,anomaly,DDoS
SmartGarageDoor,41.20900082423315,94.65640959207289,21.755534423776464,42.80111810373738,anomaly,DDoS
WeatherSensor,62.27436683914176,75.04035350081757,32.73962442434576,76.33333930476763,anomaly,Backdoor
WeatherSensor,76.48605301839501,60.87060340500136,405.62443047847904,36.66982911112888,anomaly,Injection
SmartFridge,91.40804725265312,85.13562290345348,2.828474058771115,43.84631999062759,anomaly,Password
WeatherSensor,3.914178724188831,24.05306364373523,18.809691723795368,88.7182608022613,normal,Normal
SmartFridge,46.37820168321033,52.78355736876678,4.868094743152913,55.619955624066996,anomaly,Password
WeatherSensor,50.75514476293712,86.73008321312741,36.13548597319365,43.587857690434916,anomaly,Injection
SmartGarageDoor,72.93491264060833,67.07343431306009,19.150214589349723,57.96848457319001,anomaly,Password
GPSTracker,42.27020111159085,68.26567678741002,35.093443459909984,43.48888640119159,anomaly,Backdoor
SmartFridge,79.28334967943402,55.926859291764345,6.051839771608571,42.16752458614765,anomaly,Injection
GPSTracker,45.03208039793289,52.493990616707926,25.16730888673479,32.37538012955217,anomaly,Backdoor
SmartFridge,94.22048931771138,93.0341460400728,2.3665244816779873,44.86403716362197,anomaly,Backdoor
SmartFridge,69.80127188022459,80.52940783100598,7.532771239445696,53.15666989514993,anomaly,Backdoor
SmartGarageDoor,49.67878966431205,88.35717131202699,22.24844980623253,41.17639819135259,anomaly,Password
GPSTracker,95.56185391080571,68.71597786251502,36.14690532891736,33.199376874217904,anomaly,Backdoor
WeatherSensor,69.88134098536601,85.30329240054064,24.65772286689262,55.970342495004815,anomaly,Password
GPSTracker,5.6542173467017465,16.276803221353177,42.1284152531227,20.33800014110557,normal,Normal
WeatherSensor,14.911637344316741,26.22575091921388,20.943996128316435,49.5902992544004,normal,Normal
SmartGarageDoor,97.98644920311057,73.0287954795492,22.07141838482769,46.049114029758364,anomaly,Backdoor
SmartGarageDoor,57.72980072593988,80.98644068053491,16.61541973914008,40.831515488654645,anomaly,DDoS
SmartFridge,3.897270957766171,9.361422173650727,3.018411129667091,43.975079645204836,normal,Normal
WeatherSensor,85.73587796755555,68.33895635367836,25.724011890923407,38.20534504927186,anomaly,Password
SmartGarageDoor,96.58778660039354,74.46708421439041,17.660443741237913,55.51280228179237,anomaly,Password
WeatherSensor,45.93729605082614,91.1075086887588,18.48007304188274,62.80872596425385,anomaly,Password
SmartFridge,2.842025645087981,5.212052595812007,6.119133822802275,56.221168480969496,normal,Normal
SmartFridge,58.98917867561923,90.82003806891788,2.5529643542262863,50.51148576680595,anomaly,DDoS
GPSTracker,62.81810546503468,62.34394477270697,43.11835405668897,30.987176747325336,anomaly,DDoS
GPSTracker,5.979501376190057,14.67363887457317,28.143723031341075,27.86379196320359,normal,Normal
SmartFridge,68.7517882462642,52.789381748875854,3.8100779367043467,43.96953590699359,anomaly,DDoS
SmartGarageDoor,59.198664895146884,83.77694665216096,23.70888616266383,45.88240630346666,anomaly,Injection
SmartFridge,84.97258166476982,62.73525806325499,7.095047486781681,53.38299042689735,anomaly,Injection
WeatherSensor,14.737680884754788,10.985145974631992,25.941310785859947,77.52537360983968,normal,Normal
WeatherSensor,7.229520830743547,16.52306776212579,17.005234431246897,84.68255366141096,normal,Normal
SmartGarageDoor,3.854785649802332,7.6046274878258,15.981828375866314,48.518781209494506,normal,Normal
SmartFridge,10.291776039840032,18.970778826770854,3.6885700482328594,48.598240915984526,normal,Normal
SmartFridge,66.00837441986008,91.1728853326914,5.5095592760827525,47.84786160408074,anomaly,DDoS
GPSTracker,8.100733670823569,28.600184493739075,32.31291884612238,32.89512158708135,normal,Normal
SmartFridge,81.53895562549681,72.18929672330239,7.7109407908724314,58.24742312506066,anomaly,Injection
WeatherSensor,91.8155135258452,65.4162975999036,18.854644520054592,83.06938655913444,anomaly,DDoS
SmartFridge,7.8809665696448725,21.32523524630036,5.912649710334648,57.23997736849057,normal,Normal
SmartGarageDoor,9.356701232728057,25.86078318021957,24.7034359931715,47.08917671700459,normal,Normal
GPSTracker,77.68420726261849,86.08732863360515,41.56451379061717,29.444528436371378,anomaly,Password
WeatherSensor,14.4202658521008,24.93961713562397,34.31317287002148,41.584813358594,normal,Normal
SmartGarageDoor,45.14477267553646,77.07963660879041,21.913987340589536,55.90620793515966,anomaly,DDoS
WeatherSensor,14.655160160098438,8.990175263274981,28.110970276116852,35.71307122771197,normal,Normal
WeatherSensor,49.36878751964955,62.21206590733503,23.133100309866066,42.22076942130006,anomaly,DDoS
WeatherSensor,90.4625743646499,76.04224947517956,78.10930094132803,81.28589518924915,anomaly,Injection
WeatherSensor,4.637797469111924,22.612892110272536,15.353965526578214,85.45549945639868,normal,Normal
SmartGarageDoor,13.021001809438083,21.806870042950628,16.780959940223504,42.08964773742139,normal,Normal
GPSTracker,72.98528016903902,66.81482209839417,34.26687458073549,40.81632312796665,anomaly,Injection
SmartGarageDoor,12.216796899780356,23.517563541825545,17.519364253471846,55.8611014040139,normal,Normal
SmartFridge,65.75483712313756,74.75379836389999,3.421847981614798,53.41269261992969,anomaly,DDoS
SmartFridge,68.95452156418591,76.11323007133483,6.381011482776211,52.1233803304371,anomaly,Backdoor
GPSTracker,10.427912379206166,20.361424445339363,44.64371232454559,23.599929052733696,normal,Normal
GPSTracker,65.18621435442336,85.14600976894847,29.880868818691624,35.66294813934146,anomaly,DDoS
WeatherSensor,87.3068650327502,66.26061682442074,33.17742960749154,47.299974328262806,anomaly,DDoS
GPSTracker,3.734042387817003,16.927243097187098,44.83481729154976,10.112073741626206,normal,Normal
SmartFridge,86.36742047375597,62.46408901118491,7.0594377212945245,58.776534549946916,anomaly,Password
WeatherSensor,12.701357713785443,25.669791179027825,23.989770178012282,54.83032576083227,normal,Normal
GPSTracker,89.88319017579902,50.49689021939372,39.00495962124023,19.25722776617266,anomaly,DDoS
WeatherSensor,60.396012140117506,65.17811310073316,30.532963067719173,43.42162036880458,anomaly,DDoS
WeatherSensor,74.3342500249572,57.86662245710726,30.25142374197673,60.1546397418264,anomaly,DDoS
SmartFridge,2.961080761229124,28.18922740699331,6.220757855039277,45.9067492158416,normal,Normal
GPSTracker,80.65029622241225,84.53669814609563,33.933933351911946,28.517657614214244,anomaly,Password
SmartGarageDoor,5.378806278856354,13.440454494660083,23.234175324165925,58.56812167937356,normal,Normal
WeatherSensor,3.5043535864325284,18.93805294372203,28.68967303206406,50.76746840908487,normal,Normal
WeatherSensor,8.319182360615116,12.04819347631613,16.980635665463048,82.36784560029936,normal,Normal
GPSTracker,42.93709156187644,86.8224327711705,42.618948612187936,34.78851169614,anomaly,Password
SmartGarageDoor,10.874552335881999,24.732820823632892,17.768737029006342,59.757850325788596,normal,Normal
SmartFridge,71.0734715366321,65.35524543836266,7.492378461432986,43.20254036401813,anomaly,Backdoor
GPSTracker,50.12995454204855,55.698736555932356,31.89787050550927,45.707483562746816,anomaly,Injection
GPSTracker,5.306391967213958,13.411944462521548,30.367224245814043,24.523994277284487,normal,Normal
SmartFridge,3.1638320393323887,17.77596438629504,4.004727230118485,40.526060082468014,normal,Normal
GPSTracker,62.1291986707717,93.55779949086994,29.805092485222993,40.94088919820926,anomaly,DDoS
GPSTracker,98.47327416339394,55.3139827136804,25.059940616889975,44.854198941811156,anomaly,Injection
SmartFridge,47.7127496605826,54.614590766952716,6.760408056398839,54.45629136605304,anomaly,Backdoor
SmartFridge,62.78092334124083,66.72170995733639,6.426467479051374,52.36817786803963,anomaly,Password
SmartGarageDoor,57.19893597168161,87.94290586118073,20.21427173322527,55.639037019159645,anomaly,Backdoor
SmartGarageDoor,54.91839457734195,73.51910188387167,17.677594022155983,48.515552623276086,anomaly,DDoS
SmartFridge,94.03137023090903,80.79571761835959,7.807385555461639,51.919614126541276,anomaly,Password
SmartFridge,76.84056799389883,74.72543885603471,2.967516175466188,52.136356487945925,anomaly,DDoS
GPSTracker,3.185352602219986,27.251261315713982,39.85811256760896,23.91897654405623,normal,Normal
SmartFridge,44.31101938569228,65.21945771553415,2.007297768463677,56.427900301838974,anomaly,Backdoor
GPSTracker,58.148759005139205,72.80732678166115,34.254491164433986,27.948217142684534,anomaly,DDoS
SmartFridge,56.72599192078226,66.41346694171924,4.631986701216622,48.94545921600811,anomaly,Injection
SmartGarageDoor,13.061856723496637,26.090032033365322,20.854921025477324,47.039011493171735,normal,Normal
SmartGarageDoor,62.99684155686528,68.72908416912736,16.648775273885025,58.31477949645382,anomaly,Backdoor
SmartFridge,96.19146437231399,57.10943924024744,2.697116128365418,56.63888277263169,anomaly,Backdoor
SmartFridge,84.05407959054398,90.56211547600924,6.388573300736068,56.7809245533673,anomaly,DDoS
SmartGarageDoor,11.766908464657265,16.733438065943123,23.142123969916646,43.72811184308732,normal,Normal
WeatherSensor,55.56558216426876,87.9002400193018,18.307201292685424,63.36805000342609,anomaly,DDoS
GPSTracker,8.843789282180333,11.86890818941778,32.620028904715724,14.561506283776296,normal,Normal
SmartFridge,40.316634513770175,66.29218628382438,5.873249466144353,56.47859882437332,anomaly,Password
SmartFridge,59.53931671628044,51.29251904840258,2.0820246750317755,58.8892913662328,anomaly,Backdoor
SmartFridge,13.519654165937808,23.576253659361814,3.983049075721091,53.47096687584057,normal,Normal
SmartFridge,6.0099041483374585,11.433115836978823,4.745822859452646,41.210900727056796,normal,Normal
SmartGarageDoor,83.9060037448079,83.86440924445745,22.40498418999131,50.48657173386001,anomaly,Backdoor
SmartGarageDoor,97.67221321488879,71.81318595195839,22.59632831938256,46.350448037310336,anomaly,DDoS
SmartFridge,93.59229024087881,76.58169775070397,7.788240344066743,41.0908897502657,anomaly,DDoS
GPSTracker,89.9231802869173,51.849743603720064,39.7952738805378,43.282906752777514,anomaly,Backdoor
WeatherSensor,56.929136572504284,60.74991816634718,245.91308902697028,58.231184693833136,anomaly,Injection
SmartFridge,68.87139093388116,77.31018511040809,7.481854252802296,42.210096740254045,anomaly,Backdoor
SmartFridge,12.39165478114997,25.791373998252276,4.806276705459547,55.611682538796344,normal,Normal
SmartFridge,46.981373931283294,69.44484106516614,3.5513377742226506,45.697796594283375,anomaly,Backdoor
SmartFridge,40.34404309138093,80.30145329867736,3.9176786948165097,49.67284299283129,anomaly,Injection
GPSTracker,92.05642573661501,52.69210014435811,40.94636331117243,40.718355206005874,anomaly,Backdoor
WeatherSensor,64.1588043281219,92.05243522656167,22.344703805268118,76.77236279832681,anomaly,Backdoor
WeatherSensor,69.45180706720144,91.87909813765489,15.07979384566056,80.03000646310794,anomaly,DDoS
WeatherSensor,12.77133405514404,8.269179331601121,20.240157094541186,70.18608197548045,normal,Normal
WeatherSensor,55.52399879751686,62.02277192693213,26.937296734517723,52.158911082046764,anomaly,Password
SmartGarageDoor,12.662439953470955,10.017674285485294,16.69488931089462,52.02925012788048,normal,Normal
WeatherSensor,3.19088678052407,21.957667323065472,24.86944935063843,31.676041449002724,normal,Normal
SmartFridge,44.06749968920898,73.31294020422054,2.024055289400396,55.61824940723706,anomaly,Backdoor
GPSTracker,5.082935901984892,16.357720926947636,43.2130948140437,46.94972237786308,normal,Normal
SmartGarageDoor,78.80116290062483,69.46145259626759,21.147505470728536,44.316549494524246,anomaly,DDoS
WeatherSensor,98.52682887607709,77.86547412933629,16.21572677557382,65.91821487718508,anomaly,DDoS
GPSTracker,70.73561161188137,54.774588450227895,36.505697148150304,29.042312408583342,anomaly,Injection
SmartFridge,2.279029972545116,29.85312151236096,7.4262960849692075,40.69932661148378,normal,Normal
GPSTracker,1.930323969289989,22.573822512982684,35.31555159754113,16.684726956729268,normal,Normal
SmartFridge,89.21744616068762,81.07564508605863,5.985362353160697,57.537922139558816,anomaly,DDoS
GPSTracker,85.98791314395726,89.42686171543133,30.93072526114965,24.501395336416042,anomaly,Password
GPSTracker,12.38461951715514,23.112565528997322,30.503654434656475,20.130041304359125,normal,Normal
SmartFridge,90.67000873014436,79.96211808427122,2.22960917802964,44.53036721603263,anomaly,DDoS
WeatherSensor,47.062131286421014,66.88881917582721,16.766479889861905,63.22586702323153,anomaly,DDoS
SmartGarageDoor,82.01993995104016,59.548482896472244,24.404857065041,45.75902389959373,anomaly,Injection
WeatherSensor,92.02709013138711,94.66407252833439,437.2297878922167,57.988510235707125,anomaly,Injection
SmartFridge,98.5572346078066,59.539260862490565,3.8897844083687447,59.28137864736645,anomaly,Injection
SmartFridge,48.35523006287585,64.78152284676537,5.489130940575773,40.94991274324363,anomaly,DDoS
SmartFridge,74.69342093949238,67.87031145363954,7.223359469985636,59.804701868362415,anomaly,Backdoor
SmartFridge,59.88909248331974,87.15627988529306,3.115318937160937,52.701952641872,anomaly,Injection
SmartGarageDoor,66.48270157921036,93.36485543414184,18.960395649645502,46.966109293513405,anomaly,DDoS
SmartFridge,9.391728944195737,9.288211633808618,2.291240388466985,48.03179370046472,normal,Normal
SmartGarageDoor,2.155183747250277,17.8084425674775,16.84746655434138,47.7954810252675,normal,Normal
GPSTracker,42.72280709203812,91.18021327815748,32.592668142553336,26.860903943360906,anomaly,Backdoor
GPSTracker,1.1956287569293595,5.466972790413466,35.37766090460547,26.366195276490878,normal,Normal
WeatherSensor,79.0902467489297,58.66441498079458,20.55054267682867,53.37871484376434,anomaly,DDoS
SmartGarageDoor,83.25443841313897,63.18824677245246,23.79348150599289,44.12725365230884,anomaly,DDoS
SmartGarageDoor,46.338341615121315,56.83791839045979,21.029739564240035,47.86498920652777,anomaly,Password
GPSTracker,14.654700694712394,5.702858098497616,44.503030190948124,30.966383893915406,normal,Normal
GPSTracker,3.0434891666964794,14.32948540923901,38.39323964143924,11.274252126472879,normal,Normal
SmartFridge,10.716336665225615,18.679883732837865,6.036901235470594,50.66916921114612,normal,Normal
