2026-06-23 23:16:09,751 - main_pipeline - INFO - =================================================================
2026-06-23 23:16:09,752 - main_pipeline - INFO -   STARTING SMART CITY IoT SECURITY RESEARCH PIPELINE END-TO-END  
2026-06-23 23:16:09,752 - main_pipeline - INFO - =================================================================
2026-06-23 23:16:09,752 - main_pipeline - INFO - --- Phase 1: Checking and Bootstrapping Datasets ---
2026-06-23 23:16:09,754 - main_pipeline - INFO - --- Phase 2: Training Random Forest Classifier (IoT-23) ---
2026-06-23 23:16:09,755 - train_rf_cli - INFO - Starting Random Forest Model Training Pipeline...
2026-06-23 23:16:09,889 - preprocessing_features - INFO - Fitted new StandardScaler for IoT-23.
2026-06-23 23:16:09,893 - preprocessing_features - INFO - Fitted new LabelEncoder for IoT-23.
2026-06-23 23:16:09,897 - preprocessing_split - INFO - Splitting dataset: size=2000 rows, test_ratio=0.2.
2026-06-23 23:16:09,911 - preprocessing_split - INFO - Split complete. Train shape: (1600, 6), Test shape: (400, 6)
2026-06-23 23:16:09,912 - models_rf - INFO - Initializing Random Forest Classifier...
2026-06-23 23:16:09,912 - models_rf - INFO - Fitting Random Forest Model...
2026-06-23 23:16:10,640 - models_rf - INFO - Random Forest Test Accuracy: 100.00%
2026-06-23 23:16:10,667 - models_rf - INFO - Saving Random Forest artifacts to C:\Users\ASUS-TUF\.gemini\antigravity\scratch\SmartCity-AI-EarlyWarning-GNN\trained_models\random_forest.pkl...
2026-06-23 23:16:10,743 - train_rf_cli - INFO - Random Forest Training Pipeline execution completed successfully.
2026-06-23 23:16:10,744 - main_pipeline - INFO - --- Phase 3: Training XGBoost Classifier (CICIoT2023) ---
2026-06-23 23:16:10,744 - train_xgboost_cli - INFO - Starting XGBoost Model Training Pipeline...
2026-06-23 23:16:10,809 - preprocessing_clean - INFO - [CICIoT2023] Removed 5 duplicate rows.
2026-06-23 23:16:10,818 - preprocessing_features - INFO - Fitted new StandardScaler for CICIoT2023.
2026-06-23 23:16:10,821 - preprocessing_features - INFO - Fitted new LabelEncoder for CICIoT2023.
2026-06-23 23:16:10,823 - preprocessing_split - INFO - Splitting dataset: size=4995 rows, test_ratio=0.2.
2026-06-23 23:16:10,834 - preprocessing_split - INFO - Split complete. Train shape: (3996, 7), Test shape: (999, 7)
2026-06-23 23:16:10,835 - models_xgb - INFO - Initializing XGBoost Classifier...
2026-06-23 23:16:10,835 - models_xgb - INFO - Fitting XGBoost Model...
2026-06-23 23:16:12,166 - models_xgb - INFO - XGBoost Test Accuracy: 99.80%
2026-06-23 23:16:12,191 - models_xgb - INFO - Saving XGBoost artifacts to C:\Users\ASUS-TUF\.gemini\antigravity\scratch\SmartCity-AI-EarlyWarning-GNN\trained_models\xgboost.pkl...
2026-06-23 23:16:12,225 - train_xgboost_cli - INFO - XGBoost Training Pipeline execution completed successfully.
2026-06-23 23:16:12,226 - main_pipeline - INFO - --- Phase 4: Training GNN propagation Predictor (Topology) ---
2026-06-23 23:16:12,226 - train_gnn_cli - INFO - Starting GNN Model Training Pipeline...
2026-06-23 23:16:12,227 - gnn_train - INFO - Initializing graph builder and loading datasets...
2026-06-23 23:16:12,265 - gnn_graph_builder - INFO - Loaded graph with 100 nodes and 120 edges.
2026-06-23 23:16:18,114 - gnn_train - INFO - Beginning GNN training...
2026-06-23 23:16:18,293 - gnn_train - INFO - Epoch 1/150 | Loss: 0.570514
2026-06-23 23:16:18,409 - gnn_train - INFO - Epoch 25/150 | Loss: 0.570514
2026-06-23 23:16:18,530 - gnn_train - INFO - Epoch 50/150 | Loss: 0.570514
2026-06-23 23:16:18,643 - gnn_train - INFO - Epoch 75/150 | Loss: 0.570514
2026-06-23 23:16:18,741 - gnn_train - INFO - Epoch 100/150 | Loss: 0.570514
2026-06-23 23:16:18,931 - gnn_train - INFO - Epoch 125/150 | Loss: 0.570514
2026-06-23 23:16:19,032 - gnn_train - INFO - Epoch 150/150 | Loss: 0.570514
2026-06-23 23:16:19,039 - gnn_train - INFO - GNN Training MAE (Mean Absolute Error): 0.7473
2026-06-23 23:16:19,041 - gnn_train - INFO - Saving GNN checkpoint to C:\Users\ASUS-TUF\.gemini\antigravity\scratch\SmartCity-AI-EarlyWarning-GNN\trained_models\gnn_model.pt...
2026-06-23 23:16:19,065 - train_gnn_cli - INFO - GNN Training Pipeline execution completed successfully.
2026-06-23 23:16:19,065 - main_pipeline - INFO - --- Phase 5: Running Evaluations and Writing Reports ---
2026-06-23 23:16:19,066 - evaluate_pipeline - INFO - Initializing Evaluation and Report Generation Pipeline...
2026-06-23 23:16:19,066 - evaluate_pipeline - INFO - Generating Accuracy & Classification Reports...
2026-06-23 23:16:19,340 - preprocessing_clean - INFO - [CICIoT2023] Removed 5 duplicate rows.
2026-06-23 23:16:19,351 - preprocessing_split - INFO - Splitting dataset: size=4995 rows, test_ratio=0.2.
2026-06-23 23:16:19,362 - preprocessing_split - INFO - Split complete. Train shape: (3996, 7), Test shape: (999, 7)
2026-06-23 23:16:19,390 - preprocessing_split - INFO - Splitting dataset: size=2000 rows, test_ratio=0.2.
2026-06-23 23:16:19,397 - preprocessing_split - INFO - Split complete. Train shape: (1600, 6), Test shape: (400, 6)
2026-06-23 23:16:19,546 - evaluate_pipeline - INFO - Accuracy report written to C:\Users\ASUS-TUF\.gemini\antigravity\scratch\SmartCity-AI-EarlyWarning-GNN\results\accuracy_report.txt
2026-06-23 23:16:19,581 - evaluate_pipeline - INFO - Classification report written to C:\Users\ASUS-TUF\.gemini\antigravity\scratch\SmartCity-AI-EarlyWarning-GNN\results\classification_report.txt
2026-06-23 23:16:20,592 - evaluate_pipeline - INFO - Confusion matrix plot saved to C:\Users\ASUS-TUF\.gemini\antigravity\scratch\SmartCity-AI-EarlyWarning-GNN\results\confusion_matrix.png
2026-06-23 23:16:20,594 - evaluate_pipeline - INFO - Generating SHAP Summary Plots...
2026-06-23 23:16:20,651 - preprocessing_clean - INFO - [CICIoT2023] Removed 5 duplicate rows.
2026-06-23 23:16:20,669 - preprocessing_split - INFO - Splitting dataset: size=4995 rows, test_ratio=0.2.
2026-06-23 23:16:20,679 - preprocessing_split - INFO - Split complete. Train shape: (3996, 7), Test shape: (999, 7)
2026-06-23 23:16:28,783 - evaluate_pipeline - INFO - SHAP summary plot saved to C:\Users\ASUS-TUF\.gemini\antigravity\scratch\SmartCity-AI-EarlyWarning-GNN\results\shap_summary.png
2026-06-23 23:16:28,788 - evaluate_pipeline - INFO - Generating GNN Propagation Network Visualizations...
2026-06-23 23:16:28,794 - gnn_graph_builder - INFO - Loaded graph with 100 nodes and 120 edges.
2026-06-23 23:16:28,872 - gnn_predict - ERROR - Error loading GNN model checkpoint: Weights only load failed. This file can still be loaded, to do so you have two options, [1mdo those steps only if you trust the source of the checkpoint[0m. 
	(1) In PyTorch 2.6, we changed the default value of the `weights_only` argument in `torch.load` from `False` to `True`. Re-running `torch.load` with `weights_only` set to `False` will likely succeed, but it can result in arbitrary code execution. Do it only if you got the file from a trusted source.
	(2) Alternatively, to load with `weights_only=True` please check the recommended steps in the following error message.
	WeightsUnpickler error: Unsupported global: GLOBAL numpy._core.multiarray._reconstruct was not an allowed global by default. Please use `torch.serialization.add_safe_globals([numpy._core.multiarray._reconstruct])` or the `torch.serialization.safe_globals([numpy._core.multiarray._reconstruct])` context manager to allowlist this global if you trust this class/function.

Check the documentation of torch.load to learn more about types accepted by default with weights_only https://pytorch.org/docs/stable/generated/torch.load.html.
2026-06-23 23:16:28,873 - evaluate_pipeline - ERROR - Error during evaluation report generation: Weights only load failed. This file can still be loaded, to do so you have two options, [1mdo those steps only if you trust the source of the checkpoint[0m. 
	(1) In PyTorch 2.6, we changed the default value of the `weights_only` argument in `torch.load` from `False` to `True`. Re-running `torch.load` with `weights_only` set to `False` will likely succeed, but it can result in arbitrary code execution. Do it only if you got the file from a trusted source.
	(2) Alternatively, to load with `weights_only=True` please check the recommended steps in the following error message.
	WeightsUnpickler error: Unsupported global: GLOBAL numpy._core.multiarray._reconstruct was not an allowed global by default. Please use `torch.serialization.add_safe_globals([numpy._core.multiarray._reconstruct])` or the `torch.serialization.safe_globals([numpy._core.multiarray._reconstruct])` context manager to allowlist this global if you trust this class/function.

Check the documentation of torch.load to learn more about types accepted by default with weights_only https://pytorch.org/docs/stable/generated/torch.load.html.
2026-06-23 23:17:21,686 - main_pipeline - INFO - =================================================================
2026-06-23 23:17:21,687 - main_pipeline - INFO -   STARTING SMART CITY IoT SECURITY RESEARCH PIPELINE END-TO-END  
2026-06-23 23:17:21,687 - main_pipeline - INFO - =================================================================
2026-06-23 23:17:21,687 - main_pipeline - INFO - --- Phase 1: Checking and Bootstrapping Datasets ---
2026-06-23 23:17:21,689 - main_pipeline - INFO - --- Phase 2: Training Random Forest Classifier (IoT-23) ---
2026-06-23 23:17:21,689 - train_rf_cli - INFO - Starting Random Forest Model Training Pipeline...
2026-06-23 23:17:21,769 - preprocessing_features - INFO - Fitted new StandardScaler for IoT-23.
2026-06-23 23:17:21,771 - preprocessing_features - INFO - Fitted new LabelEncoder for IoT-23.
2026-06-23 23:17:21,773 - preprocessing_split - INFO - Splitting dataset: size=2000 rows, test_ratio=0.2.
2026-06-23 23:17:21,787 - preprocessing_split - INFO - Split complete. Train shape: (1600, 6), Test shape: (400, 6)
2026-06-23 23:17:21,787 - models_rf - INFO - Initializing Random Forest Classifier...
2026-06-23 23:17:21,788 - models_rf - INFO - Fitting Random Forest Model...
2026-06-23 23:17:22,358 - models_rf - INFO - Random Forest Test Accuracy: 100.00%
2026-06-23 23:17:22,381 - models_rf - INFO - Saving Random Forest artifacts to C:\Users\ASUS-TUF\.gemini\antigravity\scratch\SmartCity-AI-EarlyWarning-GNN\trained_models\random_forest.pkl...
2026-06-23 23:17:22,450 - train_rf_cli - INFO - Random Forest Training Pipeline execution completed successfully.
2026-06-23 23:17:22,450 - main_pipeline - INFO - --- Phase 3: Training XGBoost Classifier (CICIoT2023) ---
2026-06-23 23:17:22,450 - train_xgboost_cli - INFO - Starting XGBoost Model Training Pipeline...
2026-06-23 23:17:22,484 - preprocessing_clean - INFO - [CICIoT2023] Removed 5 duplicate rows.
2026-06-23 23:17:22,502 - preprocessing_features - INFO - Fitted new StandardScaler for CICIoT2023.
2026-06-23 23:17:22,509 - preprocessing_features - INFO - Fitted new LabelEncoder for CICIoT2023.
2026-06-23 23:17:22,512 - preprocessing_split - INFO - Splitting dataset: size=4995 rows, test_ratio=0.2.
2026-06-23 23:17:22,528 - preprocessing_split - INFO - Split complete. Train shape: (3996, 7), Test shape: (999, 7)
2026-06-23 23:17:22,529 - models_xgb - INFO - Initializing XGBoost Classifier...
2026-06-23 23:17:22,530 - models_xgb - INFO - Fitting XGBoost Model...
2026-06-23 23:17:23,895 - models_xgb - INFO - XGBoost Test Accuracy: 99.80%
2026-06-23 23:17:23,922 - models_xgb - INFO - Saving XGBoost artifacts to C:\Users\ASUS-TUF\.gemini\antigravity\scratch\SmartCity-AI-EarlyWarning-GNN\trained_models\xgboost.pkl...
2026-06-23 23:17:23,953 - train_xgboost_cli - INFO - XGBoost Training Pipeline execution completed successfully.
2026-06-23 23:17:23,955 - main_pipeline - INFO - --- Phase 4: Training GNN propagation Predictor (Topology) ---
2026-06-23 23:17:23,956 - train_gnn_cli - INFO - Starting GNN Model Training Pipeline...
2026-06-23 23:17:23,956 - gnn_train - INFO - Initializing graph builder and loading datasets...
2026-06-23 23:17:23,965 - gnn_graph_builder - INFO - Loaded graph with 100 nodes and 120 edges.
2026-06-23 23:17:30,292 - gnn_train - INFO - Beginning GNN training...
2026-06-23 23:17:30,506 - gnn_train - INFO - Epoch 1/150 | Loss: 0.075862
2026-06-23 23:17:30,670 - gnn_train - INFO - Epoch 25/150 | Loss: 0.075862
2026-06-23 23:17:30,805 - gnn_train - INFO - Epoch 50/150 | Loss: 0.075862
2026-06-23 23:17:30,944 - gnn_train - INFO - Epoch 75/150 | Loss: 0.075862
2026-06-23 23:17:31,085 - gnn_train - INFO - Epoch 100/150 | Loss: 0.075862
2026-06-23 23:17:31,238 - gnn_train - INFO - Epoch 125/150 | Loss: 0.075862
2026-06-23 23:17:31,374 - gnn_train - INFO - Epoch 150/150 | Loss: 0.075862
2026-06-23 23:17:31,384 - gnn_train - INFO - GNN Training MAE (Mean Absolute Error): 0.2527
2026-06-23 23:17:31,386 - gnn_train - INFO - Saving GNN checkpoint to C:\Users\ASUS-TUF\.gemini\antigravity\scratch\SmartCity-AI-EarlyWarning-GNN\trained_models\gnn_model.pt...
2026-06-23 23:17:31,418 - train_gnn_cli - INFO - GNN Training Pipeline execution completed successfully.
2026-06-23 23:17:31,418 - main_pipeline - INFO - --- Phase 5: Running Evaluations and Writing Reports ---
2026-06-23 23:17:31,418 - evaluate_pipeline - INFO - Initializing Evaluation and Report Generation Pipeline...
2026-06-23 23:17:31,418 - evaluate_pipeline - INFO - Generating Accuracy & Classification Reports...
2026-06-23 23:17:31,640 - preprocessing_clean - INFO - [CICIoT2023] Removed 5 duplicate rows.
2026-06-23 23:17:31,653 - preprocessing_split - INFO - Splitting dataset: size=4995 rows, test_ratio=0.2.
2026-06-23 23:17:31,664 - preprocessing_split - INFO - Split complete. Train shape: (3996, 7), Test shape: (999, 7)
2026-06-23 23:17:31,689 - preprocessing_split - INFO - Splitting dataset: size=2000 rows, test_ratio=0.2.
2026-06-23 23:17:31,697 - preprocessing_split - INFO - Split complete. Train shape: (1600, 6), Test shape: (400, 6)
2026-06-23 23:17:31,832 - evaluate_pipeline - INFO - Accuracy report written to C:\Users\ASUS-TUF\.gemini\antigravity\scratch\SmartCity-AI-EarlyWarning-GNN\results\accuracy_report.txt
2026-06-23 23:17:31,868 - evaluate_pipeline - INFO - Classification report written to C:\Users\ASUS-TUF\.gemini\antigravity\scratch\SmartCity-AI-EarlyWarning-GNN\results\classification_report.txt
2026-06-23 23:17:32,807 - evaluate_pipeline - INFO - Confusion matrix plot saved to C:\Users\ASUS-TUF\.gemini\antigravity\scratch\SmartCity-AI-EarlyWarning-GNN\results\confusion_matrix.png
2026-06-23 23:17:32,811 - evaluate_pipeline - INFO - Generating SHAP Summary Plots...
2026-06-23 23:17:32,879 - preprocessing_clean - INFO - [CICIoT2023] Removed 5 duplicate rows.
2026-06-23 23:17:32,894 - preprocessing_split - INFO - Splitting dataset: size=4995 rows, test_ratio=0.2.
2026-06-23 23:17:32,904 - preprocessing_split - INFO - Split complete. Train shape: (3996, 7), Test shape: (999, 7)
2026-06-23 23:17:43,191 - evaluate_pipeline - INFO - SHAP summary plot saved to C:\Users\ASUS-TUF\.gemini\antigravity\scratch\SmartCity-AI-EarlyWarning-GNN\results\shap_summary.png
2026-06-23 23:17:43,197 - evaluate_pipeline - INFO - Generating GNN Propagation Network Visualizations...
2026-06-23 23:17:43,202 - gnn_graph_builder - INFO - Loaded graph with 100 nodes and 120 edges.
2026-06-23 23:17:43,254 - gnn_predict - INFO - GNN model loaded successfully.
2026-06-23 23:17:43,669 - evaluate_pipeline - INFO - Propagation graph plot saved to C:\Users\ASUS-TUF\.gemini\antigravity\scratch\SmartCity-AI-EarlyWarning-GNN\results\propagation_graph.png
2026-06-23 23:17:43,670 - evaluate_pipeline - INFO - Generating Service Impact spreadsheet report...
2026-06-23 23:17:43,674 - gnn_graph_builder - INFO - Loaded graph with 100 nodes and 120 edges.
2026-06-23 23:17:43,681 - gnn_predict - INFO - GNN model loaded successfully.
2026-06-23 23:17:43,708 - impact_assets - INFO - Loaded 100 assets from criticality file.
2026-06-23 23:17:43,739 - impact_score - INFO - Loaded 56 impact weight mappings.
2026-06-23 23:17:43,764 - evaluate_pipeline - INFO - Service impact spreadsheet saved to C:\Users\ASUS-TUF\.gemini\antigravity\scratch\SmartCity-AI-EarlyWarning-GNN\results\impact_report.csv
2026-06-23 23:17:43,764 - evaluate_pipeline - INFO - Evaluation pipeline execution completed successfully. Reports stored in results/.
2026-06-23 23:17:43,765 - main_pipeline - INFO - =================================================================
2026-06-23 23:17:43,765 - main_pipeline - INFO -   PIPELINE EXECUTED SUCCESSFULLY                                
2026-06-23 23:17:43,765 - main_pipeline - INFO -   Trained Models Saved: trained_models/                         
2026-06-23 23:17:43,765 - main_pipeline - INFO -   Evaluation Reports Saved: results/                            
2026-06-23 23:17:43,766 - main_pipeline - INFO -   To launch the Dashboard:                                      
2026-06-23 23:17:43,766 - main_pipeline - INFO -      streamlit run dashboard/app.py                             
2026-06-23 23:17:43,766 - main_pipeline - INFO - =================================================================
2026-06-23 23:24:10,938 - gnn_graph_builder - INFO - Loaded graph with 100 nodes and 120 edges.
2026-06-23 23:24:11,425 - models_loader - INFO - Loaded XGBoost artifacts successfully.
2026-06-23 23:24:11,528 - models_loader - INFO - Loaded Random Forest artifacts successfully.
2026-06-23 23:24:11,704 - gnn_predict - INFO - GNN model loaded successfully.
2026-06-23 23:24:11,850 - impact_assets - INFO - Loaded 100 assets from criticality file.
2026-06-23 23:24:11,862 - impact_score - INFO - Loaded 56 impact weight mappings.
2026-06-23 23:24:11,867 - impact_assets - INFO - Loaded 100 assets from criticality file.
2026-06-23 23:24:12,294 - explainability_shap - INFO - SHAP TreeExplainer initialized for xgboost.
2026-06-23 23:24:12,525 - early_warning_risk - INFO - Risk calculated for CCTV_1: score=0.60, level=LOW
2026-06-23 23:24:34,816 - early_warning_risk - INFO - Risk calculated for CCTV_1: score=0.60, level=LOW
2026-06-23 23:26:01,926 - early_warning_risk - INFO - Risk calculated for CCTV_1: score=0.60, level=LOW
2026-06-23 23:26:04,342 - early_warning_risk - INFO - Risk calculated for CCTV_1: score=0.60, level=LOW
2026-06-23 23:26:18,661 - early_warning_risk - INFO - Risk calculated for TrafficLight_11: score=0.80, level=LOW
2026-06-23 23:26:22,469 - early_warning_risk - INFO - Risk calculated for TrafficLight_11: score=0.80, level=LOW
2026-06-23 23:26:25,937 - early_warning_risk - INFO - Risk calculated for TrafficLight_11: score=0.80, level=LOW
2026-06-23 23:26:26,228 - early_warning_risk - INFO - Risk calculated for TrafficLight_11: score=0.80, level=LOW
2026-06-23 23:26:30,179 - early_warning_risk - INFO - Risk calculated for TrafficLight_11: score=0.80, level=LOW
2026-06-23 23:26:30,845 - early_warning_risk - INFO - Risk calculated for TrafficLight_11: score=0.80, level=LOW
2026-06-23 23:26:31,134 - early_warning_risk - INFO - Risk calculated for TrafficLight_11: score=0.80, level=LOW
2026-06-23 23:26:38,784 - early_warning_risk - INFO - Risk calculated for TrafficLight_11: score=0.80, level=LOW
2026-06-23 23:26:48,247 - early_warning_risk - INFO - Risk calculated for TrafficLight_11: score=0.80, level=LOW
2026-06-23 23:26:55,986 - early_warning_risk - INFO - Risk calculated for TrafficLight_11: score=0.80, level=LOW
2026-06-23 23:27:09,698 - early_warning_risk - INFO - Risk calculated for TrafficLight_11: score=0.80, level=LOW
2026-06-23 23:27:12,373 - early_warning_risk - INFO - Risk calculated for TrafficLight_11: score=0.80, level=LOW
2026-06-23 23:32:44,609 - early_warning_risk - INFO - Risk calculated for TrafficLight_11: score=79.86, level=HIGH
2026-06-23 23:32:44,611 - early_warning_alerts - INFO - Generated 7 alerts and response items.
2026-06-23 23:33:44,354 - early_warning_risk - INFO - Risk calculated for TrafficLight_1: score=79.86, level=HIGH
2026-06-23 23:33:44,355 - early_warning_alerts - INFO - Generated 7 alerts and response items.
2026-06-23 23:53:01,063 - early_warning_risk - INFO - Risk calculated for TrafficLight_1: score=79.94, level=HIGH
2026-06-23 23:53:01,069 - early_warning_alerts - INFO - Generated 7 alerts and response items.
2026-06-23 23:53:15,471 - early_warning_risk - INFO - Risk calculated for TrafficLight_1: score=79.95, level=HIGH
2026-06-23 23:53:15,472 - early_warning_alerts - INFO - Generated 7 alerts and response items.
2026-06-23 23:53:25,832 - early_warning_risk - INFO - Risk calculated for TrafficLight_1: score=0.80, level=LOW
2026-06-24 00:01:26,778 - early_warning_risk - INFO - Risk calculated for TrafficLight_1: score=79.95, level=HIGH
2026-06-24 00:01:26,787 - early_warning_alerts - INFO - Generated 7 alerts and response items.
2026-06-24 10:21:07,720 - early_warning_risk - INFO - Risk calculated for CCTV_1: score=59.96, level=MEDIUM
2026-06-24 10:21:07,733 - early_warning_alerts - INFO - Generated 4 alerts and response items.
2026-06-24 10:21:14,672 - early_warning_risk - INFO - Risk calculated for CCTV_1: score=59.89, level=MEDIUM
2026-06-24 10:21:14,673 - early_warning_alerts - INFO - Generated 4 alerts and response items.
2026-06-24 10:22:24,327 - early_warning_risk - INFO - Risk calculated for CCTV_1: score=0.60, level=LOW
2026-06-24 10:22:45,926 - early_warning_risk - INFO - Risk calculated for CCTV_1: score=59.96, level=MEDIUM
2026-06-24 10:22:45,927 - early_warning_alerts - INFO - Generated 4 alerts and response items.
2026-06-24 14:24:42,441 - early_warning_risk - INFO - Risk calculated for CCTV_1: score=0.60, level=LOW
2026-06-24 14:29:03,130 - early_warning_risk - INFO - Risk calculated for CCTV_1: score=0.60, level=LOW
2026-06-24 14:29:16,308 - early_warning_risk - INFO - Risk calculated for CCTV_1: score=59.96, level=MEDIUM
2026-06-24 14:29:16,309 - early_warning_alerts - INFO - Generated 4 alerts and response items.
2026-06-24 14:29:22,860 - early_warning_risk - INFO - Risk calculated for CCTV_1: score=59.96, level=MEDIUM
2026-06-24 14:29:22,861 - early_warning_alerts - INFO - Generated 4 alerts and response items.
2026-06-24 14:30:56,495 - early_warning_risk - INFO - Risk calculated for CCTV_1: score=59.96, level=MEDIUM
2026-06-24 14:30:56,495 - early_warning_alerts - INFO - Generated 4 alerts and response items.
2026-06-24 14:31:01,225 - early_warning_risk - INFO - Risk calculated for CCTV_1: score=59.96, level=MEDIUM
2026-06-24 14:31:01,225 - early_warning_alerts - INFO - Generated 4 alerts and response items.
2026-06-24 14:31:01,548 - early_warning_risk - INFO - Risk calculated for CCTV_1: score=59.96, level=MEDIUM
2026-06-24 14:31:01,549 - early_warning_alerts - INFO - Generated 4 alerts and response items.
2026-06-24 14:31:02,206 - early_warning_risk - INFO - Risk calculated for CCTV_1: score=59.96, level=MEDIUM
2026-06-24 14:31:02,206 - early_warning_alerts - INFO - Generated 4 alerts and response items.
2026-06-24 14:31:12,550 - early_warning_risk - INFO - Risk calculated for CCTV_1: score=59.96, level=MEDIUM
2026-06-24 14:31:12,550 - early_warning_alerts - INFO - Generated 4 alerts and response items.
2026-06-24 14:31:12,861 - early_warning_risk - INFO - Risk calculated for CCTV_1: score=59.96, level=MEDIUM
2026-06-24 14:31:12,861 - early_warning_alerts - INFO - Generated 4 alerts and response items.
2026-06-24 14:31:14,678 - early_warning_risk - INFO - Risk calculated for CCTV_1: score=59.96, level=MEDIUM
2026-06-24 14:31:14,678 - early_warning_alerts - INFO - Generated 4 alerts and response items.
2026-06-24 14:31:16,605 - early_warning_risk - INFO - Risk calculated for CCTV_1: score=59.96, level=MEDIUM
2026-06-24 14:31:16,606 - early_warning_alerts - INFO - Generated 4 alerts and response items.
2026-06-24 14:31:20,488 - early_warning_risk - INFO - Risk calculated for CCTV_1: score=59.96, level=MEDIUM
2026-06-24 14:31:20,489 - early_warning_alerts - INFO - Generated 4 alerts and response items.
2026-06-24 14:31:23,041 - early_warning_risk - INFO - Risk calculated for CCTV_1: score=59.96, level=MEDIUM
2026-06-24 14:31:23,042 - early_warning_alerts - INFO - Generated 4 alerts and response items.
2026-06-24 14:31:23,401 - early_warning_risk - INFO - Risk calculated for CCTV_1: score=59.96, level=MEDIUM
2026-06-24 14:31:23,401 - early_warning_alerts - INFO - Generated 4 alerts and response items.
2026-06-24 14:31:24,030 - early_warning_risk - INFO - Risk calculated for CCTV_1: score=59.96, level=MEDIUM
2026-06-24 14:31:24,032 - early_warning_alerts - INFO - Generated 4 alerts and response items.
2026-06-24 14:31:27,697 - early_warning_risk - INFO - Risk calculated for CCTV_1: score=59.96, level=MEDIUM
2026-06-24 14:31:27,698 - early_warning_alerts - INFO - Generated 4 alerts and response items.
2026-06-24 14:31:27,929 - early_warning_risk - INFO - Risk calculated for CCTV_1: score=59.96, level=MEDIUM
2026-06-24 14:31:27,930 - early_warning_alerts - INFO - Generated 4 alerts and response items.
2026-06-24 14:31:49,218 - early_warning_risk - INFO - Risk calculated for CCTV_1: score=59.91, level=MEDIUM
2026-06-24 14:31:49,219 - early_warning_alerts - INFO - Generated 4 alerts and response items.
2026-06-24 14:31:54,388 - early_warning_risk - INFO - Risk calculated for CCTV_1: score=59.89, level=MEDIUM
2026-06-24 14:31:54,389 - early_warning_alerts - INFO - Generated 4 alerts and response items.
2026-06-25 14:00:51,009 - gnn_graph_builder - INFO - Loaded graph with 100 nodes and 120 edges.
2026-06-25 14:00:51,195 - models_loader - INFO - Loaded XGBoost artifacts successfully.
2026-06-25 14:00:51,226 - models_loader - INFO - Loaded Random Forest artifacts successfully.
2026-06-25 14:00:51,273 - gnn_predict - INFO - GNN model loaded successfully.
2026-06-25 14:00:51,294 - impact_assets - INFO - Loaded 100 assets from criticality file.
2026-06-25 14:00:51,301 - impact_score - INFO - Loaded 56 impact weight mappings.
2026-06-25 14:00:51,303 - impact_assets - INFO - Loaded 100 assets from criticality file.
2026-06-25 14:00:51,470 - explainability_shap - INFO - SHAP TreeExplainer initialized for xgboost.
2026-06-25 14:00:51,555 - early_warning_risk - INFO - Risk calculated for CCTV_1: score=0.60, level=LOW
2026-06-25 14:00:59,342 - early_warning_risk - INFO - Risk calculated for CCTV_13: score=59.96, level=MEDIUM
2026-06-25 14:00:59,342 - early_warning_alerts - INFO - Generated 4 alerts and response items.
2026-06-25 14:01:03,530 - early_warning_risk - INFO - Risk calculated for ParkingSensor_15: score=29.98, level=LOW
2026-06-25 14:01:03,530 - early_warning_alerts - INFO - Generated 4 alerts and response items.
2026-06-25 14:01:06,367 - early_warning_risk - INFO - Risk calculated for ParkingSensor_7: score=29.95, level=LOW
2026-06-25 14:01:06,368 - early_warning_alerts - INFO - Generated 4 alerts and response items.
2026-06-25 14:01:10,536 - early_warning_risk - INFO - Risk calculated for SmartMeter_10: score=39.97, level=MEDIUM
2026-06-25 14:01:10,537 - early_warning_alerts - INFO - Generated 4 alerts and response items.
2026-06-25 14:01:14,633 - early_warning_risk - INFO - Risk calculated for TrafficLight_29: score=79.86, level=HIGH
2026-06-25 14:01:14,634 - early_warning_alerts - INFO - Generated 7 alerts and response items.
2026-06-25 14:01:18,767 - early_warning_risk - INFO - Risk calculated for TrafficLight_17: score=79.88, level=HIGH
2026-06-25 14:01:18,768 - early_warning_alerts - INFO - Generated 7 alerts and response items.
2026-06-25 14:01:23,114 - early_warning_risk - INFO - Risk calculated for ParkingSensor_11: score=29.95, level=LOW
2026-06-25 14:01:23,114 - early_warning_alerts - INFO - Generated 4 alerts and response items.
2026-06-25 14:01:27,401 - early_warning_risk - INFO - Risk calculated for StreetLight_2: score=19.96, level=LOW
2026-06-25 14:01:27,402 - early_warning_alerts - INFO - Generated 4 alerts and response items.
2026-06-25 14:01:31,463 - early_warning_risk - INFO - Risk calculated for ParkingSensor_11: score=0.30, level=LOW
2026-06-25 14:01:35,596 - early_warning_risk - INFO - Risk calculated for CCTV_19: score=59.89, level=MEDIUM
2026-06-25 14:01:35,597 - early_warning_alerts - INFO - Generated 4 alerts and response items.
2026-06-25 14:01:39,683 - early_warning_risk - INFO - Risk calculated for ParkingSensor_7: score=29.98, level=LOW
2026-06-25 14:01:39,683 - early_warning_alerts - INFO - Generated 4 alerts and response items.
2026-06-25 14:01:40,169 - early_warning_risk - INFO - Risk calculated for ParkingSensor_7: score=29.98, level=LOW
2026-06-25 14:01:40,171 - early_warning_alerts - INFO - Generated 4 alerts and response items.
2026-06-25 14:03:06,264 - evaluate_pipeline - INFO - Initializing Evaluation and Report Generation Pipeline...
2026-06-25 14:03:06,264 - evaluate_pipeline - INFO - Generating Accuracy & Classification Reports...
2026-06-25 14:03:06,389 - preprocessing_clean - INFO - [CICIoT2023] Removed 5 duplicate rows.
2026-06-25 14:03:06,399 - preprocessing_split - INFO - Splitting dataset: size=4995 rows, test_ratio=0.2.
2026-06-25 14:03:06,409 - preprocessing_split - INFO - Split complete. Train shape: (3996, 7), Test shape: (999, 7)
2026-06-25 14:03:06,431 - preprocessing_split - INFO - Splitting dataset: size=2000 rows, test_ratio=0.2.
2026-06-25 14:03:06,435 - preprocessing_split - INFO - Split complete. Train shape: (1600, 6), Test shape: (400, 6)
2026-06-25 14:03:06,516 - evaluate_pipeline - INFO - Accuracy report written to C:\Users\ASUS-TUF\.gemini\antigravity\scratch\SmartCity-AI-EarlyWarning-GNN\results\accuracy_report.txt
2026-06-25 14:03:06,541 - evaluate_pipeline - INFO - Classification report written to C:\Users\ASUS-TUF\.gemini\antigravity\scratch\SmartCity-AI-EarlyWarning-GNN\results\classification_report.txt
2026-06-25 14:03:07,173 - evaluate_pipeline - INFO - Confusion matrix plot saved to C:\Users\ASUS-TUF\.gemini\antigravity\scratch\SmartCity-AI-EarlyWarning-GNN\results\confusion_matrix.png
2026-06-25 14:03:07,176 - evaluate_pipeline - INFO - Generating SHAP Summary Plots...
2026-06-25 14:03:07,212 - preprocessing_clean - INFO - [CICIoT2023] Removed 5 duplicate rows.
2026-06-25 14:03:07,223 - preprocessing_split - INFO - Splitting dataset: size=4995 rows, test_ratio=0.2.
2026-06-25 14:03:07,229 - preprocessing_split - INFO - Split complete. Train shape: (3996, 7), Test shape: (999, 7)
2026-06-25 14:03:11,065 - evaluate_pipeline - INFO - SHAP summary plot saved to C:\Users\ASUS-TUF\.gemini\antigravity\scratch\SmartCity-AI-EarlyWarning-GNN\results\shap_summary.png
2026-06-25 14:03:11,071 - evaluate_pipeline - INFO - Generating GNN Propagation Network Visualizations...
2026-06-25 14:03:11,076 - gnn_graph_builder - INFO - Loaded graph with 100 nodes and 120 edges.
2026-06-25 14:03:11,116 - gnn_predict - INFO - GNN model loaded successfully.
2026-06-25 14:03:11,386 - evaluate_pipeline - INFO - Propagation graph plot saved to C:\Users\ASUS-TUF\.gemini\antigravity\scratch\SmartCity-AI-EarlyWarning-GNN\results\propagation_graph.png
2026-06-25 14:03:11,387 - evaluate_pipeline - INFO - Generating Service Impact spreadsheet report...
2026-06-25 14:03:11,391 - gnn_graph_builder - INFO - Loaded graph with 100 nodes and 120 edges.
2026-06-25 14:03:11,393 - gnn_predict - INFO - GNN model loaded successfully.
2026-06-25 14:03:11,397 - impact_assets - INFO - Loaded 100 assets from criticality file.
2026-06-25 14:03:11,404 - impact_score - INFO - Loaded 56 impact weight mappings.
2026-06-25 14:03:11,417 - evaluate_pipeline - INFO - Service impact spreadsheet saved to C:\Users\ASUS-TUF\.gemini\antigravity\scratch\SmartCity-AI-EarlyWarning-GNN\results\impact_report.csv
2026-06-25 14:03:11,418 - evaluate_pipeline - INFO - Evaluation pipeline execution completed successfully. Reports stored in results/.
2026-06-25 14:04:39,443 - gnn_graph_builder - INFO - Loaded graph with 100 nodes and 120 edges.
2026-06-25 14:04:39,595 - models_loader - INFO - Loaded XGBoost artifacts successfully.
2026-06-25 14:04:39,626 - models_loader - INFO - Loaded Random Forest artifacts successfully.
2026-06-25 14:04:39,675 - gnn_predict - INFO - GNN model loaded successfully.
2026-06-25 14:04:39,694 - impact_assets - INFO - Loaded 100 assets from criticality file.
2026-06-25 14:04:39,701 - impact_score - INFO - Loaded 56 impact weight mappings.
2026-06-25 14:04:39,705 - impact_assets - INFO - Loaded 100 assets from criticality file.
2026-06-25 14:04:39,881 - explainability_shap - INFO - SHAP TreeExplainer initialized for xgboost.
2026-06-25 14:04:39,967 - early_warning_risk - INFO - Risk calculated for CCTV_1: score=0.60, level=LOW
2026-06-25 14:04:49,914 - early_warning_risk - INFO - Risk calculated for TrafficLight_26: score=79.95, level=HIGH
2026-06-25 14:04:49,915 - early_warning_alerts - INFO - Generated 7 alerts and response items.
2026-06-25 14:04:54,099 - early_warning_risk - INFO - Risk calculated for TrafficLight_4: score=79.95, level=HIGH
2026-06-25 14:04:54,100 - early_warning_alerts - INFO - Generated 7 alerts and response items.
2026-06-25 14:04:58,082 - early_warning_risk - INFO - Risk calculated for TrafficLight_5: score=79.86, level=HIGH
2026-06-25 14:04:58,083 - early_warning_alerts - INFO - Generated 7 alerts and response items.
2026-06-25 14:04:58,852 - early_warning_risk - INFO - Risk calculated for TrafficLight_5: score=79.86, level=HIGH
2026-06-25 14:04:58,853 - early_warning_alerts - INFO - Generated 7 alerts and response items.
2026-06-25 14:20:19,112 - early_warning_risk - INFO - Risk calculated for CCTV_1: score=0.60, level=LOW
2026-06-25 15:01:17,256 - gnn_graph_builder - INFO - Loaded graph with 100 nodes and 120 edges.
2026-06-25 15:01:17,469 - models_loader - INFO - Loaded XGBoost artifacts successfully.
2026-06-25 15:01:17,498 - models_loader - INFO - Loaded Random Forest artifacts successfully.
2026-06-25 15:01:17,547 - gnn_predict - INFO - GNN model loaded successfully.
2026-06-25 15:01:17,565 - impact_assets - INFO - Loaded 100 assets from criticality file.
2026-06-25 15:01:17,570 - impact_score - INFO - Loaded 56 impact weight mappings.
2026-06-25 15:01:17,573 - impact_assets - INFO - Loaded 100 assets from criticality file.
2026-06-25 15:01:17,741 - explainability_shap - INFO - SHAP TreeExplainer initialized for xgboost.
2026-06-25 15:01:17,848 - early_warning_risk - INFO - Risk calculated for CCTV_1: score=0.60, level=LOW
2026-06-25 15:10:03,964 - early_warning_risk - INFO - Risk calculated for TrafficLight_25: score=79.95, level=HIGH
2026-06-25 15:10:03,976 - early_warning_alerts - INFO - Generated 7 alerts and response items.
2026-06-25 15:10:11,370 - early_warning_risk - INFO - Risk calculated for TrafficLight_1: score=79.95, level=HIGH
2026-06-25 15:10:11,371 - early_warning_alerts - INFO - Generated 7 alerts and response items.
2026-06-25 15:10:15,627 - early_warning_risk - INFO - Risk calculated for SmartMeter_1: score=39.97, level=MEDIUM
2026-06-25 15:10:15,628 - early_warning_alerts - INFO - Generated 4 alerts and response items.
2026-06-25 15:10:20,073 - early_warning_risk - INFO - Risk calculated for CCTV_20: score=59.95, level=MEDIUM
2026-06-25 15:10:20,074 - early_warning_alerts - INFO - Generated 4 alerts and response items.
2026-06-25 15:10:24,132 - early_warning_risk - INFO - Risk calculated for CCTV_9: score=59.89, level=MEDIUM
2026-06-25 15:10:24,132 - early_warning_alerts - INFO - Generated 4 alerts and response items.
2026-06-25 15:10:28,214 - early_warning_risk - INFO - Risk calculated for TrafficLight_16: score=79.86, level=HIGH
2026-06-25 15:10:28,214 - early_warning_alerts - INFO - Generated 7 alerts and response items.
2026-06-25 15:10:32,313 - early_warning_risk - INFO - Risk calculated for ParkingSensor_1: score=29.98, level=LOW
2026-06-25 15:10:32,314 - early_warning_alerts - INFO - Generated 4 alerts and response items.
2026-06-25 15:10:36,490 - early_warning_risk - INFO - Risk calculated for SmartMeter_9: score=0.40, level=LOW
2026-06-25 15:10:37,448 - early_warning_risk - INFO - Risk calculated for SmartMeter_9: score=0.40, level=LOW
2026-06-25 15:10:38,394 - early_warning_risk - INFO - Risk calculated for CCTV_20: score=59.95, level=MEDIUM
2026-06-25 15:10:38,395 - early_warning_alerts - INFO - Generated 4 alerts and response items.
2026-06-25 15:10:39,298 - early_warning_risk - INFO - Risk calculated for CCTV_20: score=59.95, level=MEDIUM
2026-06-25 15:10:39,298 - early_warning_alerts - INFO - Generated 4 alerts and response items.
2026-06-25 15:10:42,117 - early_warning_risk - INFO - Risk calculated for SmartMeter_8: score=39.97, level=MEDIUM
2026-06-25 15:10:42,118 - early_warning_alerts - INFO - Generated 4 alerts and response items.
2026-06-25 15:10:43,161 - early_warning_risk - INFO - Risk calculated for SmartMeter_8: score=39.97, level=MEDIUM
2026-06-25 15:10:43,162 - early_warning_alerts - INFO - Generated 4 alerts and response items.
2026-06-25 15:18:13,304 - early_warning_risk - INFO - Risk calculated for SmartMeter_8: score=39.97, level=MEDIUM
2026-06-25 15:18:13,311 - early_warning_alerts - INFO - Generated 4 alerts and response items.
2026-06-25 15:18:18,089 - early_warning_risk - INFO - Risk calculated for SmartMeter_8: score=37.50, level=MEDIUM
2026-06-25 15:18:18,090 - early_warning_alerts - INFO - Generated 4 alerts and response items.
2026-06-25 15:18:22,263 - early_warning_risk - INFO - Risk calculated for SmartMeter_8: score=39.97, level=MEDIUM
2026-06-25 15:18:22,263 - early_warning_alerts - INFO - Generated 4 alerts and response items.
2026-06-25 15:18:24,808 - early_warning_risk - INFO - Risk calculated for SmartMeter_8: score=39.97, level=MEDIUM
2026-06-25 15:18:24,809 - early_warning_alerts - INFO - Generated 4 alerts and response items.
2026-06-25 15:18:30,094 - early_warning_risk - INFO - Risk calculated for SmartMeter_8: score=39.97, level=MEDIUM
2026-06-25 15:18:30,094 - early_warning_alerts - INFO - Generated 4 alerts and response items.
2026-06-25 15:18:30,380 - early_warning_risk - INFO - Risk calculated for SmartMeter_8: score=39.97, level=MEDIUM
2026-06-25 15:18:30,381 - early_warning_alerts - INFO - Generated 4 alerts and response items.
2026-06-25 15:18:30,945 - early_warning_risk - INFO - Risk calculated for SmartMeter_8: score=39.97, level=MEDIUM
2026-06-25 15:18:30,946 - early_warning_alerts - INFO - Generated 4 alerts and response items.
2026-06-25 15:18:33,841 - early_warning_risk - INFO - Risk calculated for SmartMeter_8: score=39.97, level=MEDIUM
2026-06-25 15:18:33,842 - early_warning_alerts - INFO - Generated 4 alerts and response items.
2026-06-25 15:18:34,120 - early_warning_risk - INFO - Risk calculated for SmartMeter_8: score=39.97, level=MEDIUM
2026-06-25 15:18:34,120 - early_warning_alerts - INFO - Generated 4 alerts and response items.
2026-06-25 15:18:38,204 - early_warning_risk - INFO - Risk calculated for SmartMeter_8: score=39.97, level=MEDIUM
2026-06-25 15:18:38,204 - early_warning_alerts - INFO - Generated 4 alerts and response items.
2026-06-25 15:18:39,264 - early_warning_risk - INFO - Risk calculated for SmartMeter_8: score=39.97, level=MEDIUM
2026-06-25 15:18:39,264 - early_warning_alerts - INFO - Generated 4 alerts and response items.
2026-06-25 20:09:17,207 - early_warning_risk - INFO - Risk calculated for TrafficLight_21: score=0.80, level=LOW
2026-06-25 20:09:19,101 - early_warning_risk - INFO - Risk calculated for TrafficLight_21: score=0.80, level=LOW
2026-06-25 20:10:07,332 - early_warning_risk - INFO - Risk calculated for CCTV_1: score=0.60, level=LOW
2026-06-25 20:10:21,441 - early_warning_risk - INFO - Risk calculated for WaterSensor_5: score=69.87, level=HIGH
2026-06-25 20:10:21,442 - early_warning_alerts - INFO - Generated 7 alerts and response items.
2026-06-25 20:10:26,598 - early_warning_risk - INFO - Risk calculated for TrafficLight_18: score=79.95, level=HIGH
2026-06-25 20:10:26,599 - early_warning_alerts - INFO - Generated 7 alerts and response items.
2026-06-25 20:10:31,500 - early_warning_risk - INFO - Risk calculated for TrafficLight_24: score=79.95, level=HIGH
2026-06-25 20:10:31,501 - early_warning_alerts - INFO - Generated 7 alerts and response items.
2026-06-25 20:10:36,452 - early_warning_risk - INFO - Risk calculated for TrafficLight_23: score=79.95, level=HIGH
2026-06-25 20:10:36,452 - early_warning_alerts - INFO - Generated 7 alerts and response items.
2026-06-25 20:10:38,927 - early_warning_risk - INFO - Risk calculated for TrafficLight_23: score=79.95, level=HIGH
2026-06-25 20:10:38,927 - early_warning_alerts - INFO - Generated 7 alerts and response items.
2026-06-25 20:10:42,690 - early_warning_risk - INFO - Risk calculated for TrafficLight_23: score=0.80, level=LOW
2026-06-25 20:11:21,308 - early_warning_risk - INFO - Risk calculated for TrafficLight_23: score=0.80, level=LOW
2026-06-25 20:11:26,905 - early_warning_risk - INFO - Risk calculated for TrafficLight_23: score=0.80, level=LOW
2026-06-25 20:11:33,337 - early_warning_risk - INFO - Risk calculated for TrafficLight_23: score=79.95, level=HIGH
2026-06-25 20:11:33,337 - early_warning_alerts - INFO - Generated 7 alerts and response items.
2026-06-25 20:11:36,366 - early_warning_risk - INFO - Risk calculated for TrafficLight_23: score=79.95, level=HIGH
2026-06-25 20:11:36,367 - early_warning_alerts - INFO - Generated 7 alerts and response items.
2026-06-25 20:11:40,711 - early_warning_risk - INFO - Risk calculated for TrafficLight_23: score=79.95, level=HIGH
2026-06-25 20:11:40,712 - early_warning_alerts - INFO - Generated 7 alerts and response items.
2026-06-25 20:11:42,033 - early_warning_risk - INFO - Risk calculated for TrafficLight_23: score=79.95, level=HIGH
2026-06-25 20:11:42,034 - early_warning_alerts - INFO - Generated 7 alerts and response items.
2026-06-25 20:12:05,562 - early_warning_risk - INFO - Risk calculated for TrafficLight_23: score=79.95, level=HIGH
2026-06-25 20:12:05,562 - early_warning_alerts - INFO - Generated 7 alerts and response items.
2026-06-25 20:12:11,064 - early_warning_risk - INFO - Risk calculated for TrafficLight_23: score=37.58, level=MEDIUM
2026-06-25 20:12:11,064 - early_warning_alerts - INFO - Generated 4 alerts and response items.
2026-06-25 20:12:14,774 - early_warning_risk - INFO - Risk calculated for TrafficLight_23: score=79.95, level=HIGH
2026-06-25 20:12:14,774 - early_warning_alerts - INFO - Generated 7 alerts and response items.
2026-06-25 20:12:17,702 - early_warning_risk - INFO - Risk calculated for TrafficLight_23: score=79.95, level=HIGH
2026-06-25 20:12:17,703 - early_warning_alerts - INFO - Generated 7 alerts and response items.
2026-06-25 20:12:20,173 - early_warning_risk - INFO - Risk calculated for TrafficLight_23: score=79.95, level=HIGH
2026-06-25 20:12:20,174 - early_warning_alerts - INFO - Generated 7 alerts and response items.
2026-06-25 20:12:23,044 - early_warning_risk - INFO - Risk calculated for TrafficLight_23: score=79.95, level=HIGH
2026-06-25 20:12:23,045 - early_warning_alerts - INFO - Generated 7 alerts and response items.
2026-06-25 20:12:26,549 - early_warning_risk - INFO - Risk calculated for TrafficLight_23: score=79.95, level=HIGH
2026-06-25 20:12:26,550 - early_warning_alerts - INFO - Generated 7 alerts and response items.
2026-06-25 20:12:30,906 - early_warning_risk - INFO - Risk calculated for TrafficLight_23: score=79.95, level=HIGH
2026-06-25 20:12:31,408 - early_warning_alerts - INFO - Generated 7 alerts and response items.
2026-06-25 20:12:32,494 - early_warning_risk - INFO - Risk calculated for TrafficLight_23: score=79.95, level=HIGH
2026-06-25 20:12:32,494 - early_warning_alerts - INFO - Generated 7 alerts and response items.
2026-06-25 20:12:32,874 - early_warning_risk - INFO - Risk calculated for TrafficLight_23: score=79.95, level=HIGH
2026-06-25 20:12:32,875 - early_warning_alerts - INFO - Generated 7 alerts and response items.
2026-06-25 20:12:35,362 - early_warning_risk - INFO - Risk calculated for CCTV_7: score=59.95, level=MEDIUM
2026-06-25 20:12:35,363 - early_warning_alerts - INFO - Generated 4 alerts and response items.
2026-06-25 20:12:40,132 - early_warning_risk - INFO - Risk calculated for TrafficLight_22: score=79.95, level=HIGH
2026-06-25 20:12:40,132 - early_warning_alerts - INFO - Generated 7 alerts and response items.
2026-06-25 20:12:45,026 - early_warning_risk - INFO - Risk calculated for StreetLight_2: score=19.99, level=LOW
2026-06-25 20:12:45,026 - early_warning_alerts - INFO - Generated 4 alerts and response items.
2026-06-25 20:12:49,883 - early_warning_risk - INFO - Risk calculated for CCTV_13: score=59.96, level=MEDIUM
2026-06-25 20:12:49,884 - early_warning_alerts - INFO - Generated 4 alerts and response items.
2026-06-25 20:12:54,837 - early_warning_risk - INFO - Risk calculated for Gateway_2: score=89.95, level=CRITICAL
2026-06-25 20:12:54,839 - early_warning_alerts - INFO - Generated 7 alerts and response items.
2026-06-25 20:12:59,771 - early_warning_risk - INFO - Risk calculated for CCTV_22: score=0.60, level=LOW
2026-06-25 20:13:04,616 - early_warning_risk - INFO - Risk calculated for TrafficLight_16: score=79.95, level=HIGH
2026-06-25 20:13:04,617 - early_warning_alerts - INFO - Generated 7 alerts and response items.
2026-06-25 20:13:09,481 - early_warning_risk - INFO - Risk calculated for TrafficLight_14: score=79.94, level=HIGH
2026-06-25 20:13:09,481 - early_warning_alerts - INFO - Generated 7 alerts and response items.
2026-06-25 20:13:14,421 - early_warning_risk - INFO - Risk calculated for StreetLight_2: score=19.96, level=LOW
2026-06-25 20:13:14,421 - early_warning_alerts - INFO - Generated 4 alerts and response items.
2026-06-25 20:13:19,594 - early_warning_risk - INFO - Risk calculated for TrafficLight_7: score=79.95, level=HIGH
2026-06-25 20:13:19,595 - early_warning_alerts - INFO - Generated 7 alerts and response items.
2026-06-25 20:13:24,590 - early_warning_risk - INFO - Risk calculated for TrafficLight_14: score=79.95, level=HIGH
2026-06-25 20:13:24,590 - early_warning_alerts - INFO - Generated 7 alerts and response items.
2026-06-25 20:13:30,089 - early_warning_risk - INFO - Risk calculated for TrafficLight_14: score=79.95, level=HIGH
2026-06-25 20:13:30,090 - early_warning_alerts - INFO - Generated 7 alerts and response items.
2026-06-25 20:15:44,651 - early_warning_risk - INFO - Risk calculated for TrafficLight_14: score=79.95, level=HIGH
2026-06-25 20:15:44,656 - early_warning_alerts - INFO - Generated 7 alerts and response items.
2026-06-25 20:15:45,461 - early_warning_risk - INFO - Risk calculated for TrafficLight_14: score=79.95, level=HIGH
2026-06-25 20:15:45,461 - early_warning_alerts - INFO - Generated 7 alerts and response items.
2026-06-25 20:15:49,110 - early_warning_risk - INFO - Risk calculated for TrafficLight_14: score=79.95, level=HIGH
2026-06-25 20:15:49,111 - early_warning_alerts - INFO - Generated 7 alerts and response items.
2026-06-25 20:15:56,635 - early_warning_risk - INFO - Risk calculated for TrafficLight_14: score=79.95, level=HIGH
2026-06-25 20:15:56,635 - early_warning_alerts - INFO - Generated 7 alerts and response items.
2026-06-25 20:15:59,761 - early_warning_risk - INFO - Risk calculated for TrafficLight_14: score=79.95, level=HIGH
2026-06-25 20:15:59,762 - early_warning_alerts - INFO - Generated 7 alerts and response items.
2026-06-25 20:16:01,825 - early_warning_risk - INFO - Risk calculated for TrafficLight_14: score=79.95, level=HIGH
2026-06-25 20:16:01,825 - early_warning_alerts - INFO - Generated 7 alerts and response items.
2026-06-25 20:16:07,168 - early_warning_risk - INFO - Risk calculated for TrafficLight_14: score=79.95, level=HIGH
2026-06-25 20:16:07,169 - early_warning_alerts - INFO - Generated 7 alerts and response items.
2026-06-25 20:16:08,718 - early_warning_risk - INFO - Risk calculated for TrafficLight_14: score=79.95, level=HIGH
2026-06-25 20:16:08,719 - early_warning_alerts - INFO - Generated 7 alerts and response items.
2026-06-25 20:16:11,196 - early_warning_risk - INFO - Risk calculated for TrafficLight_14: score=79.95, level=HIGH
2026-06-25 20:16:11,197 - early_warning_alerts - INFO - Generated 7 alerts and response items.
2026-06-25 20:16:12,697 - early_warning_risk - INFO - Risk calculated for TrafficLight_14: score=79.95, level=HIGH
2026-06-25 20:16:12,697 - early_warning_alerts - INFO - Generated 7 alerts and response items.
2026-06-25 20:16:14,258 - early_warning_risk - INFO - Risk calculated for TrafficLight_14: score=79.95, level=HIGH
2026-06-25 20:16:14,260 - early_warning_alerts - INFO - Generated 7 alerts and response items.
2026-06-25 20:16:19,696 - early_warning_risk - INFO - Risk calculated for TrafficLight_14: score=79.95, level=HIGH
2026-06-25 20:16:19,696 - early_warning_alerts - INFO - Generated 7 alerts and response items.
2026-06-25 20:16:24,040 - early_warning_risk - INFO - Risk calculated for TrafficLight_14: score=79.95, level=HIGH
2026-06-25 20:16:24,041 - early_warning_alerts - INFO - Generated 7 alerts and response items.
2026-06-25 20:16:33,948 - early_warning_risk - INFO - Risk calculated for TrafficLight_14: score=79.95, level=HIGH
2026-06-25 20:16:33,949 - early_warning_alerts - INFO - Generated 7 alerts and response items.
2026-06-25 20:16:35,567 - early_warning_risk - INFO - Risk calculated for TrafficLight_14: score=79.95, level=HIGH
2026-06-25 20:16:35,569 - early_warning_alerts - INFO - Generated 7 alerts and response items.
2026-06-25 20:16:38,211 - early_warning_risk - INFO - Risk calculated for TrafficLight_14: score=79.95, level=HIGH
2026-06-25 20:16:38,211 - early_warning_alerts - INFO - Generated 7 alerts and response items.
2026-06-25 20:16:40,079 - early_warning_risk - INFO - Risk calculated for TrafficLight_14: score=79.95, level=HIGH
2026-06-25 20:16:40,080 - early_warning_alerts - INFO - Generated 7 alerts and response items.
2026-06-25 20:27:00,660 - evaluate_pipeline - INFO - Initializing Evaluation and Report Generation Pipeline...
2026-06-25 20:27:00,663 - evaluate_pipeline - INFO - Generating Accuracy & Classification Reports...
2026-06-25 20:27:01,400 - preprocessing_clean - INFO - [CICIoT2023] Removed 5 duplicate rows.
2026-06-25 20:27:01,446 - preprocessing_split - INFO - Splitting dataset: size=4995 rows, test_ratio=0.2.
2026-06-25 20:27:01,479 - preprocessing_split - INFO - Split complete. Train shape: (3996, 7), Test shape: (999, 7)
2026-06-25 20:27:01,540 - preprocessing_split - INFO - Splitting dataset: size=2000 rows, test_ratio=0.2.
2026-06-25 20:27:01,550 - preprocessing_split - INFO - Split complete. Train shape: (1600, 6), Test shape: (400, 6)
2026-06-25 20:27:02,007 - evaluate_pipeline - INFO - Accuracy report written to C:\Users\ASUS-TUF\.gemini\antigravity\scratch\SmartCity-AI-EarlyWarning-GNN\results\accuracy_report.txt
2026-06-25 20:27:02,115 - evaluate_pipeline - INFO - Classification report written to C:\Users\ASUS-TUF\.gemini\antigravity\scratch\SmartCity-AI-EarlyWarning-GNN\results\classification_report.txt
2026-06-25 20:27:04,605 - evaluate_pipeline - INFO - Confusion matrix plot saved to C:\Users\ASUS-TUF\.gemini\antigravity\scratch\SmartCity-AI-EarlyWarning-GNN\results\confusion_matrix.png
2026-06-25 20:27:04,610 - evaluate_pipeline - INFO - Generating SHAP Summary Plots...
2026-06-25 20:27:04,707 - preprocessing_clean - INFO - [CICIoT2023] Removed 5 duplicate rows.
2026-06-25 20:27:04,730 - preprocessing_split - INFO - Splitting dataset: size=4995 rows, test_ratio=0.2.
2026-06-25 20:27:04,749 - preprocessing_split - INFO - Split complete. Train shape: (3996, 7), Test shape: (999, 7)
2026-06-25 20:27:13,184 - evaluate_pipeline - INFO - SHAP summary plot saved to C:\Users\ASUS-TUF\.gemini\antigravity\scratch\SmartCity-AI-EarlyWarning-GNN\results\shap_summary.png
2026-06-25 20:27:13,190 - evaluate_pipeline - INFO - Generating GNN Propagation Network Visualizations...
2026-06-25 20:27:13,204 - gnn_graph_builder - INFO - Loaded graph with 100 nodes and 120 edges.
2026-06-25 20:27:13,359 - gnn_predict - INFO - GNN model loaded successfully.
2026-06-25 20:27:14,037 - evaluate_pipeline - INFO - Propagation graph plot saved to C:\Users\ASUS-TUF\.gemini\antigravity\scratch\SmartCity-AI-EarlyWarning-GNN\results\propagation_graph.png
2026-06-25 20:27:14,038 - evaluate_pipeline - INFO - Generating Service Impact spreadsheet report...
2026-06-25 20:27:14,043 - gnn_graph_builder - INFO - Loaded graph with 100 nodes and 120 edges.
2026-06-25 20:27:14,054 - gnn_predict - INFO - GNN model loaded successfully.
2026-06-25 20:27:14,062 - impact_assets - INFO - Loaded 100 assets from criticality file.
2026-06-25 20:27:14,083 - impact_score - INFO - Loaded 56 impact weight mappings.
2026-06-25 20:27:14,124 - evaluate_pipeline - INFO - Service impact spreadsheet saved to C:\Users\ASUS-TUF\.gemini\antigravity\scratch\SmartCity-AI-EarlyWarning-GNN\results\impact_report.csv
2026-06-25 20:27:14,125 - evaluate_pipeline - INFO - Evaluation pipeline execution completed successfully. Reports stored in results/.
2026-06-25 20:29:49,157 - gnn_graph_builder - INFO - Loaded graph with 100 nodes and 120 edges.
2026-06-25 20:29:49,414 - models_loader - INFO - Loaded XGBoost artifacts successfully.
2026-06-25 20:29:49,497 - models_loader - INFO - Loaded Random Forest artifacts successfully.
2026-06-25 20:29:49,728 - gnn_predict - INFO - GNN model loaded successfully.
2026-06-25 20:29:49,783 - impact_assets - INFO - Loaded 100 assets from criticality file.
2026-06-25 20:29:49,798 - impact_score - INFO - Loaded 56 impact weight mappings.
2026-06-25 20:29:49,806 - impact_assets - INFO - Loaded 100 assets from criticality file.
2026-06-25 20:29:50,212 - explainability_shap - INFO - SHAP TreeExplainer initialized for xgboost.
2026-06-25 20:29:50,487 - early_warning_risk - INFO - Risk calculated for CCTV_1: score=0.60, level=LOW
2026-06-25 20:52:05,599 - early_warning_risk - INFO - Risk calculated for SmartMeter_7: score=39.98, level=MEDIUM
2026-06-25 20:52:05,622 - early_warning_alerts - INFO - Generated 4 alerts and response items.
2026-06-25 20:52:15,538 - early_warning_risk - INFO - Risk calculated for CCTV_4: score=59.91, level=MEDIUM
2026-06-25 20:52:15,541 - early_warning_alerts - INFO - Generated 4 alerts and response items.
2026-06-25 20:52:20,909 - early_warning_risk - INFO - Risk calculated for TrafficLight_3: score=79.88, level=HIGH
2026-06-25 20:52:20,910 - early_warning_alerts - INFO - Generated 7 alerts and response items.
2026-06-25 20:52:26,004 - early_warning_risk - INFO - Risk calculated for ParkingSensor_9: score=29.95, level=LOW
2026-06-25 20:52:26,005 - early_warning_alerts - INFO - Generated 4 alerts and response items.
2026-06-25 20:52:27,199 - early_warning_risk - INFO - Risk calculated for ParkingSensor_9: score=29.95, level=LOW
2026-06-25 20:52:27,200 - early_warning_alerts - INFO - Generated 4 alerts and response items.
2026-06-25 20:52:36,966 - early_warning_risk - INFO - Risk calculated for ParkingSensor_9: score=29.95, level=LOW
2026-06-25 20:52:36,967 - early_warning_alerts - INFO - Generated 4 alerts and response items.
2026-06-25 20:52:39,344 - early_warning_risk - INFO - Risk calculated for ParkingSensor_9: score=29.95, level=LOW
2026-06-25 20:52:39,345 - early_warning_alerts - INFO - Generated 4 alerts and response items.
2026-06-25 20:52:42,459 - early_warning_risk - INFO - Risk calculated for ParkingSensor_9: score=29.95, level=LOW
2026-06-25 20:52:42,460 - early_warning_alerts - INFO - Generated 4 alerts and response items.
2026-06-25 20:52:44,963 - early_warning_risk - INFO - Risk calculated for ParkingSensor_9: score=29.95, level=LOW
2026-06-25 20:52:44,964 - early_warning_alerts - INFO - Generated 4 alerts and response items.
2026-06-25 20:52:46,052 - early_warning_risk - INFO - Risk calculated for ParkingSensor_9: score=29.95, level=LOW
2026-06-25 20:52:46,053 - early_warning_alerts - INFO - Generated 4 alerts and response items.
2026-06-25 20:52:47,545 - early_warning_risk - INFO - Risk calculated for ParkingSensor_9: score=29.95, level=LOW
2026-06-25 20:52:47,548 - early_warning_alerts - INFO - Generated 4 alerts and response items.
2026-06-26 10:24:30,274 - early_warning_risk - INFO - Risk calculated for CCTV_1: score=59.96, level=MEDIUM
2026-06-26 10:24:30,288 - early_warning_alerts - INFO - Generated 4 alerts and response items.
2026-06-26 11:27:06,240 - early_warning_risk - INFO - Risk calculated for TrafficLight_6: score=79.88, level=HIGH
2026-06-26 11:27:06,265 - early_warning_alerts - INFO - Generated 7 alerts and response items.
2026-06-26 11:27:15,201 - early_warning_risk - INFO - Risk calculated for ParkingSensor_9: score=0.30, level=LOW
2026-06-26 11:27:19,865 - early_warning_risk - INFO - Risk calculated for SmartMeter_4: score=39.93, level=MEDIUM
2026-06-26 11:27:19,866 - early_warning_alerts - INFO - Generated 4 alerts and response items.
2026-06-26 11:27:24,362 - early_warning_risk - INFO - Risk calculated for TrafficLight_26: score=79.95, level=HIGH
2026-06-26 11:27:24,363 - early_warning_alerts - INFO - Generated 7 alerts and response items.
2026-06-26 11:27:28,892 - early_warning_risk - INFO - Risk calculated for SmartMeter_6: score=39.93, level=MEDIUM
2026-06-26 11:27:28,893 - early_warning_alerts - INFO - Generated 4 alerts and response items.
2026-06-26 11:27:33,483 - early_warning_risk - INFO - Risk calculated for TrafficLight_25: score=79.94, level=HIGH
2026-06-26 11:27:33,483 - early_warning_alerts - INFO - Generated 7 alerts and response items.
2026-06-26 11:27:38,202 - early_warning_risk - INFO - Risk calculated for TrafficLight_21: score=0.80, level=LOW
2026-06-26 11:27:42,923 - early_warning_risk - INFO - Risk calculated for CCTV_3: score=59.91, level=MEDIUM
2026-06-26 11:27:42,924 - early_warning_alerts - INFO - Generated 4 alerts and response items.
2026-06-26 11:27:47,729 - early_warning_risk - INFO - Risk calculated for CCTV_16: score=59.89, level=MEDIUM
2026-06-26 11:27:47,730 - early_warning_alerts - INFO - Generated 4 alerts and response items.
2026-06-26 11:27:52,398 - early_warning_risk - INFO - Risk calculated for TrafficLight_7: score=79.95, level=HIGH
2026-06-26 11:27:52,399 - early_warning_alerts - INFO - Generated 7 alerts and response items.
2026-06-26 11:27:57,101 - early_warning_risk - INFO - Risk calculated for CCTV_28: score=59.95, level=MEDIUM
2026-06-26 11:27:57,101 - early_warning_alerts - INFO - Generated 4 alerts and response items.
2026-06-26 11:28:01,819 - early_warning_risk - INFO - Risk calculated for SmartMeter_5: score=39.93, level=MEDIUM
2026-06-26 11:28:01,819 - early_warning_alerts - INFO - Generated 4 alerts and response items.
2026-06-26 11:28:06,516 - early_warning_risk - INFO - Risk calculated for CCTV_26: score=59.89, level=MEDIUM
2026-06-26 11:28:06,517 - early_warning_alerts - INFO - Generated 4 alerts and response items.
2026-06-26 11:28:11,225 - early_warning_risk - INFO - Risk calculated for CCTV_19: score=59.96, level=MEDIUM
2026-06-26 11:28:11,226 - early_warning_alerts - INFO - Generated 4 alerts and response items.
2026-06-26 11:28:15,857 - early_warning_risk - INFO - Risk calculated for CCTV_8: score=59.95, level=MEDIUM
2026-06-26 11:28:15,858 - early_warning_alerts - INFO - Generated 4 alerts and response items.
2026-06-26 11:28:20,515 - early_warning_risk - INFO - Risk calculated for StreetLight_1: score=19.99, level=LOW
2026-06-26 11:28:20,516 - early_warning_alerts - INFO - Generated 4 alerts and response items.
2026-06-26 11:28:25,197 - early_warning_risk - INFO - Risk calculated for TrafficLight_7: score=79.88, level=HIGH
2026-06-26 11:28:25,198 - early_warning_alerts - INFO - Generated 7 alerts and response items.
2026-06-26 11:28:29,866 - early_warning_risk - INFO - Risk calculated for ParkingSensor_12: score=29.95, level=LOW
2026-06-26 11:28:29,867 - early_warning_alerts - INFO - Generated 4 alerts and response items.
2026-06-26 11:28:34,533 - early_warning_risk - INFO - Risk calculated for CCTV_13: score=0.60, level=LOW
2026-06-26 11:28:39,321 - early_warning_risk - INFO - Risk calculated for CCTV_4: score=59.89, level=MEDIUM
2026-06-26 11:28:39,322 - early_warning_alerts - INFO - Generated 4 alerts and response items.
2026-06-26 11:28:44,108 - early_warning_risk - INFO - Risk calculated for TrafficLight_2: score=79.86, level=HIGH
2026-06-26 11:28:44,109 - early_warning_alerts - INFO - Generated 7 alerts and response items.
2026-06-26 11:28:48,813 - early_warning_risk - INFO - Risk calculated for TrafficLight_20: score=0.80, level=LOW
2026-06-26 11:28:53,571 - early_warning_risk - INFO - Risk calculated for TrafficLight_20: score=79.86, level=HIGH
2026-06-26 11:28:53,571 - early_warning_alerts - INFO - Generated 7 alerts and response items.
2026-06-26 11:28:58,149 - early_warning_risk - INFO - Risk calculated for TrafficLight_7: score=79.95, level=HIGH
2026-06-26 11:28:58,150 - early_warning_alerts - INFO - Generated 7 alerts and response items.
2026-06-26 11:29:02,740 - early_warning_risk - INFO - Risk calculated for ParkingSensor_9: score=29.98, level=LOW
2026-06-26 11:29:02,741 - early_warning_alerts - INFO - Generated 4 alerts and response items.
2026-06-26 11:29:07,395 - early_warning_risk - INFO - Risk calculated for CCTV_18: score=59.96, level=MEDIUM
2026-06-26 11:29:07,395 - early_warning_alerts - INFO - Generated 4 alerts and response items.
2026-06-26 11:29:12,004 - early_warning_risk - INFO - Risk calculated for CCTV_13: score=59.95, level=MEDIUM
2026-06-26 11:29:12,004 - early_warning_alerts - INFO - Generated 4 alerts and response items.
2026-06-26 11:29:16,612 - early_warning_risk - INFO - Risk calculated for TrafficLight_5: score=79.88, level=HIGH
2026-06-26 11:29:16,613 - early_warning_alerts - INFO - Generated 7 alerts and response items.
2026-06-26 11:29:21,243 - early_warning_risk - INFO - Risk calculated for CCTV_12: score=59.91, level=MEDIUM
2026-06-26 11:29:21,244 - early_warning_alerts - INFO - Generated 4 alerts and response items.
2026-06-26 11:29:25,859 - early_warning_risk - INFO - Risk calculated for CCTV_18: score=59.95, level=MEDIUM
2026-06-26 11:29:25,860 - early_warning_alerts - INFO - Generated 4 alerts and response items.
2026-06-26 11:29:30,652 - early_warning_risk - INFO - Risk calculated for TrafficLight_7: score=79.95, level=HIGH
2026-06-26 11:29:30,653 - early_warning_alerts - INFO - Generated 7 alerts and response items.
2026-06-26 11:29:35,271 - early_warning_risk - INFO - Risk calculated for CCTV_16: score=59.95, level=MEDIUM
2026-06-26 11:29:35,271 - early_warning_alerts - INFO - Generated 4 alerts and response items.
2026-06-26 11:29:39,866 - early_warning_risk - INFO - Risk calculated for StreetLight_3: score=19.97, level=LOW
2026-06-26 11:29:39,866 - early_warning_alerts - INFO - Generated 4 alerts and response items.
2026-06-26 11:29:44,574 - early_warning_risk - INFO - Risk calculated for ParkingSensor_9: score=29.98, level=LOW
2026-06-26 11:29:44,575 - early_warning_alerts - INFO - Generated 4 alerts and response items.
2026-06-26 11:29:49,230 - early_warning_risk - INFO - Risk calculated for TrafficLight_13: score=79.86, level=HIGH
2026-06-26 11:29:49,231 - early_warning_alerts - INFO - Generated 7 alerts and response items.
2026-06-26 11:29:53,947 - early_warning_risk - INFO - Risk calculated for CCTV_17: score=59.96, level=MEDIUM
2026-06-26 11:29:53,948 - early_warning_alerts - INFO - Generated 4 alerts and response items.
2026-06-26 11:29:58,670 - early_warning_risk - INFO - Risk calculated for TrafficLight_28: score=79.94, level=HIGH
2026-06-26 11:29:58,670 - early_warning_alerts - INFO - Generated 7 alerts and response items.
2026-06-26 11:30:03,658 - early_warning_risk - INFO - Risk calculated for TrafficLight_2: score=79.95, level=HIGH
2026-06-26 11:30:03,658 - early_warning_alerts - INFO - Generated 7 alerts and response items.
2026-06-26 11:30:08,230 - early_warning_risk - INFO - Risk calculated for CCTV_23: score=59.96, level=MEDIUM
2026-06-26 11:30:08,231 - early_warning_alerts - INFO - Generated 4 alerts and response items.
2026-06-26 11:30:12,847 - early_warning_risk - INFO - Risk calculated for CCTV_3: score=59.91, level=MEDIUM
2026-06-26 11:30:12,848 - early_warning_alerts - INFO - Generated 4 alerts and response items.
2026-06-26 11:30:17,569 - early_warning_risk - INFO - Risk calculated for ParkingSensor_4: score=29.98, level=LOW
2026-06-26 11:30:17,570 - early_warning_alerts - INFO - Generated 4 alerts and response items.
2026-06-26 11:30:22,347 - early_warning_risk - INFO - Risk calculated for CCTV_5: score=59.96, level=MEDIUM
2026-06-26 11:30:22,348 - early_warning_alerts - INFO - Generated 4 alerts and response items.
2026-06-26 11:30:26,927 - early_warning_risk - INFO - Risk calculated for TrafficLight_4: score=0.80, level=LOW
2026-06-26 11:30:31,587 - early_warning_risk - INFO - Risk calculated for CCTV_7: score=0.60, level=LOW
2026-06-26 11:30:36,246 - early_warning_risk - INFO - Risk calculated for SmartMeter_7: score=0.40, level=LOW
2026-06-26 11:30:40,932 - early_warning_risk - INFO - Risk calculated for TrafficLight_23: score=79.94, level=HIGH
2026-06-26 11:30:40,933 - early_warning_alerts - INFO - Generated 7 alerts and response items.
2026-06-26 11:30:45,579 - early_warning_risk - INFO - Risk calculated for CCTV_19: score=59.89, level=MEDIUM
2026-06-26 11:30:45,580 - early_warning_alerts - INFO - Generated 4 alerts and response items.
2026-06-26 11:30:50,223 - early_warning_risk - INFO - Risk calculated for CCTV_19: score=59.89, level=MEDIUM
2026-06-26 11:30:50,224 - early_warning_alerts - INFO - Generated 4 alerts and response items.
2026-06-26 11:30:54,974 - early_warning_risk - INFO - Risk calculated for SmartMeter_2: score=0.40, level=LOW
2026-06-26 11:30:59,774 - early_warning_risk - INFO - Risk calculated for TrafficLight_6: score=79.88, level=HIGH
2026-06-26 11:30:59,774 - early_warning_alerts - INFO - Generated 7 alerts and response items.
2026-06-26 11:31:04,445 - early_warning_risk - INFO - Risk calculated for CCTV_2: score=59.89, level=MEDIUM
2026-06-26 11:31:04,446 - early_warning_alerts - INFO - Generated 4 alerts and response items.
2026-06-26 11:31:09,121 - early_warning_risk - INFO - Risk calculated for CCTV_13: score=59.91, level=MEDIUM
2026-06-26 11:31:09,121 - early_warning_alerts - INFO - Generated 4 alerts and response items.
2026-06-26 11:31:13,810 - early_warning_risk - INFO - Risk calculated for StreetLight_5: score=19.96, level=LOW
2026-06-26 11:31:13,811 - early_warning_alerts - INFO - Generated 4 alerts and response items.
2026-06-26 11:31:18,541 - early_warning_risk - INFO - Risk calculated for ParkingSensor_10: score=0.30, level=LOW
2026-06-26 11:31:23,410 - early_warning_risk - INFO - Risk calculated for ParkingSensor_9: score=0.30, level=LOW
2026-06-26 11:31:28,084 - early_warning_risk - INFO - Risk calculated for SmartMeter_5: score=39.94, level=MEDIUM
2026-06-26 11:31:28,084 - early_warning_alerts - INFO - Generated 4 alerts and response items.
2026-06-26 11:31:32,777 - early_warning_risk - INFO - Risk calculated for TrafficLight_28: score=79.94, level=HIGH
2026-06-26 11:31:32,778 - early_warning_alerts - INFO - Generated 7 alerts and response items.
2026-06-26 11:31:37,420 - early_warning_risk - INFO - Risk calculated for StreetLight_3: score=19.99, level=LOW
2026-06-26 11:31:37,421 - early_warning_alerts - INFO - Generated 4 alerts and response items.
2026-06-26 11:31:42,310 - early_warning_risk - INFO - Risk calculated for CCTV_2: score=59.96, level=MEDIUM
2026-06-26 11:31:42,310 - early_warning_alerts - INFO - Generated 4 alerts and response items.
2026-06-26 11:31:47,524 - early_warning_risk - INFO - Risk calculated for TrafficLight_4: score=79.86, level=HIGH
2026-06-26 11:31:47,524 - early_warning_alerts - INFO - Generated 7 alerts and response items.
2026-06-26 11:31:52,230 - early_warning_risk - INFO - Risk calculated for TrafficLight_18: score=79.86, level=HIGH
2026-06-26 11:31:52,230 - early_warning_alerts - INFO - Generated 7 alerts and response items.
2026-06-26 11:31:56,668 - early_warning_risk - INFO - Risk calculated for CCTV_1: score=59.89, level=MEDIUM
2026-06-26 11:31:56,669 - early_warning_alerts - INFO - Generated 4 alerts and response items.
2026-06-26 11:32:01,422 - early_warning_risk - INFO - Risk calculated for TrafficLight_28: score=79.88, level=HIGH
2026-06-26 11:32:01,422 - early_warning_alerts - INFO - Generated 7 alerts and response items.
2026-06-26 11:32:05,975 - early_warning_risk - INFO - Risk calculated for ParkingSensor_3: score=29.98, level=LOW
2026-06-26 11:32:05,976 - early_warning_alerts - INFO - Generated 4 alerts and response items.
2026-06-26 11:32:10,409 - early_warning_risk - INFO - Risk calculated for CCTV_6: score=0.60, level=LOW
2026-06-26 11:32:15,005 - early_warning_risk - INFO - Risk calculated for TrafficLight_28: score=79.95, level=HIGH
2026-06-26 11:32:15,007 - early_warning_alerts - INFO - Generated 7 alerts and response items.
2026-06-26 11:32:19,531 - early_warning_risk - INFO - Risk calculated for Gateway_2: score=0.90, level=LOW
2026-06-26 11:32:24,160 - early_warning_risk - INFO - Risk calculated for CCTV_7: score=59.89, level=MEDIUM
2026-06-26 11:32:24,161 - early_warning_alerts - INFO - Generated 4 alerts and response items.
2026-06-26 11:32:28,807 - early_warning_risk - INFO - Risk calculated for StreetLight_1: score=19.96, level=LOW
2026-06-26 11:32:28,808 - early_warning_alerts - INFO - Generated 4 alerts and response items.
2026-06-26 11:32:33,285 - early_warning_risk - INFO - Risk calculated for Gateway_1: score=89.93, level=CRITICAL
2026-06-26 11:32:33,287 - early_warning_alerts - INFO - Generated 7 alerts and response items.
2026-06-26 11:32:37,751 - early_warning_risk - INFO - Risk calculated for TrafficLight_28: score=79.95, level=HIGH
2026-06-26 11:32:37,752 - early_warning_alerts - INFO - Generated 7 alerts and response items.
2026-06-26 11:32:42,226 - early_warning_risk - INFO - Risk calculated for StreetLight_3: score=19.97, level=LOW
2026-06-26 11:32:42,227 - early_warning_alerts - INFO - Generated 4 alerts and response items.
2026-06-26 11:32:46,688 - early_warning_risk - INFO - Risk calculated for TrafficLight_17: score=79.94, level=HIGH
2026-06-26 11:32:46,689 - early_warning_alerts - INFO - Generated 7 alerts and response items.
2026-06-26 11:32:51,067 - early_warning_risk - INFO - Risk calculated for ParkingSensor_7: score=29.95, level=LOW
2026-06-26 11:32:51,068 - early_warning_alerts - INFO - Generated 4 alerts and response items.
2026-06-26 11:32:55,694 - early_warning_risk - INFO - Risk calculated for WaterSensor_5: score=69.87, level=HIGH
2026-06-26 11:32:55,696 - early_warning_alerts - INFO - Generated 7 alerts and response items.
2026-06-26 11:33:00,375 - early_warning_risk - INFO - Risk calculated for CCTV_4: score=59.96, level=MEDIUM
2026-06-26 11:33:00,375 - early_warning_alerts - INFO - Generated 4 alerts and response items.
2026-06-26 11:33:04,967 - early_warning_risk - INFO - Risk calculated for CCTV_18: score=59.95, level=MEDIUM
2026-06-26 11:33:04,967 - early_warning_alerts - INFO - Generated 4 alerts and response items.
2026-06-26 11:33:09,536 - early_warning_risk - INFO - Risk calculated for ParkingSensor_1: score=0.30, level=LOW
2026-06-26 11:33:14,174 - early_warning_risk - INFO - Risk calculated for CCTV_19: score=59.91, level=MEDIUM
2026-06-26 11:33:14,174 - early_warning_alerts - INFO - Generated 4 alerts and response items.
2026-06-26 11:33:18,760 - early_warning_risk - INFO - Risk calculated for TrafficLight_19: score=79.86, level=HIGH
2026-06-26 11:33:18,761 - early_warning_alerts - INFO - Generated 7 alerts and response items.
2026-06-26 11:33:23,348 - early_warning_risk - INFO - Risk calculated for TrafficLight_7: score=79.88, level=HIGH
2026-06-26 11:33:23,349 - early_warning_alerts - INFO - Generated 7 alerts and response items.
2026-06-26 11:33:28,457 - early_warning_risk - INFO - Risk calculated for TrafficLight_24: score=79.88, level=HIGH
2026-06-26 11:33:28,457 - early_warning_alerts - INFO - Generated 7 alerts and response items.
2026-06-26 11:33:32,959 - early_warning_risk - INFO - Risk calculated for WaterSensor_4: score=69.94, level=HIGH
2026-06-26 11:33:32,960 - early_warning_alerts - INFO - Generated 7 alerts and response items.
2026-06-26 11:33:38,026 - early_warning_risk - INFO - Risk calculated for TrafficLight_17: score=79.95, level=HIGH
2026-06-26 11:33:38,027 - early_warning_alerts - INFO - Generated 7 alerts and response items.
2026-06-26 11:33:42,876 - early_warning_risk - INFO - Risk calculated for TrafficLight_24: score=79.88, level=HIGH
2026-06-26 11:33:42,877 - early_warning_alerts - INFO - Generated 7 alerts and response items.
2026-06-26 11:33:47,451 - early_warning_risk - INFO - Risk calculated for TrafficLight_27: score=79.94, level=HIGH
2026-06-26 11:33:47,451 - early_warning_alerts - INFO - Generated 7 alerts and response items.
2026-06-26 11:33:51,992 - early_warning_risk - INFO - Risk calculated for ParkingSensor_9: score=29.98, level=LOW
2026-06-26 11:33:51,993 - early_warning_alerts - INFO - Generated 4 alerts and response items.
2026-06-26 11:33:56,784 - early_warning_risk - INFO - Risk calculated for ParkingSensor_2: score=29.98, level=LOW
2026-06-26 11:33:56,785 - early_warning_alerts - INFO - Generated 4 alerts and response items.
2026-06-26 11:34:01,395 - early_warning_risk - INFO - Risk calculated for TrafficLight_5: score=79.88, level=HIGH
2026-06-26 11:34:01,395 - early_warning_alerts - INFO - Generated 7 alerts and response items.
2026-06-26 11:34:05,923 - early_warning_risk - INFO - Risk calculated for ParkingSensor_9: score=29.98, level=LOW
2026-06-26 11:34:05,923 - early_warning_alerts - INFO - Generated 4 alerts and response items.
2026-06-26 11:34:10,419 - early_warning_risk - INFO - Risk calculated for TrafficLight_21: score=79.88, level=HIGH
2026-06-26 11:34:10,420 - early_warning_alerts - INFO - Generated 7 alerts and response items.
2026-06-26 11:34:14,946 - early_warning_risk - INFO - Risk calculated for TrafficLight_1: score=79.86, level=HIGH
2026-06-26 11:34:14,947 - early_warning_alerts - INFO - Generated 7 alerts and response items.
2026-06-26 11:34:19,879 - early_warning_risk - INFO - Risk calculated for Server_2: score=99.93, level=CRITICAL
2026-06-26 11:34:19,880 - early_warning_alerts - INFO - Generated 7 alerts and response items.
2026-06-26 11:34:25,077 - early_warning_risk - INFO - Risk calculated for TrafficLight_29: score=79.95, level=HIGH
2026-06-26 11:34:25,078 - early_warning_alerts - INFO - Generated 7 alerts and response items.
2026-06-26 11:34:30,346 - early_warning_risk - INFO - Risk calculated for CCTV_19: score=59.96, level=MEDIUM
2026-06-26 11:34:30,348 - early_warning_alerts - INFO - Generated 4 alerts and response items.
2026-06-26 11:34:35,453 - early_warning_risk - INFO - Risk calculated for CCTV_4: score=59.89, level=MEDIUM
2026-06-26 11:34:35,453 - early_warning_alerts - INFO - Generated 4 alerts and response items.
2026-06-26 11:34:40,802 - early_warning_risk - INFO - Risk calculated for WaterSensor_5: score=69.87, level=HIGH
2026-06-26 11:34:40,803 - early_warning_alerts - INFO - Generated 7 alerts and response items.
2026-06-26 11:34:46,271 - early_warning_risk - INFO - Risk calculated for TrafficLight_6: score=0.80, level=LOW
2026-06-26 11:34:51,572 - early_warning_risk - INFO - Risk calculated for TrafficLight_5: score=79.88, level=HIGH
2026-06-26 11:34:51,573 - early_warning_alerts - INFO - Generated 7 alerts and response items.
2026-06-26 11:34:56,781 - early_warning_risk - INFO - Risk calculated for StreetLight_1: score=0.20, level=LOW
2026-06-26 11:35:02,221 - early_warning_risk - INFO - Risk calculated for CCTV_20: score=59.96, level=MEDIUM
2026-06-26 11:35:02,222 - early_warning_alerts - INFO - Generated 4 alerts and response items.
2026-06-26 11:35:07,790 - early_warning_risk - INFO - Risk calculated for ParkingSensor_4: score=29.98, level=LOW
2026-06-26 11:35:07,791 - early_warning_alerts - INFO - Generated 4 alerts and response items.
2026-06-26 11:35:12,971 - early_warning_risk - INFO - Risk calculated for Gateway_2: score=0.90, level=LOW
2026-06-26 11:35:18,304 - early_warning_risk - INFO - Risk calculated for TrafficLight_22: score=0.80, level=LOW
2026-06-26 11:35:23,585 - early_warning_risk - INFO - Risk calculated for CCTV_19: score=59.91, level=MEDIUM
2026-06-26 11:35:23,586 - early_warning_alerts - INFO - Generated 4 alerts and response items.
2026-06-26 11:35:28,950 - early_warning_risk - INFO - Risk calculated for TrafficLight_6: score=0.80, level=LOW
2026-06-26 11:35:34,234 - early_warning_risk - INFO - Risk calculated for TrafficLight_8: score=0.80, level=LOW
2026-06-26 11:35:39,582 - early_warning_risk - INFO - Risk calculated for TrafficLight_14: score=79.95, level=HIGH
2026-06-26 11:35:39,582 - early_warning_alerts - INFO - Generated 7 alerts and response items.
2026-06-26 11:35:44,739 - early_warning_risk - INFO - Risk calculated for Gateway_3: score=89.94, level=CRITICAL
2026-06-26 11:35:44,740 - early_warning_alerts - INFO - Generated 7 alerts and response items.
2026-06-26 11:35:49,771 - early_warning_risk - INFO - Risk calculated for CCTV_4: score=59.96, level=MEDIUM
2026-06-26 11:35:49,771 - early_warning_alerts - INFO - Generated 4 alerts and response items.
2026-06-26 11:35:55,071 - early_warning_risk - INFO - Risk calculated for TrafficLight_28: score=79.88, level=HIGH
2026-06-26 11:35:55,071 - early_warning_alerts - INFO - Generated 7 alerts and response items.
2026-06-26 11:36:00,332 - early_warning_risk - INFO - Risk calculated for TrafficLight_27: score=79.95, level=HIGH
2026-06-26 11:36:00,332 - early_warning_alerts - INFO - Generated 7 alerts and response items.
2026-06-26 11:36:05,722 - early_warning_risk - INFO - Risk calculated for TrafficLight_5: score=79.94, level=HIGH
2026-06-26 11:36:05,722 - early_warning_alerts - INFO - Generated 7 alerts and response items.
2026-06-26 11:36:10,888 - early_warning_risk - INFO - Risk calculated for CCTV_25: score=59.91, level=MEDIUM
2026-06-26 11:36:10,888 - early_warning_alerts - INFO - Generated 4 alerts and response items.
2026-06-26 11:36:15,463 - early_warning_risk - INFO - Risk calculated for TrafficLight_22: score=79.94, level=HIGH
2026-06-26 11:36:15,463 - early_warning_alerts - INFO - Generated 7 alerts and response items.
2026-06-26 11:36:20,504 - early_warning_risk - INFO - Risk calculated for CCTV_15: score=59.91, level=MEDIUM
2026-06-26 11:36:20,505 - early_warning_alerts - INFO - Generated 4 alerts and response items.
2026-06-26 11:36:25,987 - early_warning_risk - INFO - Risk calculated for SmartMeter_5: score=39.97, level=MEDIUM
2026-06-26 11:36:25,988 - early_warning_alerts - INFO - Generated 4 alerts and response items.
2026-06-26 11:36:30,877 - early_warning_risk - INFO - Risk calculated for StreetLight_4: score=19.97, level=LOW
2026-06-26 11:36:30,878 - early_warning_alerts - INFO - Generated 4 alerts and response items.
2026-06-26 11:36:35,904 - early_warning_risk - INFO - Risk calculated for CCTV_24: score=0.60, level=LOW
2026-06-26 11:36:41,158 - early_warning_risk - INFO - Risk calculated for ParkingSensor_2: score=29.98, level=LOW
2026-06-26 11:36:41,158 - early_warning_alerts - INFO - Generated 4 alerts and response items.
2026-06-26 11:36:46,087 - early_warning_risk - INFO - Risk calculated for CCTV_19: score=59.89, level=MEDIUM
2026-06-26 11:36:46,087 - early_warning_alerts - INFO - Generated 4 alerts and response items.
2026-06-26 11:36:51,014 - early_warning_risk - INFO - Risk calculated for Gateway_1: score=89.84, level=CRITICAL
2026-06-26 11:36:51,014 - early_warning_alerts - INFO - Generated 7 alerts and response items.
2026-06-26 11:36:55,976 - early_warning_risk - INFO - Risk calculated for CCTV_9: score=59.95, level=MEDIUM
2026-06-26 11:36:55,977 - early_warning_alerts - INFO - Generated 4 alerts and response items.
2026-06-26 11:37:00,842 - early_warning_risk - INFO - Risk calculated for CCTV_20: score=59.91, level=MEDIUM
2026-06-26 11:37:00,842 - early_warning_alerts - INFO - Generated 4 alerts and response items.
2026-06-26 11:37:05,655 - early_warning_risk - INFO - Risk calculated for SmartMeter_8: score=39.94, level=MEDIUM
2026-06-26 11:37:05,656 - early_warning_alerts - INFO - Generated 4 alerts and response items.
2026-06-26 11:37:10,524 - early_warning_risk - INFO - Risk calculated for ParkingSensor_9: score=29.95, level=LOW
2026-06-26 11:37:10,524 - early_warning_alerts - INFO - Generated 4 alerts and response items.
2026-06-26 11:37:15,319 - early_warning_risk - INFO - Risk calculated for CCTV_10: score=0.60, level=LOW
2026-06-26 11:37:22,380 - early_warning_risk - INFO - Risk calculated for TrafficLight_6: score=0.80, level=LOW
2026-06-26 11:37:27,388 - early_warning_risk - INFO - Risk calculated for StreetLight_3: score=0.20, level=LOW
2026-06-26 11:45:46,334 - early_warning_risk - INFO - Risk calculated for CCTV_3: score=0.60, level=LOW
2026-06-26 11:55:12,038 - early_warning_risk - INFO - Risk calculated for TrafficLight_5: score=0.80, level=LOW
2026-06-26 12:42:09,231 - early_warning_risk - INFO - Risk calculated for TrafficLight_27: score=0.80, level=LOW
2026-06-26 12:42:14,374 - early_warning_risk - INFO - Risk calculated for StreetLight_4: score=19.96, level=LOW
2026-06-26 12:42:14,375 - early_warning_alerts - INFO - Generated 4 alerts and response items.
2026-06-26 12:42:18,712 - early_warning_risk - INFO - Risk calculated for TrafficLight_24: score=0.80, level=LOW
2026-06-26 12:42:25,205 - early_warning_risk - INFO - Risk calculated for TrafficLight_22: score=0.80, level=LOW
2026-06-26 15:20:43,499 - early_warning_risk - INFO - Risk calculated for Gateway_1: score=89.93, level=CRITICAL
2026-06-26 15:20:43,500 - early_warning_alerts - INFO - Generated 7 alerts and response items.
2026-06-26 15:20:53,807 - early_warning_risk - INFO - Risk calculated for ParkingSensor_5: score=29.95, level=LOW
2026-06-26 15:20:53,807 - early_warning_alerts - INFO - Generated 4 alerts and response items.
2026-06-26 15:21:03,207 - early_warning_risk - INFO - Risk calculated for CCTV_4: score=59.96, level=MEDIUM
2026-06-26 15:21:03,213 - early_warning_alerts - INFO - Generated 4 alerts and response items.
2026-06-26 15:21:10,654 - early_warning_risk - INFO - Risk calculated for WaterSensor_2: score=69.87, level=HIGH
2026-06-26 15:21:10,655 - early_warning_alerts - INFO - Generated 7 alerts and response items.
2026-06-26 15:21:18,127 - early_warning_risk - INFO - Risk calculated for CCTV_15: score=59.96, level=MEDIUM
2026-06-26 15:21:18,128 - early_warning_alerts - INFO - Generated 4 alerts and response items.
2026-06-26 15:21:25,154 - early_warning_risk - INFO - Risk calculated for StreetLight_3: score=19.96, level=LOW
2026-06-26 15:21:25,154 - early_warning_alerts - INFO - Generated 4 alerts and response items.
2026-06-26 15:21:32,758 - early_warning_risk - INFO - Risk calculated for CCTV_30: score=59.95, level=MEDIUM
2026-06-26 15:21:32,758 - early_warning_alerts - INFO - Generated 4 alerts and response items.
2026-06-26 15:21:38,858 - early_warning_risk - INFO - Risk calculated for TrafficLight_23: score=79.88, level=HIGH
2026-06-26 15:21:38,858 - early_warning_alerts - INFO - Generated 7 alerts and response items.
2026-06-26 15:21:44,057 - early_warning_risk - INFO - Risk calculated for TrafficLight_16: score=79.86, level=HIGH
2026-06-26 15:21:44,058 - early_warning_alerts - INFO - Generated 7 alerts and response items.
2026-06-26 15:21:50,134 - early_warning_risk - INFO - Risk calculated for TrafficLight_21: score=79.94, level=HIGH
2026-06-26 15:21:50,136 - early_warning_alerts - INFO - Generated 7 alerts and response items.
2026-06-26 15:21:54,567 - early_warning_risk - INFO - Risk calculated for TrafficLight_20: score=79.94, level=HIGH
2026-06-26 15:21:54,568 - early_warning_alerts - INFO - Generated 7 alerts and response items.
2026-06-26 15:21:59,141 - early_warning_risk - INFO - Risk calculated for TrafficLight_21: score=79.86, level=HIGH
2026-06-26 15:21:59,141 - early_warning_alerts - INFO - Generated 7 alerts and response items.
2026-06-26 15:22:03,536 - early_warning_risk - INFO - Risk calculated for CCTV_18: score=59.95, level=MEDIUM
2026-06-26 15:22:03,536 - early_warning_alerts - INFO - Generated 4 alerts and response items.
2026-06-26 15:22:08,159 - early_warning_risk - INFO - Risk calculated for CCTV_29: score=59.96, level=MEDIUM
2026-06-26 15:22:08,160 - early_warning_alerts - INFO - Generated 4 alerts and response items.
2026-06-26 15:22:13,251 - early_warning_risk - INFO - Risk calculated for SmartMeter_9: score=39.98, level=MEDIUM
2026-06-26 15:22:13,251 - early_warning_alerts - INFO - Generated 4 alerts and response items.
2026-06-26 15:22:17,703 - early_warning_risk - INFO - Risk calculated for CCTV_20: score=59.96, level=MEDIUM
2026-06-26 15:22:17,704 - early_warning_alerts - INFO - Generated 4 alerts and response items.
2026-06-26 15:22:22,237 - early_warning_risk - INFO - Risk calculated for CCTV_9: score=59.91, level=MEDIUM
2026-06-26 15:22:22,237 - early_warning_alerts - INFO - Generated 4 alerts and response items.
2026-06-26 15:22:27,140 - early_warning_risk - INFO - Risk calculated for TrafficLight_16: score=79.95, level=HIGH
2026-06-26 15:22:27,141 - early_warning_alerts - INFO - Generated 7 alerts and response items.
2026-06-26 15:22:31,896 - early_warning_risk - INFO - Risk calculated for SmartMeter_2: score=0.40, level=LOW
2026-06-26 15:22:36,515 - early_warning_risk - INFO - Risk calculated for TrafficLight_1: score=79.95, level=HIGH
2026-06-26 15:22:36,517 - early_warning_alerts - INFO - Generated 7 alerts and response items.
2026-06-26 15:22:41,284 - early_warning_risk - INFO - Risk calculated for ParkingSensor_5: score=29.98, level=LOW
2026-06-26 15:22:41,285 - early_warning_alerts - INFO - Generated 4 alerts and response items.
2026-06-26 15:22:45,977 - early_warning_risk - INFO - Risk calculated for StreetLight_1: score=19.96, level=LOW
2026-06-26 15:22:45,978 - early_warning_alerts - INFO - Generated 4 alerts and response items.
2026-06-26 15:22:50,565 - early_warning_risk - INFO - Risk calculated for ParkingSensor_15: score=29.98, level=LOW
2026-06-26 15:22:50,566 - early_warning_alerts - INFO - Generated 4 alerts and response items.
2026-06-26 15:22:55,096 - early_warning_risk - INFO - Risk calculated for TrafficLight_6: score=79.95, level=HIGH
2026-06-26 15:22:55,096 - early_warning_alerts - INFO - Generated 7 alerts and response items.
2026-06-26 15:22:59,928 - early_warning_risk - INFO - Risk calculated for CCTV_7: score=59.89, level=MEDIUM
2026-06-26 15:22:59,929 - early_warning_alerts - INFO - Generated 4 alerts and response items.
2026-06-26 15:23:04,667 - early_warning_risk - INFO - Risk calculated for ParkingSensor_6: score=29.95, level=LOW
2026-06-26 15:23:04,667 - early_warning_alerts - INFO - Generated 4 alerts and response items.
2026-06-26 15:23:09,091 - early_warning_risk - INFO - Risk calculated for ParkingSensor_13: score=29.98, level=LOW
2026-06-26 15:23:09,091 - early_warning_alerts - INFO - Generated 4 alerts and response items.
2026-06-26 15:23:13,581 - early_warning_risk - INFO - Risk calculated for TrafficLight_1: score=79.94, level=HIGH
2026-06-26 15:23:13,582 - early_warning_alerts - INFO - Generated 7 alerts and response items.
2026-06-26 15:23:18,091 - early_warning_risk - INFO - Risk calculated for TrafficLight_4: score=79.94, level=HIGH
2026-06-26 15:23:18,091 - early_warning_alerts - INFO - Generated 7 alerts and response items.
2026-06-26 15:23:22,543 - early_warning_risk - INFO - Risk calculated for CCTV_27: score=59.89, level=MEDIUM
2026-06-26 15:23:22,545 - early_warning_alerts - INFO - Generated 4 alerts and response items.
2026-06-26 15:23:26,991 - early_warning_risk - INFO - Risk calculated for SmartMeter_1: score=39.97, level=MEDIUM
2026-06-26 15:23:26,992 - early_warning_alerts - INFO - Generated 4 alerts and response items.
2026-06-26 15:23:31,451 - early_warning_risk - INFO - Risk calculated for TrafficLight_11: score=79.95, level=HIGH
2026-06-26 15:23:31,451 - early_warning_alerts - INFO - Generated 7 alerts and response items.
2026-06-26 15:23:35,919 - early_warning_risk - INFO - Risk calculated for CCTV_5: score=59.96, level=MEDIUM
2026-06-26 15:23:35,920 - early_warning_alerts - INFO - Generated 4 alerts and response items.
2026-06-26 15:23:40,411 - early_warning_risk - INFO - Risk calculated for SmartMeter_10: score=39.98, level=MEDIUM
2026-06-26 15:23:40,412 - early_warning_alerts - INFO - Generated 4 alerts and response items.
2026-06-26 15:23:45,028 - early_warning_risk - INFO - Risk calculated for CCTV_7: score=0.60, level=LOW
2026-06-26 15:23:49,471 - early_warning_risk - INFO - Risk calculated for ParkingSensor_13: score=29.98, level=LOW
2026-06-26 15:23:49,471 - early_warning_alerts - INFO - Generated 4 alerts and response items.
2026-06-26 15:23:54,031 - early_warning_risk - INFO - Risk calculated for CCTV_3: score=59.91, level=MEDIUM
2026-06-26 15:23:54,032 - early_warning_alerts - INFO - Generated 4 alerts and response items.
2026-06-26 15:23:58,737 - early_warning_risk - INFO - Risk calculated for ParkingSensor_6: score=29.95, level=LOW
2026-06-26 15:23:58,737 - early_warning_alerts - INFO - Generated 4 alerts and response items.
2026-06-26 15:24:03,266 - early_warning_risk - INFO - Risk calculated for TrafficLight_24: score=79.95, level=HIGH
2026-06-26 15:24:03,266 - early_warning_alerts - INFO - Generated 7 alerts and response items.
2026-06-26 15:24:07,688 - early_warning_risk - INFO - Risk calculated for CCTV_27: score=59.96, level=MEDIUM
2026-06-26 15:24:07,689 - early_warning_alerts - INFO - Generated 4 alerts and response items.
2026-06-26 15:24:12,208 - early_warning_risk - INFO - Risk calculated for TrafficLight_22: score=79.86, level=HIGH
2026-06-26 15:24:12,208 - early_warning_alerts - INFO - Generated 7 alerts and response items.
2026-06-26 15:24:16,703 - early_warning_risk - INFO - Risk calculated for TrafficLight_12: score=79.88, level=HIGH
2026-06-26 15:24:16,704 - early_warning_alerts - INFO - Generated 7 alerts and response items.
2026-06-26 15:24:21,257 - early_warning_risk - INFO - Risk calculated for ParkingSensor_7: score=0.30, level=LOW
2026-06-26 15:24:25,855 - early_warning_risk - INFO - Risk calculated for SmartMeter_2: score=39.93, level=MEDIUM
2026-06-26 15:24:25,855 - early_warning_alerts - INFO - Generated 4 alerts and response items.
2026-06-26 15:24:30,366 - early_warning_risk - INFO - Risk calculated for ParkingSensor_11: score=29.95, level=LOW
2026-06-26 15:24:30,366 - early_warning_alerts - INFO - Generated 4 alerts and response items.
2026-06-26 15:24:35,224 - early_warning_risk - INFO - Risk calculated for TrafficLight_4: score=79.86, level=HIGH
2026-06-26 15:24:35,225 - early_warning_alerts - INFO - Generated 7 alerts and response items.
2026-06-26 15:24:40,028 - early_warning_risk - INFO - Risk calculated for CCTV_3: score=0.60, level=LOW
2026-06-26 15:27:41,383 - early_warning_risk - INFO - Risk calculated for TrafficLight_4: score=79.95, level=HIGH
2026-06-26 15:27:41,404 - early_warning_alerts - INFO - Generated 7 alerts and response items.
2026-06-26 15:50:30,250 - early_warning_risk - INFO - Risk calculated for StreetLight_5: score=19.99, level=LOW
2026-06-26 15:50:30,259 - early_warning_alerts - INFO - Generated 4 alerts and response items.
2026-06-26 15:50:37,731 - early_warning_risk - INFO - Risk calculated for StreetLight_1: score=19.99, level=LOW
2026-06-26 15:50:37,732 - early_warning_alerts - INFO - Generated 4 alerts and response items.
2026-06-26 20:30:46,633 - early_warning_risk - INFO - Risk calculated for CCTV_5: score=59.89, level=MEDIUM
2026-06-26 20:30:46,638 - early_warning_alerts - INFO - Generated 4 alerts and response items.
2026-06-26 20:30:54,805 - early_warning_risk - INFO - Risk calculated for ParkingSensor_11: score=29.98, level=LOW
2026-06-26 20:30:54,806 - early_warning_alerts - INFO - Generated 4 alerts and response items.
2026-06-26 20:31:11,969 - early_warning_risk - INFO - Risk calculated for Server_1: score=99.85, level=CRITICAL
2026-06-26 20:31:11,972 - early_warning_alerts - INFO - Generated 7 alerts and response items.
2026-06-26 20:31:19,786 - early_warning_risk - INFO - Risk calculated for TrafficLight_20: score=79.88, level=HIGH
2026-06-26 20:31:19,787 - early_warning_alerts - INFO - Generated 7 alerts and response items.
2026-06-26 20:31:26,727 - early_warning_risk - INFO - Risk calculated for CCTV_21: score=59.96, level=MEDIUM
2026-06-26 20:31:26,728 - early_warning_alerts - INFO - Generated 4 alerts and response items.
2026-06-26 20:31:34,067 - early_warning_risk - INFO - Risk calculated for TrafficLight_30: score=79.86, level=HIGH
2026-06-26 20:31:34,068 - early_warning_alerts - INFO - Generated 7 alerts and response items.
2026-06-26 20:31:43,480 - early_warning_risk - INFO - Risk calculated for WaterSensor_1: score=0.70, level=LOW
2026-06-26 20:31:51,272 - early_warning_risk - INFO - Risk calculated for TrafficLight_7: score=79.86, level=HIGH
2026-06-26 20:31:51,273 - early_warning_alerts - INFO - Generated 7 alerts and response items.
2026-06-26 20:31:59,928 - early_warning_risk - INFO - Risk calculated for SmartMeter_6: score=39.97, level=MEDIUM
2026-06-26 20:31:59,928 - early_warning_alerts - INFO - Generated 4 alerts and response items.
2026-06-26 20:32:06,280 - early_warning_risk - INFO - Risk calculated for TrafficLight_4: score=0.80, level=LOW
2026-06-26 20:32:13,141 - early_warning_risk - INFO - Risk calculated for TrafficLight_15: score=0.80, level=LOW
2026-06-26 20:32:19,411 - early_warning_risk - INFO - Risk calculated for TrafficLight_22: score=79.95, level=HIGH
2026-06-26 20:32:19,412 - early_warning_alerts - INFO - Generated 7 alerts and response items.
2026-06-26 20:32:25,409 - early_warning_risk - INFO - Risk calculated for Gateway_2: score=89.95, level=CRITICAL
2026-06-26 20:32:25,410 - early_warning_alerts - INFO - Generated 7 alerts and response items.
2026-06-26 20:32:31,057 - early_warning_risk - INFO - Risk calculated for TrafficLight_5: score=79.88, level=HIGH
2026-06-26 20:32:31,058 - early_warning_alerts - INFO - Generated 7 alerts and response items.
2026-06-26 20:32:36,831 - early_warning_risk - INFO - Risk calculated for ParkingSensor_15: score=29.95, level=LOW
2026-06-26 20:32:36,832 - early_warning_alerts - INFO - Generated 4 alerts and response items.
2026-06-26 20:32:42,026 - early_warning_risk - INFO - Risk calculated for ParkingSensor_1: score=29.95, level=LOW
2026-06-26 20:32:42,026 - early_warning_alerts - INFO - Generated 4 alerts and response items.
2026-06-26 20:32:47,143 - early_warning_risk - INFO - Risk calculated for ParkingSensor_3: score=29.95, level=LOW
2026-06-26 20:32:47,143 - early_warning_alerts - INFO - Generated 4 alerts and response items.
2026-06-26 20:32:52,096 - early_warning_risk - INFO - Risk calculated for CCTV_29: score=59.95, level=MEDIUM
2026-06-26 20:32:52,097 - early_warning_alerts - INFO - Generated 4 alerts and response items.
2026-06-26 20:32:57,132 - early_warning_risk - INFO - Risk calculated for TrafficLight_18: score=79.86, level=HIGH
2026-06-26 20:32:57,133 - early_warning_alerts - INFO - Generated 7 alerts and response items.
2026-06-26 20:33:02,030 - early_warning_risk - INFO - Risk calculated for TrafficLight_1: score=79.94, level=HIGH
2026-06-26 20:33:02,030 - early_warning_alerts - INFO - Generated 7 alerts and response items.
2026-06-26 20:33:07,024 - early_warning_risk - INFO - Risk calculated for TrafficLight_22: score=79.95, level=HIGH
2026-06-26 20:33:07,025 - early_warning_alerts - INFO - Generated 7 alerts and response items.
2026-06-26 20:33:12,460 - early_warning_risk - INFO - Risk calculated for SmartMeter_1: score=39.93, level=MEDIUM
2026-06-26 20:33:12,460 - early_warning_alerts - INFO - Generated 4 alerts and response items.
2026-06-26 20:33:17,451 - early_warning_risk - INFO - Risk calculated for CCTV_18: score=59.89, level=MEDIUM
2026-06-26 20:33:17,452 - early_warning_alerts - INFO - Generated 4 alerts and response items.
2026-06-26 20:33:22,954 - early_warning_risk - INFO - Risk calculated for CCTV_21: score=59.96, level=MEDIUM
2026-06-26 20:33:22,955 - early_warning_alerts - INFO - Generated 4 alerts and response items.
2026-06-26 20:33:28,285 - early_warning_risk - INFO - Risk calculated for StreetLight_2: score=19.96, level=LOW
2026-06-26 20:33:28,286 - early_warning_alerts - INFO - Generated 4 alerts and response items.
2026-06-26 20:33:33,903 - early_warning_risk - INFO - Risk calculated for ParkingSensor_8: score=0.30, level=LOW
2026-06-26 20:33:40,462 - early_warning_risk - INFO - Risk calculated for SmartMeter_1: score=39.93, level=MEDIUM
2026-06-26 20:33:40,463 - early_warning_alerts - INFO - Generated 4 alerts and response items.
2026-06-26 20:33:45,886 - early_warning_risk - INFO - Risk calculated for TrafficLight_17: score=79.88, level=HIGH
2026-06-26 20:33:45,887 - early_warning_alerts - INFO - Generated 7 alerts and response items.
2026-06-26 20:33:51,931 - early_warning_risk - INFO - Risk calculated for CCTV_11: score=59.91, level=MEDIUM
2026-06-26 20:33:51,932 - early_warning_alerts - INFO - Generated 4 alerts and response items.
2026-06-26 20:33:56,704 - early_warning_risk - INFO - Risk calculated for TrafficLight_1: score=79.86, level=HIGH
2026-06-26 20:33:56,704 - early_warning_alerts - INFO - Generated 7 alerts and response items.
2026-06-26 20:34:01,612 - early_warning_risk - INFO - Risk calculated for TrafficLight_1: score=79.95, level=HIGH
2026-06-26 20:34:01,613 - early_warning_alerts - INFO - Generated 7 alerts and response items.
2026-06-26 20:34:06,697 - early_warning_risk - INFO - Risk calculated for TrafficLight_15: score=0.80, level=LOW
2026-06-26 20:34:12,206 - early_warning_risk - INFO - Risk calculated for ParkingSensor_13: score=29.98, level=LOW
2026-06-26 20:34:12,207 - early_warning_alerts - INFO - Generated 4 alerts and response items.
2026-06-26 20:34:17,145 - early_warning_risk - INFO - Risk calculated for SmartMeter_6: score=39.97, level=MEDIUM
2026-06-26 20:34:17,146 - early_warning_alerts - INFO - Generated 4 alerts and response items.
2026-06-26 20:34:22,156 - early_warning_risk - INFO - Risk calculated for CCTV_19: score=59.96, level=MEDIUM
2026-06-26 20:34:22,157 - early_warning_alerts - INFO - Generated 4 alerts and response items.
2026-06-26 20:34:27,321 - early_warning_risk - INFO - Risk calculated for TrafficLight_21: score=79.88, level=HIGH
2026-06-26 20:34:27,321 - early_warning_alerts - INFO - Generated 7 alerts and response items.
2026-06-26 20:34:32,183 - early_warning_risk - INFO - Risk calculated for TrafficLight_19: score=79.86, level=HIGH
2026-06-26 20:34:32,183 - early_warning_alerts - INFO - Generated 7 alerts and response items.
2026-06-26 20:34:36,861 - early_warning_risk - INFO - Risk calculated for TrafficLight_27: score=79.95, level=HIGH
2026-06-26 20:34:36,861 - early_warning_alerts - INFO - Generated 7 alerts and response items.
2026-06-26 20:34:41,887 - early_warning_risk - INFO - Risk calculated for WaterSensor_2: score=69.94, level=HIGH
2026-06-26 20:34:41,888 - early_warning_alerts - INFO - Generated 7 alerts and response items.
2026-06-26 20:34:47,423 - early_warning_risk - INFO - Risk calculated for ParkingSensor_4: score=29.98, level=LOW
2026-06-26 20:34:47,424 - early_warning_alerts - INFO - Generated 4 alerts and response items.
2026-06-26 20:34:52,263 - early_warning_risk - INFO - Risk calculated for TrafficLight_2: score=79.88, level=HIGH
2026-06-26 20:34:52,264 - early_warning_alerts - INFO - Generated 7 alerts and response items.
2026-06-26 20:34:56,932 - early_warning_risk - INFO - Risk calculated for TrafficLight_29: score=79.94, level=HIGH
2026-06-26 20:34:56,932 - early_warning_alerts - INFO - Generated 7 alerts and response items.
2026-06-26 20:35:01,687 - early_warning_risk - INFO - Risk calculated for TrafficLight_21: score=79.94, level=HIGH
2026-06-26 20:35:01,687 - early_warning_alerts - INFO - Generated 7 alerts and response items.
2026-06-26 20:35:07,112 - early_warning_risk - INFO - Risk calculated for WaterSensor_3: score=69.87, level=HIGH
2026-06-26 20:35:07,113 - early_warning_alerts - INFO - Generated 7 alerts and response items.
2026-06-26 20:35:12,113 - early_warning_risk - INFO - Risk calculated for Gateway_3: score=89.86, level=CRITICAL
2026-06-26 20:35:12,114 - early_warning_alerts - INFO - Generated 7 alerts and response items.
2026-06-26 20:35:16,770 - early_warning_risk - INFO - Risk calculated for TrafficLight_4: score=79.86, level=HIGH
2026-06-26 20:35:16,770 - early_warning_alerts - INFO - Generated 7 alerts and response items.
2026-06-26 20:35:21,411 - early_warning_risk - INFO - Risk calculated for CCTV_6: score=59.91, level=MEDIUM
2026-06-26 20:35:21,411 - early_warning_alerts - INFO - Generated 4 alerts and response items.
2026-06-26 20:35:26,266 - early_warning_risk - INFO - Risk calculated for CCTV_6: score=59.96, level=MEDIUM
2026-06-26 20:35:26,267 - early_warning_alerts - INFO - Generated 4 alerts and response items.
2026-06-26 20:35:31,018 - early_warning_risk - INFO - Risk calculated for ParkingSensor_10: score=29.95, level=LOW
2026-06-26 20:35:31,018 - early_warning_alerts - INFO - Generated 4 alerts and response items.
2026-06-26 20:35:37,047 - early_warning_risk - INFO - Risk calculated for Server_2: score=99.82, level=CRITICAL
2026-06-26 20:35:37,048 - early_warning_alerts - INFO - Generated 7 alerts and response items.
2026-06-26 20:35:43,839 - early_warning_risk - INFO - Risk calculated for TrafficLight_18: score=79.86, level=HIGH
2026-06-26 20:35:43,841 - early_warning_alerts - INFO - Generated 7 alerts and response items.
2026-06-26 20:35:49,091 - early_warning_risk - INFO - Risk calculated for SmartMeter_10: score=39.93, level=MEDIUM
2026-06-26 20:35:49,092 - early_warning_alerts - INFO - Generated 4 alerts and response items.
2026-06-26 20:35:53,967 - early_warning_risk - INFO - Risk calculated for ParkingSensor_14: score=29.95, level=LOW
2026-06-26 20:35:53,967 - early_warning_alerts - INFO - Generated 4 alerts and response items.
2026-06-26 20:35:58,600 - early_warning_risk - INFO - Risk calculated for TrafficLight_27: score=79.94, level=HIGH
2026-06-26 20:35:58,601 - early_warning_alerts - INFO - Generated 7 alerts and response items.
2026-06-26 20:36:03,631 - early_warning_risk - INFO - Risk calculated for ParkingSensor_3: score=0.30, level=LOW
2026-06-26 20:36:09,145 - early_warning_risk - INFO - Risk calculated for TrafficLight_14: score=79.95, level=HIGH
2026-06-26 20:36:09,145 - early_warning_alerts - INFO - Generated 7 alerts and response items.
2026-06-26 20:36:14,485 - early_warning_risk - INFO - Risk calculated for TrafficLight_13: score=79.95, level=HIGH
2026-06-26 20:36:14,486 - early_warning_alerts - INFO - Generated 7 alerts and response items.
2026-06-26 20:36:19,554 - early_warning_risk - INFO - Risk calculated for SmartMeter_5: score=39.97, level=MEDIUM
2026-06-26 20:36:19,554 - early_warning_alerts - INFO - Generated 4 alerts and response items.
2026-06-26 20:36:24,610 - early_warning_risk - INFO - Risk calculated for TrafficLight_26: score=79.95, level=HIGH
2026-06-26 20:36:24,611 - early_warning_alerts - INFO - Generated 7 alerts and response items.
2026-06-26 20:36:29,655 - early_warning_risk - INFO - Risk calculated for TrafficLight_22: score=0.80, level=LOW
2026-06-26 20:36:34,574 - early_warning_risk - INFO - Risk calculated for TrafficLight_25: score=79.88, level=HIGH
2026-06-26 20:36:34,574 - early_warning_alerts - INFO - Generated 7 alerts and response items.
2026-06-26 20:36:39,842 - early_warning_risk - INFO - Risk calculated for TrafficLight_13: score=79.94, level=HIGH
2026-06-26 20:36:39,843 - early_warning_alerts - INFO - Generated 7 alerts and response items.
2026-06-26 20:36:44,877 - early_warning_risk - INFO - Risk calculated for WaterSensor_4: score=69.94, level=HIGH
2026-06-26 20:36:44,878 - early_warning_alerts - INFO - Generated 7 alerts and response items.
2026-06-26 20:36:50,463 - early_warning_risk - INFO - Risk calculated for StreetLight_2: score=19.96, level=LOW
2026-06-26 20:36:50,464 - early_warning_alerts - INFO - Generated 4 alerts and response items.
2026-06-26 20:36:55,565 - early_warning_risk - INFO - Risk calculated for TrafficLight_19: score=79.88, level=HIGH
2026-06-26 20:36:55,566 - early_warning_alerts - INFO - Generated 7 alerts and response items.
2026-06-26 20:37:01,564 - early_warning_risk - INFO - Risk calculated for CCTV_29: score=59.96, level=MEDIUM
2026-06-26 20:37:01,565 - early_warning_alerts - INFO - Generated 4 alerts and response items.
2026-06-26 20:37:07,171 - early_warning_risk - INFO - Risk calculated for TrafficLight_8: score=79.86, level=HIGH
2026-06-26 20:37:07,171 - early_warning_alerts - INFO - Generated 7 alerts and response items.
2026-06-26 20:37:12,419 - early_warning_risk - INFO - Risk calculated for ParkingSensor_15: score=0.30, level=LOW
2026-06-26 20:37:17,638 - early_warning_risk - INFO - Risk calculated for SmartMeter_4: score=0.40, level=LOW
2026-06-26 20:37:22,854 - early_warning_risk - INFO - Risk calculated for CCTV_16: score=0.60, level=LOW
2026-06-26 20:37:28,042 - early_warning_risk - INFO - Risk calculated for TrafficLight_16: score=0.80, level=LOW
2026-06-26 20:37:32,786 - early_warning_risk - INFO - Risk calculated for TrafficLight_23: score=79.94, level=HIGH
2026-06-26 20:37:32,787 - early_warning_alerts - INFO - Generated 7 alerts and response items.
2026-06-26 20:37:37,840 - early_warning_risk - INFO - Risk calculated for SmartMeter_8: score=39.94, level=MEDIUM
2026-06-26 20:37:37,840 - early_warning_alerts - INFO - Generated 4 alerts and response items.
2026-06-26 20:37:42,611 - early_warning_risk - INFO - Risk calculated for CCTV_4: score=59.96, level=MEDIUM
2026-06-26 20:37:42,612 - early_warning_alerts - INFO - Generated 4 alerts and response items.
2026-06-26 20:37:47,457 - early_warning_risk - INFO - Risk calculated for StreetLight_3: score=19.98, level=LOW
2026-06-26 20:37:47,459 - early_warning_alerts - INFO - Generated 4 alerts and response items.
2026-06-26 20:37:52,340 - early_warning_risk - INFO - Risk calculated for ParkingSensor_5: score=29.98, level=LOW
2026-06-26 20:37:52,340 - early_warning_alerts - INFO - Generated 4 alerts and response items.
2026-06-26 20:37:57,593 - early_warning_risk - INFO - Risk calculated for ParkingSensor_2: score=29.95, level=LOW
2026-06-26 20:37:57,593 - early_warning_alerts - INFO - Generated 4 alerts and response items.
2026-06-26 20:38:02,586 - early_warning_risk - INFO - Risk calculated for TrafficLight_25: score=0.80, level=LOW
2026-06-26 20:38:07,571 - early_warning_risk - INFO - Risk calculated for TrafficLight_2: score=79.88, level=HIGH
2026-06-26 20:38:07,572 - early_warning_alerts - INFO - Generated 7 alerts and response items.
2026-06-26 20:38:12,779 - early_warning_risk - INFO - Risk calculated for ParkingSensor_3: score=0.30, level=LOW
2026-06-26 20:38:17,767 - early_warning_risk - INFO - Risk calculated for CCTV_3: score=0.60, level=LOW
2026-06-26 20:38:22,349 - early_warning_risk - INFO - Risk calculated for CCTV_30: score=0.60, level=LOW
2026-06-26 20:38:26,946 - early_warning_risk - INFO - Risk calculated for SmartMeter_10: score=0.40, level=LOW
2026-06-26 20:38:31,662 - early_warning_risk - INFO - Risk calculated for CCTV_2: score=59.89, level=MEDIUM
2026-06-26 20:38:31,663 - early_warning_alerts - INFO - Generated 4 alerts and response items.
2026-06-26 20:38:36,344 - early_warning_risk - INFO - Risk calculated for ParkingSensor_4: score=0.30, level=LOW
2026-06-26 20:38:40,896 - early_warning_risk - INFO - Risk calculated for StreetLight_4: score=19.99, level=LOW
2026-06-26 20:38:40,897 - early_warning_alerts - INFO - Generated 4 alerts and response items.
2026-06-26 20:38:45,563 - early_warning_risk - INFO - Risk calculated for WaterSensor_2: score=0.70, level=LOW
2026-06-26 20:38:50,388 - early_warning_risk - INFO - Risk calculated for WaterSensor_5: score=69.94, level=HIGH
2026-06-26 20:38:50,388 - early_warning_alerts - INFO - Generated 7 alerts and response items.
2026-06-26 20:38:55,832 - early_warning_risk - INFO - Risk calculated for CCTV_21: score=59.95, level=MEDIUM
2026-06-26 20:38:55,832 - early_warning_alerts - INFO - Generated 4 alerts and response items.
2026-06-26 20:39:00,473 - early_warning_risk - INFO - Risk calculated for CCTV_8: score=59.91, level=MEDIUM
2026-06-26 20:39:00,474 - early_warning_alerts - INFO - Generated 4 alerts and response items.
2026-06-26 20:39:26,187 - early_warning_risk - INFO - Risk calculated for CCTV_13: score=59.91, level=MEDIUM
2026-06-26 20:39:26,188 - early_warning_alerts - INFO - Generated 4 alerts and response items.
2026-06-26 20:39:32,356 - early_warning_risk - INFO - Risk calculated for TrafficLight_2: score=79.95, level=HIGH
2026-06-26 20:39:32,357 - early_warning_alerts - INFO - Generated 7 alerts and response items.
2026-06-26 20:42:21,069 - early_warning_risk - INFO - Risk calculated for CCTV_21: score=59.96, level=MEDIUM
2026-06-26 20:42:21,073 - early_warning_alerts - INFO - Generated 4 alerts and response items.
2026-06-26 20:42:30,873 - early_warning_risk - INFO - Risk calculated for CCTV_16: score=0.60, level=LOW
2026-06-26 20:42:36,426 - early_warning_risk - INFO - Risk calculated for ParkingSensor_3: score=29.98, level=LOW
2026-06-26 20:42:36,427 - early_warning_alerts - INFO - Generated 4 alerts and response items.
2026-06-26 20:42:41,985 - early_warning_risk - INFO - Risk calculated for CCTV_20: score=0.60, level=LOW
2026-06-26 20:42:47,420 - early_warning_risk - INFO - Risk calculated for TrafficLight_29: score=79.86, level=HIGH
2026-06-26 20:42:47,421 - early_warning_alerts - INFO - Generated 7 alerts and response items.
2026-06-26 20:42:52,091 - early_warning_risk - INFO - Risk calculated for TrafficLight_4: score=79.94, level=HIGH
2026-06-26 20:42:52,092 - early_warning_alerts - INFO - Generated 7 alerts and response items.
2026-06-26 20:42:57,018 - early_warning_risk - INFO - Risk calculated for WaterSensor_3: score=69.96, level=HIGH
2026-06-26 20:42:57,018 - early_warning_alerts - INFO - Generated 7 alerts and response items.
2026-06-26 20:43:01,897 - early_warning_risk - INFO - Risk calculated for ParkingSensor_4: score=29.98, level=LOW
2026-06-26 20:43:01,897 - early_warning_alerts - INFO - Generated 4 alerts and response items.
2026-06-26 20:43:06,577 - early_warning_risk - INFO - Risk calculated for Server_1: score=99.94, level=CRITICAL
2026-06-26 20:43:06,577 - early_warning_alerts - INFO - Generated 7 alerts and response items.
2026-06-26 20:43:11,334 - early_warning_risk - INFO - Risk calculated for CCTV_18: score=59.95, level=MEDIUM
2026-06-26 20:43:11,335 - early_warning_alerts - INFO - Generated 4 alerts and response items.
2026-06-26 20:43:16,344 - early_warning_risk - INFO - Risk calculated for ParkingSensor_14: score=29.95, level=LOW
2026-06-26 20:43:16,345 - early_warning_alerts - INFO - Generated 4 alerts and response items.
2026-06-26 20:43:21,368 - early_warning_risk - INFO - Risk calculated for CCTV_25: score=0.60, level=LOW
2026-06-26 20:43:26,411 - early_warning_risk - INFO - Risk calculated for SmartMeter_3: score=39.93, level=MEDIUM
2026-06-26 20:43:26,412 - early_warning_alerts - INFO - Generated 4 alerts and response items.
2026-06-26 20:43:31,195 - early_warning_risk - INFO - Risk calculated for TrafficLight_4: score=79.88, level=HIGH
2026-06-26 20:43:31,196 - early_warning_alerts - INFO - Generated 7 alerts and response items.
2026-06-26 20:43:35,940 - early_warning_risk - INFO - Risk calculated for Gateway_3: score=89.93, level=CRITICAL
2026-06-26 20:43:35,940 - early_warning_alerts - INFO - Generated 7 alerts and response items.
2026-06-26 20:43:40,932 - early_warning_risk - INFO - Risk calculated for CCTV_23: score=59.89, level=MEDIUM
2026-06-26 20:43:40,932 - early_warning_alerts - INFO - Generated 4 alerts and response items.
2026-06-26 20:43:45,828 - early_warning_risk - INFO - Risk calculated for CCTV_13: score=59.89, level=MEDIUM
2026-06-26 20:43:45,829 - early_warning_alerts - INFO - Generated 4 alerts and response items.
2026-06-26 20:43:50,789 - early_warning_risk - INFO - Risk calculated for SmartMeter_7: score=39.98, level=MEDIUM
2026-06-26 20:43:50,790 - early_warning_alerts - INFO - Generated 4 alerts and response items.
2026-06-26 20:43:55,759 - early_warning_risk - INFO - Risk calculated for WaterSensor_5: score=0.70, level=LOW
2026-06-26 20:44:00,575 - early_warning_risk - INFO - Risk calculated for StreetLight_2: score=19.97, level=LOW
2026-06-26 20:44:00,576 - early_warning_alerts - INFO - Generated 4 alerts and response items.
2026-06-26 20:44:05,270 - early_warning_risk - INFO - Risk calculated for TrafficLight_28: score=79.94, level=HIGH
2026-06-26 20:44:05,270 - early_warning_alerts - INFO - Generated 7 alerts and response items.
2026-06-26 20:44:09,841 - early_warning_risk - INFO - Risk calculated for TrafficLight_7: score=79.94, level=HIGH
2026-06-26 20:44:09,841 - early_warning_alerts - INFO - Generated 7 alerts and response items.
2026-06-26 20:44:14,593 - early_warning_risk - INFO - Risk calculated for Server_1: score=1.00, level=LOW
2026-06-26 20:44:19,590 - early_warning_risk - INFO - Risk calculated for TrafficLight_20: score=79.94, level=HIGH
2026-06-26 20:44:19,591 - early_warning_alerts - INFO - Generated 7 alerts and response items.
2026-06-26 20:44:24,387 - early_warning_risk - INFO - Risk calculated for ParkingSensor_9: score=29.98, level=LOW
2026-06-26 20:44:24,387 - early_warning_alerts - INFO - Generated 4 alerts and response items.
2026-06-26 20:44:29,519 - early_warning_risk - INFO - Risk calculated for TrafficLight_15: score=0.80, level=LOW
2026-06-26 20:44:34,767 - early_warning_risk - INFO - Risk calculated for Server_2: score=99.94, level=CRITICAL
2026-06-26 20:44:34,768 - early_warning_alerts - INFO - Generated 7 alerts and response items.
2026-06-26 20:44:39,774 - early_warning_risk - INFO - Risk calculated for StreetLight_5: score=19.97, level=LOW
2026-06-26 20:44:39,775 - early_warning_alerts - INFO - Generated 4 alerts and response items.
2026-06-26 20:44:44,430 - early_warning_risk - INFO - Risk calculated for CCTV_16: score=59.91, level=MEDIUM
2026-06-26 20:44:44,430 - early_warning_alerts - INFO - Generated 4 alerts and response items.
2026-06-26 20:44:49,020 - early_warning_risk - INFO - Risk calculated for TrafficLight_30: score=79.88, level=HIGH
2026-06-26 20:44:49,021 - early_warning_alerts - INFO - Generated 7 alerts and response items.
2026-06-26 20:44:53,654 - early_warning_risk - INFO - Risk calculated for TrafficLight_7: score=79.95, level=HIGH
2026-06-26 20:44:53,655 - early_warning_alerts - INFO - Generated 7 alerts and response items.
2026-06-26 20:44:58,413 - early_warning_risk - INFO - Risk calculated for CCTV_29: score=59.89, level=MEDIUM
2026-06-26 20:44:58,414 - early_warning_alerts - INFO - Generated 4 alerts and response items.
2026-06-26 20:45:03,106 - early_warning_risk - INFO - Risk calculated for ParkingSensor_15: score=29.95, level=LOW
2026-06-26 20:45:03,106 - early_warning_alerts - INFO - Generated 4 alerts and response items.
2026-06-26 20:45:07,697 - early_warning_risk - INFO - Risk calculated for Gateway_2: score=89.93, level=CRITICAL
2026-06-26 20:45:07,698 - early_warning_alerts - INFO - Generated 7 alerts and response items.
2026-06-26 20:45:12,317 - early_warning_risk - INFO - Risk calculated for WaterSensor_5: score=0.70, level=LOW
2026-06-26 20:45:16,908 - early_warning_risk - INFO - Risk calculated for ParkingSensor_10: score=29.98, level=LOW
2026-06-26 20:45:16,909 - early_warning_alerts - INFO - Generated 4 alerts and response items.
2026-06-26 20:45:21,599 - early_warning_risk - INFO - Risk calculated for TrafficLight_6: score=79.94, level=HIGH
2026-06-26 20:45:21,599 - early_warning_alerts - INFO - Generated 7 alerts and response items.
2026-06-26 20:45:26,260 - early_warning_risk - INFO - Risk calculated for CCTV_4: score=59.96, level=MEDIUM
2026-06-26 20:45:26,260 - early_warning_alerts - INFO - Generated 4 alerts and response items.
2026-06-26 20:45:31,014 - early_warning_risk - INFO - Risk calculated for TrafficLight_24: score=79.88, level=HIGH
2026-06-26 20:45:31,015 - early_warning_alerts - INFO - Generated 7 alerts and response items.
2026-06-26 20:45:35,869 - early_warning_risk - INFO - Risk calculated for SmartMeter_2: score=39.98, level=MEDIUM
2026-06-26 20:45:35,869 - early_warning_alerts - INFO - Generated 4 alerts and response items.
2026-06-26 20:45:40,506 - early_warning_risk - INFO - Risk calculated for CCTV_11: score=59.96, level=MEDIUM
2026-06-26 20:45:40,507 - early_warning_alerts - INFO - Generated 4 alerts and response items.
2026-06-26 20:45:45,093 - early_warning_risk - INFO - Risk calculated for CCTV_25: score=59.91, level=MEDIUM
2026-06-26 20:45:45,093 - early_warning_alerts - INFO - Generated 4 alerts and response items.
2026-06-26 20:45:49,614 - early_warning_risk - INFO - Risk calculated for WaterSensor_3: score=69.96, level=HIGH
2026-06-26 20:45:49,614 - early_warning_alerts - INFO - Generated 7 alerts and response items.
2026-06-26 20:45:54,418 - early_warning_risk - INFO - Risk calculated for CCTV_13: score=59.89, level=MEDIUM
2026-06-26 20:45:54,419 - early_warning_alerts - INFO - Generated 4 alerts and response items.
2026-06-26 20:45:59,231 - early_warning_risk - INFO - Risk calculated for CCTV_15: score=59.91, level=MEDIUM
2026-06-26 20:45:59,232 - early_warning_alerts - INFO - Generated 4 alerts and response items.
2026-06-26 20:46:04,387 - early_warning_risk - INFO - Risk calculated for TrafficLight_3: score=79.94, level=HIGH
2026-06-26 20:46:04,388 - early_warning_alerts - INFO - Generated 7 alerts and response items.
2026-06-26 20:46:09,192 - early_warning_risk - INFO - Risk calculated for ParkingSensor_8: score=29.95, level=LOW
2026-06-26 20:46:09,192 - early_warning_alerts - INFO - Generated 4 alerts and response items.
2026-06-26 20:46:13,962 - early_warning_risk - INFO - Risk calculated for TrafficLight_14: score=79.94, level=HIGH
2026-06-26 20:46:13,962 - early_warning_alerts - INFO - Generated 7 alerts and response items.
2026-06-26 20:46:18,786 - early_warning_risk - INFO - Risk calculated for TrafficLight_17: score=79.95, level=HIGH
2026-06-26 20:46:18,786 - early_warning_alerts - INFO - Generated 7 alerts and response items.
2026-06-26 20:46:23,522 - early_warning_risk - INFO - Risk calculated for CCTV_20: score=59.96, level=MEDIUM
2026-06-26 20:46:23,523 - early_warning_alerts - INFO - Generated 4 alerts and response items.
2026-06-26 20:46:28,345 - early_warning_risk - INFO - Risk calculated for TrafficLight_13: score=79.94, level=HIGH
2026-06-26 20:46:28,346 - early_warning_alerts - INFO - Generated 7 alerts and response items.
2026-06-26 20:46:33,266 - early_warning_risk - INFO - Risk calculated for SmartMeter_2: score=39.97, level=MEDIUM
2026-06-26 20:46:33,267 - early_warning_alerts - INFO - Generated 4 alerts and response items.
2026-06-26 20:46:38,088 - early_warning_risk - INFO - Risk calculated for CCTV_18: score=59.96, level=MEDIUM
2026-06-26 20:46:38,088 - early_warning_alerts - INFO - Generated 4 alerts and response items.
2026-06-26 20:46:42,937 - early_warning_risk - INFO - Risk calculated for TrafficLight_2: score=79.86, level=HIGH
2026-06-26 20:46:42,938 - early_warning_alerts - INFO - Generated 7 alerts and response items.
2026-06-26 20:46:47,716 - early_warning_risk - INFO - Risk calculated for WaterSensor_2: score=69.89, level=HIGH
2026-06-26 20:46:47,717 - early_warning_alerts - INFO - Generated 7 alerts and response items.
2026-06-26 20:46:52,584 - early_warning_risk - INFO - Risk calculated for CCTV_3: score=0.60, level=LOW
2026-06-26 20:46:57,418 - early_warning_risk - INFO - Risk calculated for StreetLight_3: score=19.99, level=LOW
2026-06-26 20:46:57,418 - early_warning_alerts - INFO - Generated 4 alerts and response items.
2026-06-26 20:47:02,216 - early_warning_risk - INFO - Risk calculated for TrafficLight_2: score=79.94, level=HIGH
2026-06-26 20:47:02,216 - early_warning_alerts - INFO - Generated 7 alerts and response items.
2026-06-26 20:47:07,070 - early_warning_risk - INFO - Risk calculated for CCTV_11: score=59.96, level=MEDIUM
2026-06-26 20:47:07,071 - early_warning_alerts - INFO - Generated 4 alerts and response items.
2026-06-26 20:47:11,834 - early_warning_risk - INFO - Risk calculated for CCTV_2: score=59.96, level=MEDIUM
2026-06-26 20:47:11,835 - early_warning_alerts - INFO - Generated 4 alerts and response items.
2026-06-26 20:47:16,659 - early_warning_risk - INFO - Risk calculated for CCTV_6: score=59.95, level=MEDIUM
2026-06-26 20:47:16,660 - early_warning_alerts - INFO - Generated 4 alerts and response items.
2026-06-26 20:47:21,542 - early_warning_risk - INFO - Risk calculated for ParkingSensor_10: score=29.98, level=LOW
2026-06-26 20:47:21,543 - early_warning_alerts - INFO - Generated 4 alerts and response items.
2026-06-26 20:47:26,355 - early_warning_risk - INFO - Risk calculated for CCTV_5: score=59.91, level=MEDIUM
2026-06-26 20:47:26,356 - early_warning_alerts - INFO - Generated 4 alerts and response items.
2026-06-26 20:47:31,499 - early_warning_risk - INFO - Risk calculated for TrafficLight_23: score=79.88, level=HIGH
2026-06-26 20:47:31,499 - early_warning_alerts - INFO - Generated 7 alerts and response items.
2026-06-26 20:47:36,561 - early_warning_risk - INFO - Risk calculated for StreetLight_5: score=19.99, level=LOW
2026-06-26 20:47:36,562 - early_warning_alerts - INFO - Generated 4 alerts and response items.
2026-06-26 20:47:42,018 - early_warning_risk - INFO - Risk calculated for TrafficLight_26: score=0.80, level=LOW
2026-06-26 20:47:47,801 - early_warning_risk - INFO - Risk calculated for CCTV_12: score=59.91, level=MEDIUM
2026-06-26 20:47:47,802 - early_warning_alerts - INFO - Generated 4 alerts and response items.
2026-06-26 20:47:52,622 - early_warning_risk - INFO - Risk calculated for WaterSensor_5: score=69.89, level=HIGH
2026-06-26 20:47:52,623 - early_warning_alerts - INFO - Generated 7 alerts and response items.
2026-06-26 20:47:57,524 - early_warning_risk - INFO - Risk calculated for WaterSensor_5: score=69.89, level=HIGH
2026-06-26 20:47:57,525 - early_warning_alerts - INFO - Generated 7 alerts and response items.
2026-06-26 20:48:47,107 - early_warning_risk - INFO - Risk calculated for CCTV_29: score=59.96, level=MEDIUM
2026-06-26 20:48:47,108 - early_warning_alerts - INFO - Generated 4 alerts and response items.
2026-06-26 20:48:53,662 - early_warning_risk - INFO - Risk calculated for ParkingSensor_6: score=29.98, level=LOW
2026-06-26 20:48:53,664 - early_warning_alerts - INFO - Generated 4 alerts and response items.
2026-06-26 20:48:59,383 - early_warning_risk - INFO - Risk calculated for Server_2: score=99.92, level=CRITICAL
2026-06-26 20:48:59,384 - early_warning_alerts - INFO - Generated 7 alerts and response items.
2026-06-26 20:49:04,927 - early_warning_risk - INFO - Risk calculated for TrafficLight_14: score=79.86, level=HIGH
2026-06-26 20:49:04,928 - early_warning_alerts - INFO - Generated 7 alerts and response items.
2026-06-26 20:49:09,969 - early_warning_risk - INFO - Risk calculated for TrafficLight_26: score=79.94, level=HIGH
2026-06-26 20:49:09,970 - early_warning_alerts - INFO - Generated 7 alerts and response items.
2026-06-26 20:49:14,771 - early_warning_risk - INFO - Risk calculated for CCTV_5: score=0.60, level=LOW
2026-06-26 20:49:19,502 - early_warning_risk - INFO - Risk calculated for TrafficLight_24: score=79.86, level=HIGH
2026-06-26 20:49:19,502 - early_warning_alerts - INFO - Generated 7 alerts and response items.
2026-06-26 20:49:24,466 - early_warning_risk - INFO - Risk calculated for CCTV_29: score=59.91, level=MEDIUM
2026-06-26 20:49:24,467 - early_warning_alerts - INFO - Generated 4 alerts and response items.
2026-06-26 20:49:29,229 - early_warning_risk - INFO - Risk calculated for CCTV_27: score=59.96, level=MEDIUM
2026-06-26 20:49:29,230 - early_warning_alerts - INFO - Generated 4 alerts and response items.
2026-06-26 20:49:34,544 - early_warning_risk - INFO - Risk calculated for TrafficLight_2: score=79.86, level=HIGH
2026-06-26 20:49:34,545 - early_warning_alerts - INFO - Generated 7 alerts and response items.
2026-06-26 20:49:39,544 - early_warning_risk - INFO - Risk calculated for CCTV_23: score=59.89, level=MEDIUM
2026-06-26 20:49:39,545 - early_warning_alerts - INFO - Generated 4 alerts and response items.
2026-06-26 20:49:44,602 - early_warning_risk - INFO - Risk calculated for CCTV_28: score=0.60, level=LOW
2026-06-26 20:49:49,653 - early_warning_risk - INFO - Risk calculated for ParkingSensor_12: score=29.98, level=LOW
2026-06-26 20:49:49,653 - early_warning_alerts - INFO - Generated 4 alerts and response items.
2026-06-26 20:49:54,566 - early_warning_risk - INFO - Risk calculated for ParkingSensor_1: score=29.98, level=LOW
2026-06-26 20:49:54,567 - early_warning_alerts - INFO - Generated 4 alerts and response items.
2026-06-26 20:49:59,588 - early_warning_risk - INFO - Risk calculated for TrafficLight_29: score=79.95, level=HIGH
2026-06-26 20:49:59,589 - early_warning_alerts - INFO - Generated 7 alerts and response items.
2026-06-26 20:50:04,913 - early_warning_risk - INFO - Risk calculated for TrafficLight_13: score=79.88, level=HIGH
2026-06-26 20:50:04,914 - early_warning_alerts - INFO - Generated 7 alerts and response items.
2026-06-26 20:50:10,355 - early_warning_risk - INFO - Risk calculated for CCTV_3: score=59.96, level=MEDIUM
2026-06-26 20:50:10,356 - early_warning_alerts - INFO - Generated 4 alerts and response items.
2026-06-27 15:08:28,720 - gnn_graph_builder - INFO - Loaded graph with 100 nodes and 120 edges.
2026-06-27 15:08:30,700 - models_loader - INFO - Loaded XGBoost artifacts successfully.
2026-06-27 15:08:30,859 - models_loader - INFO - Loaded Random Forest artifacts successfully.
2026-06-27 15:08:31,646 - gnn_predict - INFO - GNN model loaded successfully.
2026-06-27 15:08:31,756 - impact_assets - INFO - Loaded 100 assets from criticality file.
2026-06-27 15:08:31,799 - impact_score - INFO - Loaded 56 impact weight mappings.
2026-06-27 15:08:31,807 - impact_assets - INFO - Loaded 100 assets from criticality file.
2026-06-27 15:08:32,233 - explainability_shap - INFO - SHAP TreeExplainer initialized for xgboost.
2026-06-27 15:08:32,595 - early_warning_risk - INFO - Risk calculated for CCTV_1: score=0.60, level=LOW
2026-06-30 19:15:06,476 - gnn_graph_builder - INFO - Loaded graph with 100 nodes and 120 edges.
2026-06-30 19:15:06,485 - gnn_adversarial_defense - INFO - Adversarial topology attack completed: Injected 30 decoy edges.
2026-06-30 19:15:06,489 - gnn_adversarial_defense - INFO - Purification completed: Pruned 0 suspicious edges using threshold=0.45.
2026-06-30 19:17:13,677 - gnn_graph_builder - INFO - Loaded graph with 100 nodes and 120 edges.
2026-06-30 19:17:13,684 - gnn_adversarial_defense - INFO - Adversarial topology attack completed: Injected 30 decoy edges.
2026-06-30 19:17:13,687 - gnn_adversarial_defense - INFO - Purification completed: Pruned 127 suspicious edges using threshold=0.65.
2026-06-30 19:17:47,002 - gnn_graph_builder - INFO - Loaded graph with 100 nodes and 120 edges.
2026-06-30 19:18:10,945 - gnn_graph_builder - INFO - Loaded graph with 100 nodes and 120 edges.
2026-06-30 19:19:07,174 - gnn_graph_builder - INFO - Loaded graph with 100 nodes and 120 edges.
2026-06-30 19:19:07,179 - gnn_adversarial_defense - INFO - Adversarial topology attack completed: Injected 30 decoy edges.
2026-06-30 19:19:07,183 - gnn_adversarial_defense - INFO - Purification completed: Pruned 25 suspicious edges using threshold=0.65.
2026-06-30 19:24:09,778 - gnn_graph_builder - INFO - Loaded graph with 100 nodes and 120 edges.
2026-06-30 19:24:10,016 - models_loader - INFO - Loaded XGBoost artifacts successfully.
2026-06-30 19:24:10,067 - models_loader - INFO - Loaded Random Forest artifacts successfully.
2026-06-30 19:24:10,241 - gnn_predict - INFO - GNN model loaded successfully.
2026-06-30 19:24:10,274 - impact_assets - INFO - Loaded 100 assets from criticality file.
2026-06-30 19:24:10,308 - impact_score - INFO - Loaded 56 impact weight mappings.
2026-06-30 19:24:10,315 - impact_assets - INFO - Loaded 100 assets from criticality file.
2026-06-30 19:24:10,586 - explainability_shap - INFO - SHAP TreeExplainer initialized for xgboost.
2026-06-30 19:24:10,705 - early_warning_risk - INFO - Risk calculated for CCTV_1: score=0.60, level=LOW
2026-06-30 19:24:12,729 - gnn_adversarial_defense - INFO - Adversarial topology attack completed: Injected 24 decoy edges.
2026-06-30 19:24:12,743 - gnn_adversarial_defense - INFO - Purification completed: Pruned 20 suspicious edges using threshold=0.65.
2026-06-30 19:25:00,236 - early_warning_risk - INFO - Risk calculated for CCTV_1: score=0.60, level=LOW
2026-06-30 19:25:01,278 - gnn_adversarial_defense - INFO - Adversarial topology attack completed: Injected 6 decoy edges.
2026-06-30 19:25:01,284 - gnn_adversarial_defense - INFO - Purification completed: Pruned 6 suspicious edges using threshold=0.65.
2026-06-30 19:25:08,180 - early_warning_risk - INFO - Risk calculated for CCTV_1: score=0.60, level=LOW
2026-06-30 19:25:09,135 - gnn_adversarial_defense - INFO - Adversarial topology attack completed: Injected 36 decoy edges.
2026-06-30 19:25:09,146 - gnn_adversarial_defense - INFO - Purification completed: Pruned 30 suspicious edges using threshold=0.65.
2026-06-30 19:25:12,305 - early_warning_risk - INFO - Risk calculated for CCTV_1: score=0.60, level=LOW
2026-06-30 19:25:13,282 - early_warning_risk - INFO - Risk calculated for CCTV_1: score=0.60, level=LOW
2026-06-30 19:25:14,354 - gnn_adversarial_defense - INFO - Adversarial topology attack completed: Injected 36 decoy edges.
2026-06-30 19:25:14,360 - gnn_adversarial_defense - INFO - Purification completed: Pruned 67 suspicious edges using threshold=0.9.
2026-06-30 19:26:17,830 - early_warning_risk - INFO - Risk calculated for CCTV_1: score=59.96, level=MEDIUM
2026-06-30 19:26:17,832 - early_warning_alerts - INFO - Generated 4 alerts and response items.
2026-06-30 19:26:19,907 - gnn_adversarial_defense - INFO - Adversarial topology attack completed: Injected 36 decoy edges.
2026-06-30 19:26:19,913 - gnn_adversarial_defense - INFO - Purification completed: Pruned 61 suspicious edges using threshold=0.9.
2026-06-30 19:26:24,036 - early_warning_risk - INFO - Risk calculated for StreetLight_1: score=19.99, level=LOW
2026-06-30 19:26:24,037 - early_warning_alerts - INFO - Generated 4 alerts and response items.
2026-06-30 19:26:25,766 - gnn_adversarial_defense - INFO - Adversarial topology attack completed: Injected 36 decoy edges.
2026-06-30 19:26:25,775 - gnn_adversarial_defense - INFO - Purification completed: Pruned 73 suspicious edges using threshold=0.9.
2026-06-30 19:26:29,497 - early_warning_risk - INFO - Risk calculated for TrafficLight_29: score=79.94, level=HIGH
2026-06-30 19:26:29,497 - early_warning_alerts - INFO - Generated 7 alerts and response items.
2026-06-30 19:26:31,398 - gnn_adversarial_defense - INFO - Adversarial topology attack completed: Injected 36 decoy edges.
2026-06-30 19:26:31,406 - gnn_adversarial_defense - INFO - Purification completed: Pruned 65 suspicious edges using threshold=0.9.
2026-06-30 19:26:35,228 - early_warning_risk - INFO - Risk calculated for ParkingSensor_13: score=29.98, level=LOW
2026-06-30 19:26:35,229 - early_warning_alerts - INFO - Generated 4 alerts and response items.
2026-06-30 19:26:37,113 - gnn_adversarial_defense - INFO - Adversarial topology attack completed: Injected 36 decoy edges.
2026-06-30 19:26:37,120 - gnn_adversarial_defense - INFO - Purification completed: Pruned 61 suspicious edges using threshold=0.9.
2026-06-30 19:26:40,811 - early_warning_risk - INFO - Risk calculated for ParkingSensor_8: score=29.98, level=LOW
2026-06-30 19:26:40,812 - early_warning_alerts - INFO - Generated 4 alerts and response items.
2026-06-30 19:26:42,681 - gnn_adversarial_defense - INFO - Adversarial topology attack completed: Injected 36 decoy edges.
2026-06-30 19:26:42,694 - gnn_adversarial_defense - INFO - Purification completed: Pruned 68 suspicious edges using threshold=0.9.
2026-06-30 19:26:46,585 - early_warning_risk - INFO - Risk calculated for TrafficLight_9: score=79.88, level=HIGH
2026-06-30 19:26:46,586 - early_warning_alerts - INFO - Generated 7 alerts and response items.
2026-06-30 19:26:48,541 - gnn_adversarial_defense - INFO - Adversarial topology attack completed: Injected 36 decoy edges.
2026-06-30 19:26:48,555 - gnn_adversarial_defense - INFO - Purification completed: Pruned 67 suspicious edges using threshold=0.9.
2026-06-30 19:26:52,438 - early_warning_risk - INFO - Risk calculated for WaterSensor_5: score=69.95, level=HIGH
2026-06-30 19:26:52,439 - early_warning_alerts - INFO - Generated 7 alerts and response items.
2026-06-30 19:26:54,464 - gnn_adversarial_defense - INFO - Adversarial topology attack completed: Injected 36 decoy edges.
2026-06-30 19:26:54,478 - gnn_adversarial_defense - INFO - Purification completed: Pruned 62 suspicious edges using threshold=0.9.
2026-06-30 19:26:58,726 - early_warning_risk - INFO - Risk calculated for TrafficLight_25: score=79.94, level=HIGH
2026-06-30 19:26:58,726 - early_warning_alerts - INFO - Generated 7 alerts and response items.
2026-06-30 19:27:00,950 - gnn_adversarial_defense - INFO - Adversarial topology attack completed: Injected 36 decoy edges.
2026-06-30 19:27:00,963 - gnn_adversarial_defense - INFO - Purification completed: Pruned 60 suspicious edges using threshold=0.9.
2026-06-30 19:27:04,902 - early_warning_risk - INFO - Risk calculated for SmartMeter_9: score=39.98, level=MEDIUM
2026-06-30 19:27:04,903 - early_warning_alerts - INFO - Generated 4 alerts and response items.
2026-06-30 19:27:06,836 - gnn_adversarial_defense - INFO - Adversarial topology attack completed: Injected 36 decoy edges.
2026-06-30 19:27:06,846 - gnn_adversarial_defense - INFO - Purification completed: Pruned 80 suspicious edges using threshold=0.9.
2026-06-30 19:27:10,912 - early_warning_risk - INFO - Risk calculated for SmartMeter_7: score=39.97, level=MEDIUM
2026-06-30 19:27:10,913 - early_warning_alerts - INFO - Generated 4 alerts and response items.
2026-06-30 19:27:13,359 - gnn_adversarial_defense - INFO - Adversarial topology attack completed: Injected 36 decoy edges.
2026-06-30 19:27:13,367 - gnn_adversarial_defense - INFO - Purification completed: Pruned 67 suspicious edges using threshold=0.9.
2026-06-30 19:27:17,033 - early_warning_risk - INFO - Risk calculated for TrafficLight_18: score=0.80, level=LOW
2026-06-30 19:27:18,447 - gnn_adversarial_defense - INFO - Adversarial topology attack completed: Injected 36 decoy edges.
2026-06-30 19:27:18,455 - gnn_adversarial_defense - INFO - Purification completed: Pruned 60 suspicious edges using threshold=0.9.
2026-06-30 19:27:22,200 - early_warning_risk - INFO - Risk calculated for StreetLight_2: score=19.99, level=LOW
2026-06-30 19:27:22,200 - early_warning_alerts - INFO - Generated 4 alerts and response items.
2026-06-30 19:27:24,190 - gnn_adversarial_defense - INFO - Adversarial topology attack completed: Injected 36 decoy edges.
2026-06-30 19:27:24,196 - gnn_adversarial_defense - INFO - Purification completed: Pruned 67 suspicious edges using threshold=0.9.
2026-06-30 19:27:27,904 - early_warning_risk - INFO - Risk calculated for CCTV_9: score=59.96, level=MEDIUM
2026-06-30 19:27:27,905 - early_warning_alerts - INFO - Generated 4 alerts and response items.
2026-06-30 19:27:29,745 - gnn_adversarial_defense - INFO - Adversarial topology attack completed: Injected 36 decoy edges.
2026-06-30 19:27:29,752 - gnn_adversarial_defense - INFO - Purification completed: Pruned 64 suspicious edges using threshold=0.9.
2026-06-30 19:27:33,534 - early_warning_risk - INFO - Risk calculated for CCTV_20: score=59.96, level=MEDIUM
2026-06-30 19:27:33,535 - early_warning_alerts - INFO - Generated 4 alerts and response items.
2026-06-30 19:27:35,253 - gnn_adversarial_defense - INFO - Adversarial topology attack completed: Injected 36 decoy edges.
2026-06-30 19:27:35,261 - gnn_adversarial_defense - INFO - Purification completed: Pruned 72 suspicious edges using threshold=0.9.
2026-06-30 19:27:39,131 - early_warning_risk - INFO - Risk calculated for CCTV_20: score=59.91, level=MEDIUM
2026-06-30 19:27:39,132 - early_warning_alerts - INFO - Generated 4 alerts and response items.
2026-06-30 19:27:41,168 - gnn_adversarial_defense - INFO - Adversarial topology attack completed: Injected 36 decoy edges.
2026-06-30 19:27:41,177 - gnn_adversarial_defense - INFO - Purification completed: Pruned 71 suspicious edges using threshold=0.9.
2026-06-30 19:27:44,881 - early_warning_risk - INFO - Risk calculated for CCTV_16: score=59.96, level=MEDIUM
2026-06-30 19:27:44,882 - early_warning_alerts - INFO - Generated 4 alerts and response items.
2026-06-30 19:27:46,724 - gnn_adversarial_defense - INFO - Adversarial topology attack completed: Injected 36 decoy edges.
2026-06-30 19:27:46,731 - gnn_adversarial_defense - INFO - Purification completed: Pruned 64 suspicious edges using threshold=0.9.
2026-06-30 19:27:50,444 - early_warning_risk - INFO - Risk calculated for TrafficLight_26: score=79.86, level=HIGH
2026-06-30 19:27:50,444 - early_warning_alerts - INFO - Generated 7 alerts and response items.
2026-06-30 19:27:52,353 - gnn_adversarial_defense - INFO - Adversarial topology attack completed: Injected 36 decoy edges.
2026-06-30 19:27:52,358 - gnn_adversarial_defense - INFO - Purification completed: Pruned 64 suspicious edges using threshold=0.9.
2026-06-30 19:27:56,044 - early_warning_risk - INFO - Risk calculated for SmartMeter_1: score=39.98, level=MEDIUM
2026-06-30 19:27:56,044 - early_warning_alerts - INFO - Generated 4 alerts and response items.
2026-06-30 19:27:57,952 - gnn_adversarial_defense - INFO - Adversarial topology attack completed: Injected 36 decoy edges.
2026-06-30 19:27:57,958 - gnn_adversarial_defense - INFO - Purification completed: Pruned 66 suspicious edges using threshold=0.9.
2026-06-30 19:28:01,734 - early_warning_risk - INFO - Risk calculated for TrafficLight_28: score=0.80, level=LOW
2026-06-30 19:28:03,491 - gnn_adversarial_defense - INFO - Adversarial topology attack completed: Injected 36 decoy edges.
2026-06-30 19:28:03,499 - gnn_adversarial_defense - INFO - Purification completed: Pruned 63 suspicious edges using threshold=0.9.
2026-06-30 19:28:07,422 - early_warning_risk - INFO - Risk calculated for CCTV_22: score=0.60, level=LOW
2026-06-30 19:28:09,628 - gnn_adversarial_defense - INFO - Adversarial topology attack completed: Injected 36 decoy edges.
2026-06-30 19:28:09,637 - gnn_adversarial_defense - INFO - Purification completed: Pruned 72 suspicious edges using threshold=0.9.
2026-06-30 19:28:13,358 - early_warning_risk - INFO - Risk calculated for CCTV_11: score=59.96, level=MEDIUM
2026-06-30 19:28:13,360 - early_warning_alerts - INFO - Generated 4 alerts and response items.
2026-06-30 19:28:14,990 - gnn_adversarial_defense - INFO - Adversarial topology attack completed: Injected 36 decoy edges.
2026-06-30 19:28:15,003 - gnn_adversarial_defense - INFO - Purification completed: Pruned 65 suspicious edges using threshold=0.9.
2026-06-30 19:28:18,774 - early_warning_risk - INFO - Risk calculated for TrafficLight_10: score=0.80, level=LOW
2026-06-30 19:28:21,594 - gnn_adversarial_defense - INFO - Adversarial topology attack completed: Injected 36 decoy edges.
2026-06-30 19:28:21,607 - gnn_adversarial_defense - INFO - Purification completed: Pruned 65 suspicious edges using threshold=0.9.
2026-06-30 19:28:25,885 - early_warning_risk - INFO - Risk calculated for CCTV_20: score=59.89, level=MEDIUM
2026-06-30 19:28:25,887 - early_warning_alerts - INFO - Generated 4 alerts and response items.
2026-06-30 19:28:28,398 - gnn_adversarial_defense - INFO - Adversarial topology attack completed: Injected 36 decoy edges.
2026-06-30 19:28:28,410 - gnn_adversarial_defense - INFO - Purification completed: Pruned 58 suspicious edges using threshold=0.9.
2026-06-30 19:28:32,423 - early_warning_risk - INFO - Risk calculated for CCTV_2: score=0.60, level=LOW
2026-06-30 19:28:34,320 - gnn_adversarial_defense - INFO - Adversarial topology attack completed: Injected 36 decoy edges.
2026-06-30 19:28:34,328 - gnn_adversarial_defense - INFO - Purification completed: Pruned 75 suspicious edges using threshold=0.9.
2026-06-30 19:28:38,226 - early_warning_risk - INFO - Risk calculated for TrafficLight_9: score=79.88, level=HIGH
2026-06-30 19:28:38,226 - early_warning_alerts - INFO - Generated 7 alerts and response items.
2026-06-30 19:28:40,267 - gnn_adversarial_defense - INFO - Adversarial topology attack completed: Injected 36 decoy edges.
2026-06-30 19:28:40,275 - gnn_adversarial_defense - INFO - Purification completed: Pruned 69 suspicious edges using threshold=0.9.
2026-06-30 19:28:43,986 - early_warning_risk - INFO - Risk calculated for CCTV_23: score=59.96, level=MEDIUM
2026-06-30 19:28:43,987 - early_warning_alerts - INFO - Generated 4 alerts and response items.
2026-06-30 19:28:45,907 - gnn_adversarial_defense - INFO - Adversarial topology attack completed: Injected 36 decoy edges.
2026-06-30 19:28:45,918 - gnn_adversarial_defense - INFO - Purification completed: Pruned 65 suspicious edges using threshold=0.9.
2026-06-30 19:28:49,632 - early_warning_risk - INFO - Risk calculated for ParkingSensor_7: score=29.95, level=LOW
2026-06-30 19:28:49,633 - early_warning_alerts - INFO - Generated 4 alerts and response items.
2026-06-30 19:28:51,696 - gnn_adversarial_defense - INFO - Adversarial topology attack completed: Injected 36 decoy edges.
2026-06-30 19:28:51,703 - gnn_adversarial_defense - INFO - Purification completed: Pruned 61 suspicious edges using threshold=0.9.
2026-06-30 19:28:55,369 - early_warning_risk - INFO - Risk calculated for WaterSensor_1: score=69.96, level=HIGH
2026-06-30 19:28:55,370 - early_warning_alerts - INFO - Generated 7 alerts and response items.
2026-06-30 19:28:57,275 - gnn_adversarial_defense - INFO - Adversarial topology attack completed: Injected 36 decoy edges.
2026-06-30 19:28:57,282 - gnn_adversarial_defense - INFO - Purification completed: Pruned 58 suspicious edges using threshold=0.9.
2026-06-30 19:29:01,105 - early_warning_risk - INFO - Risk calculated for SmartMeter_2: score=39.94, level=MEDIUM
2026-06-30 19:29:01,105 - early_warning_alerts - INFO - Generated 4 alerts and response items.
2026-06-30 19:29:03,105 - gnn_adversarial_defense - INFO - Adversarial topology attack completed: Injected 36 decoy edges.
2026-06-30 19:29:03,116 - gnn_adversarial_defense - INFO - Purification completed: Pruned 66 suspicious edges using threshold=0.9.
2026-06-30 19:29:06,792 - early_warning_risk - INFO - Risk calculated for TrafficLight_8: score=79.94, level=HIGH
2026-06-30 19:29:06,793 - early_warning_alerts - INFO - Generated 7 alerts and response items.
2026-06-30 19:29:08,679 - gnn_adversarial_defense - INFO - Adversarial topology attack completed: Injected 36 decoy edges.
2026-06-30 19:29:08,687 - gnn_adversarial_defense - INFO - Purification completed: Pruned 72 suspicious edges using threshold=0.9.
2026-06-30 19:29:12,399 - early_warning_risk - INFO - Risk calculated for TrafficLight_4: score=79.94, level=HIGH
2026-06-30 19:29:12,400 - early_warning_alerts - INFO - Generated 7 alerts and response items.
2026-06-30 19:29:14,181 - gnn_adversarial_defense - INFO - Adversarial topology attack completed: Injected 36 decoy edges.
2026-06-30 19:29:14,190 - gnn_adversarial_defense - INFO - Purification completed: Pruned 68 suspicious edges using threshold=0.9.
2026-06-30 19:29:17,827 - early_warning_risk - INFO - Risk calculated for CCTV_2: score=59.96, level=MEDIUM
2026-06-30 19:29:17,827 - early_warning_alerts - INFO - Generated 4 alerts and response items.
2026-06-30 19:29:19,631 - gnn_adversarial_defense - INFO - Adversarial topology attack completed: Injected 36 decoy edges.
2026-06-30 19:29:19,636 - gnn_adversarial_defense - INFO - Purification completed: Pruned 71 suspicious edges using threshold=0.9.
2026-06-30 19:29:23,289 - early_warning_risk - INFO - Risk calculated for TrafficLight_17: score=79.95, level=HIGH
2026-06-30 19:29:23,290 - early_warning_alerts - INFO - Generated 7 alerts and response items.
2026-06-30 19:29:25,035 - gnn_adversarial_defense - INFO - Adversarial topology attack completed: Injected 36 decoy edges.
2026-06-30 19:29:25,054 - gnn_adversarial_defense - INFO - Purification completed: Pruned 59 suspicious edges using threshold=0.9.
2026-06-30 19:29:28,740 - early_warning_risk - INFO - Risk calculated for SmartMeter_8: score=39.97, level=MEDIUM
2026-06-30 19:29:28,740 - early_warning_alerts - INFO - Generated 4 alerts and response items.
2026-06-30 19:29:30,966 - gnn_adversarial_defense - INFO - Adversarial topology attack completed: Injected 36 decoy edges.
2026-06-30 19:29:30,975 - gnn_adversarial_defense - INFO - Purification completed: Pruned 58 suspicious edges using threshold=0.9.
2026-06-30 19:29:34,670 - early_warning_risk - INFO - Risk calculated for ParkingSensor_13: score=29.98, level=LOW
2026-06-30 19:29:34,671 - early_warning_alerts - INFO - Generated 4 alerts and response items.
2026-06-30 19:29:36,363 - gnn_adversarial_defense - INFO - Adversarial topology attack completed: Injected 36 decoy edges.
2026-06-30 19:29:36,372 - gnn_adversarial_defense - INFO - Purification completed: Pruned 72 suspicious edges using threshold=0.9.
2026-06-30 19:29:40,170 - early_warning_risk - INFO - Risk calculated for TrafficLight_5: score=79.88, level=HIGH
2026-06-30 19:29:40,171 - early_warning_alerts - INFO - Generated 7 alerts and response items.
2026-06-30 19:29:42,089 - gnn_adversarial_defense - INFO - Adversarial topology attack completed: Injected 36 decoy edges.
2026-06-30 19:29:42,098 - gnn_adversarial_defense - INFO - Purification completed: Pruned 59 suspicious edges using threshold=0.9.
2026-06-30 19:29:45,945 - early_warning_risk - INFO - Risk calculated for SmartMeter_7: score=39.93, level=MEDIUM
2026-06-30 19:29:45,947 - early_warning_alerts - INFO - Generated 4 alerts and response items.
2026-06-30 19:29:47,589 - gnn_adversarial_defense - INFO - Adversarial topology attack completed: Injected 36 decoy edges.
2026-06-30 19:29:47,595 - gnn_adversarial_defense - INFO - Purification completed: Pruned 58 suspicious edges using threshold=0.9.
2026-06-30 19:29:51,321 - early_warning_risk - INFO - Risk calculated for Gateway_1: score=89.93, level=CRITICAL
2026-06-30 19:29:51,322 - early_warning_alerts - INFO - Generated 7 alerts and response items.
2026-06-30 19:29:53,394 - gnn_adversarial_defense - INFO - Adversarial topology attack completed: Injected 36 decoy edges.
2026-06-30 19:29:53,400 - gnn_adversarial_defense - INFO - Purification completed: Pruned 93 suspicious edges using threshold=0.9.
2026-06-30 19:29:57,107 - early_warning_risk - INFO - Risk calculated for TrafficLight_14: score=79.95, level=HIGH
2026-06-30 19:29:57,108 - early_warning_alerts - INFO - Generated 7 alerts and response items.
2026-06-30 19:29:58,870 - gnn_adversarial_defense - INFO - Adversarial topology attack completed: Injected 36 decoy edges.
2026-06-30 19:29:58,876 - gnn_adversarial_defense - INFO - Purification completed: Pruned 67 suspicious edges using threshold=0.9.
2026-06-30 19:30:02,594 - early_warning_risk - INFO - Risk calculated for SmartMeter_10: score=39.94, level=MEDIUM
2026-06-30 19:30:02,594 - early_warning_alerts - INFO - Generated 4 alerts and response items.
2026-06-30 19:30:04,419 - gnn_adversarial_defense - INFO - Adversarial topology attack completed: Injected 36 decoy edges.
2026-06-30 19:30:04,427 - gnn_adversarial_defense - INFO - Purification completed: Pruned 62 suspicious edges using threshold=0.9.
2026-06-30 19:30:08,151 - early_warning_risk - INFO - Risk calculated for CCTV_1: score=59.96, level=MEDIUM
2026-06-30 19:30:08,151 - early_warning_alerts - INFO - Generated 4 alerts and response items.
2026-06-30 19:30:09,713 - gnn_adversarial_defense - INFO - Adversarial topology attack completed: Injected 36 decoy edges.
2026-06-30 19:30:09,722 - gnn_adversarial_defense - INFO - Purification completed: Pruned 62 suspicious edges using threshold=0.9.
2026-06-30 19:30:13,466 - early_warning_risk - INFO - Risk calculated for CCTV_7: score=0.60, level=LOW
2026-06-30 19:30:15,191 - gnn_adversarial_defense - INFO - Adversarial topology attack completed: Injected 36 decoy edges.
2026-06-30 19:30:15,197 - gnn_adversarial_defense - INFO - Purification completed: Pruned 61 suspicious edges using threshold=0.9.
2026-06-30 19:30:18,883 - early_warning_risk - INFO - Risk calculated for StreetLight_4: score=19.99, level=LOW
2026-06-30 19:30:18,884 - early_warning_alerts - INFO - Generated 4 alerts and response items.
2026-06-30 19:30:20,474 - gnn_adversarial_defense - INFO - Adversarial topology attack completed: Injected 36 decoy edges.
2026-06-30 19:30:20,484 - gnn_adversarial_defense - INFO - Purification completed: Pruned 67 suspicious edges using threshold=0.9.
2026-06-30 19:30:24,235 - early_warning_risk - INFO - Risk calculated for TrafficLight_20: score=79.94, level=HIGH
2026-06-30 19:30:24,236 - early_warning_alerts - INFO - Generated 7 alerts and response items.
2026-06-30 19:30:25,783 - gnn_adversarial_defense - INFO - Adversarial topology attack completed: Injected 36 decoy edges.
2026-06-30 19:30:25,795 - gnn_adversarial_defense - INFO - Purification completed: Pruned 67 suspicious edges using threshold=0.9.
2026-06-30 19:30:29,594 - early_warning_risk - INFO - Risk calculated for TrafficLight_24: score=0.80, level=LOW
2026-06-30 19:30:31,255 - gnn_adversarial_defense - INFO - Adversarial topology attack completed: Injected 36 decoy edges.
2026-06-30 19:30:31,270 - gnn_adversarial_defense - INFO - Purification completed: Pruned 69 suspicious edges using threshold=0.9.
2026-06-30 19:30:35,112 - early_warning_risk - INFO - Risk calculated for ParkingSensor_9: score=29.98, level=LOW
2026-06-30 19:30:35,113 - early_warning_alerts - INFO - Generated 4 alerts and response items.
2026-06-30 19:30:36,887 - gnn_adversarial_defense - INFO - Adversarial topology attack completed: Injected 36 decoy edges.
2026-06-30 19:30:36,896 - gnn_adversarial_defense - INFO - Purification completed: Pruned 58 suspicious edges using threshold=0.9.
2026-06-30 19:30:40,927 - early_warning_risk - INFO - Risk calculated for ParkingSensor_9: score=29.98, level=LOW
2026-06-30 19:30:40,927 - early_warning_alerts - INFO - Generated 4 alerts and response items.
2026-06-30 19:30:42,314 - gnn_adversarial_defense - INFO - Adversarial topology attack completed: Injected 36 decoy edges.
2026-06-30 19:30:42,324 - gnn_adversarial_defense - INFO - Purification completed: Pruned 59 suspicious edges using threshold=0.9.
2026-06-30 19:30:46,109 - early_warning_risk - INFO - Risk calculated for SmartMeter_3: score=39.97, level=MEDIUM
2026-06-30 19:30:46,110 - early_warning_alerts - INFO - Generated 4 alerts and response items.
2026-06-30 19:30:47,540 - gnn_adversarial_defense - INFO - Adversarial topology attack completed: Injected 36 decoy edges.
2026-06-30 19:30:47,547 - gnn_adversarial_defense - INFO - Purification completed: Pruned 58 suspicious edges using threshold=0.9.
2026-06-30 19:30:50,195 - early_warning_risk - INFO - Risk calculated for SmartMeter_3: score=39.97, level=MEDIUM
2026-06-30 19:30:50,196 - early_warning_alerts - INFO - Generated 4 alerts and response items.
2026-06-30 19:30:52,104 - gnn_adversarial_defense - INFO - Adversarial topology attack completed: Injected 36 decoy edges.
2026-06-30 19:30:52,111 - gnn_adversarial_defense - INFO - Purification completed: Pruned 69 suspicious edges using threshold=0.9.
2026-06-30 19:30:55,014 - early_warning_risk - INFO - Risk calculated for SmartMeter_3: score=39.97, level=MEDIUM
2026-06-30 19:30:55,015 - early_warning_alerts - INFO - Generated 4 alerts and response items.
2026-06-30 19:30:56,456 - gnn_adversarial_defense - INFO - Adversarial topology attack completed: Injected 6 decoy edges.
2026-06-30 19:30:56,470 - gnn_adversarial_defense - INFO - Purification completed: Pruned 32 suspicious edges using threshold=0.9.
2026-06-30 19:31:03,979 - early_warning_risk - INFO - Risk calculated for SmartMeter_3: score=39.97, level=MEDIUM
2026-06-30 19:31:03,980 - early_warning_alerts - INFO - Generated 4 alerts and response items.
2026-06-30 19:31:05,220 - gnn_adversarial_defense - INFO - Adversarial topology attack completed: Injected 6 decoy edges.
2026-06-30 19:31:05,225 - gnn_adversarial_defense - INFO - Purification completed: Pruned 0 suspicious edges using threshold=0.35.
2026-06-30 19:31:06,546 - early_warning_risk - INFO - Risk calculated for SmartMeter_3: score=39.97, level=MEDIUM
2026-06-30 19:31:06,547 - early_warning_alerts - INFO - Generated 4 alerts and response items.
2026-06-30 19:31:07,903 - gnn_adversarial_defense - INFO - Adversarial topology attack completed: Injected 6 decoy edges.
2026-06-30 19:31:07,911 - gnn_adversarial_defense - INFO - Purification completed: Pruned 0 suspicious edges using threshold=0.3.
2026-06-30 19:35:02,499 - early_warning_risk - INFO - Risk calculated for SmartMeter_3: score=39.97, level=MEDIUM
2026-06-30 19:35:02,500 - early_warning_alerts - INFO - Generated 4 alerts and response items.
2026-06-30 19:35:04,051 - gnn_adversarial_defense - INFO - Adversarial topology attack completed: Injected 6 decoy edges.
2026-06-30 19:35:04,060 - gnn_adversarial_defense - INFO - Purification completed: Pruned 33 suspicious edges using threshold=0.9.
2026-06-30 19:35:12,436 - early_warning_risk - INFO - Risk calculated for SmartMeter_3: score=39.97, level=MEDIUM
2026-06-30 19:35:12,437 - early_warning_alerts - INFO - Generated 4 alerts and response items.
2026-06-30 19:35:13,819 - gnn_adversarial_defense - INFO - Adversarial topology attack completed: Injected 48 decoy edges.
2026-06-30 19:35:13,827 - gnn_adversarial_defense - INFO - Purification completed: Pruned 76 suspicious edges using threshold=0.9.
2026-06-30 19:35:18,726 - early_warning_risk - INFO - Risk calculated for SmartMeter_3: score=39.97, level=MEDIUM
2026-06-30 19:35:18,727 - early_warning_alerts - INFO - Generated 4 alerts and response items.
2026-06-30 19:35:20,244 - gnn_adversarial_defense - INFO - Adversarial topology attack completed: Injected 48 decoy edges.
2026-06-30 19:35:20,253 - gnn_adversarial_defense - INFO - Purification completed: Pruned 0 suspicious edges using threshold=0.3.
2026-06-30 19:35:20,996 - early_warning_risk - INFO - Risk calculated for SmartMeter_3: score=39.97, level=MEDIUM
2026-06-30 19:35:20,997 - early_warning_alerts - INFO - Generated 4 alerts and response items.
2026-06-30 19:35:22,150 - gnn_adversarial_defense - INFO - Adversarial topology attack completed: Injected 6 decoy edges.
2026-06-30 19:35:22,158 - gnn_adversarial_defense - INFO - Purification completed: Pruned 0 suspicious edges using threshold=0.3.
2026-06-30 19:35:26,095 - early_warning_risk - INFO - Risk calculated for SmartMeter_3: score=39.97, level=MEDIUM
2026-06-30 19:35:26,095 - early_warning_alerts - INFO - Generated 4 alerts and response items.
2026-06-30 19:35:27,290 - gnn_adversarial_defense - INFO - Adversarial topology attack completed: Injected 30 decoy edges.
2026-06-30 19:35:27,297 - gnn_adversarial_defense - INFO - Purification completed: Pruned 0 suspicious edges using threshold=0.3.
2026-06-30 19:35:33,305 - early_warning_risk - INFO - Risk calculated for SmartMeter_3: score=39.97, level=MEDIUM
2026-06-30 19:35:33,305 - early_warning_alerts - INFO - Generated 4 alerts and response items.
2026-06-30 19:35:34,373 - gnn_adversarial_defense - INFO - Adversarial topology attack completed: Injected 12 decoy edges.
2026-06-30 19:35:34,379 - gnn_adversarial_defense - INFO - Purification completed: Pruned 0 suspicious edges using threshold=0.3.
2026-06-30 19:35:44,252 - early_warning_risk - INFO - Risk calculated for SmartMeter_5: score=39.97, level=MEDIUM
2026-06-30 19:35:44,253 - early_warning_alerts - INFO - Generated 4 alerts and response items.
2026-06-30 19:35:45,362 - gnn_adversarial_defense - INFO - Adversarial topology attack completed: Injected 12 decoy edges.
2026-06-30 19:35:45,372 - gnn_adversarial_defense - INFO - Purification completed: Pruned 0 suspicious edges using threshold=0.3.
2026-06-30 20:06:09,948 - main_pipeline - INFO - =================================================================
2026-06-30 20:06:09,949 - main_pipeline - INFO -   STARTING SMART CITY IoT SECURITY RESEARCH PIPELINE END-TO-END  
2026-06-30 20:06:09,950 - main_pipeline - INFO - =================================================================
2026-06-30 20:06:09,950 - main_pipeline - INFO - --- Phase 1: Checking and Bootstrapping Datasets ---
2026-06-30 20:06:09,952 - main_pipeline - INFO - --- Phase 2: Training Random Forest Classifier (IoT-23) ---
2026-06-30 20:06:09,952 - train_rf_cli - INFO - Starting Random Forest Model Training Pipeline...
2026-06-30 20:06:10,025 - preprocessing_features - INFO - Fitted new StandardScaler for IoT-23.
2026-06-30 20:06:10,027 - preprocessing_features - INFO - Fitted new LabelEncoder for IoT-23.
2026-06-30 20:06:10,030 - preprocessing_split - INFO - Splitting dataset: size=2000 rows, test_ratio=0.2.
2026-06-30 20:06:10,038 - preprocessing_split - INFO - Split complete. Train shape: (1600, 6), Test shape: (400, 6)
2026-06-30 20:06:10,038 - models_rf - INFO - Initializing Random Forest Classifier...
2026-06-30 20:06:10,039 - models_rf - INFO - Fitting Random Forest Model...
2026-06-30 20:06:10,281 - models_rf - INFO - Random Forest Test Accuracy: 100.00%
2026-06-30 20:06:10,292 - models_rf - INFO - Saving Random Forest artifacts to C:\Users\ASUS-TUF\.gemini\antigravity\scratch\SmartCity-AI-EarlyWarning-GNN\trained_models\random_forest.pkl...
2026-06-30 20:06:10,321 - train_rf_cli - INFO - Random Forest Training Pipeline execution completed successfully.
2026-06-30 20:06:10,321 - main_pipeline - INFO - --- Phase 3: Training XGBoost Classifier (CICIoT2023) ---
2026-06-30 20:06:10,321 - train_xgboost_cli - INFO - Starting XGBoost Model Training Pipeline...
2026-06-30 20:06:10,337 - preprocessing_clean - INFO - [CICIoT2023] Removed 5 duplicate rows.
2026-06-30 20:06:10,342 - preprocessing_features - INFO - Fitted new StandardScaler for CICIoT2023.
2026-06-30 20:06:10,343 - preprocessing_features - INFO - Fitted new LabelEncoder for CICIoT2023.
2026-06-30 20:06:10,344 - preprocessing_split - INFO - Splitting dataset: size=4995 rows, test_ratio=0.2.
2026-06-30 20:06:10,349 - preprocessing_split - INFO - Split complete. Train shape: (3996, 7), Test shape: (999, 7)
2026-06-30 20:06:10,349 - models_xgb - INFO - Initializing XGBoost Classifier...
2026-06-30 20:06:10,349 - models_xgb - INFO - Fitting XGBoost Model...
2026-06-30 20:06:10,789 - models_xgb - INFO - XGBoost Test Accuracy: 99.80%
2026-06-30 20:06:10,802 - models_xgb - INFO - Saving XGBoost artifacts to C:\Users\ASUS-TUF\.gemini\antigravity\scratch\SmartCity-AI-EarlyWarning-GNN\trained_models\xgboost.pkl...
2026-06-30 20:06:10,819 - train_xgboost_cli - INFO - XGBoost Training Pipeline execution completed successfully.
2026-06-30 20:06:10,820 - main_pipeline - INFO - --- Phase 4: Training GNN propagation Predictor (Topology) ---
2026-06-30 20:06:10,820 - train_gnn_cli - INFO - Starting GNN Model Training Pipeline...
2026-06-30 20:06:10,820 - gnn_train - INFO - Initializing graph builder and loading datasets...
2026-06-30 20:06:10,824 - gnn_graph_builder - INFO - Loaded graph with 100 nodes and 120 edges.
2026-06-30 20:06:14,060 - gnn_train - INFO - Beginning GNN training...
2026-06-30 20:06:14,162 - gnn_train - INFO - Epoch 1/150 | Loss: 0.570514
2026-06-30 20:06:14,208 - gnn_train - INFO - Epoch 25/150 | Loss: 0.570514
2026-06-30 20:06:14,252 - gnn_train - INFO - Epoch 50/150 | Loss: 0.570514
2026-06-30 20:06:14,299 - gnn_train - INFO - Epoch 75/150 | Loss: 0.570514
2026-06-30 20:06:14,351 - gnn_train - INFO - Epoch 100/150 | Loss: 0.570514
2026-06-30 20:06:14,396 - gnn_train - INFO - Epoch 125/150 | Loss: 0.570514
2026-06-30 20:06:14,443 - gnn_train - INFO - Epoch 150/150 | Loss: 0.570514
2026-06-30 20:06:14,449 - gnn_train - INFO - GNN Training MAE (Mean Absolute Error): 0.7473
2026-06-30 20:06:14,450 - gnn_train - INFO - Saving GNN checkpoint to C:\Users\ASUS-TUF\.gemini\antigravity\scratch\SmartCity-AI-EarlyWarning-GNN\trained_models\gnn_model.pt...
2026-06-30 20:06:14,462 - train_gnn_cli - INFO - GNN Training Pipeline execution completed successfully.
2026-06-30 20:06:14,462 - main_pipeline - INFO - --- Phase 5: Running Evaluations and Writing Reports ---
2026-06-30 20:06:14,463 - evaluate_pipeline - INFO - Initializing Evaluation and Report Generation Pipeline...
2026-06-30 20:06:14,463 - evaluate_pipeline - INFO - Generating Accuracy & Classification Reports...
2026-06-30 20:06:14,557 - preprocessing_clean - INFO - [CICIoT2023] Removed 5 duplicate rows.
2026-06-30 20:06:14,565 - preprocessing_split - INFO - Splitting dataset: size=4995 rows, test_ratio=0.2.
2026-06-30 20:06:14,572 - preprocessing_split - INFO - Split complete. Train shape: (3996, 7), Test shape: (999, 7)
2026-06-30 20:06:14,588 - preprocessing_split - INFO - Splitting dataset: size=2000 rows, test_ratio=0.2.
2026-06-30 20:06:14,593 - preprocessing_split - INFO - Split complete. Train shape: (1600, 6), Test shape: (400, 6)
2026-06-30 20:06:14,648 - evaluate_pipeline - INFO - Accuracy report written to C:\Users\ASUS-TUF\.gemini\antigravity\scratch\SmartCity-AI-EarlyWarning-GNN\results\accuracy_report.txt
2026-06-30 20:06:14,669 - evaluate_pipeline - INFO - Classification report written to C:\Users\ASUS-TUF\.gemini\antigravity\scratch\SmartCity-AI-EarlyWarning-GNN\results\classification_report.txt
2026-06-30 20:06:15,137 - evaluate_pipeline - INFO - Confusion matrix plot saved to C:\Users\ASUS-TUF\.gemini\antigravity\scratch\SmartCity-AI-EarlyWarning-GNN\results\confusion_matrix.png
2026-06-30 20:06:15,139 - evaluate_pipeline - INFO - Generating SHAP Summary Plots...
2026-06-30 20:06:15,167 - preprocessing_clean - INFO - [CICIoT2023] Removed 5 duplicate rows.
2026-06-30 20:06:15,174 - preprocessing_split - INFO - Splitting dataset: size=4995 rows, test_ratio=0.2.
2026-06-30 20:06:15,180 - preprocessing_split - INFO - Split complete. Train shape: (3996, 7), Test shape: (999, 7)
2026-06-30 20:06:18,907 - evaluate_pipeline - INFO - SHAP summary plot saved to C:\Users\ASUS-TUF\.gemini\antigravity\scratch\SmartCity-AI-EarlyWarning-GNN\results\shap_summary.png
2026-06-30 20:06:18,911 - evaluate_pipeline - INFO - Generating GNN Propagation Network Visualizations...
2026-06-30 20:06:18,913 - gnn_graph_builder - INFO - Loaded graph with 100 nodes and 120 edges.
2026-06-30 20:06:18,951 - gnn_predict - INFO - GNN model loaded successfully.
2026-06-30 20:06:19,155 - evaluate_pipeline - INFO - Propagation graph plot saved to C:\Users\ASUS-TUF\.gemini\antigravity\scratch\SmartCity-AI-EarlyWarning-GNN\results\propagation_graph.png
2026-06-30 20:06:19,156 - evaluate_pipeline - INFO - Generating Service Impact spreadsheet report...
2026-06-30 20:06:19,159 - gnn_graph_builder - INFO - Loaded graph with 100 nodes and 120 edges.
2026-06-30 20:06:19,162 - gnn_predict - INFO - GNN model loaded successfully.
2026-06-30 20:06:19,166 - impact_assets - INFO - Loaded 100 assets from criticality file.
2026-06-30 20:06:19,173 - impact_score - INFO - Loaded 56 impact weight mappings.
2026-06-30 20:06:19,183 - evaluate_pipeline - INFO - Service impact spreadsheet saved to C:\Users\ASUS-TUF\.gemini\antigravity\scratch\SmartCity-AI-EarlyWarning-GNN\results\impact_report.csv
2026-06-30 20:06:19,183 - evaluate_pipeline - INFO - Generating optimal game-theoretic defense mitigation reports...
2026-06-30 20:06:19,194 - gnn_graph_builder - INFO - Loaded graph with 100 nodes and 120 edges.
2026-06-30 20:06:19,197 - gnn_predict - INFO - GNN model loaded successfully.
2026-06-30 20:06:19,201 - impact_assets - INFO - Loaded 100 assets from criticality file.
2026-06-30 20:06:19,203 - impact_assets - INFO - Loaded 100 assets from criticality file.
2026-06-30 20:06:19,207 - impact_score - INFO - Loaded 56 impact weight mappings.
2026-06-30 20:06:19,212 - optimal_defense - INFO - Baseline Loss (No Defense): Security Loss=23.52, SDC=0.00, Total Loss=11.76
2026-06-30 20:06:19,234 - optimal_defense - ERROR - Error simulating propagation under quarantine: mat1 and mat2 shapes cannot be multiplied (100x100 and 99x16)
2026-06-30 20:06:19,235 - optimal_defense - ERROR - Error simulating propagation under quarantine: 'cpu_usage'
2026-06-30 20:06:19,235 - optimal_defense - ERROR - Error simulating propagation under quarantine: 'cpu_usage'
2026-06-30 20:06:19,236 - optimal_defense - ERROR - Error simulating propagation under quarantine: 'cpu_usage'
2026-06-30 20:06:19,236 - optimal_defense - ERROR - Error simulating propagation under quarantine: 'cpu_usage'
2026-06-30 20:06:19,236 - optimal_defense - ERROR - Error simulating propagation under quarantine: 'cpu_usage'
2026-06-30 20:06:19,236 - optimal_defense - ERROR - Error simulating propagation under quarantine: 'cpu_usage'
2026-06-30 20:06:19,236 - optimal_defense - ERROR - Error simulating propagation under quarantine: 'cpu_usage'
2026-06-30 20:06:19,236 - optimal_defense - ERROR - Error simulating propagation under quarantine: 'cpu_usage'
2026-06-30 20:06:19,236 - optimal_defense - ERROR - Error simulating propagation under quarantine: 'cpu_usage'
2026-06-30 20:06:19,237 - optimal_defense - ERROR - Error simulating propagation under quarantine: 'cpu_usage'
2026-06-30 20:06:19,237 - optimal_defense - ERROR - Error simulating propagation under quarantine: 'cpu_usage'
2026-06-30 20:06:19,237 - optimal_defense - ERROR - Error simulating propagation under quarantine: 'cpu_usage'
2026-06-30 20:06:19,237 - optimal_defense - ERROR - Error simulating propagation under quarantine: 'cpu_usage'
2026-06-30 20:06:19,237 - optimal_defense - ERROR - Error simulating propagation under quarantine: 'cpu_usage'
2026-06-30 20:06:19,237 - optimal_defense - ERROR - Error simulating propagation under quarantine: 'cpu_usage'
2026-06-30 20:06:19,237 - optimal_defense - ERROR - Error simulating propagation under quarantine: 'cpu_usage'
2026-06-30 20:06:19,238 - optimal_defense - ERROR - Error simulating propagation under quarantine: 'cpu_usage'
2026-06-30 20:06:19,238 - optimal_defense - ERROR - Error simulating propagation under quarantine: 'cpu_usage'
2026-06-30 20:06:19,239 - optimal_defense - ERROR - Error simulating propagation under quarantine: 'cpu_usage'
2026-06-30 20:06:19,239 - optimal_defense - ERROR - Error simulating propagation under quarantine: 'cpu_usage'
2026-06-30 20:06:19,239 - optimal_defense - ERROR - Error simulating propagation under quarantine: 'cpu_usage'
2026-06-30 20:06:19,239 - optimal_defense - ERROR - Error simulating propagation under quarantine: 'cpu_usage'
2026-06-30 20:06:19,239 - optimal_defense - ERROR - Error simulating propagation under quarantine: 'cpu_usage'
2026-06-30 20:06:19,239 - optimal_defense - ERROR - Error simulating propagation under quarantine: 'cpu_usage'
2026-06-30 20:06:19,240 - optimal_defense - ERROR - Error simulating propagation under quarantine: 'cpu_usage'
2026-06-30 20:06:19,240 - optimal_defense - ERROR - Error simulating propagation under quarantine: 'cpu_usage'
2026-06-30 20:06:19,240 - optimal_defense - ERROR - Error simulating propagation under quarantine: 'cpu_usage'
2026-06-30 20:06:19,240 - optimal_defense - ERROR - Error simulating propagation under quarantine: 'cpu_usage'
2026-06-30 20:06:19,240 - optimal_defense - ERROR - Error simulating propagation under quarantine: 'cpu_usage'
2026-06-30 20:06:19,240 - optimal_defense - ERROR - Error simulating propagation under quarantine: 'cpu_usage'
2026-06-30 20:06:19,241 - optimal_defense - ERROR - Error simulating propagation under quarantine: 'cpu_usage'
2026-06-30 20:06:19,241 - optimal_defense - ERROR - Error simulating propagation under quarantine: 'cpu_usage'
2026-06-30 20:06:19,241 - optimal_defense - ERROR - Error simulating propagation under quarantine: 'cpu_usage'
2026-06-30 20:06:19,241 - optimal_defense - INFO - Quarantined node: StreetLight_1 -> Current Loss=10.00 (SL=0.00, SDC=20.00)
2026-06-30 20:06:19,241 - optimal_defense - ERROR - Error simulating propagation under quarantine: 'cpu_usage'
2026-06-30 20:06:19,241 - optimal_defense - ERROR - Error simulating propagation under quarantine: 'cpu_usage'
2026-06-30 20:06:19,242 - optimal_defense - ERROR - Error simulating propagation under quarantine: 'cpu_usage'
2026-06-30 20:06:19,242 - optimal_defense - ERROR - Error simulating propagation under quarantine: 'cpu_usage'
2026-06-30 20:06:19,242 - optimal_defense - ERROR - Error simulating propagation under quarantine: 'cpu_usage'
2026-06-30 20:06:19,242 - optimal_defense - ERROR - Error simulating propagation under quarantine: 'cpu_usage'
2026-06-30 20:06:19,242 - optimal_defense - ERROR - Error simulating propagation under quarantine: 'cpu_usage'
2026-06-30 20:06:19,242 - optimal_defense - ERROR - Error simulating propagation under quarantine: 'cpu_usage'
2026-06-30 20:06:19,242 - optimal_defense - ERROR - Error simulating propagation under quarantine: 'cpu_usage'
2026-06-30 20:06:19,243 - optimal_defense - ERROR - Error simulating propagation under quarantine: 'cpu_usage'
2026-06-30 20:06:19,243 - optimal_defense - ERROR - Error simulating propagation under quarantine: 'cpu_usage'
2026-06-30 20:06:19,243 - optimal_defense - ERROR - Error simulating propagation under quarantine: 'cpu_usage'
2026-06-30 20:06:19,243 - optimal_defense - ERROR - Error simulating propagation under quarantine: 'cpu_usage'
2026-06-30 20:06:19,243 - optimal_defense - ERROR - Error simulating propagation under quarantine: 'cpu_usage'
2026-06-30 20:06:19,243 - optimal_defense - ERROR - Error simulating propagation under quarantine: 'cpu_usage'
2026-06-30 20:06:19,243 - optimal_defense - ERROR - Error simulating propagation under quarantine: 'cpu_usage'
2026-06-30 20:06:19,244 - optimal_defense - ERROR - Error simulating propagation under quarantine: 'cpu_usage'
2026-06-30 20:06:19,244 - optimal_defense - ERROR - Error simulating propagation under quarantine: 'cpu_usage'
2026-06-30 20:06:19,244 - optimal_defense - ERROR - Error simulating propagation under quarantine: 'cpu_usage'
2026-06-30 20:06:19,245 - optimal_defense - ERROR - Error simulating propagation under quarantine: 'cpu_usage'
2026-06-30 20:06:19,245 - optimal_defense - ERROR - Error simulating propagation under quarantine: 'cpu_usage'
2026-06-30 20:06:19,245 - optimal_defense - ERROR - Error simulating propagation under quarantine: 'cpu_usage'
2026-06-30 20:06:19,245 - optimal_defense - ERROR - Error simulating propagation under quarantine: 'cpu_usage'
2026-06-30 20:06:19,245 - optimal_defense - ERROR - Error simulating propagation under quarantine: 'cpu_usage'
2026-06-30 20:06:19,245 - optimal_defense - ERROR - Error simulating propagation under quarantine: 'cpu_usage'
2026-06-30 20:06:19,245 - optimal_defense - ERROR - Error simulating propagation under quarantine: 'cpu_usage'
2026-06-30 20:06:19,246 - optimal_defense - ERROR - Error simulating propagation under quarantine: 'cpu_usage'
2026-06-30 20:06:19,246 - optimal_defense - ERROR - Error simulating propagation under quarantine: 'cpu_usage'
2026-06-30 20:06:19,246 - optimal_defense - ERROR - Error simulating propagation under quarantine: 'cpu_usage'
2026-06-30 20:06:19,246 - optimal_defense - ERROR - Error simulating propagation under quarantine: 'cpu_usage'
2026-06-30 20:06:19,246 - optimal_defense - ERROR - Error simulating propagation under quarantine: 'cpu_usage'
2026-06-30 20:06:19,246 - optimal_defense - ERROR - Error simulating propagation under quarantine: 'cpu_usage'
2026-06-30 20:06:19,246 - optimal_defense - ERROR - Error simulating propagation under quarantine: 'cpu_usage'
2026-06-30 20:06:19,246 - optimal_defense - ERROR - Error simulating propagation under quarantine: 'cpu_usage'
2026-06-30 20:06:19,249 - evaluate_pipeline - INFO - Defense isolation report written to C:\Users\ASUS-TUF\.gemini\antigravity\scratch\SmartCity-AI-EarlyWarning-GNN\results\defense_mitigation_report.txt
2026-06-30 20:06:19,249 - optimal_defense - ERROR - Error simulating propagation under quarantine: 'cpu_usage'
2026-06-30 20:06:19,249 - optimal_defense - INFO - Baseline Loss (No Defense): Security Loss=0.00, SDC=0.00, Total Loss=0.00
2026-06-30 20:06:19,249 - optimal_defense - ERROR - Error simulating propagation under quarantine: 'cpu_usage'
2026-06-30 20:06:19,249 - optimal_defense - ERROR - Error simulating propagation under quarantine: 'cpu_usage'
2026-06-30 20:06:19,250 - optimal_defense - ERROR - Error simulating propagation under quarantine: 'cpu_usage'
2026-06-30 20:06:19,250 - optimal_defense - ERROR - Error simulating propagation under quarantine: 'cpu_usage'
2026-06-30 20:06:19,250 - optimal_defense - ERROR - Error simulating propagation under quarantine: 'cpu_usage'
2026-06-30 20:06:19,250 - optimal_defense - ERROR - Error simulating propagation under quarantine: 'cpu_usage'
2026-06-30 20:06:19,250 - optimal_defense - ERROR - Error simulating propagation under quarantine: 'cpu_usage'
2026-06-30 20:06:19,250 - optimal_defense - ERROR - Error simulating propagation under quarantine: 'cpu_usage'
2026-06-30 20:06:19,250 - optimal_defense - ERROR - Error simulating propagation under quarantine: 'cpu_usage'
2026-06-30 20:06:19,251 - optimal_defense - ERROR - Error simulating propagation under quarantine: 'cpu_usage'
2026-06-30 20:06:19,251 - optimal_defense - ERROR - Error simulating propagation under quarantine: 'cpu_usage'
2026-06-30 20:06:19,251 - optimal_defense - ERROR - Error simulating propagation under quarantine: 'cpu_usage'
2026-06-30 20:06:19,251 - optimal_defense - ERROR - Error simulating propagation under quarantine: 'cpu_usage'
2026-06-30 20:06:19,251 - optimal_defense - ERROR - Error simulating propagation under quarantine: 'cpu_usage'
2026-06-30 20:06:19,251 - optimal_defense - ERROR - Error simulating propagation under quarantine: 'cpu_usage'
2026-06-30 20:06:19,251 - optimal_defense - ERROR - Error simulating propagation under quarantine: 'cpu_usage'
2026-06-30 20:06:19,251 - optimal_defense - ERROR - Error simulating propagation under quarantine: 'cpu_usage'
2026-06-30 20:06:19,252 - optimal_defense - ERROR - Error simulating propagation under quarantine: 'cpu_usage'
2026-06-30 20:06:19,252 - optimal_defense - ERROR - Error simulating propagation under quarantine: 'cpu_usage'
2026-06-30 20:06:19,252 - optimal_defense - ERROR - Error simulating propagation under quarantine: 'cpu_usage'
2026-06-30 20:06:19,252 - optimal_defense - ERROR - Error simulating propagation under quarantine: 'cpu_usage'
2026-06-30 20:06:19,252 - optimal_defense - ERROR - Error simulating propagation under quarantine: 'cpu_usage'
2026-06-30 20:06:19,252 - optimal_defense - ERROR - Error simulating propagation under quarantine: 'cpu_usage'
2026-06-30 20:06:19,252 - optimal_defense - ERROR - Error simulating propagation under quarantine: 'cpu_usage'
2026-06-30 20:06:19,253 - optimal_defense - ERROR - Error simulating propagation under quarantine: 'cpu_usage'
2026-06-30 20:06:19,253 - optimal_defense - ERROR - Error simulating propagation under quarantine: 'cpu_usage'
2026-06-30 20:06:19,253 - optimal_defense - ERROR - Error simulating propagation under quarantine: 'cpu_usage'
2026-06-30 20:06:19,253 - optimal_defense - ERROR - Error simulating propagation under quarantine: 'cpu_usage'
2026-06-30 20:06:19,254 - optimal_defense - ERROR - Error simulating propagation under quarantine: 'cpu_usage'
2026-06-30 20:06:19,254 - optimal_defense - ERROR - Error simulating propagation under quarantine: 'cpu_usage'
2026-06-30 20:06:19,254 - optimal_defense - ERROR - Error simulating propagation under quarantine: 'cpu_usage'
2026-06-30 20:06:19,254 - optimal_defense - ERROR - Error simulating propagation under quarantine: 'cpu_usage'
2026-06-30 20:06:19,254 - optimal_defense - ERROR - Error simulating propagation under quarantine: 'cpu_usage'
2026-06-30 20:06:19,254 - optimal_defense - ERROR - Error simulating propagation under quarantine: 'cpu_usage'
2026-06-30 20:06:19,255 - optimal_defense - ERROR - Error simulating propagation under quarantine: 'cpu_usage'
2026-06-30 20:06:19,255 - optimal_defense - ERROR - Error simulating propagation under quarantine: 'cpu_usage'
2026-06-30 20:06:19,255 - optimal_defense - INFO - Baseline Loss (No Defense): Security Loss=0.00, SDC=0.00, Total Loss=0.00
2026-06-30 20:06:19,255 - optimal_defense - ERROR - Error simulating propagation under quarantine: 'cpu_usage'
2026-06-30 20:06:19,255 - optimal_defense - ERROR - Error simulating propagation under quarantine: 'cpu_usage'
2026-06-30 20:06:19,255 - optimal_defense - ERROR - Error simulating propagation under quarantine: 'cpu_usage'
2026-06-30 20:06:19,255 - optimal_defense - ERROR - Error simulating propagation under quarantine: 'cpu_usage'
2026-06-30 20:06:19,256 - optimal_defense - ERROR - Error simulating propagation under quarantine: 'cpu_usage'
2026-06-30 20:06:19,256 - optimal_defense - ERROR - Error simulating propagation under quarantine: 'cpu_usage'
2026-06-30 20:06:19,256 - optimal_defense - ERROR - Error simulating propagation under quarantine: 'cpu_usage'
2026-06-30 20:06:19,256 - optimal_defense - ERROR - Error simulating propagation under quarantine: 'cpu_usage'
2026-06-30 20:06:19,256 - optimal_defense - ERROR - Error simulating propagation under quarantine: 'cpu_usage'
2026-06-30 20:06:19,256 - optimal_defense - ERROR - Error simulating propagation under quarantine: 'cpu_usage'
2026-06-30 20:06:19,256 - optimal_defense - ERROR - Error simulating propagation under quarantine: 'cpu_usage'
2026-06-30 20:06:19,257 - optimal_defense - ERROR - Error simulating propagation under quarantine: 'cpu_usage'
2026-06-30 20:06:19,257 - optimal_defense - ERROR - Error simulating propagation under quarantine: 'cpu_usage'
2026-06-30 20:06:19,257 - optimal_defense - ERROR - Error simulating propagation under quarantine: 'cpu_usage'
2026-06-30 20:06:19,257 - optimal_defense - ERROR - Error simulating propagation under quarantine: 'cpu_usage'
2026-06-30 20:06:19,257 - optimal_defense - ERROR - Error simulating propagation under quarantine: 'cpu_usage'
2026-06-30 20:06:19,257 - optimal_defense - ERROR - Error simulating propagation under quarantine: 'cpu_usage'
2026-06-30 20:06:19,258 - optimal_defense - ERROR - Error simulating propagation under quarantine: 'cpu_usage'
2026-06-30 20:06:19,258 - optimal_defense - ERROR - Error simulating propagation under quarantine: 'cpu_usage'
2026-06-30 20:06:19,258 - optimal_defense - ERROR - Error simulating propagation under quarantine: 'cpu_usage'
2026-06-30 20:06:19,258 - optimal_defense - ERROR - Error simulating propagation under quarantine: 'cpu_usage'
2026-06-30 20:06:19,258 - optimal_defense - ERROR - Error simulating propagation under quarantine: 'cpu_usage'
2026-06-30 20:06:19,258 - optimal_defense - ERROR - Error simulating propagation under quarantine: 'cpu_usage'
2026-06-30 20:06:19,259 - optimal_defense - ERROR - Error simulating propagation under quarantine: 'cpu_usage'
2026-06-30 20:06:19,259 - optimal_defense - ERROR - Error simulating propagation under quarantine: 'cpu_usage'
2026-06-30 20:06:19,259 - optimal_defense - ERROR - Error simulating propagation under quarantine: 'cpu_usage'
2026-06-30 20:06:19,259 - optimal_defense - ERROR - Error simulating propagation under quarantine: 'cpu_usage'
2026-06-30 20:06:19,259 - optimal_defense - ERROR - Error simulating propagation under quarantine: 'cpu_usage'
2026-06-30 20:06:19,259 - optimal_defense - ERROR - Error simulating propagation under quarantine: 'cpu_usage'
2026-06-30 20:06:19,259 - optimal_defense - ERROR - Error simulating propagation under quarantine: 'cpu_usage'
2026-06-30 20:06:19,259 - optimal_defense - ERROR - Error simulating propagation under quarantine: 'cpu_usage'
2026-06-30 20:06:19,260 - optimal_defense - ERROR - Error simulating propagation under quarantine: 'cpu_usage'
2026-06-30 20:06:19,260 - optimal_defense - ERROR - Error simulating propagation under quarantine: 'cpu_usage'
2026-06-30 20:06:19,260 - optimal_defense - ERROR - Error simulating propagation under quarantine: 'cpu_usage'
2026-06-30 20:06:19,260 - optimal_defense - ERROR - Error simulating propagation under quarantine: 'cpu_usage'
2026-06-30 20:06:19,261 - optimal_defense - ERROR - Error simulating propagation under quarantine: 'cpu_usage'
2026-06-30 20:06:19,261 - optimal_defense - INFO - Baseline Loss (No Defense): Security Loss=0.00, SDC=0.00, Total Loss=0.00
2026-06-30 20:06:19,261 - optimal_defense - ERROR - Error simulating propagation under quarantine: 'cpu_usage'
2026-06-30 20:06:19,261 - optimal_defense - ERROR - Error simulating propagation under quarantine: 'cpu_usage'
2026-06-30 20:06:19,262 - optimal_defense - ERROR - Error simulating propagation under quarantine: 'cpu_usage'
2026-06-30 20:06:19,263 - optimal_defense - ERROR - Error simulating propagation under quarantine: 'cpu_usage'
2026-06-30 20:06:19,263 - optimal_defense - ERROR - Error simulating propagation under quarantine: 'cpu_usage'
2026-06-30 20:06:19,263 - optimal_defense - ERROR - Error simulating propagation under quarantine: 'cpu_usage'
2026-06-30 20:06:19,263 - optimal_defense - ERROR - Error simulating propagation under quarantine: 'cpu_usage'
2026-06-30 20:06:19,264 - optimal_defense - ERROR - Error simulating propagation under quarantine: 'cpu_usage'
2026-06-30 20:06:19,264 - optimal_defense - ERROR - Error simulating propagation under quarantine: 'cpu_usage'
2026-06-30 20:06:19,264 - optimal_defense - ERROR - Error simulating propagation under quarantine: 'cpu_usage'
2026-06-30 20:06:19,264 - optimal_defense - ERROR - Error simulating propagation under quarantine: 'cpu_usage'
2026-06-30 20:06:19,264 - optimal_defense - ERROR - Error simulating propagation under quarantine: 'cpu_usage'
2026-06-30 20:06:19,265 - optimal_defense - ERROR - Error simulating propagation under quarantine: 'cpu_usage'
2026-06-30 20:06:19,265 - optimal_defense - ERROR - Error simulating propagation under quarantine: 'cpu_usage'
2026-06-30 20:06:19,265 - optimal_defense - ERROR - Error simulating propagation under quarantine: 'cpu_usage'
2026-06-30 20:06:19,265 - optimal_defense - ERROR - Error simulating propagation under quarantine: 'cpu_usage'
2026-06-30 20:06:19,265 - optimal_defense - ERROR - Error simulating propagation under quarantine: 'cpu_usage'
2026-06-30 20:06:19,265 - optimal_defense - ERROR - Error simulating propagation under quarantine: 'cpu_usage'
2026-06-30 20:06:19,266 - optimal_defense - ERROR - Error simulating propagation under quarantine: 'cpu_usage'
2026-06-30 20:06:19,266 - optimal_defense - ERROR - Error simulating propagation under quarantine: 'cpu_usage'
2026-06-30 20:06:19,266 - optimal_defense - ERROR - Error simulating propagation under quarantine: 'cpu_usage'
2026-06-30 20:06:19,266 - optimal_defense - ERROR - Error simulating propagation under quarantine: 'cpu_usage'
2026-06-30 20:06:19,266 - optimal_defense - ERROR - Error simulating propagation under quarantine: 'cpu_usage'
2026-06-30 20:06:19,267 - optimal_defense - ERROR - Error simulating propagation under quarantine: 'cpu_usage'
2026-06-30 20:06:19,267 - optimal_defense - ERROR - Error simulating propagation under quarantine: 'cpu_usage'
2026-06-30 20:06:19,267 - optimal_defense - ERROR - Error simulating propagation under quarantine: 'cpu_usage'
2026-06-30 20:06:19,267 - optimal_defense - ERROR - Error simulating propagation under quarantine: 'cpu_usage'
2026-06-30 20:06:19,268 - optimal_defense - ERROR - Error simulating propagation under quarantine: 'cpu_usage'
2026-06-30 20:06:19,268 - optimal_defense - ERROR - Error simulating propagation under quarantine: 'cpu_usage'
2026-06-30 20:06:19,268 - optimal_defense - ERROR - Error simulating propagation under quarantine: 'cpu_usage'
2026-06-30 20:06:19,268 - optimal_defense - ERROR - Error simulating propagation under quarantine: 'cpu_usage'
2026-06-30 20:06:19,268 - optimal_defense - ERROR - Error simulating propagation under quarantine: 'cpu_usage'
2026-06-30 20:06:19,268 - optimal_defense - ERROR - Error simulating propagation under quarantine: 'cpu_usage'
2026-06-30 20:06:19,269 - optimal_defense - ERROR - Error simulating propagation under quarantine: 'cpu_usage'
2026-06-30 20:06:19,269 - optimal_defense - ERROR - Error simulating propagation under quarantine: 'cpu_usage'
2026-06-30 20:06:19,269 - optimal_defense - ERROR - Error simulating propagation under quarantine: 'cpu_usage'
2026-06-30 20:06:19,269 - optimal_defense - INFO - Baseline Loss (No Defense): Security Loss=0.00, SDC=0.00, Total Loss=0.00
2026-06-30 20:06:19,269 - optimal_defense - ERROR - Error simulating propagation under quarantine: 'cpu_usage'
2026-06-30 20:06:19,270 - optimal_defense - ERROR - Error simulating propagation under quarantine: 'cpu_usage'
2026-06-30 20:06:19,270 - optimal_defense - ERROR - Error simulating propagation under quarantine: 'cpu_usage'
2026-06-30 20:06:19,270 - optimal_defense - ERROR - Error simulating propagation under quarantine: 'cpu_usage'
2026-06-30 20:06:19,270 - optimal_defense - ERROR - Error simulating propagation under quarantine: 'cpu_usage'
2026-06-30 20:06:19,271 - optimal_defense - ERROR - Error simulating propagation under quarantine: 'cpu_usage'
2026-06-30 20:06:19,271 - optimal_defense - ERROR - Error simulating propagation under quarantine: 'cpu_usage'
2026-06-30 20:06:19,271 - optimal_defense - ERROR - Error simulating propagation under quarantine: 'cpu_usage'
2026-06-30 20:06:19,271 - optimal_defense - ERROR - Error simulating propagation under quarantine: 'cpu_usage'
2026-06-30 20:06:19,271 - optimal_defense - ERROR - Error simulating propagation under quarantine: 'cpu_usage'
2026-06-30 20:06:19,271 - optimal_defense - ERROR - Error simulating propagation under quarantine: 'cpu_usage'
2026-06-30 20:06:19,272 - optimal_defense - ERROR - Error simulating propagation under quarantine: 'cpu_usage'
2026-06-30 20:06:19,272 - optimal_defense - ERROR - Error simulating propagation under quarantine: 'cpu_usage'
2026-06-30 20:06:19,272 - optimal_defense - ERROR - Error simulating propagation under quarantine: 'cpu_usage'
2026-06-30 20:06:19,272 - optimal_defense - ERROR - Error simulating propagation under quarantine: 'cpu_usage'
2026-06-30 20:06:19,272 - optimal_defense - ERROR - Error simulating propagation under quarantine: 'cpu_usage'
2026-06-30 20:06:19,272 - optimal_defense - ERROR - Error simulating propagation under quarantine: 'cpu_usage'
2026-06-30 20:06:19,272 - optimal_defense - ERROR - Error simulating propagation under quarantine: 'cpu_usage'
2026-06-30 20:06:19,273 - optimal_defense - ERROR - Error simulating propagation under quarantine: 'cpu_usage'
2026-06-30 20:06:19,273 - optimal_defense - ERROR - Error simulating propagation under quarantine: 'cpu_usage'
2026-06-30 20:06:19,273 - optimal_defense - ERROR - Error simulating propagation under quarantine: 'cpu_usage'
2026-06-30 20:06:19,273 - optimal_defense - ERROR - Error simulating propagation under quarantine: 'cpu_usage'
2026-06-30 20:06:19,274 - optimal_defense - ERROR - Error simulating propagation under quarantine: 'cpu_usage'
2026-06-30 20:06:19,274 - optimal_defense - ERROR - Error simulating propagation under quarantine: 'cpu_usage'
2026-06-30 20:06:19,274 - optimal_defense - ERROR - Error simulating propagation under quarantine: 'cpu_usage'
2026-06-30 20:06:19,275 - optimal_defense - ERROR - Error simulating propagation under quarantine: 'cpu_usage'
2026-06-30 20:06:19,275 - optimal_defense - ERROR - Error simulating propagation under quarantine: 'cpu_usage'
2026-06-30 20:06:19,275 - optimal_defense - ERROR - Error simulating propagation under quarantine: 'cpu_usage'
2026-06-30 20:06:19,275 - optimal_defense - ERROR - Error simulating propagation under quarantine: 'cpu_usage'
2026-06-30 20:06:19,275 - optimal_defense - ERROR - Error simulating propagation under quarantine: 'cpu_usage'
2026-06-30 20:06:19,275 - optimal_defense - ERROR - Error simulating propagation under quarantine: 'cpu_usage'
2026-06-30 20:06:19,275 - optimal_defense - ERROR - Error simulating propagation under quarantine: 'cpu_usage'
2026-06-30 20:06:19,275 - optimal_defense - ERROR - Error simulating propagation under quarantine: 'cpu_usage'
2026-06-30 20:06:19,276 - optimal_defense - ERROR - Error simulating propagation under quarantine: 'cpu_usage'
2026-06-30 20:06:19,276 - optimal_defense - ERROR - Error simulating propagation under quarantine: 'cpu_usage'
2026-06-30 20:06:19,276 - optimal_defense - ERROR - Error simulating propagation under quarantine: 'cpu_usage'
2026-06-30 20:06:19,276 - optimal_defense - INFO - Baseline Loss (No Defense): Security Loss=0.00, SDC=0.00, Total Loss=0.00
2026-06-30 20:06:19,276 - optimal_defense - ERROR - Error simulating propagation under quarantine: 'cpu_usage'
2026-06-30 20:06:19,276 - optimal_defense - ERROR - Error simulating propagation under quarantine: 'cpu_usage'
2026-06-30 20:06:19,276 - optimal_defense - ERROR - Error simulating propagation under quarantine: 'cpu_usage'
2026-06-30 20:06:19,277 - optimal_defense - ERROR - Error simulating propagation under quarantine: 'cpu_usage'
2026-06-30 20:06:19,277 - optimal_defense - ERROR - Error simulating propagation under quarantine: 'cpu_usage'
2026-06-30 20:06:19,277 - optimal_defense - ERROR - Error simulating propagation under quarantine: 'cpu_usage'
2026-06-30 20:06:19,277 - optimal_defense - ERROR - Error simulating propagation under quarantine: 'cpu_usage'
2026-06-30 20:06:19,277 - optimal_defense - ERROR - Error simulating propagation under quarantine: 'cpu_usage'
2026-06-30 20:06:19,277 - optimal_defense - ERROR - Error simulating propagation under quarantine: 'cpu_usage'
2026-06-30 20:06:19,277 - optimal_defense - ERROR - Error simulating propagation under quarantine: 'cpu_usage'
2026-06-30 20:06:19,278 - optimal_defense - ERROR - Error simulating propagation under quarantine: 'cpu_usage'
2026-06-30 20:06:19,278 - optimal_defense - ERROR - Error simulating propagation under quarantine: 'cpu_usage'
2026-06-30 20:06:19,278 - optimal_defense - ERROR - Error simulating propagation under quarantine: 'cpu_usage'
2026-06-30 20:06:19,278 - optimal_defense - ERROR - Error simulating propagation under quarantine: 'cpu_usage'
2026-06-30 20:06:19,278 - optimal_defense - ERROR - Error simulating propagation under quarantine: 'cpu_usage'
2026-06-30 20:06:19,278 - optimal_defense - ERROR - Error simulating propagation under quarantine: 'cpu_usage'
2026-06-30 20:06:19,278 - optimal_defense - ERROR - Error simulating propagation under quarantine: 'cpu_usage'
2026-06-30 20:06:19,279 - optimal_defense - ERROR - Error simulating propagation under quarantine: 'cpu_usage'
2026-06-30 20:06:19,279 - optimal_defense - ERROR - Error simulating propagation under quarantine: 'cpu_usage'
2026-06-30 20:06:19,279 - optimal_defense - ERROR - Error simulating propagation under quarantine: 'cpu_usage'
2026-06-30 20:06:19,279 - optimal_defense - ERROR - Error simulating propagation under quarantine: 'cpu_usage'
2026-06-30 20:06:19,279 - optimal_defense - ERROR - Error simulating propagation under quarantine: 'cpu_usage'
2026-06-30 20:06:19,279 - optimal_defense - ERROR - Error simulating propagation under quarantine: 'cpu_usage'
2026-06-30 20:06:19,279 - optimal_defense - ERROR - Error simulating propagation under quarantine: 'cpu_usage'
2026-06-30 20:06:19,279 - optimal_defense - ERROR - Error simulating propagation under quarantine: 'cpu_usage'
2026-06-30 20:06:19,280 - optimal_defense - ERROR - Error simulating propagation under quarantine: 'cpu_usage'
2026-06-30 20:06:19,280 - optimal_defense - ERROR - Error simulating propagation under quarantine: 'cpu_usage'
2026-06-30 20:06:19,280 - optimal_defense - ERROR - Error simulating propagation under quarantine: 'cpu_usage'
2026-06-30 20:06:19,280 - optimal_defense - ERROR - Error simulating propagation under quarantine: 'cpu_usage'
2026-06-30 20:06:19,281 - optimal_defense - ERROR - Error simulating propagation under quarantine: 'cpu_usage'
2026-06-30 20:06:19,281 - optimal_defense - ERROR - Error simulating propagation under quarantine: 'cpu_usage'
2026-06-30 20:06:19,281 - optimal_defense - ERROR - Error simulating propagation under quarantine: 'cpu_usage'
2026-06-30 20:06:19,281 - optimal_defense - ERROR - Error simulating propagation under quarantine: 'cpu_usage'
2026-06-30 20:06:19,281 - optimal_defense - ERROR - Error simulating propagation under quarantine: 'cpu_usage'
2026-06-30 20:06:19,281 - optimal_defense - ERROR - Error simulating propagation under quarantine: 'cpu_usage'
2026-06-30 20:06:19,281 - optimal_defense - ERROR - Error simulating propagation under quarantine: 'cpu_usage'
2026-06-30 20:06:19,282 - optimal_defense - INFO - Baseline Loss (No Defense): Security Loss=0.00, SDC=0.00, Total Loss=0.00
2026-06-30 20:06:19,282 - optimal_defense - ERROR - Error simulating propagation under quarantine: 'cpu_usage'
2026-06-30 20:06:19,282 - optimal_defense - ERROR - Error simulating propagation under quarantine: 'cpu_usage'
2026-06-30 20:06:19,282 - optimal_defense - ERROR - Error simulating propagation under quarantine: 'cpu_usage'
2026-06-30 20:06:19,282 - optimal_defense - ERROR - Error simulating propagation under quarantine: 'cpu_usage'
2026-06-30 20:06:19,283 - optimal_defense - ERROR - Error simulating propagation under quarantine: 'cpu_usage'
2026-06-30 20:06:19,283 - optimal_defense - ERROR - Error simulating propagation under quarantine: 'cpu_usage'
2026-06-30 20:06:19,283 - optimal_defense - ERROR - Error simulating propagation under quarantine: 'cpu_usage'
2026-06-30 20:06:19,283 - optimal_defense - ERROR - Error simulating propagation under quarantine: 'cpu_usage'
2026-06-30 20:06:19,283 - optimal_defense - ERROR - Error simulating propagation under quarantine: 'cpu_usage'
2026-06-30 20:06:19,283 - optimal_defense - ERROR - Error simulating propagation under quarantine: 'cpu_usage'
2026-06-30 20:06:19,284 - optimal_defense - ERROR - Error simulating propagation under quarantine: 'cpu_usage'
2026-06-30 20:06:19,284 - optimal_defense - ERROR - Error simulating propagation under quarantine: 'cpu_usage'
2026-06-30 20:06:19,284 - optimal_defense - ERROR - Error simulating propagation under quarantine: 'cpu_usage'
2026-06-30 20:06:19,284 - optimal_defense - ERROR - Error simulating propagation under quarantine: 'cpu_usage'
2026-06-30 20:06:19,284 - optimal_defense - ERROR - Error simulating propagation under quarantine: 'cpu_usage'
2026-06-30 20:06:19,284 - optimal_defense - ERROR - Error simulating propagation under quarantine: 'cpu_usage'
2026-06-30 20:06:19,285 - optimal_defense - ERROR - Error simulating propagation under quarantine: 'cpu_usage'
2026-06-30 20:06:19,285 - optimal_defense - ERROR - Error simulating propagation under quarantine: 'cpu_usage'
2026-06-30 20:06:19,286 - optimal_defense - ERROR - Error simulating propagation under quarantine: 'cpu_usage'
2026-06-30 20:06:19,286 - optimal_defense - ERROR - Error simulating propagation under quarantine: 'cpu_usage'
2026-06-30 20:06:19,286 - optimal_defense - ERROR - Error simulating propagation under quarantine: 'cpu_usage'
2026-06-30 20:06:19,286 - optimal_defense - ERROR - Error simulating propagation under quarantine: 'cpu_usage'
2026-06-30 20:06:19,286 - optimal_defense - ERROR - Error simulating propagation under quarantine: 'cpu_usage'
2026-06-30 20:06:19,286 - optimal_defense - ERROR - Error simulating propagation under quarantine: 'cpu_usage'
2026-06-30 20:06:19,287 - optimal_defense - ERROR - Error simulating propagation under quarantine: 'cpu_usage'
2026-06-30 20:06:19,287 - optimal_defense - ERROR - Error simulating propagation under quarantine: 'cpu_usage'
2026-06-30 20:06:19,287 - optimal_defense - ERROR - Error simulating propagation under quarantine: 'cpu_usage'
2026-06-30 20:06:19,287 - optimal_defense - ERROR - Error simulating propagation under quarantine: 'cpu_usage'
2026-06-30 20:06:19,287 - optimal_defense - ERROR - Error simulating propagation under quarantine: 'cpu_usage'
2026-06-30 20:06:19,287 - optimal_defense - ERROR - Error simulating propagation under quarantine: 'cpu_usage'
2026-06-30 20:06:19,288 - optimal_defense - ERROR - Error simulating propagation under quarantine: 'cpu_usage'
2026-06-30 20:06:19,288 - optimal_defense - ERROR - Error simulating propagation under quarantine: 'cpu_usage'
2026-06-30 20:06:19,288 - optimal_defense - ERROR - Error simulating propagation under quarantine: 'cpu_usage'
2026-06-30 20:06:19,288 - optimal_defense - ERROR - Error simulating propagation under quarantine: 'cpu_usage'
2026-06-30 20:06:19,288 - optimal_defense - ERROR - Error simulating propagation under quarantine: 'cpu_usage'
2026-06-30 20:06:19,289 - optimal_defense - ERROR - Error simulating propagation under quarantine: 'cpu_usage'
2026-06-30 20:06:19,289 - optimal_defense - INFO - Baseline Loss (No Defense): Security Loss=0.00, SDC=0.00, Total Loss=0.00
2026-06-30 20:06:19,289 - optimal_defense - ERROR - Error simulating propagation under quarantine: 'cpu_usage'
2026-06-30 20:06:19,289 - optimal_defense - ERROR - Error simulating propagation under quarantine: 'cpu_usage'
2026-06-30 20:06:19,290 - optimal_defense - ERROR - Error simulating propagation under quarantine: 'cpu_usage'
2026-06-30 20:06:19,290 - optimal_defense - ERROR - Error simulating propagation under quarantine: 'cpu_usage'
2026-06-30 20:06:19,290 - optimal_defense - ERROR - Error simulating propagation under quarantine: 'cpu_usage'
2026-06-30 20:06:19,290 - optimal_defense - ERROR - Error simulating propagation under quarantine: 'cpu_usage'
2026-06-30 20:06:19,290 - optimal_defense - ERROR - Error simulating propagation under quarantine: 'cpu_usage'
2026-06-30 20:06:19,290 - optimal_defense - ERROR - Error simulating propagation under quarantine: 'cpu_usage'
2026-06-30 20:06:19,291 - optimal_defense - ERROR - Error simulating propagation under quarantine: 'cpu_usage'
2026-06-30 20:06:19,291 - optimal_defense - ERROR - Error simulating propagation under quarantine: 'cpu_usage'
2026-06-30 20:06:19,291 - optimal_defense - ERROR - Error simulating propagation under quarantine: 'cpu_usage'
2026-06-30 20:06:19,292 - optimal_defense - ERROR - Error simulating propagation under quarantine: 'cpu_usage'
2026-06-30 20:06:19,292 - optimal_defense - ERROR - Error simulating propagation under quarantine: 'cpu_usage'
2026-06-30 20:06:19,292 - optimal_defense - ERROR - Error simulating propagation under quarantine: 'cpu_usage'
2026-06-30 20:06:19,292 - optimal_defense - ERROR - Error simulating propagation under quarantine: 'cpu_usage'
2026-06-30 20:06:19,292 - optimal_defense - ERROR - Error simulating propagation under quarantine: 'cpu_usage'
2026-06-30 20:06:19,292 - optimal_defense - ERROR - Error simulating propagation under quarantine: 'cpu_usage'
2026-06-30 20:06:19,292 - optimal_defense - ERROR - Error simulating propagation under quarantine: 'cpu_usage'
2026-06-30 20:06:19,293 - optimal_defense - ERROR - Error simulating propagation under quarantine: 'cpu_usage'
2026-06-30 20:06:19,293 - optimal_defense - ERROR - Error simulating propagation under quarantine: 'cpu_usage'
2026-06-30 20:06:19,293 - optimal_defense - ERROR - Error simulating propagation under quarantine: 'cpu_usage'
2026-06-30 20:06:19,293 - optimal_defense - ERROR - Error simulating propagation under quarantine: 'cpu_usage'
2026-06-30 20:06:19,293 - optimal_defense - ERROR - Error simulating propagation under quarantine: 'cpu_usage'
2026-06-30 20:06:19,293 - optimal_defense - ERROR - Error simulating propagation under quarantine: 'cpu_usage'
2026-06-30 20:06:19,293 - optimal_defense - ERROR - Error simulating propagation under quarantine: 'cpu_usage'
2026-06-30 20:06:19,294 - optimal_defense - ERROR - Error simulating propagation under quarantine: 'cpu_usage'
2026-06-30 20:06:19,294 - optimal_defense - ERROR - Error simulating propagation under quarantine: 'cpu_usage'
2026-06-30 20:06:19,294 - optimal_defense - ERROR - Error simulating propagation under quarantine: 'cpu_usage'
2026-06-30 20:06:19,294 - optimal_defense - ERROR - Error simulating propagation under quarantine: 'cpu_usage'
2026-06-30 20:06:19,294 - optimal_defense - ERROR - Error simulating propagation under quarantine: 'cpu_usage'
2026-06-30 20:06:19,294 - optimal_defense - ERROR - Error simulating propagation under quarantine: 'cpu_usage'
2026-06-30 20:06:19,295 - optimal_defense - ERROR - Error simulating propagation under quarantine: 'cpu_usage'
2026-06-30 20:06:19,295 - optimal_defense - ERROR - Error simulating propagation under quarantine: 'cpu_usage'
2026-06-30 20:06:19,295 - optimal_defense - ERROR - Error simulating propagation under quarantine: 'cpu_usage'
2026-06-30 20:06:19,295 - optimal_defense - ERROR - Error simulating propagation under quarantine: 'cpu_usage'
2026-06-30 20:06:19,296 - optimal_defense - ERROR - Error simulating propagation under quarantine: 'cpu_usage'
2026-06-30 20:06:19,296 - optimal_defense - INFO - Baseline Loss (No Defense): Security Loss=0.00, SDC=0.00, Total Loss=0.00
2026-06-30 20:06:19,296 - optimal_defense - ERROR - Error simulating propagation under quarantine: 'cpu_usage'
2026-06-30 20:06:19,297 - optimal_defense - ERROR - Error simulating propagation under quarantine: 'cpu_usage'
2026-06-30 20:06:19,297 - optimal_defense - ERROR - Error simulating propagation under quarantine: 'cpu_usage'
2026-06-30 20:06:19,298 - optimal_defense - ERROR - Error simulating propagation under quarantine: 'cpu_usage'
2026-06-30 20:06:19,298 - optimal_defense - ERROR - Error simulating propagation under quarantine: 'cpu_usage'
2026-06-30 20:06:19,298 - optimal_defense - ERROR - Error simulating propagation under quarantine: 'cpu_usage'
2026-06-30 20:06:19,298 - optimal_defense - ERROR - Error simulating propagation under quarantine: 'cpu_usage'
2026-06-30 20:06:19,298 - optimal_defense - ERROR - Error simulating propagation under quarantine: 'cpu_usage'
2026-06-30 20:06:19,299 - optimal_defense - ERROR - Error simulating propagation under quarantine: 'cpu_usage'
2026-06-30 20:06:19,299 - optimal_defense - ERROR - Error simulating propagation under quarantine: 'cpu_usage'
2026-06-30 20:06:19,299 - optimal_defense - ERROR - Error simulating propagation under quarantine: 'cpu_usage'
2026-06-30 20:06:19,299 - optimal_defense - ERROR - Error simulating propagation under quarantine: 'cpu_usage'
2026-06-30 20:06:19,300 - optimal_defense - ERROR - Error simulating propagation under quarantine: 'cpu_usage'
2026-06-30 20:06:19,300 - optimal_defense - ERROR - Error simulating propagation under quarantine: 'cpu_usage'
2026-06-30 20:06:19,300 - optimal_defense - ERROR - Error simulating propagation under quarantine: 'cpu_usage'
2026-06-30 20:06:19,300 - optimal_defense - ERROR - Error simulating propagation under quarantine: 'cpu_usage'
2026-06-30 20:06:19,300 - optimal_defense - ERROR - Error simulating propagation under quarantine: 'cpu_usage'
2026-06-30 20:06:19,300 - optimal_defense - ERROR - Error simulating propagation under quarantine: 'cpu_usage'
2026-06-30 20:06:19,300 - optimal_defense - ERROR - Error simulating propagation under quarantine: 'cpu_usage'
2026-06-30 20:06:19,300 - optimal_defense - ERROR - Error simulating propagation under quarantine: 'cpu_usage'
2026-06-30 20:06:19,301 - optimal_defense - ERROR - Error simulating propagation under quarantine: 'cpu_usage'
2026-06-30 20:06:19,301 - optimal_defense - ERROR - Error simulating propagation under quarantine: 'cpu_usage'
2026-06-30 20:06:19,301 - optimal_defense - ERROR - Error simulating propagation under quarantine: 'cpu_usage'
2026-06-30 20:06:19,301 - optimal_defense - ERROR - Error simulating propagation under quarantine: 'cpu_usage'
2026-06-30 20:06:19,301 - optimal_defense - ERROR - Error simulating propagation under quarantine: 'cpu_usage'
2026-06-30 20:06:19,302 - optimal_defense - ERROR - Error simulating propagation under quarantine: 'cpu_usage'
2026-06-30 20:06:19,302 - optimal_defense - ERROR - Error simulating propagation under quarantine: 'cpu_usage'
2026-06-30 20:06:19,303 - optimal_defense - ERROR - Error simulating propagation under quarantine: 'cpu_usage'
2026-06-30 20:06:19,304 - optimal_defense - ERROR - Error simulating propagation under quarantine: 'cpu_usage'
2026-06-30 20:06:19,304 - optimal_defense - ERROR - Error simulating propagation under quarantine: 'cpu_usage'
2026-06-30 20:06:19,304 - optimal_defense - ERROR - Error simulating propagation under quarantine: 'cpu_usage'
2026-06-30 20:06:19,304 - optimal_defense - ERROR - Error simulating propagation under quarantine: 'cpu_usage'
2026-06-30 20:06:19,304 - optimal_defense - ERROR - Error simulating propagation under quarantine: 'cpu_usage'
2026-06-30 20:06:19,304 - optimal_defense - ERROR - Error simulating propagation under quarantine: 'cpu_usage'
2026-06-30 20:06:19,305 - optimal_defense - ERROR - Error simulating propagation under quarantine: 'cpu_usage'
2026-06-30 20:06:19,305 - optimal_defense - ERROR - Error simulating propagation under quarantine: 'cpu_usage'
2026-06-30 20:06:19,305 - optimal_defense - INFO - Baseline Loss (No Defense): Security Loss=0.00, SDC=0.00, Total Loss=0.00
2026-06-30 20:06:19,305 - optimal_defense - ERROR - Error simulating propagation under quarantine: 'cpu_usage'
2026-06-30 20:06:19,305 - optimal_defense - ERROR - Error simulating propagation under quarantine: 'cpu_usage'
2026-06-30 20:06:19,305 - optimal_defense - ERROR - Error simulating propagation under quarantine: 'cpu_usage'
2026-06-30 20:06:19,306 - optimal_defense - ERROR - Error simulating propagation under quarantine: 'cpu_usage'
2026-06-30 20:06:19,306 - optimal_defense - ERROR - Error simulating propagation under quarantine: 'cpu_usage'
2026-06-30 20:06:19,306 - optimal_defense - ERROR - Error simulating propagation under quarantine: 'cpu_usage'
2026-06-30 20:06:19,306 - optimal_defense - ERROR - Error simulating propagation under quarantine: 'cpu_usage'
2026-06-30 20:06:19,306 - optimal_defense - ERROR - Error simulating propagation under quarantine: 'cpu_usage'
2026-06-30 20:06:19,306 - optimal_defense - ERROR - Error simulating propagation under quarantine: 'cpu_usage'
2026-06-30 20:06:19,306 - optimal_defense - ERROR - Error simulating propagation under quarantine: 'cpu_usage'
2026-06-30 20:06:19,307 - optimal_defense - ERROR - Error simulating propagation under quarantine: 'cpu_usage'
2026-06-30 20:06:19,307 - optimal_defense - ERROR - Error simulating propagation under quarantine: 'cpu_usage'
2026-06-30 20:06:19,307 - optimal_defense - ERROR - Error simulating propagation under quarantine: 'cpu_usage'
2026-06-30 20:06:19,307 - optimal_defense - ERROR - Error simulating propagation under quarantine: 'cpu_usage'
2026-06-30 20:06:19,307 - optimal_defense - ERROR - Error simulating propagation under quarantine: 'cpu_usage'
2026-06-30 20:06:19,307 - optimal_defense - ERROR - Error simulating propagation under quarantine: 'cpu_usage'
2026-06-30 20:06:19,307 - optimal_defense - ERROR - Error simulating propagation under quarantine: 'cpu_usage'
2026-06-30 20:06:19,308 - optimal_defense - ERROR - Error simulating propagation under quarantine: 'cpu_usage'
2026-06-30 20:06:19,308 - optimal_defense - ERROR - Error simulating propagation under quarantine: 'cpu_usage'
2026-06-30 20:06:19,308 - optimal_defense - ERROR - Error simulating propagation under quarantine: 'cpu_usage'
2026-06-30 20:06:19,308 - optimal_defense - ERROR - Error simulating propagation under quarantine: 'cpu_usage'
2026-06-30 20:06:19,308 - optimal_defense - ERROR - Error simulating propagation under quarantine: 'cpu_usage'
2026-06-30 20:06:19,308 - optimal_defense - ERROR - Error simulating propagation under quarantine: 'cpu_usage'
2026-06-30 20:06:19,308 - optimal_defense - ERROR - Error simulating propagation under quarantine: 'cpu_usage'
2026-06-30 20:06:19,309 - optimal_defense - ERROR - Error simulating propagation under quarantine: 'cpu_usage'
2026-06-30 20:06:19,309 - optimal_defense - ERROR - Error simulating propagation under quarantine: 'cpu_usage'
2026-06-30 20:06:19,310 - optimal_defense - ERROR - Error simulating propagation under quarantine: 'cpu_usage'
2026-06-30 20:06:19,310 - optimal_defense - ERROR - Error simulating propagation under quarantine: 'cpu_usage'
2026-06-30 20:06:19,311 - optimal_defense - ERROR - Error simulating propagation under quarantine: 'cpu_usage'
2026-06-30 20:06:19,311 - optimal_defense - ERROR - Error simulating propagation under quarantine: 'cpu_usage'
2026-06-30 20:06:19,311 - optimal_defense - ERROR - Error simulating propagation under quarantine: 'cpu_usage'
2026-06-30 20:06:19,311 - optimal_defense - ERROR - Error simulating propagation under quarantine: 'cpu_usage'
2026-06-30 20:06:19,312 - optimal_defense - ERROR - Error simulating propagation under quarantine: 'cpu_usage'
2026-06-30 20:06:19,312 - optimal_defense - ERROR - Error simulating propagation under quarantine: 'cpu_usage'
2026-06-30 20:06:19,312 - optimal_defense - ERROR - Error simulating propagation under quarantine: 'cpu_usage'
2026-06-30 20:06:19,312 - optimal_defense - ERROR - Error simulating propagation under quarantine: 'cpu_usage'
2026-06-30 20:06:19,312 - optimal_defense - INFO - Baseline Loss (No Defense): Security Loss=0.00, SDC=0.00, Total Loss=0.00
2026-06-30 20:06:19,312 - optimal_defense - ERROR - Error simulating propagation under quarantine: 'cpu_usage'
2026-06-30 20:06:19,313 - optimal_defense - ERROR - Error simulating propagation under quarantine: 'cpu_usage'
2026-06-30 20:06:19,313 - optimal_defense - ERROR - Error simulating propagation under quarantine: 'cpu_usage'
2026-06-30 20:06:19,314 - optimal_defense - ERROR - Error simulating propagation under quarantine: 'cpu_usage'
2026-06-30 20:06:19,314 - optimal_defense - ERROR - Error simulating propagation under quarantine: 'cpu_usage'
2026-06-30 20:06:19,314 - optimal_defense - ERROR - Error simulating propagation under quarantine: 'cpu_usage'
2026-06-30 20:06:19,315 - optimal_defense - ERROR - Error simulating propagation under quarantine: 'cpu_usage'
2026-06-30 20:06:19,315 - optimal_defense - ERROR - Error simulating propagation under quarantine: 'cpu_usage'
2026-06-30 20:06:19,315 - optimal_defense - ERROR - Error simulating propagation under quarantine: 'cpu_usage'
2026-06-30 20:06:19,315 - optimal_defense - ERROR - Error simulating propagation under quarantine: 'cpu_usage'
2026-06-30 20:06:19,315 - optimal_defense - ERROR - Error simulating propagation under quarantine: 'cpu_usage'
2026-06-30 20:06:19,315 - optimal_defense - ERROR - Error simulating propagation under quarantine: 'cpu_usage'
2026-06-30 20:06:19,316 - optimal_defense - ERROR - Error simulating propagation under quarantine: 'cpu_usage'
2026-06-30 20:06:19,316 - optimal_defense - ERROR - Error simulating propagation under quarantine: 'cpu_usage'
2026-06-30 20:06:19,316 - optimal_defense - ERROR - Error simulating propagation under quarantine: 'cpu_usage'
2026-06-30 20:06:19,316 - optimal_defense - ERROR - Error simulating propagation under quarantine: 'cpu_usage'
2026-06-30 20:06:19,316 - optimal_defense - ERROR - Error simulating propagation under quarantine: 'cpu_usage'
2026-06-30 20:06:19,316 - optimal_defense - ERROR - Error simulating propagation under quarantine: 'cpu_usage'
2026-06-30 20:06:19,317 - optimal_defense - ERROR - Error simulating propagation under quarantine: 'cpu_usage'
2026-06-30 20:06:19,317 - optimal_defense - ERROR - Error simulating propagation under quarantine: 'cpu_usage'
2026-06-30 20:06:19,317 - optimal_defense - ERROR - Error simulating propagation under quarantine: 'cpu_usage'
2026-06-30 20:06:19,318 - optimal_defense - ERROR - Error simulating propagation under quarantine: 'cpu_usage'
2026-06-30 20:06:19,318 - optimal_defense - ERROR - Error simulating propagation under quarantine: 'cpu_usage'
2026-06-30 20:06:19,318 - optimal_defense - ERROR - Error simulating propagation under quarantine: 'cpu_usage'
2026-06-30 20:06:19,318 - optimal_defense - ERROR - Error simulating propagation under quarantine: 'cpu_usage'
2026-06-30 20:06:19,318 - optimal_defense - ERROR - Error simulating propagation under quarantine: 'cpu_usage'
2026-06-30 20:06:19,318 - optimal_defense - ERROR - Error simulating propagation under quarantine: 'cpu_usage'
2026-06-30 20:06:19,318 - optimal_defense - ERROR - Error simulating propagation under quarantine: 'cpu_usage'
2026-06-30 20:06:19,318 - optimal_defense - ERROR - Error simulating propagation under quarantine: 'cpu_usage'
2026-06-30 20:06:19,319 - optimal_defense - ERROR - Error simulating propagation under quarantine: 'cpu_usage'
2026-06-30 20:06:19,319 - optimal_defense - ERROR - Error simulating propagation under quarantine: 'cpu_usage'
2026-06-30 20:06:19,319 - optimal_defense - ERROR - Error simulating propagation under quarantine: 'cpu_usage'
2026-06-30 20:06:19,320 - optimal_defense - ERROR - Error simulating propagation under quarantine: 'cpu_usage'
2026-06-30 20:06:19,320 - optimal_defense - ERROR - Error simulating propagation under quarantine: 'cpu_usage'
2026-06-30 20:06:19,320 - optimal_defense - ERROR - Error simulating propagation under quarantine: 'cpu_usage'
2026-06-30 20:06:19,320 - optimal_defense - ERROR - Error simulating propagation under quarantine: 'cpu_usage'
2026-06-30 20:06:19,320 - optimal_defense - INFO - Baseline Loss (No Defense): Security Loss=0.00, SDC=0.00, Total Loss=0.00
2026-06-30 20:06:19,321 - optimal_defense - ERROR - Error simulating propagation under quarantine: 'cpu_usage'
2026-06-30 20:06:19,321 - optimal_defense - ERROR - Error simulating propagation under quarantine: 'cpu_usage'
2026-06-30 20:06:19,321 - optimal_defense - ERROR - Error simulating propagation under quarantine: 'cpu_usage'
2026-06-30 20:06:19,321 - optimal_defense - ERROR - Error simulating propagation under quarantine: 'cpu_usage'
2026-06-30 20:06:19,321 - optimal_defense - ERROR - Error simulating propagation under quarantine: 'cpu_usage'
2026-06-30 20:06:19,321 - optimal_defense - ERROR - Error simulating propagation under quarantine: 'cpu_usage'
2026-06-30 20:06:19,322 - optimal_defense - ERROR - Error simulating propagation under quarantine: 'cpu_usage'
2026-06-30 20:06:19,322 - optimal_defense - ERROR - Error simulating propagation under quarantine: 'cpu_usage'
2026-06-30 20:06:19,322 - optimal_defense - ERROR - Error simulating propagation under quarantine: 'cpu_usage'
2026-06-30 20:06:19,322 - optimal_defense - ERROR - Error simulating propagation under quarantine: 'cpu_usage'
2026-06-30 20:06:19,322 - optimal_defense - ERROR - Error simulating propagation under quarantine: 'cpu_usage'
2026-06-30 20:06:19,322 - optimal_defense - ERROR - Error simulating propagation under quarantine: 'cpu_usage'
2026-06-30 20:06:19,323 - optimal_defense - ERROR - Error simulating propagation under quarantine: 'cpu_usage'
2026-06-30 20:06:19,323 - optimal_defense - ERROR - Error simulating propagation under quarantine: 'cpu_usage'
2026-06-30 20:06:19,323 - optimal_defense - ERROR - Error simulating propagation under quarantine: 'cpu_usage'
2026-06-30 20:06:19,323 - optimal_defense - ERROR - Error simulating propagation under quarantine: 'cpu_usage'
2026-06-30 20:06:19,323 - optimal_defense - ERROR - Error simulating propagation under quarantine: 'cpu_usage'
2026-06-30 20:06:19,323 - optimal_defense - ERROR - Error simulating propagation under quarantine: 'cpu_usage'
2026-06-30 20:06:19,324 - optimal_defense - ERROR - Error simulating propagation under quarantine: 'cpu_usage'
2026-06-30 20:06:19,324 - optimal_defense - ERROR - Error simulating propagation under quarantine: 'cpu_usage'
2026-06-30 20:06:19,324 - optimal_defense - ERROR - Error simulating propagation under quarantine: 'cpu_usage'
2026-06-30 20:06:19,325 - optimal_defense - ERROR - Error simulating propagation under quarantine: 'cpu_usage'
2026-06-30 20:06:19,325 - optimal_defense - ERROR - Error simulating propagation under quarantine: 'cpu_usage'
2026-06-30 20:06:19,325 - optimal_defense - ERROR - Error simulating propagation under quarantine: 'cpu_usage'
2026-06-30 20:06:19,325 - optimal_defense - ERROR - Error simulating propagation under quarantine: 'cpu_usage'
2026-06-30 20:06:19,325 - optimal_defense - ERROR - Error simulating propagation under quarantine: 'cpu_usage'
2026-06-30 20:06:19,325 - optimal_defense - ERROR - Error simulating propagation under quarantine: 'cpu_usage'
2026-06-30 20:06:19,325 - optimal_defense - ERROR - Error simulating propagation under quarantine: 'cpu_usage'
2026-06-30 20:06:19,325 - optimal_defense - ERROR - Error simulating propagation under quarantine: 'cpu_usage'
2026-06-30 20:06:19,326 - optimal_defense - ERROR - Error simulating propagation under quarantine: 'cpu_usage'
2026-06-30 20:06:19,326 - optimal_defense - ERROR - Error simulating propagation under quarantine: 'cpu_usage'
2026-06-30 20:06:19,326 - optimal_defense - ERROR - Error simulating propagation under quarantine: 'cpu_usage'
2026-06-30 20:06:19,326 - optimal_defense - ERROR - Error simulating propagation under quarantine: 'cpu_usage'
2026-06-30 20:06:19,326 - optimal_defense - ERROR - Error simulating propagation under quarantine: 'cpu_usage'
2026-06-30 20:06:19,326 - optimal_defense - ERROR - Error simulating propagation under quarantine: 'cpu_usage'
2026-06-30 20:06:19,526 - evaluate_pipeline - INFO - Pareto frontier plot saved to C:\Users\ASUS-TUF\.gemini\antigravity\scratch\SmartCity-AI-EarlyWarning-GNN\results\pareto_frontier.png
2026-06-30 20:06:19,527 - evaluate_pipeline - INFO - Evaluation pipeline execution completed successfully. Reports stored in results/.
2026-06-30 20:06:19,527 - main_pipeline - INFO - =================================================================
2026-06-30 20:06:19,527 - main_pipeline - INFO -   PIPELINE EXECUTED SUCCESSFULLY                                
2026-06-30 20:06:19,527 - main_pipeline - INFO -   Trained Models Saved: trained_models/                         
2026-06-30 20:06:19,527 - main_pipeline - INFO -   Evaluation Reports Saved: results/                            
2026-06-30 20:06:19,527 - main_pipeline - INFO -   To launch the Dashboard:                                      
2026-06-30 20:06:19,527 - main_pipeline - INFO -      streamlit run dashboard/app.py                             
2026-06-30 20:06:19,527 - main_pipeline - INFO - =================================================================
2026-06-30 20:08:27,963 - main_pipeline - INFO - =================================================================
2026-06-30 20:08:27,964 - main_pipeline - INFO -   STARTING SMART CITY IoT SECURITY RESEARCH PIPELINE END-TO-END  
2026-06-30 20:08:27,964 - main_pipeline - INFO - =================================================================
2026-06-30 20:08:27,964 - main_pipeline - INFO - --- Phase 1: Checking and Bootstrapping Datasets ---
2026-06-30 20:08:27,965 - main_pipeline - INFO - --- Phase 2: Training Random Forest Classifier (IoT-23) ---
2026-06-30 20:08:27,965 - train_rf_cli - INFO - Starting Random Forest Model Training Pipeline...
2026-06-30 20:08:28,016 - preprocessing_features - INFO - Fitted new StandardScaler for IoT-23.
2026-06-30 20:08:28,018 - preprocessing_features - INFO - Fitted new LabelEncoder for IoT-23.
2026-06-30 20:08:28,021 - preprocessing_split - INFO - Splitting dataset: size=2000 rows, test_ratio=0.2.
2026-06-30 20:08:28,030 - preprocessing_split - INFO - Split complete. Train shape: (1600, 6), Test shape: (400, 6)
2026-06-30 20:08:28,031 - models_rf - INFO - Initializing Random Forest Classifier...
2026-06-30 20:08:28,031 - models_rf - INFO - Fitting Random Forest Model...
2026-06-30 20:08:28,291 - models_rf - INFO - Random Forest Test Accuracy: 100.00%
2026-06-30 20:08:28,301 - models_rf - INFO - Saving Random Forest artifacts to C:\Users\ASUS-TUF\.gemini\antigravity\scratch\SmartCity-AI-EarlyWarning-GNN\trained_models\random_forest.pkl...
2026-06-30 20:08:28,332 - train_rf_cli - INFO - Random Forest Training Pipeline execution completed successfully.
2026-06-30 20:08:28,333 - main_pipeline - INFO - --- Phase 3: Training XGBoost Classifier (CICIoT2023) ---
2026-06-30 20:08:28,333 - train_xgboost_cli - INFO - Starting XGBoost Model Training Pipeline...
2026-06-30 20:08:28,349 - preprocessing_clean - INFO - [CICIoT2023] Removed 5 duplicate rows.
2026-06-30 20:08:28,356 - preprocessing_features - INFO - Fitted new StandardScaler for CICIoT2023.
2026-06-30 20:08:28,359 - preprocessing_features - INFO - Fitted new LabelEncoder for CICIoT2023.
2026-06-30 20:08:28,360 - preprocessing_split - INFO - Splitting dataset: size=4995 rows, test_ratio=0.2.
2026-06-30 20:08:28,366 - preprocessing_split - INFO - Split complete. Train shape: (3996, 7), Test shape: (999, 7)
2026-06-30 20:08:28,366 - models_xgb - INFO - Initializing XGBoost Classifier...
2026-06-30 20:08:28,367 - models_xgb - INFO - Fitting XGBoost Model...
2026-06-30 20:08:28,894 - models_xgb - INFO - XGBoost Test Accuracy: 99.80%
2026-06-30 20:08:28,905 - models_xgb - INFO - Saving XGBoost artifacts to C:\Users\ASUS-TUF\.gemini\antigravity\scratch\SmartCity-AI-EarlyWarning-GNN\trained_models\xgboost.pkl...
2026-06-30 20:08:28,924 - train_xgboost_cli - INFO - XGBoost Training Pipeline execution completed successfully.
2026-06-30 20:08:28,925 - main_pipeline - INFO - --- Phase 4: Training GNN propagation Predictor (Topology) ---
2026-06-30 20:08:28,925 - train_gnn_cli - INFO - Starting GNN Model Training Pipeline...
2026-06-30 20:08:28,925 - gnn_train - INFO - Initializing graph builder and loading datasets...
2026-06-30 20:08:28,930 - gnn_graph_builder - INFO - Loaded graph with 100 nodes and 120 edges.
2026-06-30 20:08:31,794 - gnn_train - INFO - Beginning GNN training...
2026-06-30 20:08:31,902 - gnn_train - INFO - Epoch 1/150 | Loss: 0.570514
2026-06-30 20:08:31,954 - gnn_train - INFO - Epoch 25/150 | Loss: 0.570514
2026-06-30 20:08:32,011 - gnn_train - INFO - Epoch 50/150 | Loss: 0.570514
2026-06-30 20:08:32,058 - gnn_train - INFO - Epoch 75/150 | Loss: 0.570514
2026-06-30 20:08:32,108 - gnn_train - INFO - Epoch 100/150 | Loss: 0.570514
2026-06-30 20:08:32,153 - gnn_train - INFO - Epoch 125/150 | Loss: 0.570514
2026-06-30 20:08:32,200 - gnn_train - INFO - Epoch 150/150 | Loss: 0.570514
2026-06-30 20:08:32,206 - gnn_train - INFO - GNN Training MAE (Mean Absolute Error): 0.7473
2026-06-30 20:08:32,207 - gnn_train - INFO - Saving GNN checkpoint to C:\Users\ASUS-TUF\.gemini\antigravity\scratch\SmartCity-AI-EarlyWarning-GNN\trained_models\gnn_model.pt...
2026-06-30 20:08:32,218 - train_gnn_cli - INFO - GNN Training Pipeline execution completed successfully.
2026-06-30 20:08:32,219 - main_pipeline - INFO - --- Phase 5: Running Evaluations and Writing Reports ---
2026-06-30 20:08:32,219 - evaluate_pipeline - INFO - Initializing Evaluation and Report Generation Pipeline...
2026-06-30 20:08:32,219 - evaluate_pipeline - INFO - Generating Accuracy & Classification Reports...
2026-06-30 20:08:32,316 - preprocessing_clean - INFO - [CICIoT2023] Removed 5 duplicate rows.
2026-06-30 20:08:32,324 - preprocessing_split - INFO - Splitting dataset: size=4995 rows, test_ratio=0.2.
2026-06-30 20:08:32,331 - preprocessing_split - INFO - Split complete. Train shape: (3996, 7), Test shape: (999, 7)
2026-06-30 20:08:32,349 - preprocessing_split - INFO - Splitting dataset: size=2000 rows, test_ratio=0.2.
2026-06-30 20:08:32,355 - preprocessing_split - INFO - Split complete. Train shape: (1600, 6), Test shape: (400, 6)
2026-06-30 20:08:32,489 - evaluate_pipeline - INFO - Accuracy report written to C:\Users\ASUS-TUF\.gemini\antigravity\scratch\SmartCity-AI-EarlyWarning-GNN\results\accuracy_report.txt
2026-06-30 20:08:32,520 - evaluate_pipeline - INFO - Classification report written to C:\Users\ASUS-TUF\.gemini\antigravity\scratch\SmartCity-AI-EarlyWarning-GNN\results\classification_report.txt
2026-06-30 20:08:33,040 - evaluate_pipeline - INFO - Confusion matrix plot saved to C:\Users\ASUS-TUF\.gemini\antigravity\scratch\SmartCity-AI-EarlyWarning-GNN\results\confusion_matrix.png
2026-06-30 20:08:33,042 - evaluate_pipeline - INFO - Generating SHAP Summary Plots...
2026-06-30 20:08:33,072 - preprocessing_clean - INFO - [CICIoT2023] Removed 5 duplicate rows.
2026-06-30 20:08:33,080 - preprocessing_split - INFO - Splitting dataset: size=4995 rows, test_ratio=0.2.
2026-06-30 20:08:33,085 - preprocessing_split - INFO - Split complete. Train shape: (3996, 7), Test shape: (999, 7)
2026-06-30 20:08:36,835 - evaluate_pipeline - INFO - SHAP summary plot saved to C:\Users\ASUS-TUF\.gemini\antigravity\scratch\SmartCity-AI-EarlyWarning-GNN\results\shap_summary.png
2026-06-30 20:08:36,839 - evaluate_pipeline - INFO - Generating GNN Propagation Network Visualizations...
2026-06-30 20:08:36,842 - gnn_graph_builder - INFO - Loaded graph with 100 nodes and 120 edges.
2026-06-30 20:08:36,873 - gnn_predict - INFO - GNN model loaded successfully.
2026-06-30 20:08:37,076 - evaluate_pipeline - INFO - Propagation graph plot saved to C:\Users\ASUS-TUF\.gemini\antigravity\scratch\SmartCity-AI-EarlyWarning-GNN\results\propagation_graph.png
2026-06-30 20:08:37,077 - evaluate_pipeline - INFO - Generating Service Impact spreadsheet report...
2026-06-30 20:08:37,081 - gnn_graph_builder - INFO - Loaded graph with 100 nodes and 120 edges.
2026-06-30 20:08:37,084 - gnn_predict - INFO - GNN model loaded successfully.
2026-06-30 20:08:37,088 - impact_assets - INFO - Loaded 100 assets from criticality file.
2026-06-30 20:08:37,097 - impact_score - INFO - Loaded 56 impact weight mappings.
2026-06-30 20:08:37,110 - evaluate_pipeline - INFO - Service impact spreadsheet saved to C:\Users\ASUS-TUF\.gemini\antigravity\scratch\SmartCity-AI-EarlyWarning-GNN\results\impact_report.csv
2026-06-30 20:08:37,111 - evaluate_pipeline - INFO - Generating optimal game-theoretic defense mitigation reports...
2026-06-30 20:08:37,126 - gnn_graph_builder - INFO - Loaded graph with 100 nodes and 120 edges.
2026-06-30 20:08:37,131 - gnn_predict - INFO - GNN model loaded successfully.
2026-06-30 20:08:37,133 - impact_assets - INFO - Loaded 100 assets from criticality file.
2026-06-30 20:08:37,137 - impact_assets - INFO - Loaded 100 assets from criticality file.
2026-06-30 20:08:37,144 - impact_score - INFO - Loaded 56 impact weight mappings.
2026-06-30 20:08:37,149 - optimal_defense - INFO - Baseline Loss (No Defense): Security Loss=23.52, SDC=0.00, Total Loss=11.76
2026-06-30 20:08:37,261 - evaluate_pipeline - INFO - Defense isolation report written to C:\Users\ASUS-TUF\.gemini\antigravity\scratch\SmartCity-AI-EarlyWarning-GNN\results\defense_mitigation_report.txt
2026-06-30 20:08:37,265 - optimal_defense - INFO - Baseline Loss (No Defense): Security Loss=23.52, SDC=0.00, Total Loss=0.00
2026-06-30 20:08:37,374 - optimal_defense - INFO - Baseline Loss (No Defense): Security Loss=23.52, SDC=0.00, Total Loss=2.35
2026-06-30 20:08:37,524 - optimal_defense - INFO - Baseline Loss (No Defense): Security Loss=23.52, SDC=0.00, Total Loss=4.70
2026-06-30 20:08:37,631 - optimal_defense - INFO - Baseline Loss (No Defense): Security Loss=23.52, SDC=0.00, Total Loss=7.06
2026-06-30 20:08:37,734 - optimal_defense - INFO - Baseline Loss (No Defense): Security Loss=23.52, SDC=0.00, Total Loss=9.41
2026-06-30 20:08:37,836 - optimal_defense - INFO - Baseline Loss (No Defense): Security Loss=23.52, SDC=0.00, Total Loss=11.76
2026-06-30 20:08:37,948 - optimal_defense - INFO - Baseline Loss (No Defense): Security Loss=23.52, SDC=0.00, Total Loss=14.11
2026-06-30 20:08:38,053 - optimal_defense - INFO - Baseline Loss (No Defense): Security Loss=23.52, SDC=0.00, Total Loss=16.46
2026-06-30 20:08:38,160 - optimal_defense - INFO - Baseline Loss (No Defense): Security Loss=23.52, SDC=0.00, Total Loss=18.82
2026-06-30 20:08:38,281 - optimal_defense - INFO - Baseline Loss (No Defense): Security Loss=23.52, SDC=0.00, Total Loss=21.17
2026-06-30 20:08:38,428 - optimal_defense - INFO - Baseline Loss (No Defense): Security Loss=23.52, SDC=0.00, Total Loss=23.52
2026-06-30 20:08:38,726 - evaluate_pipeline - INFO - Pareto frontier plot saved to C:\Users\ASUS-TUF\.gemini\antigravity\scratch\SmartCity-AI-EarlyWarning-GNN\results\pareto_frontier.png
2026-06-30 20:08:38,727 - evaluate_pipeline - INFO - Evaluation pipeline execution completed successfully. Reports stored in results/.
2026-06-30 20:08:38,727 - main_pipeline - INFO - =================================================================
2026-06-30 20:08:38,727 - main_pipeline - INFO -   PIPELINE EXECUTED SUCCESSFULLY                                
2026-06-30 20:08:38,727 - main_pipeline - INFO -   Trained Models Saved: trained_models/                         
2026-06-30 20:08:38,727 - main_pipeline - INFO -   Evaluation Reports Saved: results/                            
2026-06-30 20:08:38,728 - main_pipeline - INFO -   To launch the Dashboard:                                      
2026-06-30 20:08:38,728 - main_pipeline - INFO -      streamlit run dashboard/app.py                             
2026-06-30 20:08:38,728 - main_pipeline - INFO - =================================================================
2026-06-30 20:14:58,751 - gnn_graph_builder - INFO - Loaded graph with 100 nodes and 120 edges.
2026-06-30 20:14:58,899 - models_loader - INFO - Loaded XGBoost artifacts successfully.
2026-06-30 20:14:58,931 - models_loader - INFO - Loaded Random Forest artifacts successfully.
2026-06-30 20:14:58,973 - gnn_predict - INFO - GNN model loaded successfully.
2026-06-30 20:14:58,990 - impact_assets - INFO - Loaded 100 assets from criticality file.
2026-06-30 20:14:58,997 - impact_score - INFO - Loaded 56 impact weight mappings.
2026-06-30 20:14:58,999 - impact_assets - INFO - Loaded 100 assets from criticality file.
2026-06-30 20:14:59,155 - explainability_shap - INFO - SHAP TreeExplainer initialized for xgboost.
2026-06-30 20:14:59,161 - impact_assets - INFO - Loaded 100 assets from criticality file.
2026-06-30 20:14:59,164 - impact_assets - INFO - Loaded 100 assets from criticality file.
2026-06-30 20:14:59,168 - impact_score - INFO - Loaded 56 impact weight mappings.
2026-06-30 20:14:59,263 - early_warning_risk - INFO - Risk calculated for CCTV_1: score=0.60, level=LOW
2026-06-30 20:15:25,844 - early_warning_risk - INFO - Risk calculated for CCTV_1: score=59.96, level=MEDIUM
2026-06-30 20:15:25,845 - early_warning_alerts - INFO - Generated 4 alerts and response items.
2026-06-30 20:15:26,693 - optimal_defense - INFO - Baseline Loss (No Defense): Security Loss=23.99, SDC=0.00, Total Loss=11.99
2026-06-30 20:15:26,839 - optimal_defense - INFO - Baseline Loss (No Defense): Security Loss=23.99, SDC=0.00, Total Loss=0.00
2026-06-30 20:15:26,968 - optimal_defense - INFO - Baseline Loss (No Defense): Security Loss=23.99, SDC=0.00, Total Loss=2.40
2026-06-30 20:15:27,078 - optimal_defense - INFO - Baseline Loss (No Defense): Security Loss=23.99, SDC=0.00, Total Loss=4.80
2026-06-30 20:15:27,189 - optimal_defense - INFO - Baseline Loss (No Defense): Security Loss=23.99, SDC=0.00, Total Loss=7.20
2026-06-30 20:15:27,302 - optimal_defense - INFO - Baseline Loss (No Defense): Security Loss=23.99, SDC=0.00, Total Loss=9.60
2026-06-30 20:15:27,412 - optimal_defense - INFO - Baseline Loss (No Defense): Security Loss=23.99, SDC=0.00, Total Loss=11.99
2026-06-30 20:15:27,522 - optimal_defense - INFO - Baseline Loss (No Defense): Security Loss=23.99, SDC=0.00, Total Loss=14.39
2026-06-30 20:15:27,644 - optimal_defense - INFO - Baseline Loss (No Defense): Security Loss=23.99, SDC=0.00, Total Loss=16.79
2026-06-30 20:15:27,772 - optimal_defense - INFO - Baseline Loss (No Defense): Security Loss=23.99, SDC=0.00, Total Loss=19.19
2026-06-30 20:15:27,881 - optimal_defense - INFO - Baseline Loss (No Defense): Security Loss=23.99, SDC=0.00, Total Loss=21.59
2026-06-30 20:15:27,993 - optimal_defense - INFO - Baseline Loss (No Defense): Security Loss=23.99, SDC=0.00, Total Loss=23.99
2026-06-30 20:16:02,560 - early_warning_risk - INFO - Risk calculated for ParkingSensor_3: score=29.98, level=LOW
2026-06-30 20:16:02,560 - early_warning_alerts - INFO - Generated 4 alerts and response items.
2026-06-30 20:16:03,407 - optimal_defense - INFO - Baseline Loss (No Defense): Security Loss=2.25, SDC=0.00, Total Loss=1.12
2026-06-30 20:16:03,518 - optimal_defense - INFO - Baseline Loss (No Defense): Security Loss=2.25, SDC=0.00, Total Loss=0.00
2026-06-30 20:16:03,622 - optimal_defense - INFO - Baseline Loss (No Defense): Security Loss=2.25, SDC=0.00, Total Loss=0.23
2026-06-30 20:16:03,720 - optimal_defense - INFO - Baseline Loss (No Defense): Security Loss=2.25, SDC=0.00, Total Loss=0.45
2026-06-30 20:16:03,824 - optimal_defense - INFO - Baseline Loss (No Defense): Security Loss=2.25, SDC=0.00, Total Loss=0.68
2026-06-30 20:16:03,936 - optimal_defense - INFO - Baseline Loss (No Defense): Security Loss=2.25, SDC=0.00, Total Loss=0.90
2026-06-30 20:16:04,050 - optimal_defense - INFO - Baseline Loss (No Defense): Security Loss=2.25, SDC=0.00, Total Loss=1.12
2026-06-30 20:16:04,171 - optimal_defense - INFO - Baseline Loss (No Defense): Security Loss=2.25, SDC=0.00, Total Loss=1.35
2026-06-30 20:16:04,281 - optimal_defense - INFO - Baseline Loss (No Defense): Security Loss=2.25, SDC=0.00, Total Loss=1.57
2026-06-30 20:16:04,383 - optimal_defense - INFO - Baseline Loss (No Defense): Security Loss=2.25, SDC=0.00, Total Loss=1.80
2026-06-30 20:16:04,480 - optimal_defense - INFO - Baseline Loss (No Defense): Security Loss=2.25, SDC=0.00, Total Loss=2.02
2026-06-30 20:16:04,590 - optimal_defense - INFO - Baseline Loss (No Defense): Security Loss=2.25, SDC=0.00, Total Loss=2.25
2026-06-30 20:16:08,058 - early_warning_risk - INFO - Risk calculated for CCTV_6: score=59.96, level=MEDIUM
2026-06-30 20:16:08,059 - early_warning_alerts - INFO - Generated 4 alerts and response items.
2026-06-30 20:16:08,822 - optimal_defense - INFO - Baseline Loss (No Defense): Security Loss=23.99, SDC=0.00, Total Loss=11.99
2026-06-30 20:16:08,920 - optimal_defense - INFO - Baseline Loss (No Defense): Security Loss=23.99, SDC=0.00, Total Loss=0.00
2026-06-30 20:16:09,014 - optimal_defense - INFO - Baseline Loss (No Defense): Security Loss=23.99, SDC=0.00, Total Loss=2.40
2026-06-30 20:16:09,102 - optimal_defense - INFO - Baseline Loss (No Defense): Security Loss=23.99, SDC=0.00, Total Loss=4.80
2026-06-30 20:16:09,188 - optimal_defense - INFO - Baseline Loss (No Defense): Security Loss=23.99, SDC=0.00, Total Loss=7.20
2026-06-30 20:16:09,274 - optimal_defense - INFO - Baseline Loss (No Defense): Security Loss=23.99, SDC=0.00, Total Loss=9.60
2026-06-30 20:16:09,359 - optimal_defense - INFO - Baseline Loss (No Defense): Security Loss=23.99, SDC=0.00, Total Loss=11.99
2026-06-30 20:16:09,449 - optimal_defense - INFO - Baseline Loss (No Defense): Security Loss=23.99, SDC=0.00, Total Loss=14.39
2026-06-30 20:16:09,545 - optimal_defense - INFO - Baseline Loss (No Defense): Security Loss=23.99, SDC=0.00, Total Loss=16.79
2026-06-30 20:16:09,634 - optimal_defense - INFO - Baseline Loss (No Defense): Security Loss=23.99, SDC=0.00, Total Loss=19.19
2026-06-30 20:16:09,724 - optimal_defense - INFO - Baseline Loss (No Defense): Security Loss=23.99, SDC=0.00, Total Loss=21.59
2026-06-30 20:16:09,811 - optimal_defense - INFO - Baseline Loss (No Defense): Security Loss=23.99, SDC=0.00, Total Loss=23.99
2026-06-30 20:16:13,282 - early_warning_risk - INFO - Risk calculated for SmartMeter_2: score=0.40, level=LOW
2026-06-30 20:16:17,294 - early_warning_risk - INFO - Risk calculated for WaterSensor_3: score=69.89, level=HIGH
2026-06-30 20:16:17,295 - early_warning_alerts - INFO - Generated 7 alerts and response items.
2026-06-30 20:16:18,171 - optimal_defense - INFO - Baseline Loss (No Defense): Security Loss=12.23, SDC=0.00, Total Loss=6.11
2026-06-30 20:16:18,308 - optimal_defense - INFO - Baseline Loss (No Defense): Security Loss=12.23, SDC=0.00, Total Loss=0.00
2026-06-30 20:16:18,421 - optimal_defense - INFO - Baseline Loss (No Defense): Security Loss=12.23, SDC=0.00, Total Loss=1.22
2026-06-30 20:16:18,529 - optimal_defense - INFO - Baseline Loss (No Defense): Security Loss=12.23, SDC=0.00, Total Loss=2.45
2026-06-30 20:16:18,631 - optimal_defense - INFO - Baseline Loss (No Defense): Security Loss=12.23, SDC=0.00, Total Loss=3.67
2026-06-30 20:16:18,762 - optimal_defense - INFO - Baseline Loss (No Defense): Security Loss=12.23, SDC=0.00, Total Loss=4.89
2026-06-30 20:16:18,874 - optimal_defense - INFO - Baseline Loss (No Defense): Security Loss=12.23, SDC=0.00, Total Loss=6.11
2026-06-30 20:16:18,982 - optimal_defense - INFO - Baseline Loss (No Defense): Security Loss=12.23, SDC=0.00, Total Loss=7.34
2026-06-30 20:16:19,090 - optimal_defense - INFO - Baseline Loss (No Defense): Security Loss=12.23, SDC=0.00, Total Loss=8.56
2026-06-30 20:16:19,199 - optimal_defense - INFO - Baseline Loss (No Defense): Security Loss=12.23, SDC=0.00, Total Loss=9.78
2026-06-30 20:16:19,311 - optimal_defense - INFO - Baseline Loss (No Defense): Security Loss=12.23, SDC=0.00, Total Loss=11.01
2026-06-30 20:16:19,419 - optimal_defense - INFO - Baseline Loss (No Defense): Security Loss=12.23, SDC=0.00, Total Loss=12.23
2026-06-30 21:20:30,138 - gnn_graph_builder - INFO - Loaded graph with 100 nodes and 120 edges.
2026-06-30 21:20:30,287 - models_loader - INFO - Loaded XGBoost artifacts successfully.
2026-06-30 21:20:30,321 - models_loader - INFO - Loaded Random Forest artifacts successfully.
2026-06-30 21:20:30,367 - gnn_predict - INFO - GNN model loaded successfully.
2026-06-30 21:20:30,385 - impact_assets - INFO - Loaded 100 assets from criticality file.
2026-06-30 21:20:30,392 - impact_score - INFO - Loaded 56 impact weight mappings.
2026-06-30 21:20:30,397 - impact_assets - INFO - Loaded 100 assets from criticality file.
2026-06-30 21:20:30,572 - explainability_shap - INFO - SHAP TreeExplainer initialized for xgboost.
2026-06-30 21:20:30,658 - early_warning_risk - INFO - Risk calculated for CCTV_19: score=59.96, level=MEDIUM
2026-06-30 21:20:30,658 - early_warning_alerts - INFO - Generated 4 alerts and response items.
2026-06-30 21:20:30,659 - acrs_engine - INFO - Initiating ACRS Assessment for seed node: CCTV_19, attack: DDoS
2026-06-30 21:20:30,694 - graph_resilience_index - INFO - Successfully calculated GRI for 100 nodes.
2026-06-30 21:20:35,638 - early_warning_risk - INFO - Risk calculated for StreetLight_5: score=19.98, level=LOW
2026-06-30 21:20:35,639 - early_warning_alerts - INFO - Generated 4 alerts and response items.
2026-06-30 21:20:35,640 - acrs_engine - INFO - Initiating ACRS Assessment for seed node: StreetLight_5, attack: Spoofing
2026-06-30 21:20:35,673 - graph_resilience_index - INFO - Successfully calculated GRI for 100 nodes.
2026-06-30 21:20:40,299 - early_warning_risk - INFO - Risk calculated for TrafficLight_25: score=79.95, level=HIGH
2026-06-30 21:20:40,299 - early_warning_alerts - INFO - Generated 7 alerts and response items.
2026-06-30 21:20:40,301 - acrs_engine - INFO - Initiating ACRS Assessment for seed node: TrafficLight_25, attack: DDoS
2026-06-30 21:20:40,342 - graph_resilience_index - INFO - Successfully calculated GRI for 100 nodes.
2026-06-30 21:20:45,310 - early_warning_risk - INFO - Risk calculated for TrafficLight_27: score=79.94, level=HIGH
2026-06-30 21:20:45,311 - early_warning_alerts - INFO - Generated 7 alerts and response items.
2026-06-30 21:20:45,311 - acrs_engine - INFO - Initiating ACRS Assessment for seed node: TrafficLight_27, attack: Spoofing
2026-06-30 21:20:45,344 - graph_resilience_index - INFO - Successfully calculated GRI for 100 nodes.
2026-06-30 21:20:49,001 - early_warning_risk - INFO - Risk calculated for CCTV_1: score=0.60, level=LOW
2026-06-30 21:20:50,696 - early_warning_risk - INFO - Risk calculated for CCTV_18: score=59.96, level=MEDIUM
2026-06-30 21:20:50,698 - early_warning_alerts - INFO - Generated 4 alerts and response items.
2026-06-30 21:20:50,699 - acrs_engine - INFO - Initiating ACRS Assessment for seed node: CCTV_18, attack: Brute Force
2026-06-30 21:20:50,754 - graph_resilience_index - INFO - Successfully calculated GRI for 100 nodes.
2026-06-30 21:20:56,500 - early_warning_risk - INFO - Risk calculated for ParkingSensor_5: score=29.98, level=LOW
2026-06-30 21:20:56,501 - early_warning_alerts - INFO - Generated 4 alerts and response items.
2026-06-30 21:20:56,501 - acrs_engine - INFO - Initiating ACRS Assessment for seed node: ParkingSensor_5, attack: DDoS
2026-06-30 21:20:56,532 - graph_resilience_index - INFO - Successfully calculated GRI for 100 nodes.
2026-06-30 21:21:01,057 - early_warning_risk - INFO - Risk calculated for SmartMeter_1: score=39.94, level=MEDIUM
2026-06-30 21:21:01,058 - early_warning_alerts - INFO - Generated 4 alerts and response items.
2026-06-30 21:21:01,058 - acrs_engine - INFO - Initiating ACRS Assessment for seed node: SmartMeter_1, attack: Reconnaissance
2026-06-30 21:21:01,089 - graph_resilience_index - INFO - Successfully calculated GRI for 100 nodes.
2026-06-30 21:21:05,617 - early_warning_risk - INFO - Risk calculated for CCTV_11: score=59.96, level=MEDIUM
2026-06-30 21:21:05,617 - early_warning_alerts - INFO - Generated 4 alerts and response items.
2026-06-30 21:21:05,617 - acrs_engine - INFO - Initiating ACRS Assessment for seed node: CCTV_11, attack: Brute Force
2026-06-30 21:21:05,651 - graph_resilience_index - INFO - Successfully calculated GRI for 100 nodes.
2026-06-30 21:21:10,217 - early_warning_risk - INFO - Risk calculated for SmartMeter_6: score=39.94, level=MEDIUM
2026-06-30 21:21:10,218 - early_warning_alerts - INFO - Generated 4 alerts and response items.
2026-06-30 21:21:10,218 - acrs_engine - INFO - Initiating ACRS Assessment for seed node: SmartMeter_6, attack: Reconnaissance
2026-06-30 21:21:10,250 - graph_resilience_index - INFO - Successfully calculated GRI for 100 nodes.
2026-06-30 21:21:10,718 - early_warning_risk - INFO - Risk calculated for CCTV_1: score=59.89, level=MEDIUM
2026-06-30 21:21:10,719 - early_warning_alerts - INFO - Generated 4 alerts and response items.
2026-06-30 21:21:10,719 - acrs_engine - INFO - Initiating ACRS Assessment for seed node: CCTV_1, attack: Botnet
2026-06-30 21:21:10,750 - graph_resilience_index - INFO - Successfully calculated GRI for 100 nodes.
2026-06-30 21:21:15,703 - early_warning_risk - INFO - Risk calculated for CCTV_3: score=0.60, level=LOW
2026-06-30 21:21:19,946 - early_warning_risk - INFO - Risk calculated for CCTV_25: score=0.60, level=LOW
2026-06-30 21:21:24,110 - early_warning_risk - INFO - Risk calculated for CCTV_16: score=59.96, level=MEDIUM
2026-06-30 21:21:24,111 - early_warning_alerts - INFO - Generated 4 alerts and response items.
2026-06-30 21:21:24,111 - acrs_engine - INFO - Initiating ACRS Assessment for seed node: CCTV_16, attack: DDoS
2026-06-30 21:21:24,142 - graph_resilience_index - INFO - Successfully calculated GRI for 100 nodes.
2026-06-30 21:21:28,780 - early_warning_risk - INFO - Risk calculated for TrafficLight_30: score=79.94, level=HIGH
2026-06-30 21:21:28,781 - early_warning_alerts - INFO - Generated 7 alerts and response items.
2026-06-30 21:21:28,781 - acrs_engine - INFO - Initiating ACRS Assessment for seed node: TrafficLight_30, attack: Spoofing
2026-06-30 21:21:28,812 - graph_resilience_index - INFO - Successfully calculated GRI for 100 nodes.
2026-06-30 21:21:33,344 - early_warning_risk - INFO - Risk calculated for CCTV_14: score=59.95, level=MEDIUM
2026-06-30 21:21:33,345 - early_warning_alerts - INFO - Generated 4 alerts and response items.
2026-06-30 21:21:33,345 - acrs_engine - INFO - Initiating ACRS Assessment for seed node: CCTV_14, attack: Spoofing
2026-06-30 21:21:33,376 - graph_resilience_index - INFO - Successfully calculated GRI for 100 nodes.
2026-06-30 21:21:38,267 - early_warning_risk - INFO - Risk calculated for TrafficLight_1: score=79.95, level=HIGH
2026-06-30 21:21:38,268 - early_warning_alerts - INFO - Generated 7 alerts and response items.
2026-06-30 21:21:38,268 - acrs_engine - INFO - Initiating ACRS Assessment for seed node: TrafficLight_1, attack: Brute Force
2026-06-30 21:21:38,304 - graph_resilience_index - INFO - Successfully calculated GRI for 100 nodes.
2026-06-30 21:21:40,670 - early_warning_risk - INFO - Risk calculated for CCTV_15: score=59.89, level=MEDIUM
2026-06-30 21:21:40,671 - early_warning_alerts - INFO - Generated 4 alerts and response items.
2026-06-30 21:21:40,671 - acrs_engine - INFO - Initiating ACRS Assessment for seed node: CCTV_15, attack: Botnet
2026-06-30 21:21:40,706 - graph_resilience_index - INFO - Successfully calculated GRI for 100 nodes.
2026-06-30 21:21:42,898 - early_warning_risk - INFO - Risk calculated for ParkingSensor_1: score=29.95, level=LOW
2026-06-30 21:21:42,899 - early_warning_alerts - INFO - Generated 4 alerts and response items.
2026-06-30 21:21:42,899 - acrs_engine - INFO - Initiating ACRS Assessment for seed node: ParkingSensor_1, attack: Reconnaissance
2026-06-30 21:21:42,929 - graph_resilience_index - INFO - Successfully calculated GRI for 100 nodes.
2026-06-30 21:21:47,598 - early_warning_risk - INFO - Risk calculated for TrafficLight_14: score=79.88, level=HIGH
2026-06-30 21:21:47,599 - early_warning_alerts - INFO - Generated 7 alerts and response items.
2026-06-30 21:21:47,599 - acrs_engine - INFO - Initiating ACRS Assessment for seed node: TrafficLight_14, attack: Reconnaissance
2026-06-30 21:21:47,632 - graph_resilience_index - INFO - Successfully calculated GRI for 100 nodes.
2026-06-30 21:21:52,412 - early_warning_risk - INFO - Risk calculated for CCTV_26: score=59.96, level=MEDIUM
2026-06-30 21:21:52,412 - early_warning_alerts - INFO - Generated 4 alerts and response items.
2026-06-30 21:21:52,412 - acrs_engine - INFO - Initiating ACRS Assessment for seed node: CCTV_26, attack: DDoS
2026-06-30 21:21:52,444 - graph_resilience_index - INFO - Successfully calculated GRI for 100 nodes.
2026-06-30 21:21:56,963 - early_warning_risk - INFO - Risk calculated for TrafficLight_5: score=79.95, level=HIGH
2026-06-30 21:21:56,964 - early_warning_alerts - INFO - Generated 7 alerts and response items.
2026-06-30 21:21:56,964 - acrs_engine - INFO - Initiating ACRS Assessment for seed node: TrafficLight_5, attack: Brute Force
2026-06-30 21:21:56,996 - graph_resilience_index - INFO - Successfully calculated GRI for 100 nodes.
2026-06-30 21:22:01,608 - early_warning_risk - INFO - Risk calculated for CCTV_23: score=59.96, level=MEDIUM
2026-06-30 21:22:01,608 - early_warning_alerts - INFO - Generated 4 alerts and response items.
2026-06-30 21:22:01,608 - acrs_engine - INFO - Initiating ACRS Assessment for seed node: CCTV_23, attack: DDoS
2026-06-30 21:22:01,641 - graph_resilience_index - INFO - Successfully calculated GRI for 100 nodes.
2026-06-30 21:22:06,198 - early_warning_risk - INFO - Risk calculated for CCTV_8: score=0.60, level=LOW
2026-06-30 21:22:10,452 - early_warning_risk - INFO - Risk calculated for TrafficLight_16: score=79.95, level=HIGH
2026-06-30 21:22:10,453 - early_warning_alerts - INFO - Generated 7 alerts and response items.
2026-06-30 21:22:10,453 - acrs_engine - INFO - Initiating ACRS Assessment for seed node: TrafficLight_16, attack: Brute Force
2026-06-30 21:22:10,486 - graph_resilience_index - INFO - Successfully calculated GRI for 100 nodes.
2026-06-30 21:22:15,171 - early_warning_risk - INFO - Risk calculated for SmartMeter_7: score=39.98, level=MEDIUM
2026-06-30 21:22:15,172 - early_warning_alerts - INFO - Generated 4 alerts and response items.
2026-06-30 21:22:15,172 - acrs_engine - INFO - Initiating ACRS Assessment for seed node: SmartMeter_7, attack: DDoS
2026-06-30 21:22:15,204 - graph_resilience_index - INFO - Successfully calculated GRI for 100 nodes.
2026-06-30 21:22:19,701 - early_warning_risk - INFO - Risk calculated for WaterSensor_1: score=0.70, level=LOW
2026-06-30 21:22:24,135 - early_warning_risk - INFO - Risk calculated for ParkingSensor_5: score=29.98, level=LOW
2026-06-30 21:22:24,136 - early_warning_alerts - INFO - Generated 4 alerts and response items.
2026-06-30 21:22:24,136 - acrs_engine - INFO - Initiating ACRS Assessment for seed node: ParkingSensor_5, attack: DDoS
2026-06-30 21:22:24,167 - graph_resilience_index - INFO - Successfully calculated GRI for 100 nodes.
2026-06-30 21:22:28,692 - early_warning_risk - INFO - Risk calculated for TrafficLight_10: score=79.88, level=HIGH
2026-06-30 21:22:28,692 - early_warning_alerts - INFO - Generated 7 alerts and response items.
2026-06-30 21:22:28,692 - acrs_engine - INFO - Initiating ACRS Assessment for seed node: TrafficLight_10, attack: Reconnaissance
2026-06-30 21:22:28,726 - graph_resilience_index - INFO - Successfully calculated GRI for 100 nodes.
2026-06-30 21:22:31,249 - early_warning_risk - INFO - Risk calculated for CCTV_22: score=59.96, level=MEDIUM
2026-06-30 21:22:31,250 - early_warning_alerts - INFO - Generated 4 alerts and response items.
2026-06-30 21:22:31,250 - acrs_engine - INFO - Initiating ACRS Assessment for seed node: CCTV_22, attack: Brute Force
2026-06-30 21:22:31,286 - graph_resilience_index - INFO - Successfully calculated GRI for 100 nodes.
2026-06-30 21:22:33,708 - early_warning_risk - INFO - Risk calculated for TrafficLight_27: score=79.86, level=HIGH
2026-06-30 21:22:33,708 - early_warning_alerts - INFO - Generated 7 alerts and response items.
2026-06-30 21:22:33,708 - acrs_engine - INFO - Initiating ACRS Assessment for seed node: TrafficLight_27, attack: Botnet
2026-06-30 21:22:33,740 - graph_resilience_index - INFO - Successfully calculated GRI for 100 nodes.
2026-06-30 21:22:36,062 - early_warning_risk - INFO - Risk calculated for TrafficLight_23: score=79.86, level=HIGH
2026-06-30 21:22:36,063 - early_warning_alerts - INFO - Generated 7 alerts and response items.
2026-06-30 21:22:36,063 - acrs_engine - INFO - Initiating ACRS Assessment for seed node: TrafficLight_23, attack: Botnet
2026-06-30 21:22:36,094 - graph_resilience_index - INFO - Successfully calculated GRI for 100 nodes.
2026-06-30 21:22:38,359 - early_warning_risk - INFO - Risk calculated for CCTV_1: score=59.95, level=MEDIUM
2026-06-30 21:22:38,359 - early_warning_alerts - INFO - Generated 4 alerts and response items.
2026-06-30 21:22:38,359 - acrs_engine - INFO - Initiating ACRS Assessment for seed node: CCTV_1, attack: Spoofing
2026-06-30 21:22:38,391 - graph_resilience_index - INFO - Successfully calculated GRI for 100 nodes.
2026-06-30 21:22:40,813 - early_warning_risk - INFO - Risk calculated for CCTV_6: score=59.95, level=MEDIUM
2026-06-30 21:22:40,814 - early_warning_alerts - INFO - Generated 4 alerts and response items.
2026-06-30 21:22:40,814 - acrs_engine - INFO - Initiating ACRS Assessment for seed node: CCTV_6, attack: Spoofing
2026-06-30 21:22:40,845 - graph_resilience_index - INFO - Successfully calculated GRI for 100 nodes.
2026-06-30 21:22:43,188 - early_warning_risk - INFO - Risk calculated for ParkingSensor_10: score=0.30, level=LOW
2026-06-30 21:22:45,737 - early_warning_risk - INFO - Risk calculated for TrafficLight_28: score=79.88, level=HIGH
2026-06-30 21:22:45,737 - early_warning_alerts - INFO - Generated 7 alerts and response items.
2026-06-30 21:22:45,738 - acrs_engine - INFO - Initiating ACRS Assessment for seed node: TrafficLight_28, attack: Reconnaissance
2026-06-30 21:22:45,768 - graph_resilience_index - INFO - Successfully calculated GRI for 100 nodes.
2026-06-30 21:22:47,671 - early_warning_risk - INFO - Risk calculated for TrafficLight_6: score=79.86, level=HIGH
2026-06-30 21:22:47,672 - early_warning_alerts - INFO - Generated 7 alerts and response items.
2026-06-30 21:22:47,672 - acrs_engine - INFO - Initiating ACRS Assessment for seed node: TrafficLight_6, attack: Botnet
2026-06-30 21:22:47,705 - graph_resilience_index - INFO - Successfully calculated GRI for 100 nodes.
2026-06-30 21:22:50,567 - early_warning_risk - INFO - Risk calculated for SmartMeter_4: score=39.93, level=MEDIUM
2026-06-30 21:22:50,568 - early_warning_alerts - INFO - Generated 4 alerts and response items.
2026-06-30 21:22:50,568 - acrs_engine - INFO - Initiating ACRS Assessment for seed node: SmartMeter_4, attack: Botnet
2026-06-30 21:22:50,598 - graph_resilience_index - INFO - Successfully calculated GRI for 100 nodes.
2026-06-30 21:22:52,553 - early_warning_risk - INFO - Risk calculated for CCTV_20: score=59.96, level=MEDIUM
2026-06-30 21:22:52,554 - early_warning_alerts - INFO - Generated 4 alerts and response items.
2026-06-30 21:22:52,554 - acrs_engine - INFO - Initiating ACRS Assessment for seed node: CCTV_20, attack: Brute Force
2026-06-30 21:22:52,587 - graph_resilience_index - INFO - Successfully calculated GRI for 100 nodes.
2026-06-30 21:22:55,400 - early_warning_risk - INFO - Risk calculated for CCTV_13: score=59.91, level=MEDIUM
2026-06-30 21:22:55,401 - early_warning_alerts - INFO - Generated 4 alerts and response items.
2026-06-30 21:22:55,401 - acrs_engine - INFO - Initiating ACRS Assessment for seed node: CCTV_13, attack: Reconnaissance
2026-06-30 21:22:55,430 - graph_resilience_index - INFO - Successfully calculated GRI for 100 nodes.
2026-06-30 21:22:57,440 - early_warning_risk - INFO - Risk calculated for Gateway_3: score=89.93, level=CRITICAL
2026-06-30 21:22:57,441 - early_warning_alerts - INFO - Generated 7 alerts and response items.
2026-06-30 21:22:57,441 - acrs_engine - INFO - Initiating ACRS Assessment for seed node: Gateway_3, attack: Spoofing
2026-06-30 21:22:57,473 - graph_resilience_index - INFO - Successfully calculated GRI for 100 nodes.
2026-06-30 21:23:00,220 - early_warning_risk - INFO - Risk calculated for TrafficLight_7: score=79.95, level=HIGH
2026-06-30 21:23:00,220 - early_warning_alerts - INFO - Generated 7 alerts and response items.
2026-06-30 21:23:00,220 - acrs_engine - INFO - Initiating ACRS Assessment for seed node: TrafficLight_7, attack: Brute Force
2026-06-30 21:23:00,250 - graph_resilience_index - INFO - Successfully calculated GRI for 100 nodes.
2026-06-30 21:23:02,559 - early_warning_risk - INFO - Risk calculated for TrafficLight_16: score=79.88, level=HIGH
2026-06-30 21:23:02,560 - early_warning_alerts - INFO - Generated 7 alerts and response items.
2026-06-30 21:23:02,561 - acrs_engine - INFO - Initiating ACRS Assessment for seed node: TrafficLight_16, attack: Reconnaissance
2026-06-30 21:23:02,641 - graph_resilience_index - INFO - Successfully calculated GRI for 100 nodes.
2026-06-30 21:23:06,598 - early_warning_risk - INFO - Risk calculated for TrafficLight_30: score=79.86, level=HIGH
2026-06-30 21:23:06,598 - early_warning_alerts - INFO - Generated 7 alerts and response items.
2026-06-30 21:23:06,598 - acrs_engine - INFO - Initiating ACRS Assessment for seed node: TrafficLight_30, attack: Botnet
2026-06-30 21:23:06,636 - graph_resilience_index - INFO - Successfully calculated GRI for 100 nodes.
2026-06-30 21:23:08,725 - early_warning_risk - INFO - Risk calculated for CCTV_18: score=59.96, level=MEDIUM
2026-06-30 21:23:08,726 - early_warning_alerts - INFO - Generated 4 alerts and response items.
2026-06-30 21:23:08,726 - acrs_engine - INFO - Initiating ACRS Assessment for seed node: CCTV_18, attack: DDoS
2026-06-30 21:23:08,767 - graph_resilience_index - INFO - Successfully calculated GRI for 100 nodes.
2026-06-30 21:23:13,130 - early_warning_risk - INFO - Risk calculated for CCTV_13: score=0.60, level=LOW
2026-06-30 21:23:14,795 - early_warning_risk - INFO - Risk calculated for ParkingSensor_8: score=29.98, level=LOW
2026-06-30 21:23:14,796 - early_warning_alerts - INFO - Generated 4 alerts and response items.
2026-06-30 21:23:14,796 - acrs_engine - INFO - Initiating ACRS Assessment for seed node: ParkingSensor_8, attack: Spoofing
2026-06-30 21:23:14,829 - graph_resilience_index - INFO - Successfully calculated GRI for 100 nodes.
2026-06-30 21:23:17,668 - early_warning_risk - INFO - Risk calculated for CCTV_1: score=0.60, level=LOW
2026-06-30 21:23:19,837 - early_warning_risk - INFO - Risk calculated for TrafficLight_30: score=79.94, level=HIGH
2026-06-30 21:23:19,838 - early_warning_alerts - INFO - Generated 7 alerts and response items.
2026-06-30 21:23:19,838 - acrs_engine - INFO - Initiating ACRS Assessment for seed node: TrafficLight_30, attack: Spoofing
2026-06-30 21:23:19,870 - graph_resilience_index - INFO - Successfully calculated GRI for 100 nodes.
2026-06-30 21:23:22,203 - early_warning_risk - INFO - Risk calculated for Gateway_1: score=0.90, level=LOW
2026-06-30 21:23:24,776 - early_warning_risk - INFO - Risk calculated for ParkingSensor_1: score=29.98, level=LOW
2026-06-30 21:23:24,776 - early_warning_alerts - INFO - Generated 4 alerts and response items.
2026-06-30 21:23:24,776 - acrs_engine - INFO - Initiating ACRS Assessment for seed node: ParkingSensor_1, attack: Spoofing
2026-06-30 21:23:24,810 - graph_resilience_index - INFO - Successfully calculated GRI for 100 nodes.
2026-06-30 21:23:26,855 - early_warning_risk - INFO - Risk calculated for CCTV_27: score=59.96, level=MEDIUM
2026-06-30 21:23:26,856 - early_warning_alerts - INFO - Generated 4 alerts and response items.
2026-06-30 21:23:26,856 - acrs_engine - INFO - Initiating ACRS Assessment for seed node: CCTV_27, attack: Brute Force
2026-06-30 21:23:26,886 - graph_resilience_index - INFO - Successfully calculated GRI for 100 nodes.
2026-06-30 21:23:29,645 - early_warning_risk - INFO - Risk calculated for ParkingSensor_4: score=29.98, level=LOW
2026-06-30 21:23:29,645 - early_warning_alerts - INFO - Generated 4 alerts and response items.
2026-06-30 21:23:29,645 - acrs_engine - INFO - Initiating ACRS Assessment for seed node: ParkingSensor_4, attack: Brute Force
2026-06-30 21:23:29,680 - graph_resilience_index - INFO - Successfully calculated GRI for 100 nodes.
2026-06-30 21:23:31,715 - early_warning_risk - INFO - Risk calculated for TrafficLight_21: score=79.88, level=HIGH
2026-06-30 21:23:31,716 - early_warning_alerts - INFO - Generated 7 alerts and response items.
2026-06-30 21:23:31,716 - acrs_engine - INFO - Initiating ACRS Assessment for seed node: TrafficLight_21, attack: Reconnaissance
2026-06-30 21:23:31,751 - graph_resilience_index - INFO - Successfully calculated GRI for 100 nodes.
2026-06-30 21:23:34,495 - early_warning_risk - INFO - Risk calculated for TrafficLight_5: score=79.94, level=HIGH
2026-06-30 21:23:34,496 - early_warning_alerts - INFO - Generated 7 alerts and response items.
2026-06-30 21:23:34,496 - acrs_engine - INFO - Initiating ACRS Assessment for seed node: TrafficLight_5, attack: Spoofing
2026-06-30 21:23:34,529 - graph_resilience_index - INFO - Successfully calculated GRI for 100 nodes.
2026-06-30 21:23:36,790 - early_warning_risk - INFO - Risk calculated for SmartMeter_10: score=39.97, level=MEDIUM
2026-06-30 21:23:36,790 - early_warning_alerts - INFO - Generated 4 alerts and response items.
2026-06-30 21:23:36,790 - acrs_engine - INFO - Initiating ACRS Assessment for seed node: SmartMeter_10, attack: Brute Force
2026-06-30 21:23:36,822 - graph_resilience_index - INFO - Successfully calculated GRI for 100 nodes.
2026-06-30 21:23:39,219 - early_warning_risk - INFO - Risk calculated for CCTV_11: score=59.96, level=MEDIUM
2026-06-30 21:23:39,219 - early_warning_alerts - INFO - Generated 4 alerts and response items.
2026-06-30 21:23:39,220 - acrs_engine - INFO - Initiating ACRS Assessment for seed node: CCTV_11, attack: Brute Force
2026-06-30 21:23:39,253 - graph_resilience_index - INFO - Successfully calculated GRI for 100 nodes.
2026-06-30 21:23:41,531 - early_warning_risk - INFO - Risk calculated for CCTV_30: score=0.60, level=LOW
2026-06-30 21:23:43,929 - early_warning_risk - INFO - Risk calculated for CCTV_24: score=59.96, level=MEDIUM
2026-06-30 21:23:43,930 - early_warning_alerts - INFO - Generated 4 alerts and response items.
2026-06-30 21:23:43,931 - acrs_engine - INFO - Initiating ACRS Assessment for seed node: CCTV_24, attack: Brute Force
2026-06-30 21:23:43,963 - graph_resilience_index - INFO - Successfully calculated GRI for 100 nodes.
2026-06-30 21:23:45,844 - early_warning_risk - INFO - Risk calculated for CCTV_25: score=59.91, level=MEDIUM
2026-06-30 21:23:45,845 - early_warning_alerts - INFO - Generated 4 alerts and response items.
2026-06-30 21:23:45,845 - acrs_engine - INFO - Initiating ACRS Assessment for seed node: CCTV_25, attack: Reconnaissance
2026-06-30 21:23:45,876 - graph_resilience_index - INFO - Successfully calculated GRI for 100 nodes.
2026-06-30 21:23:48,510 - early_warning_risk - INFO - Risk calculated for CCTV_29: score=59.96, level=MEDIUM
2026-06-30 21:23:48,511 - early_warning_alerts - INFO - Generated 4 alerts and response items.
2026-06-30 21:23:48,511 - acrs_engine - INFO - Initiating ACRS Assessment for seed node: CCTV_29, attack: Brute Force
2026-06-30 21:23:48,543 - graph_resilience_index - INFO - Successfully calculated GRI for 100 nodes.
2026-06-30 21:23:50,585 - early_warning_risk - INFO - Risk calculated for SmartMeter_1: score=39.93, level=MEDIUM
2026-06-30 21:23:50,585 - early_warning_alerts - INFO - Generated 4 alerts and response items.
2026-06-30 21:23:50,585 - acrs_engine - INFO - Initiating ACRS Assessment for seed node: SmartMeter_1, attack: Botnet
2026-06-30 21:23:50,614 - graph_resilience_index - INFO - Successfully calculated GRI for 100 nodes.
2026-06-30 21:23:53,096 - early_warning_risk - INFO - Risk calculated for TrafficLight_14: score=79.94, level=HIGH
2026-06-30 21:23:53,097 - early_warning_alerts - INFO - Generated 7 alerts and response items.
2026-06-30 21:23:53,098 - acrs_engine - INFO - Initiating ACRS Assessment for seed node: TrafficLight_14, attack: Spoofing
2026-06-30 21:23:53,129 - graph_resilience_index - INFO - Successfully calculated GRI for 100 nodes.
2026-06-30 21:23:55,228 - early_warning_risk - INFO - Risk calculated for ParkingSensor_7: score=29.98, level=LOW
2026-06-30 21:23:55,229 - early_warning_alerts - INFO - Generated 4 alerts and response items.
2026-06-30 21:23:55,229 - acrs_engine - INFO - Initiating ACRS Assessment for seed node: ParkingSensor_7, attack: DDoS
2026-06-30 21:23:55,258 - graph_resilience_index - INFO - Successfully calculated GRI for 100 nodes.
2026-06-30 21:23:57,693 - early_warning_risk - INFO - Risk calculated for TrafficLight_26: score=79.86, level=HIGH
2026-06-30 21:23:57,694 - early_warning_alerts - INFO - Generated 7 alerts and response items.
2026-06-30 21:23:57,694 - acrs_engine - INFO - Initiating ACRS Assessment for seed node: TrafficLight_26, attack: Botnet
2026-06-30 21:23:57,725 - graph_resilience_index - INFO - Successfully calculated GRI for 100 nodes.
2026-06-30 21:23:59,944 - early_warning_risk - INFO - Risk calculated for StreetLight_1: score=0.20, level=LOW
2026-06-30 21:24:02,369 - early_warning_risk - INFO - Risk calculated for TrafficLight_14: score=79.88, level=HIGH
2026-06-30 21:24:02,370 - early_warning_alerts - INFO - Generated 7 alerts and response items.
2026-06-30 21:24:02,370 - acrs_engine - INFO - Initiating ACRS Assessment for seed node: TrafficLight_14, attack: Reconnaissance
2026-06-30 21:24:02,402 - graph_resilience_index - INFO - Successfully calculated GRI for 100 nodes.
2026-06-30 21:24:04,432 - early_warning_risk - INFO - Risk calculated for ParkingSensor_6: score=29.98, level=LOW
2026-06-30 21:24:04,432 - early_warning_alerts - INFO - Generated 4 alerts and response items.
2026-06-30 21:24:04,432 - acrs_engine - INFO - Initiating ACRS Assessment for seed node: ParkingSensor_6, attack: Spoofing
2026-06-30 21:24:04,462 - graph_resilience_index - INFO - Successfully calculated GRI for 100 nodes.
2026-06-30 21:24:07,030 - early_warning_risk - INFO - Risk calculated for ParkingSensor_15: score=29.95, level=LOW
2026-06-30 21:24:07,031 - early_warning_alerts - INFO - Generated 4 alerts and response items.
2026-06-30 21:24:07,031 - acrs_engine - INFO - Initiating ACRS Assessment for seed node: ParkingSensor_15, attack: Botnet
2026-06-30 21:24:07,066 - graph_resilience_index - INFO - Successfully calculated GRI for 100 nodes.
2026-06-30 21:24:08,978 - early_warning_risk - INFO - Risk calculated for TrafficLight_2: score=79.86, level=HIGH
2026-06-30 21:24:08,979 - early_warning_alerts - INFO - Generated 7 alerts and response items.
2026-06-30 21:24:08,979 - acrs_engine - INFO - Initiating ACRS Assessment for seed node: TrafficLight_2, attack: Botnet
2026-06-30 21:24:09,009 - graph_resilience_index - INFO - Successfully calculated GRI for 100 nodes.
2026-06-30 21:24:11,665 - early_warning_risk - INFO - Risk calculated for CCTV_28: score=59.89, level=MEDIUM
2026-06-30 21:24:11,666 - early_warning_alerts - INFO - Generated 4 alerts and response items.
2026-06-30 21:24:11,667 - acrs_engine - INFO - Initiating ACRS Assessment for seed node: CCTV_28, attack: Botnet
2026-06-30 21:24:11,699 - graph_resilience_index - INFO - Successfully calculated GRI for 100 nodes.
2026-06-30 21:24:13,616 - early_warning_risk - INFO - Risk calculated for CCTV_27: score=59.96, level=MEDIUM
2026-06-30 21:24:13,617 - early_warning_alerts - INFO - Generated 4 alerts and response items.
2026-06-30 21:24:13,617 - acrs_engine - INFO - Initiating ACRS Assessment for seed node: CCTV_27, attack: DDoS
2026-06-30 21:24:13,647 - graph_resilience_index - INFO - Successfully calculated GRI for 100 nodes.
2026-06-30 21:24:16,274 - early_warning_risk - INFO - Risk calculated for TrafficLight_17: score=79.95, level=HIGH
2026-06-30 21:24:16,274 - early_warning_alerts - INFO - Generated 7 alerts and response items.
2026-06-30 21:24:16,274 - acrs_engine - INFO - Initiating ACRS Assessment for seed node: TrafficLight_17, attack: Brute Force
2026-06-30 21:24:16,307 - graph_resilience_index - INFO - Successfully calculated GRI for 100 nodes.
2026-06-30 21:24:18,220 - early_warning_risk - INFO - Risk calculated for SmartMeter_5: score=39.97, level=MEDIUM
2026-06-30 21:24:18,221 - early_warning_alerts - INFO - Generated 4 alerts and response items.
2026-06-30 21:24:18,221 - acrs_engine - INFO - Initiating ACRS Assessment for seed node: SmartMeter_5, attack: Spoofing
2026-06-30 21:24:18,251 - graph_resilience_index - INFO - Successfully calculated GRI for 100 nodes.
2026-06-30 21:24:20,897 - early_warning_risk - INFO - Risk calculated for CCTV_7: score=59.91, level=MEDIUM
2026-06-30 21:24:20,898 - early_warning_alerts - INFO - Generated 4 alerts and response items.
2026-06-30 21:24:20,898 - acrs_engine - INFO - Initiating ACRS Assessment for seed node: CCTV_7, attack: Reconnaissance
2026-06-30 21:24:20,929 - graph_resilience_index - INFO - Successfully calculated GRI for 100 nodes.
2026-06-30 21:24:22,874 - early_warning_risk - INFO - Risk calculated for CCTV_20: score=59.89, level=MEDIUM
2026-06-30 21:24:22,874 - early_warning_alerts - INFO - Generated 4 alerts and response items.
2026-06-30 21:24:22,874 - acrs_engine - INFO - Initiating ACRS Assessment for seed node: CCTV_20, attack: Botnet
2026-06-30 21:24:22,904 - graph_resilience_index - INFO - Successfully calculated GRI for 100 nodes.
2026-06-30 21:24:25,522 - early_warning_risk - INFO - Risk calculated for WaterSensor_1: score=0.70, level=LOW
2026-06-30 21:24:27,506 - early_warning_risk - INFO - Risk calculated for SmartMeter_6: score=39.97, level=MEDIUM
2026-06-30 21:24:27,506 - early_warning_alerts - INFO - Generated 4 alerts and response items.
2026-06-30 21:24:27,506 - acrs_engine - INFO - Initiating ACRS Assessment for seed node: SmartMeter_6, attack: Brute Force
2026-06-30 21:24:27,537 - graph_resilience_index - INFO - Successfully calculated GRI for 100 nodes.
2026-06-30 21:24:29,776 - early_warning_risk - INFO - Risk calculated for ParkingSensor_12: score=29.98, level=LOW
2026-06-30 21:24:29,777 - early_warning_alerts - INFO - Generated 4 alerts and response items.
2026-06-30 21:24:29,777 - acrs_engine - INFO - Initiating ACRS Assessment for seed node: ParkingSensor_12, attack: Brute Force
2026-06-30 21:24:29,809 - graph_resilience_index - INFO - Successfully calculated GRI for 100 nodes.
2026-06-30 21:24:32,112 - early_warning_risk - INFO - Risk calculated for TrafficLight_4: score=0.80, level=LOW
2026-06-30 21:24:34,399 - early_warning_risk - INFO - Risk calculated for CCTV_15: score=59.89, level=MEDIUM
2026-06-30 21:24:34,400 - early_warning_alerts - INFO - Generated 4 alerts and response items.
2026-06-30 21:24:34,400 - acrs_engine - INFO - Initiating ACRS Assessment for seed node: CCTV_15, attack: Botnet
2026-06-30 21:24:34,432 - graph_resilience_index - INFO - Successfully calculated GRI for 100 nodes.
2026-06-30 21:24:36,356 - early_warning_risk - INFO - Risk calculated for SmartMeter_3: score=0.40, level=LOW
2026-06-30 21:24:39,003 - early_warning_risk - INFO - Risk calculated for ParkingSensor_5: score=0.30, level=LOW
2026-06-30 21:24:40,621 - early_warning_risk - INFO - Risk calculated for CCTV_26: score=0.60, level=LOW
2026-06-30 21:24:43,447 - early_warning_risk - INFO - Risk calculated for TrafficLight_26: score=79.95, level=HIGH
2026-06-30 21:24:43,447 - early_warning_alerts - INFO - Generated 7 alerts and response items.
2026-06-30 21:24:43,447 - acrs_engine - INFO - Initiating ACRS Assessment for seed node: TrafficLight_26, attack: DDoS
2026-06-30 21:24:43,478 - graph_resilience_index - INFO - Successfully calculated GRI for 100 nodes.
2026-06-30 21:24:44,914 - early_warning_risk - INFO - Risk calculated for SmartMeter_1: score=39.98, level=MEDIUM
2026-06-30 21:24:44,915 - early_warning_alerts - INFO - Generated 4 alerts and response items.
2026-06-30 21:24:44,915 - acrs_engine - INFO - Initiating ACRS Assessment for seed node: SmartMeter_1, attack: DDoS
2026-06-30 21:24:44,951 - graph_resilience_index - INFO - Successfully calculated GRI for 100 nodes.
2026-06-30 21:24:48,827 - early_warning_risk - INFO - Risk calculated for TrafficLight_8: score=0.80, level=LOW
2026-06-30 21:24:50,218 - early_warning_risk - INFO - Risk calculated for WaterSensor_1: score=69.96, level=HIGH
2026-06-30 21:24:50,218 - early_warning_alerts - INFO - Generated 7 alerts and response items.
2026-06-30 21:24:50,218 - acrs_engine - INFO - Initiating ACRS Assessment for seed node: WaterSensor_1, attack: DDoS
2026-06-30 21:24:50,253 - graph_resilience_index - INFO - Successfully calculated GRI for 100 nodes.
2026-06-30 21:24:53,682 - early_warning_risk - INFO - Risk calculated for CCTV_14: score=59.95, level=MEDIUM
2026-06-30 21:24:53,682 - early_warning_alerts - INFO - Generated 4 alerts and response items.
2026-06-30 21:24:53,682 - acrs_engine - INFO - Initiating ACRS Assessment for seed node: CCTV_14, attack: Spoofing
2026-06-30 21:24:53,717 - graph_resilience_index - INFO - Successfully calculated GRI for 100 nodes.
2026-06-30 21:24:55,241 - early_warning_risk - INFO - Risk calculated for TrafficLight_30: score=79.95, level=HIGH
2026-06-30 21:24:55,243 - early_warning_alerts - INFO - Generated 7 alerts and response items.
2026-06-30 21:24:55,244 - acrs_engine - INFO - Initiating ACRS Assessment for seed node: TrafficLight_30, attack: Brute Force
2026-06-30 21:24:55,322 - graph_resilience_index - INFO - Successfully calculated GRI for 100 nodes.
2026-06-30 21:24:58,652 - early_warning_risk - INFO - Risk calculated for TrafficLight_30: score=79.95, level=HIGH
2026-06-30 21:24:58,652 - early_warning_alerts - INFO - Generated 7 alerts and response items.
2026-06-30 21:24:58,652 - acrs_engine - INFO - Initiating ACRS Assessment for seed node: TrafficLight_30, attack: Brute Force
2026-06-30 21:24:58,687 - graph_resilience_index - INFO - Successfully calculated GRI for 100 nodes.
2026-06-30 21:24:59,543 - early_warning_risk - INFO - Risk calculated for CCTV_28: score=59.96, level=MEDIUM
2026-06-30 21:24:59,543 - early_warning_alerts - INFO - Generated 4 alerts and response items.
2026-06-30 21:24:59,544 - acrs_engine - INFO - Initiating ACRS Assessment for seed node: CCTV_28, attack: Brute Force
2026-06-30 21:24:59,584 - graph_resilience_index - INFO - Successfully calculated GRI for 100 nodes.
2026-06-30 21:25:05,600 - early_warning_risk - INFO - Risk calculated for CCTV_24: score=0.60, level=LOW
2026-06-30 21:25:09,872 - early_warning_risk - INFO - Risk calculated for TrafficLight_17: score=0.80, level=LOW
2026-06-30 21:25:14,125 - early_warning_risk - INFO - Risk calculated for CCTV_15: score=59.89, level=MEDIUM
2026-06-30 21:25:14,126 - early_warning_alerts - INFO - Generated 4 alerts and response items.
2026-06-30 21:25:14,126 - acrs_engine - INFO - Initiating ACRS Assessment for seed node: CCTV_15, attack: Botnet
2026-06-30 21:25:14,157 - graph_resilience_index - INFO - Successfully calculated GRI for 100 nodes.
2026-06-30 21:25:18,708 - early_warning_risk - INFO - Risk calculated for StreetLight_2: score=19.96, level=LOW
2026-06-30 21:25:18,709 - early_warning_alerts - INFO - Generated 4 alerts and response items.
2026-06-30 21:25:18,709 - acrs_engine - INFO - Initiating ACRS Assessment for seed node: StreetLight_2, attack: Botnet
2026-06-30 21:25:18,742 - graph_resilience_index - INFO - Successfully calculated GRI for 100 nodes.
2026-06-30 21:25:22,002 - early_warning_risk - INFO - Risk calculated for CCTV_12: score=59.95, level=MEDIUM
2026-06-30 21:25:22,002 - early_warning_alerts - INFO - Generated 4 alerts and response items.
2026-06-30 21:25:22,003 - acrs_engine - INFO - Initiating ACRS Assessment for seed node: CCTV_12, attack: Spoofing
2026-06-30 21:25:22,036 - graph_resilience_index - INFO - Successfully calculated GRI for 100 nodes.
2026-06-30 21:25:23,527 - early_warning_risk - INFO - Risk calculated for TrafficLight_11: score=79.94, level=HIGH
2026-06-30 21:25:23,527 - early_warning_alerts - INFO - Generated 7 alerts and response items.
2026-06-30 21:25:23,527 - acrs_engine - INFO - Initiating ACRS Assessment for seed node: TrafficLight_11, attack: Spoofing
2026-06-30 21:25:23,573 - graph_resilience_index - INFO - Successfully calculated GRI for 100 nodes.
2026-06-30 21:25:26,875 - early_warning_risk - INFO - Risk calculated for StreetLight_2: score=19.96, level=LOW
2026-06-30 21:25:26,875 - early_warning_alerts - INFO - Generated 4 alerts and response items.
2026-06-30 21:25:26,875 - acrs_engine - INFO - Initiating ACRS Assessment for seed node: StreetLight_2, attack: Botnet
2026-06-30 21:25:26,908 - graph_resilience_index - INFO - Successfully calculated GRI for 100 nodes.
2026-06-30 21:25:28,219 - early_warning_risk - INFO - Risk calculated for CCTV_17: score=59.96, level=MEDIUM
2026-06-30 21:25:28,220 - early_warning_alerts - INFO - Generated 4 alerts and response items.
2026-06-30 21:25:28,220 - acrs_engine - INFO - Initiating ACRS Assessment for seed node: CCTV_17, attack: Brute Force
2026-06-30 21:25:28,258 - graph_resilience_index - INFO - Successfully calculated GRI for 100 nodes.
2026-06-30 21:25:31,740 - early_warning_risk - INFO - Risk calculated for SmartMeter_10: score=39.97, level=MEDIUM
2026-06-30 21:25:31,741 - early_warning_alerts - INFO - Generated 4 alerts and response items.
2026-06-30 21:25:31,741 - acrs_engine - INFO - Initiating ACRS Assessment for seed node: SmartMeter_10, attack: Spoofing
2026-06-30 21:25:31,773 - graph_resilience_index - INFO - Successfully calculated GRI for 100 nodes.
2026-06-30 21:25:32,910 - early_warning_risk - INFO - Risk calculated for TrafficLight_9: score=79.95, level=HIGH
2026-06-30 21:25:32,911 - early_warning_alerts - INFO - Generated 7 alerts and response items.
2026-06-30 21:25:32,911 - acrs_engine - INFO - Initiating ACRS Assessment for seed node: TrafficLight_9, attack: DDoS
2026-06-30 21:25:32,960 - graph_resilience_index - INFO - Successfully calculated GRI for 100 nodes.
2026-06-30 21:25:37,042 - early_warning_risk - INFO - Risk calculated for CCTV_27: score=59.89, level=MEDIUM
2026-06-30 21:25:37,042 - early_warning_alerts - INFO - Generated 4 alerts and response items.
2026-06-30 21:25:37,042 - acrs_engine - INFO - Initiating ACRS Assessment for seed node: CCTV_27, attack: Botnet
2026-06-30 21:25:37,074 - graph_resilience_index - INFO - Successfully calculated GRI for 100 nodes.
2026-06-30 21:25:37,864 - early_warning_risk - INFO - Risk calculated for SmartMeter_9: score=39.97, level=MEDIUM
2026-06-30 21:25:37,864 - early_warning_alerts - INFO - Generated 4 alerts and response items.
2026-06-30 21:25:37,864 - acrs_engine - INFO - Initiating ACRS Assessment for seed node: SmartMeter_9, attack: Brute Force
2026-06-30 21:25:37,936 - graph_resilience_index - INFO - Successfully calculated GRI for 100 nodes.
2026-06-30 21:25:42,398 - early_warning_risk - INFO - Risk calculated for TrafficLight_17: score=79.95, level=HIGH
2026-06-30 21:25:42,399 - early_warning_alerts - INFO - Generated 7 alerts and response items.
2026-06-30 21:25:42,399 - acrs_engine - INFO - Initiating ACRS Assessment for seed node: TrafficLight_17, attack: Brute Force
2026-06-30 21:25:42,433 - graph_resilience_index - INFO - Successfully calculated GRI for 100 nodes.
2026-06-30 21:25:43,224 - early_warning_risk - INFO - Risk calculated for CCTV_10: score=59.95, level=MEDIUM
2026-06-30 21:25:43,225 - early_warning_alerts - INFO - Generated 4 alerts and response items.
2026-06-30 21:25:43,225 - acrs_engine - INFO - Initiating ACRS Assessment for seed node: CCTV_10, attack: Spoofing
2026-06-30 21:25:43,258 - graph_resilience_index - INFO - Successfully calculated GRI for 100 nodes.
2026-06-30 21:25:47,804 - early_warning_risk - INFO - Risk calculated for WaterSensor_2: score=69.89, level=HIGH
2026-06-30 21:25:47,804 - early_warning_alerts - INFO - Generated 7 alerts and response items.
2026-06-30 21:25:47,805 - acrs_engine - INFO - Initiating ACRS Assessment for seed node: WaterSensor_2, attack: Reconnaissance
2026-06-30 21:25:47,837 - graph_resilience_index - INFO - Successfully calculated GRI for 100 nodes.
2026-06-30 21:25:48,855 - early_warning_risk - INFO - Risk calculated for CCTV_13: score=59.89, level=MEDIUM
2026-06-30 21:25:48,856 - early_warning_alerts - INFO - Generated 4 alerts and response items.
2026-06-30 21:25:48,856 - acrs_engine - INFO - Initiating ACRS Assessment for seed node: CCTV_13, attack: Botnet
2026-06-30 21:25:48,915 - graph_resilience_index - INFO - Successfully calculated GRI for 100 nodes.
2026-06-30 21:25:53,551 - early_warning_risk - INFO - Risk calculated for TrafficLight_24: score=79.94, level=HIGH
2026-06-30 21:25:53,551 - early_warning_alerts - INFO - Generated 7 alerts and response items.
2026-06-30 21:25:53,551 - acrs_engine - INFO - Initiating ACRS Assessment for seed node: TrafficLight_24, attack: Spoofing
2026-06-30 21:25:53,587 - graph_resilience_index - INFO - Successfully calculated GRI for 100 nodes.
2026-06-30 21:25:54,073 - early_warning_risk - INFO - Risk calculated for WaterSensor_5: score=69.87, level=HIGH
2026-06-30 21:25:54,073 - early_warning_alerts - INFO - Generated 7 alerts and response items.
2026-06-30 21:25:54,074 - acrs_engine - INFO - Initiating ACRS Assessment for seed node: WaterSensor_5, attack: Botnet
2026-06-30 21:25:54,178 - graph_resilience_index - INFO - Successfully calculated GRI for 100 nodes.
2026-06-30 21:25:59,232 - early_warning_risk - INFO - Risk calculated for WaterSensor_5: score=69.87, level=HIGH
2026-06-30 21:25:59,232 - early_warning_alerts - INFO - Generated 7 alerts and response items.
2026-06-30 21:25:59,232 - acrs_engine - INFO - Initiating ACRS Assessment for seed node: WaterSensor_5, attack: Botnet
2026-06-30 21:25:59,265 - graph_resilience_index - INFO - Successfully calculated GRI for 100 nodes.
2026-06-30 21:25:59,603 - early_warning_risk - INFO - Risk calculated for ParkingSensor_6: score=29.98, level=LOW
2026-06-30 21:25:59,603 - early_warning_alerts - INFO - Generated 4 alerts and response items.
2026-06-30 21:25:59,603 - acrs_engine - INFO - Initiating ACRS Assessment for seed node: ParkingSensor_6, attack: Brute Force
2026-06-30 21:25:59,637 - graph_resilience_index - INFO - Successfully calculated GRI for 100 nodes.
2026-06-30 21:26:05,530 - early_warning_risk - INFO - Risk calculated for TrafficLight_27: score=79.86, level=HIGH
2026-06-30 21:26:05,530 - early_warning_alerts - INFO - Generated 7 alerts and response items.
2026-06-30 21:26:05,531 - acrs_engine - INFO - Initiating ACRS Assessment for seed node: TrafficLight_27, attack: Botnet
2026-06-30 21:26:05,533 - early_warning_risk - INFO - Risk calculated for WaterSensor_5: score=69.94, level=HIGH
2026-06-30 21:26:05,533 - early_warning_alerts - INFO - Generated 7 alerts and response items.
2026-06-30 21:26:05,533 - acrs_engine - INFO - Initiating ACRS Assessment for seed node: WaterSensor_5, attack: Spoofing
2026-06-30 21:26:05,574 - graph_resilience_index - INFO - Successfully calculated GRI for 100 nodes.
2026-06-30 21:26:05,612 - graph_resilience_index - INFO - Successfully calculated GRI for 100 nodes.
2026-06-30 21:26:11,624 - early_warning_risk - INFO - Risk calculated for CCTV_11: score=59.91, level=MEDIUM
2026-06-30 21:26:11,625 - early_warning_alerts - INFO - Generated 4 alerts and response items.
2026-06-30 21:26:11,625 - acrs_engine - INFO - Initiating ACRS Assessment for seed node: CCTV_11, attack: Reconnaissance
2026-06-30 21:26:11,628 - early_warning_risk - INFO - Risk calculated for TrafficLight_25: score=79.95, level=HIGH
2026-06-30 21:26:11,628 - early_warning_alerts - INFO - Generated 7 alerts and response items.
2026-06-30 21:26:11,630 - acrs_engine - INFO - Initiating ACRS Assessment for seed node: TrafficLight_25, attack: DDoS
2026-06-30 21:26:11,668 - graph_resilience_index - INFO - Successfully calculated GRI for 100 nodes.
2026-06-30 21:26:11,704 - graph_resilience_index - INFO - Successfully calculated GRI for 100 nodes.
2026-06-30 21:26:18,044 - early_warning_risk - INFO - Risk calculated for SmartMeter_5: score=0.40, level=LOW
2026-06-30 21:26:18,055 - early_warning_risk - INFO - Risk calculated for CCTV_28: score=0.60, level=LOW
2026-06-30 21:26:23,629 - early_warning_risk - INFO - Risk calculated for StreetLight_2: score=19.99, level=LOW
2026-06-30 21:26:23,630 - early_warning_alerts - INFO - Generated 4 alerts and response items.
2026-06-30 21:26:23,630 - acrs_engine - INFO - Initiating ACRS Assessment for seed node: StreetLight_2, attack: Brute Force
2026-06-30 21:26:23,633 - early_warning_risk - INFO - Risk calculated for TrafficLight_22: score=79.95, level=HIGH
2026-06-30 21:26:23,633 - early_warning_alerts - INFO - Generated 7 alerts and response items.
2026-06-30 21:26:23,634 - acrs_engine - INFO - Initiating ACRS Assessment for seed node: TrafficLight_22, attack: Brute Force
2026-06-30 21:26:23,668 - graph_resilience_index - INFO - Successfully calculated GRI for 100 nodes.
2026-06-30 21:26:23,702 - graph_resilience_index - INFO - Successfully calculated GRI for 100 nodes.
2026-06-30 21:26:29,568 - early_warning_risk - INFO - Risk calculated for CCTV_17: score=0.60, level=LOW
2026-06-30 21:26:29,675 - early_warning_risk - INFO - Risk calculated for CCTV_28: score=59.89, level=MEDIUM
2026-06-30 21:26:29,677 - early_warning_alerts - INFO - Generated 4 alerts and response items.
2026-06-30 21:26:29,678 - acrs_engine - INFO - Initiating ACRS Assessment for seed node: CCTV_28, attack: Botnet
2026-06-30 21:26:29,731 - graph_resilience_index - INFO - Successfully calculated GRI for 100 nodes.
2026-06-30 21:26:34,451 - early_warning_risk - INFO - Risk calculated for CCTV_19: score=59.89, level=MEDIUM
2026-06-30 21:26:34,452 - early_warning_alerts - INFO - Generated 4 alerts and response items.
2026-06-30 21:26:34,452 - acrs_engine - INFO - Initiating ACRS Assessment for seed node: CCTV_19, attack: Botnet
2026-06-30 21:26:34,484 - graph_resilience_index - INFO - Successfully calculated GRI for 100 nodes.
2026-06-30 21:26:35,149 - early_warning_risk - INFO - Risk calculated for SmartMeter_5: score=39.97, level=MEDIUM
2026-06-30 21:26:35,152 - early_warning_alerts - INFO - Generated 4 alerts and response items.
2026-06-30 21:26:35,154 - acrs_engine - INFO - Initiating ACRS Assessment for seed node: SmartMeter_5, attack: Brute Force
2026-06-30 21:26:35,206 - graph_resilience_index - INFO - Successfully calculated GRI for 100 nodes.
2026-06-30 21:26:40,472 - early_warning_risk - INFO - Risk calculated for CCTV_2: score=59.96, level=MEDIUM
2026-06-30 21:26:40,473 - early_warning_alerts - INFO - Generated 4 alerts and response items.
2026-06-30 21:26:40,473 - acrs_engine - INFO - Initiating ACRS Assessment for seed node: CCTV_2, attack: Brute Force
2026-06-30 21:26:40,504 - graph_resilience_index - INFO - Successfully calculated GRI for 100 nodes.
2026-06-30 21:26:40,876 - early_warning_risk - INFO - Risk calculated for StreetLight_3: score=0.20, level=LOW
2026-06-30 21:26:45,657 - early_warning_risk - INFO - Risk calculated for CCTV_19: score=59.95, level=MEDIUM
2026-06-30 21:26:45,658 - early_warning_alerts - INFO - Generated 4 alerts and response items.
2026-06-30 21:26:45,658 - acrs_engine - INFO - Initiating ACRS Assessment for seed node: CCTV_19, attack: Spoofing
2026-06-30 21:26:45,690 - graph_resilience_index - INFO - Successfully calculated GRI for 100 nodes.
2026-06-30 21:26:46,319 - early_warning_risk - INFO - Risk calculated for ParkingSensor_10: score=29.95, level=LOW
2026-06-30 21:26:46,319 - early_warning_alerts - INFO - Generated 4 alerts and response items.
2026-06-30 21:26:46,319 - acrs_engine - INFO - Initiating ACRS Assessment for seed node: ParkingSensor_10, attack: Reconnaissance
2026-06-30 21:26:46,354 - graph_resilience_index - INFO - Successfully calculated GRI for 100 nodes.
2026-06-30 21:26:51,834 - early_warning_risk - INFO - Risk calculated for CCTV_6: score=59.91, level=MEDIUM
2026-06-30 21:26:51,835 - early_warning_alerts - INFO - Generated 4 alerts and response items.
2026-06-30 21:26:51,835 - acrs_engine - INFO - Initiating ACRS Assessment for seed node: CCTV_6, attack: Reconnaissance
2026-06-30 21:26:51,837 - early_warning_risk - INFO - Risk calculated for ParkingSensor_10: score=29.95, level=LOW
2026-06-30 21:26:51,838 - early_warning_alerts - INFO - Generated 4 alerts and response items.
2026-06-30 21:26:51,838 - acrs_engine - INFO - Initiating ACRS Assessment for seed node: ParkingSensor_10, attack: Botnet
2026-06-30 21:26:51,872 - graph_resilience_index - INFO - Successfully calculated GRI for 100 nodes.
2026-06-30 21:26:51,908 - graph_resilience_index - INFO - Successfully calculated GRI for 100 nodes.
2026-06-30 21:26:58,293 - early_warning_risk - INFO - Risk calculated for CCTV_20: score=59.89, level=MEDIUM
2026-06-30 21:26:58,294 - early_warning_alerts - INFO - Generated 4 alerts and response items.
2026-06-30 21:26:58,294 - acrs_engine - INFO - Initiating ACRS Assessment for seed node: CCTV_20, attack: Botnet
2026-06-30 21:26:58,296 - early_warning_risk - INFO - Risk calculated for ParkingSensor_11: score=29.98, level=LOW
2026-06-30 21:26:58,296 - early_warning_alerts - INFO - Generated 4 alerts and response items.
2026-06-30 21:26:58,297 - acrs_engine - INFO - Initiating ACRS Assessment for seed node: ParkingSensor_11, attack: DDoS
2026-06-30 21:26:58,331 - graph_resilience_index - INFO - Successfully calculated GRI for 100 nodes.
2026-06-30 21:26:58,365 - graph_resilience_index - INFO - Successfully calculated GRI for 100 nodes.
2026-06-30 21:27:04,443 - early_warning_risk - INFO - Risk calculated for CCTV_14: score=59.96, level=MEDIUM
2026-06-30 21:27:04,444 - early_warning_alerts - INFO - Generated 4 alerts and response items.
2026-06-30 21:27:04,445 - acrs_engine - INFO - Initiating ACRS Assessment for seed node: CCTV_14, attack: Brute Force
2026-06-30 21:27:04,447 - early_warning_risk - INFO - Risk calculated for ParkingSensor_3: score=29.98, level=LOW
2026-06-30 21:27:04,447 - early_warning_alerts - INFO - Generated 4 alerts and response items.
2026-06-30 21:27:04,447 - acrs_engine - INFO - Initiating ACRS Assessment for seed node: ParkingSensor_3, attack: Brute Force
2026-06-30 21:27:04,483 - graph_resilience_index - INFO - Successfully calculated GRI for 100 nodes.
2026-06-30 21:27:04,517 - graph_resilience_index - INFO - Successfully calculated GRI for 100 nodes.
2026-06-30 21:27:10,747 - early_warning_risk - INFO - Risk calculated for StreetLight_5: score=19.99, level=LOW
2026-06-30 21:27:10,748 - early_warning_alerts - INFO - Generated 4 alerts and response items.
2026-06-30 21:27:10,749 - acrs_engine - INFO - Initiating ACRS Assessment for seed node: StreetLight_5, attack: Brute Force
2026-06-30 21:27:10,751 - early_warning_risk - INFO - Risk calculated for CCTV_25: score=59.96, level=MEDIUM
2026-06-30 21:27:10,751 - early_warning_alerts - INFO - Generated 4 alerts and response items.
2026-06-30 21:27:10,751 - acrs_engine - INFO - Initiating ACRS Assessment for seed node: CCTV_25, attack: DDoS
2026-06-30 21:27:10,786 - graph_resilience_index - INFO - Successfully calculated GRI for 100 nodes.
2026-06-30 21:27:10,820 - graph_resilience_index - INFO - Successfully calculated GRI for 100 nodes.
2026-06-30 21:27:16,841 - early_warning_risk - INFO - Risk calculated for WaterSensor_1: score=69.94, level=HIGH
2026-06-30 21:27:16,842 - early_warning_alerts - INFO - Generated 7 alerts and response items.
2026-06-30 21:27:16,842 - acrs_engine - INFO - Initiating ACRS Assessment for seed node: WaterSensor_1, attack: Spoofing
2026-06-30 21:27:16,845 - early_warning_risk - INFO - Risk calculated for CCTV_4: score=59.89, level=MEDIUM
2026-06-30 21:27:16,846 - early_warning_alerts - INFO - Generated 4 alerts and response items.
2026-06-30 21:27:16,847 - acrs_engine - INFO - Initiating ACRS Assessment for seed node: CCTV_4, attack: Botnet
2026-06-30 21:27:16,883 - graph_resilience_index - INFO - Successfully calculated GRI for 100 nodes.
2026-06-30 21:27:16,917 - graph_resilience_index - INFO - Successfully calculated GRI for 100 nodes.
2026-06-30 21:27:23,032 - early_warning_risk - INFO - Risk calculated for TrafficLight_26: score=79.95, level=HIGH
2026-06-30 21:27:23,032 - early_warning_alerts - INFO - Generated 7 alerts and response items.
2026-06-30 21:27:23,032 - acrs_engine - INFO - Initiating ACRS Assessment for seed node: TrafficLight_26, attack: Brute Force
2026-06-30 21:27:23,070 - graph_resilience_index - INFO - Successfully calculated GRI for 100 nodes.
2026-06-30 21:27:23,072 - early_warning_risk - INFO - Risk calculated for Gateway_1: score=89.93, level=CRITICAL
2026-06-30 21:27:23,072 - early_warning_alerts - INFO - Generated 7 alerts and response items.
2026-06-30 21:27:23,073 - acrs_engine - INFO - Initiating ACRS Assessment for seed node: Gateway_1, attack: Spoofing
2026-06-30 21:27:23,111 - graph_resilience_index - INFO - Successfully calculated GRI for 100 nodes.
2026-06-30 21:27:29,641 - early_warning_risk - INFO - Risk calculated for TrafficLight_10: score=79.95, level=HIGH
2026-06-30 21:27:29,641 - early_warning_alerts - INFO - Generated 7 alerts and response items.
2026-06-30 21:27:29,641 - acrs_engine - INFO - Initiating ACRS Assessment for seed node: TrafficLight_10, attack: DDoS
2026-06-30 21:27:29,644 - early_warning_risk - INFO - Risk calculated for WaterSensor_5: score=69.94, level=HIGH
2026-06-30 21:27:29,645 - early_warning_alerts - INFO - Generated 7 alerts and response items.
2026-06-30 21:27:29,645 - acrs_engine - INFO - Initiating ACRS Assessment for seed node: WaterSensor_5, attack: Spoofing
2026-06-30 21:27:29,681 - graph_resilience_index - INFO - Successfully calculated GRI for 100 nodes.
2026-06-30 21:27:29,715 - graph_resilience_index - INFO - Successfully calculated GRI for 100 nodes.
2026-06-30 21:27:36,427 - early_warning_risk - INFO - Risk calculated for StreetLight_2: score=19.98, level=LOW
2026-06-30 21:27:36,428 - early_warning_alerts - INFO - Generated 4 alerts and response items.
2026-06-30 21:27:36,428 - acrs_engine - INFO - Initiating ACRS Assessment for seed node: StreetLight_2, attack: Spoofing
2026-06-30 21:27:36,431 - early_warning_risk - INFO - Risk calculated for CCTV_7: score=59.96, level=MEDIUM
2026-06-30 21:27:36,432 - early_warning_alerts - INFO - Generated 4 alerts and response items.
2026-06-30 21:27:36,432 - acrs_engine - INFO - Initiating ACRS Assessment for seed node: CCTV_7, attack: Brute Force
2026-06-30 21:27:36,467 - graph_resilience_index - INFO - Successfully calculated GRI for 100 nodes.
2026-06-30 21:27:36,501 - graph_resilience_index - INFO - Successfully calculated GRI for 100 nodes.
2026-06-30 21:27:42,857 - early_warning_risk - INFO - Risk calculated for CCTV_27: score=0.60, level=LOW
2026-06-30 21:27:42,950 - early_warning_risk - INFO - Risk calculated for TrafficLight_19: score=79.95, level=HIGH
2026-06-30 21:27:42,951 - early_warning_alerts - INFO - Generated 7 alerts and response items.
2026-06-30 21:27:42,952 - acrs_engine - INFO - Initiating ACRS Assessment for seed node: TrafficLight_19, attack: DDoS
2026-06-30 21:27:43,009 - graph_resilience_index - INFO - Successfully calculated GRI for 100 nodes.
2026-06-30 21:27:48,278 - early_warning_risk - INFO - Risk calculated for TrafficLight_11: score=0.80, level=LOW
2026-06-30 21:27:48,712 - early_warning_risk - INFO - Risk calculated for TrafficLight_23: score=0.80, level=LOW
2026-06-30 21:27:54,203 - early_warning_risk - INFO - Risk calculated for CCTV_30: score=59.91, level=MEDIUM
2026-06-30 21:27:54,204 - early_warning_alerts - INFO - Generated 4 alerts and response items.
2026-06-30 21:27:54,204 - acrs_engine - INFO - Initiating ACRS Assessment for seed node: CCTV_30, attack: Reconnaissance
2026-06-30 21:27:54,205 - early_warning_risk - INFO - Risk calculated for TrafficLight_12: score=79.88, level=HIGH
2026-06-30 21:27:54,205 - early_warning_alerts - INFO - Generated 7 alerts and response items.
2026-06-30 21:27:54,207 - acrs_engine - INFO - Initiating ACRS Assessment for seed node: TrafficLight_12, attack: Reconnaissance
2026-06-30 21:27:54,243 - graph_resilience_index - INFO - Successfully calculated GRI for 100 nodes.
2026-06-30 21:27:54,277 - graph_resilience_index - INFO - Successfully calculated GRI for 100 nodes.
2026-06-30 21:28:00,787 - early_warning_risk - INFO - Risk calculated for CCTV_24: score=59.96, level=MEDIUM
2026-06-30 21:28:00,787 - early_warning_alerts - INFO - Generated 4 alerts and response items.
2026-06-30 21:28:00,788 - acrs_engine - INFO - Initiating ACRS Assessment for seed node: CCTV_24, attack: Brute Force
2026-06-30 21:28:00,791 - early_warning_risk - INFO - Risk calculated for TrafficLight_14: score=0.80, level=LOW
2026-06-30 21:28:00,973 - graph_resilience_index - INFO - Successfully calculated GRI for 100 nodes.
2026-06-30 21:28:01,453 - early_warning_risk - INFO - Risk calculated for CCTV_1: score=0.60, level=LOW
2026-06-30 21:28:07,820 - early_warning_risk - INFO - Risk calculated for CCTV_1: score=59.91, level=MEDIUM
2026-06-30 21:28:07,820 - early_warning_alerts - INFO - Generated 4 alerts and response items.
2026-06-30 21:28:07,820 - acrs_engine - INFO - Initiating ACRS Assessment for seed node: CCTV_1, attack: Reconnaissance
2026-06-30 21:28:07,853 - graph_resilience_index - INFO - Successfully calculated GRI for 100 nodes.
2026-06-30 21:28:09,265 - early_warning_risk - INFO - Risk calculated for TrafficLight_3: score=79.88, level=HIGH
2026-06-30 21:28:09,265 - early_warning_alerts - INFO - Generated 7 alerts and response items.
2026-06-30 21:28:09,265 - acrs_engine - INFO - Initiating ACRS Assessment for seed node: TrafficLight_3, attack: Reconnaissance
2026-06-30 21:28:09,326 - graph_resilience_index - INFO - Successfully calculated GRI for 100 nodes.
2026-06-30 21:28:12,811 - early_warning_risk - INFO - Risk calculated for CCTV_1: score=59.96, level=MEDIUM
2026-06-30 21:28:12,811 - early_warning_alerts - INFO - Generated 4 alerts and response items.
2026-06-30 21:28:12,811 - acrs_engine - INFO - Initiating ACRS Assessment for seed node: CCTV_1, attack: DDoS
2026-06-30 21:28:12,844 - graph_resilience_index - INFO - Successfully calculated GRI for 100 nodes.
2026-06-30 21:28:13,942 - early_warning_risk - INFO - Risk calculated for WaterSensor_3: score=69.96, level=HIGH
2026-06-30 21:28:13,942 - early_warning_alerts - INFO - Generated 7 alerts and response items.
2026-06-30 21:28:13,949 - acrs_engine - INFO - Initiating ACRS Assessment for seed node: WaterSensor_3, attack: DDoS
2026-06-30 21:28:13,999 - graph_resilience_index - INFO - Successfully calculated GRI for 100 nodes.
2026-06-30 21:28:15,198 - early_warning_risk - INFO - Risk calculated for Server_2: score=99.82, level=CRITICAL
2026-06-30 21:28:15,199 - early_warning_alerts - INFO - Generated 7 alerts and response items.
2026-06-30 21:28:15,200 - acrs_engine - INFO - Initiating ACRS Assessment for seed node: Server_2, attack: Botnet
2026-06-30 21:28:15,239 - graph_resilience_index - INFO - Successfully calculated GRI for 100 nodes.
2026-06-30 21:28:18,686 - early_warning_risk - INFO - Risk calculated for TrafficLight_30: score=79.95, level=HIGH
2026-06-30 21:28:18,687 - early_warning_alerts - INFO - Generated 7 alerts and response items.
2026-06-30 21:28:18,687 - acrs_engine - INFO - Initiating ACRS Assessment for seed node: TrafficLight_30, attack: DDoS
2026-06-30 21:28:18,719 - graph_resilience_index - INFO - Successfully calculated GRI for 100 nodes.
2026-06-30 21:28:20,917 - early_warning_risk - INFO - Risk calculated for TrafficLight_18: score=0.80, level=LOW
2026-06-30 21:28:21,592 - early_warning_risk - INFO - Risk calculated for ParkingSensor_9: score=29.98, level=LOW
2026-06-30 21:28:21,593 - early_warning_alerts - INFO - Generated 4 alerts and response items.
2026-06-30 21:28:21,593 - acrs_engine - INFO - Initiating ACRS Assessment for seed node: ParkingSensor_9, attack: Spoofing
2026-06-30 21:28:21,625 - graph_resilience_index - INFO - Successfully calculated GRI for 100 nodes.
2026-06-30 21:28:23,393 - early_warning_risk - INFO - Risk calculated for CCTV_13: score=59.89, level=MEDIUM
2026-06-30 21:28:23,394 - early_warning_alerts - INFO - Generated 4 alerts and response items.
2026-06-30 21:28:23,394 - acrs_engine - INFO - Initiating ACRS Assessment for seed node: CCTV_13, attack: Botnet
2026-06-30 21:28:23,432 - graph_resilience_index - INFO - Successfully calculated GRI for 100 nodes.
2026-06-30 21:28:25,879 - early_warning_risk - INFO - Risk calculated for TrafficLight_22: score=79.86, level=HIGH
2026-06-30 21:28:25,879 - early_warning_alerts - INFO - Generated 7 alerts and response items.
2026-06-30 21:28:25,879 - acrs_engine - INFO - Initiating ACRS Assessment for seed node: TrafficLight_22, attack: Botnet
2026-06-30 21:28:25,911 - graph_resilience_index - INFO - Successfully calculated GRI for 100 nodes.
2026-06-30 21:28:27,297 - early_warning_risk - INFO - Risk calculated for CCTV_21: score=59.91, level=MEDIUM
2026-06-30 21:28:27,298 - early_warning_alerts - INFO - Generated 4 alerts and response items.
2026-06-30 21:28:27,298 - acrs_engine - INFO - Initiating ACRS Assessment for seed node: CCTV_21, attack: Reconnaissance
2026-06-30 21:28:27,342 - graph_resilience_index - INFO - Successfully calculated GRI for 100 nodes.
2026-06-30 21:28:28,487 - early_warning_risk - INFO - Risk calculated for CCTV_30: score=59.95, level=MEDIUM
2026-06-30 21:28:28,488 - early_warning_alerts - INFO - Generated 4 alerts and response items.
2026-06-30 21:28:28,488 - acrs_engine - INFO - Initiating ACRS Assessment for seed node: CCTV_30, attack: Spoofing
2026-06-30 21:28:28,542 - graph_resilience_index - INFO - Successfully calculated GRI for 100 nodes.
2026-06-30 21:28:32,100 - early_warning_risk - INFO - Risk calculated for SmartMeter_6: score=0.40, level=LOW
2026-06-30 21:28:34,077 - early_warning_risk - INFO - Risk calculated for CCTV_23: score=59.95, level=MEDIUM
2026-06-30 21:28:34,078 - early_warning_alerts - INFO - Generated 4 alerts and response items.
2026-06-30 21:28:34,078 - acrs_engine - INFO - Initiating ACRS Assessment for seed node: CCTV_23, attack: Spoofing
2026-06-30 21:28:34,112 - graph_resilience_index - INFO - Successfully calculated GRI for 100 nodes.
2026-06-30 21:28:34,554 - early_warning_risk - INFO - Risk calculated for ParkingSensor_8: score=29.95, level=LOW
2026-06-30 21:28:34,554 - early_warning_alerts - INFO - Generated 4 alerts and response items.
2026-06-30 21:28:34,554 - acrs_engine - INFO - Initiating ACRS Assessment for seed node: ParkingSensor_8, attack: Botnet
2026-06-30 21:28:34,590 - graph_resilience_index - INFO - Successfully calculated GRI for 100 nodes.
2026-06-30 21:28:36,639 - early_warning_risk - INFO - Risk calculated for TrafficLight_4: score=79.95, level=HIGH
2026-06-30 21:28:36,641 - early_warning_alerts - INFO - Generated 7 alerts and response items.
2026-06-30 21:28:36,645 - acrs_engine - INFO - Initiating ACRS Assessment for seed node: TrafficLight_4, attack: DDoS
2026-06-30 21:28:36,856 - graph_resilience_index - INFO - Successfully calculated GRI for 100 nodes.
2026-06-30 21:28:42,236 - early_warning_risk - INFO - Risk calculated for CCTV_9: score=59.91, level=MEDIUM
2026-06-30 21:28:42,237 - early_warning_alerts - INFO - Generated 4 alerts and response items.
2026-06-30 21:28:42,237 - acrs_engine - INFO - Initiating ACRS Assessment for seed node: CCTV_9, attack: Reconnaissance
2026-06-30 21:28:42,239 - early_warning_risk - INFO - Risk calculated for TrafficLight_23: score=0.80, level=LOW
2026-06-30 21:28:42,366 - graph_resilience_index - INFO - Successfully calculated GRI for 100 nodes.
2026-06-30 21:28:43,110 - early_warning_risk - INFO - Risk calculated for CCTV_13: score=59.89, level=MEDIUM
2026-06-30 21:28:43,110 - early_warning_alerts - INFO - Generated 4 alerts and response items.
2026-06-30 21:28:43,111 - acrs_engine - INFO - Initiating ACRS Assessment for seed node: CCTV_13, attack: Botnet
2026-06-30 21:28:43,149 - graph_resilience_index - INFO - Successfully calculated GRI for 100 nodes.
2026-06-30 21:28:46,979 - early_warning_risk - INFO - Risk calculated for CCTV_13: score=59.89, level=MEDIUM
2026-06-30 21:28:46,980 - early_warning_alerts - INFO - Generated 4 alerts and response items.
2026-06-30 21:28:46,980 - acrs_engine - INFO - Initiating ACRS Assessment for seed node: CCTV_13, attack: Botnet
2026-06-30 21:28:47,015 - graph_resilience_index - INFO - Successfully calculated GRI for 100 nodes.
2026-06-30 21:28:48,526 - early_warning_risk - INFO - Risk calculated for CCTV_12: score=59.96, level=MEDIUM
2026-06-30 21:28:48,527 - early_warning_alerts - INFO - Generated 4 alerts and response items.
2026-06-30 21:28:48,527 - acrs_engine - INFO - Initiating ACRS Assessment for seed node: CCTV_12, attack: DDoS
2026-06-30 21:28:48,570 - graph_resilience_index - INFO - Successfully calculated GRI for 100 nodes.
2026-06-30 21:28:50,141 - early_warning_risk - INFO - Risk calculated for CCTV_14: score=59.89, level=MEDIUM
2026-06-30 21:28:50,142 - early_warning_alerts - INFO - Generated 4 alerts and response items.
2026-06-30 21:28:50,142 - acrs_engine - INFO - Initiating ACRS Assessment for seed node: CCTV_14, attack: Botnet
2026-06-30 21:28:50,191 - graph_resilience_index - INFO - Successfully calculated GRI for 100 nodes.
2026-06-30 21:28:55,916 - early_warning_risk - INFO - Risk calculated for TrafficLight_26: score=79.95, level=HIGH
2026-06-30 21:28:55,916 - early_warning_alerts - INFO - Generated 7 alerts and response items.
2026-06-30 21:28:55,917 - acrs_engine - INFO - Initiating ACRS Assessment for seed node: TrafficLight_26, attack: Brute Force
2026-06-30 21:28:55,920 - early_warning_risk - INFO - Risk calculated for ParkingSensor_11: score=29.95, level=LOW
2026-06-30 21:28:55,920 - early_warning_alerts - INFO - Generated 4 alerts and response items.
2026-06-30 21:28:55,920 - acrs_engine - INFO - Initiating ACRS Assessment for seed node: ParkingSensor_11, attack: Reconnaissance
2026-06-30 21:28:55,952 - graph_resilience_index - INFO - Successfully calculated GRI for 100 nodes.
2026-06-30 21:28:55,985 - graph_resilience_index - INFO - Successfully calculated GRI for 100 nodes.
2026-06-30 21:29:02,272 - early_warning_risk - INFO - Risk calculated for CCTV_5: score=59.89, level=MEDIUM
2026-06-30 21:29:02,272 - early_warning_alerts - INFO - Generated 4 alerts and response items.
2026-06-30 21:29:02,272 - acrs_engine - INFO - Initiating ACRS Assessment for seed node: CCTV_5, attack: Botnet
2026-06-30 21:29:02,274 - early_warning_risk - INFO - Risk calculated for CCTV_25: score=59.96, level=MEDIUM
2026-06-30 21:29:02,274 - early_warning_alerts - INFO - Generated 4 alerts and response items.
2026-06-30 21:29:02,275 - acrs_engine - INFO - Initiating ACRS Assessment for seed node: CCTV_25, attack: DDoS
2026-06-30 21:29:02,338 - graph_resilience_index - INFO - Successfully calculated GRI for 100 nodes.
2026-06-30 21:29:02,339 - graph_resilience_index - INFO - Successfully calculated GRI for 100 nodes.
2026-06-30 21:29:09,172 - early_warning_risk - INFO - Risk calculated for TrafficLight_5: score=79.88, level=HIGH
2026-06-30 21:29:09,173 - early_warning_alerts - INFO - Generated 7 alerts and response items.
2026-06-30 21:29:09,173 - acrs_engine - INFO - Initiating ACRS Assessment for seed node: TrafficLight_5, attack: Reconnaissance
2026-06-30 21:29:09,175 - early_warning_risk - INFO - Risk calculated for SmartMeter_2: score=39.97, level=MEDIUM
2026-06-30 21:29:09,175 - early_warning_alerts - INFO - Generated 4 alerts and response items.
2026-06-30 21:29:09,176 - acrs_engine - INFO - Initiating ACRS Assessment for seed node: SmartMeter_2, attack: Brute Force
2026-06-30 21:29:09,210 - graph_resilience_index - INFO - Successfully calculated GRI for 100 nodes.
2026-06-30 21:29:09,246 - graph_resilience_index - INFO - Successfully calculated GRI for 100 nodes.
2026-06-30 21:29:15,775 - early_warning_risk - INFO - Risk calculated for TrafficLight_14: score=0.80, level=LOW
2026-06-30 21:29:15,880 - early_warning_risk - INFO - Risk calculated for TrafficLight_19: score=79.88, level=HIGH
2026-06-30 21:29:15,881 - early_warning_alerts - INFO - Generated 7 alerts and response items.
2026-06-30 21:29:15,882 - acrs_engine - INFO - Initiating ACRS Assessment for seed node: TrafficLight_19, attack: Reconnaissance
2026-06-30 21:29:15,938 - graph_resilience_index - INFO - Successfully calculated GRI for 100 nodes.
2026-06-30 21:29:20,832 - early_warning_risk - INFO - Risk calculated for SmartMeter_8: score=39.97, level=MEDIUM
2026-06-30 21:29:20,833 - early_warning_alerts - INFO - Generated 4 alerts and response items.
2026-06-30 21:29:20,833 - acrs_engine - INFO - Initiating ACRS Assessment for seed node: SmartMeter_8, attack: Spoofing
2026-06-30 21:29:20,865 - graph_resilience_index - INFO - Successfully calculated GRI for 100 nodes.
2026-06-30 21:29:21,495 - early_warning_risk - INFO - Risk calculated for TrafficLight_22: score=79.95, level=HIGH
2026-06-30 21:29:21,496 - early_warning_alerts - INFO - Generated 7 alerts and response items.
2026-06-30 21:29:21,496 - acrs_engine - INFO - Initiating ACRS Assessment for seed node: TrafficLight_22, attack: DDoS
2026-06-30 21:29:21,537 - graph_resilience_index - INFO - Successfully calculated GRI for 100 nodes.
2026-06-30 21:29:26,766 - early_warning_risk - INFO - Risk calculated for CCTV_25: score=0.60, level=LOW
2026-06-30 21:29:27,277 - early_warning_risk - INFO - Risk calculated for StreetLight_5: score=19.98, level=LOW
2026-06-30 21:29:27,278 - early_warning_alerts - INFO - Generated 4 alerts and response items.
2026-06-30 21:29:27,278 - acrs_engine - INFO - Initiating ACRS Assessment for seed node: StreetLight_5, attack: Spoofing
2026-06-30 21:29:27,317 - graph_resilience_index - INFO - Successfully calculated GRI for 100 nodes.
2026-06-30 21:29:32,117 - early_warning_risk - INFO - Risk calculated for TrafficLight_10: score=79.94, level=HIGH
2026-06-30 21:29:32,118 - early_warning_alerts - INFO - Generated 7 alerts and response items.
2026-06-30 21:29:32,118 - acrs_engine - INFO - Initiating ACRS Assessment for seed node: TrafficLight_10, attack: Spoofing
2026-06-30 21:29:32,148 - graph_resilience_index - INFO - Successfully calculated GRI for 100 nodes.
2026-06-30 21:29:32,983 - early_warning_risk - INFO - Risk calculated for CCTV_23: score=59.96, level=MEDIUM
2026-06-30 21:29:32,988 - early_warning_alerts - INFO - Generated 4 alerts and response items.
2026-06-30 21:29:32,989 - acrs_engine - INFO - Initiating ACRS Assessment for seed node: CCTV_23, attack: Brute Force
2026-06-30 21:29:33,025 - graph_resilience_index - INFO - Successfully calculated GRI for 100 nodes.
2026-06-30 21:29:37,736 - early_warning_risk - INFO - Risk calculated for TrafficLight_13: score=79.95, level=HIGH
2026-06-30 21:29:37,737 - early_warning_alerts - INFO - Generated 7 alerts and response items.
2026-06-30 21:29:37,737 - acrs_engine - INFO - Initiating ACRS Assessment for seed node: TrafficLight_13, attack: Brute Force
2026-06-30 21:29:37,769 - graph_resilience_index - INFO - Successfully calculated GRI for 100 nodes.
2026-06-30 21:29:38,518 - early_warning_risk - INFO - Risk calculated for ParkingSensor_8: score=29.98, level=LOW
2026-06-30 21:29:38,519 - early_warning_alerts - INFO - Generated 4 alerts and response items.
2026-06-30 21:29:38,519 - acrs_engine - INFO - Initiating ACRS Assessment for seed node: ParkingSensor_8, attack: Brute Force
2026-06-30 21:29:38,565 - graph_resilience_index - INFO - Successfully calculated GRI for 100 nodes.
2026-06-30 21:29:43,452 - early_warning_risk - INFO - Risk calculated for TrafficLight_29: score=79.88, level=HIGH
2026-06-30 21:29:43,452 - early_warning_alerts - INFO - Generated 7 alerts and response items.
2026-06-30 21:29:43,452 - acrs_engine - INFO - Initiating ACRS Assessment for seed node: TrafficLight_29, attack: Reconnaissance
2026-06-30 21:29:43,485 - graph_resilience_index - INFO - Successfully calculated GRI for 100 nodes.
2026-06-30 21:29:44,266 - early_warning_risk - INFO - Risk calculated for TrafficLight_22: score=79.95, level=HIGH
2026-06-30 21:29:44,267 - early_warning_alerts - INFO - Generated 7 alerts and response items.
2026-06-30 21:29:44,267 - acrs_engine - INFO - Initiating ACRS Assessment for seed node: TrafficLight_22, attack: Brute Force
2026-06-30 21:29:44,304 - graph_resilience_index - INFO - Successfully calculated GRI for 100 nodes.
2026-06-30 21:29:48,954 - early_warning_risk - INFO - Risk calculated for SmartMeter_8: score=39.97, level=MEDIUM
2026-06-30 21:29:48,955 - early_warning_alerts - INFO - Generated 4 alerts and response items.
2026-06-30 21:29:48,955 - acrs_engine - INFO - Initiating ACRS Assessment for seed node: SmartMeter_8, attack: Brute Force
2026-06-30 21:29:48,991 - graph_resilience_index - INFO - Successfully calculated GRI for 100 nodes.
2026-06-30 21:29:49,655 - early_warning_risk - INFO - Risk calculated for TrafficLight_21: score=79.95, level=HIGH
2026-06-30 21:29:49,655 - early_warning_alerts - INFO - Generated 7 alerts and response items.
2026-06-30 21:29:49,656 - acrs_engine - INFO - Initiating ACRS Assessment for seed node: TrafficLight_21, attack: DDoS
2026-06-30 21:29:49,700 - graph_resilience_index - INFO - Successfully calculated GRI for 100 nodes.
2026-06-30 21:29:55,132 - early_warning_risk - INFO - Risk calculated for SmartMeter_5: score=39.97, level=MEDIUM
2026-06-30 21:29:55,132 - early_warning_alerts - INFO - Generated 4 alerts and response items.
2026-06-30 21:29:55,133 - acrs_engine - INFO - Initiating ACRS Assessment for seed node: SmartMeter_5, attack: Spoofing
2026-06-30 21:29:55,723 - graph_resilience_index - INFO - Successfully calculated GRI for 100 nodes.
2026-06-30 21:29:55,734 - early_warning_risk - INFO - Risk calculated for TrafficLight_1: score=79.86, level=HIGH
2026-06-30 21:29:55,734 - early_warning_alerts - INFO - Generated 7 alerts and response items.
2026-06-30 21:29:55,735 - acrs_engine - INFO - Initiating ACRS Assessment for seed node: TrafficLight_1, attack: Botnet
2026-06-30 21:29:55,778 - graph_resilience_index - INFO - Successfully calculated GRI for 100 nodes.
2026-06-30 21:30:02,847 - early_warning_risk - INFO - Risk calculated for ParkingSensor_5: score=0.30, level=LOW
2026-06-30 21:30:02,968 - early_warning_risk - INFO - Risk calculated for CCTV_2: score=59.96, level=MEDIUM
2026-06-30 21:30:02,969 - early_warning_alerts - INFO - Generated 4 alerts and response items.
2026-06-30 21:30:02,970 - acrs_engine - INFO - Initiating ACRS Assessment for seed node: CCTV_2, attack: Brute Force
2026-06-30 21:30:03,022 - graph_resilience_index - INFO - Successfully calculated GRI for 100 nodes.
2026-06-30 21:30:08,281 - early_warning_risk - INFO - Risk calculated for TrafficLight_20: score=79.95, level=HIGH
2026-06-30 21:30:08,282 - early_warning_alerts - INFO - Generated 7 alerts and response items.
2026-06-30 21:30:08,282 - acrs_engine - INFO - Initiating ACRS Assessment for seed node: TrafficLight_20, attack: DDoS
2026-06-30 21:30:08,316 - graph_resilience_index - INFO - Successfully calculated GRI for 100 nodes.
2026-06-30 21:30:09,204 - early_warning_risk - INFO - Risk calculated for ParkingSensor_5: score=29.98, level=LOW
2026-06-30 21:30:09,205 - early_warning_alerts - INFO - Generated 4 alerts and response items.
2026-06-30 21:30:09,205 - acrs_engine - INFO - Initiating ACRS Assessment for seed node: ParkingSensor_5, attack: DDoS
2026-06-30 21:30:09,248 - graph_resilience_index - INFO - Successfully calculated GRI for 100 nodes.
2026-06-30 21:30:15,296 - early_warning_risk - INFO - Risk calculated for SmartMeter_6: score=39.97, level=MEDIUM
2026-06-30 21:30:15,296 - early_warning_alerts - INFO - Generated 4 alerts and response items.
2026-06-30 21:30:15,296 - acrs_engine - INFO - Initiating ACRS Assessment for seed node: SmartMeter_6, attack: Brute Force
2026-06-30 21:30:15,299 - early_warning_risk - INFO - Risk calculated for StreetLight_1: score=19.99, level=LOW
2026-06-30 21:30:15,299 - early_warning_alerts - INFO - Generated 4 alerts and response items.
2026-06-30 21:30:15,300 - acrs_engine - INFO - Initiating ACRS Assessment for seed node: StreetLight_1, attack: Brute Force
2026-06-30 21:30:15,333 - graph_resilience_index - INFO - Successfully calculated GRI for 100 nodes.
2026-06-30 21:30:15,367 - graph_resilience_index - INFO - Successfully calculated GRI for 100 nodes.
2026-06-30 21:30:22,326 - early_warning_risk - INFO - Risk calculated for TrafficLight_12: score=0.80, level=LOW
2026-06-30 21:30:22,329 - early_warning_risk - INFO - Risk calculated for CCTV_14: score=0.60, level=LOW
2026-06-30 21:30:28,338 - early_warning_risk - INFO - Risk calculated for ParkingSensor_12: score=29.98, level=LOW
2026-06-30 21:30:28,338 - early_warning_alerts - INFO - Generated 4 alerts and response items.
2026-06-30 21:30:28,339 - acrs_engine - INFO - Initiating ACRS Assessment for seed node: ParkingSensor_12, attack: Brute Force
2026-06-30 21:30:28,342 - early_warning_risk - INFO - Risk calculated for TrafficLight_23: score=79.95, level=HIGH
2026-06-30 21:30:28,342 - early_warning_alerts - INFO - Generated 7 alerts and response items.
2026-06-30 21:30:28,343 - acrs_engine - INFO - Initiating ACRS Assessment for seed node: TrafficLight_23, attack: DDoS
2026-06-30 21:30:28,378 - graph_resilience_index - INFO - Successfully calculated GRI for 100 nodes.
2026-06-30 21:30:28,412 - graph_resilience_index - INFO - Successfully calculated GRI for 100 nodes.
2026-06-30 21:30:35,434 - early_warning_risk - INFO - Risk calculated for CCTV_1: score=59.95, level=MEDIUM
2026-06-30 21:30:35,436 - early_warning_risk - INFO - Risk calculated for WaterSensor_2: score=69.96, level=HIGH
2026-06-30 21:30:35,436 - early_warning_alerts - INFO - Generated 4 alerts and response items.
2026-06-30 21:30:35,438 - early_warning_alerts - INFO - Generated 7 alerts and response items.
2026-06-30 21:30:35,438 - acrs_engine - INFO - Initiating ACRS Assessment for seed node: CCTV_1, attack: Spoofing
2026-06-30 21:30:35,438 - acrs_engine - INFO - Initiating ACRS Assessment for seed node: WaterSensor_2, attack: DDoS
2026-06-30 21:30:35,475 - graph_resilience_index - INFO - Successfully calculated GRI for 100 nodes.
2026-06-30 21:30:35,510 - graph_resilience_index - INFO - Successfully calculated GRI for 100 nodes.
2026-06-30 21:30:42,302 - early_warning_risk - INFO - Risk calculated for TrafficLight_9: score=79.94, level=HIGH
2026-06-30 21:30:42,302 - early_warning_alerts - INFO - Generated 7 alerts and response items.
2026-06-30 21:30:42,302 - acrs_engine - INFO - Initiating ACRS Assessment for seed node: TrafficLight_9, attack: Spoofing
2026-06-30 21:30:42,304 - early_warning_risk - INFO - Risk calculated for CCTV_21: score=59.96, level=MEDIUM
2026-06-30 21:30:42,305 - early_warning_alerts - INFO - Generated 4 alerts and response items.
2026-06-30 21:30:42,306 - acrs_engine - INFO - Initiating ACRS Assessment for seed node: CCTV_21, attack: Brute Force
2026-06-30 21:30:42,340 - graph_resilience_index - INFO - Successfully calculated GRI for 100 nodes.
2026-06-30 21:30:42,375 - graph_resilience_index - INFO - Successfully calculated GRI for 100 nodes.
2026-06-30 21:30:49,055 - early_warning_risk - INFO - Risk calculated for SmartMeter_6: score=39.97, level=MEDIUM
2026-06-30 21:30:49,055 - early_warning_alerts - INFO - Generated 4 alerts and response items.
2026-06-30 21:30:49,055 - acrs_engine - INFO - Initiating ACRS Assessment for seed node: SmartMeter_6, attack: Spoofing
2026-06-30 21:30:49,056 - early_warning_risk - INFO - Risk calculated for CCTV_30: score=59.96, level=MEDIUM
2026-06-30 21:30:49,057 - early_warning_alerts - INFO - Generated 4 alerts and response items.
2026-06-30 21:30:49,058 - acrs_engine - INFO - Initiating ACRS Assessment for seed node: CCTV_30, attack: Brute Force
2026-06-30 21:30:49,091 - graph_resilience_index - INFO - Successfully calculated GRI for 100 nodes.
2026-06-30 21:30:49,124 - graph_resilience_index - INFO - Successfully calculated GRI for 100 nodes.
2026-06-30 21:30:55,944 - early_warning_risk - INFO - Risk calculated for ParkingSensor_11: score=29.98, level=LOW
2026-06-30 21:30:55,945 - early_warning_alerts - INFO - Generated 4 alerts and response items.
2026-06-30 21:30:55,945 - acrs_engine - INFO - Initiating ACRS Assessment for seed node: ParkingSensor_11, attack: Brute Force
2026-06-30 21:30:55,979 - graph_resilience_index - INFO - Successfully calculated GRI for 100 nodes.
2026-06-30 21:30:55,985 - early_warning_risk - INFO - Risk calculated for Server_1: score=99.93, level=CRITICAL
2026-06-30 21:30:55,985 - early_warning_alerts - INFO - Generated 7 alerts and response items.
2026-06-30 21:30:55,986 - acrs_engine - INFO - Initiating ACRS Assessment for seed node: Server_1, attack: Brute Force
2026-06-30 21:30:56,022 - graph_resilience_index - INFO - Successfully calculated GRI for 100 nodes.
2026-06-30 21:31:02,476 - early_warning_risk - INFO - Risk calculated for TrafficLight_15: score=0.80, level=LOW
2026-06-30 21:31:02,486 - early_warning_risk - INFO - Risk calculated for SmartMeter_9: score=39.98, level=MEDIUM
2026-06-30 21:31:02,487 - early_warning_alerts - INFO - Generated 4 alerts and response items.
2026-06-30 21:31:02,489 - acrs_engine - INFO - Initiating ACRS Assessment for seed node: SmartMeter_9, attack: DDoS
2026-06-30 21:31:02,617 - graph_resilience_index - INFO - Successfully calculated GRI for 100 nodes.
2026-06-30 21:31:07,432 - early_warning_risk - INFO - Risk calculated for WaterSensor_1: score=69.96, level=HIGH
2026-06-30 21:31:07,433 - early_warning_alerts - INFO - Generated 7 alerts and response items.
2026-06-30 21:31:07,433 - acrs_engine - INFO - Initiating ACRS Assessment for seed node: WaterSensor_1, attack: DDoS
2026-06-30 21:31:07,462 - graph_resilience_index - INFO - Successfully calculated GRI for 100 nodes.
2026-06-30 21:31:08,087 - early_warning_risk - INFO - Risk calculated for CCTV_25: score=59.95, level=MEDIUM
2026-06-30 21:31:08,088 - early_warning_alerts - INFO - Generated 4 alerts and response items.
2026-06-30 21:31:08,089 - acrs_engine - INFO - Initiating ACRS Assessment for seed node: CCTV_25, attack: Spoofing
2026-06-30 21:31:08,134 - graph_resilience_index - INFO - Successfully calculated GRI for 100 nodes.
2026-06-30 21:31:13,929 - early_warning_risk - INFO - Risk calculated for TrafficLight_20: score=0.80, level=LOW
2026-06-30 21:31:13,941 - early_warning_risk - INFO - Risk calculated for TrafficLight_12: score=79.94, level=HIGH
2026-06-30 21:31:13,942 - early_warning_alerts - INFO - Generated 7 alerts and response items.
2026-06-30 21:31:13,943 - acrs_engine - INFO - Initiating ACRS Assessment for seed node: TrafficLight_12, attack: Spoofing
2026-06-30 21:31:14,061 - graph_resilience_index - INFO - Successfully calculated GRI for 100 nodes.
2026-06-30 21:31:18,919 - early_warning_risk - INFO - Risk calculated for CCTV_26: score=59.96, level=MEDIUM
2026-06-30 21:31:18,919 - early_warning_alerts - INFO - Generated 4 alerts and response items.
2026-06-30 21:31:18,919 - acrs_engine - INFO - Initiating ACRS Assessment for seed node: CCTV_26, attack: DDoS
2026-06-30 21:31:18,949 - graph_resilience_index - INFO - Successfully calculated GRI for 100 nodes.
2026-06-30 21:31:19,607 - early_warning_risk - INFO - Risk calculated for ParkingSensor_9: score=0.30, level=LOW
2026-06-30 21:31:24,987 - early_warning_risk - INFO - Risk calculated for CCTV_17: score=59.95, level=MEDIUM
2026-06-30 21:31:24,987 - early_warning_alerts - INFO - Generated 4 alerts and response items.
2026-06-30 21:31:24,987 - acrs_engine - INFO - Initiating ACRS Assessment for seed node: CCTV_17, attack: Spoofing
2026-06-30 21:31:24,989 - early_warning_risk - INFO - Risk calculated for TrafficLight_12: score=79.88, level=HIGH
2026-06-30 21:31:24,989 - early_warning_alerts - INFO - Generated 7 alerts and response items.
2026-06-30 21:31:24,990 - acrs_engine - INFO - Initiating ACRS Assessment for seed node: TrafficLight_12, attack: Reconnaissance
2026-06-30 21:31:25,019 - graph_resilience_index - INFO - Successfully calculated GRI for 100 nodes.
2026-06-30 21:31:25,054 - graph_resilience_index - INFO - Successfully calculated GRI for 100 nodes.
2026-06-30 21:31:31,347 - early_warning_risk - INFO - Risk calculated for CCTV_17: score=59.89, level=MEDIUM
2026-06-30 21:31:31,347 - early_warning_alerts - INFO - Generated 4 alerts and response items.
2026-06-30 21:31:31,347 - acrs_engine - INFO - Initiating ACRS Assessment for seed node: CCTV_17, attack: Botnet
2026-06-30 21:31:31,350 - early_warning_risk - INFO - Risk calculated for SmartMeter_1: score=39.97, level=MEDIUM
2026-06-30 21:31:31,351 - early_warning_alerts - INFO - Generated 4 alerts and response items.
2026-06-30 21:31:31,351 - acrs_engine - INFO - Initiating ACRS Assessment for seed node: SmartMeter_1, attack: Spoofing
2026-06-30 21:31:31,382 - graph_resilience_index - INFO - Successfully calculated GRI for 100 nodes.
2026-06-30 21:31:31,416 - graph_resilience_index - INFO - Successfully calculated GRI for 100 nodes.
2026-06-30 21:31:38,050 - early_warning_risk - INFO - Risk calculated for ParkingSensor_7: score=0.30, level=LOW
2026-06-30 21:31:38,063 - early_warning_risk - INFO - Risk calculated for SmartMeter_7: score=39.97, level=MEDIUM
2026-06-30 21:31:38,064 - early_warning_alerts - INFO - Generated 4 alerts and response items.
2026-06-30 21:31:38,067 - acrs_engine - INFO - Initiating ACRS Assessment for seed node: SmartMeter_7, attack: Spoofing
2026-06-30 21:31:38,199 - graph_resilience_index - INFO - Successfully calculated GRI for 100 nodes.
2026-06-30 21:31:43,035 - early_warning_risk - INFO - Risk calculated for CCTV_22: score=59.96, level=MEDIUM
2026-06-30 21:31:43,035 - early_warning_alerts - INFO - Generated 4 alerts and response items.
2026-06-30 21:31:43,035 - acrs_engine - INFO - Initiating ACRS Assessment for seed node: CCTV_22, attack: Brute Force
2026-06-30 21:31:43,065 - graph_resilience_index - INFO - Successfully calculated GRI for 100 nodes.
2026-06-30 21:31:43,784 - early_warning_risk - INFO - Risk calculated for TrafficLight_8: score=79.95, level=HIGH
2026-06-30 21:31:43,784 - early_warning_alerts - INFO - Generated 7 alerts and response items.
2026-06-30 21:31:43,784 - acrs_engine - INFO - Initiating ACRS Assessment for seed node: TrafficLight_8, attack: Brute Force
2026-06-30 21:31:43,823 - graph_resilience_index - INFO - Successfully calculated GRI for 100 nodes.
2026-06-30 21:31:49,818 - early_warning_risk - INFO - Risk calculated for TrafficLight_20: score=79.86, level=HIGH
2026-06-30 21:31:49,818 - early_warning_alerts - INFO - Generated 7 alerts and response items.
2026-06-30 21:31:49,818 - acrs_engine - INFO - Initiating ACRS Assessment for seed node: TrafficLight_20, attack: Botnet
2026-06-30 21:31:49,821 - early_warning_risk - INFO - Risk calculated for TrafficLight_20: score=79.95, level=HIGH
2026-06-30 21:31:49,823 - early_warning_alerts - INFO - Generated 7 alerts and response items.
2026-06-30 21:31:49,823 - acrs_engine - INFO - Initiating ACRS Assessment for seed node: TrafficLight_20, attack: DDoS
2026-06-30 21:31:49,856 - graph_resilience_index - INFO - Successfully calculated GRI for 100 nodes.
2026-06-30 21:31:49,891 - graph_resilience_index - INFO - Successfully calculated GRI for 100 nodes.
2026-06-30 21:31:57,179 - early_warning_risk - INFO - Risk calculated for TrafficLight_24: score=0.80, level=LOW
2026-06-30 21:31:57,190 - early_warning_risk - INFO - Risk calculated for CCTV_10: score=59.89, level=MEDIUM
2026-06-30 21:31:57,192 - early_warning_alerts - INFO - Generated 4 alerts and response items.
2026-06-30 21:31:57,193 - acrs_engine - INFO - Initiating ACRS Assessment for seed node: CCTV_10, attack: Botnet
2026-06-30 21:31:57,316 - graph_resilience_index - INFO - Successfully calculated GRI for 100 nodes.
2026-06-30 21:32:02,145 - early_warning_risk - INFO - Risk calculated for WaterSensor_5: score=69.96, level=HIGH
2026-06-30 21:32:02,145 - early_warning_alerts - INFO - Generated 7 alerts and response items.
2026-06-30 21:32:02,145 - acrs_engine - INFO - Initiating ACRS Assessment for seed node: WaterSensor_5, attack: DDoS
2026-06-30 21:32:02,174 - graph_resilience_index - INFO - Successfully calculated GRI for 100 nodes.
2026-06-30 21:32:02,867 - early_warning_risk - INFO - Risk calculated for WaterSensor_4: score=69.94, level=HIGH
2026-06-30 21:32:02,868 - early_warning_alerts - INFO - Generated 7 alerts and response items.
2026-06-30 21:32:02,868 - acrs_engine - INFO - Initiating ACRS Assessment for seed node: WaterSensor_4, attack: Spoofing
2026-06-30 21:32:02,907 - graph_resilience_index - INFO - Successfully calculated GRI for 100 nodes.
2026-06-30 21:32:07,896 - early_warning_risk - INFO - Risk calculated for CCTV_15: score=59.89, level=MEDIUM
2026-06-30 21:32:07,897 - early_warning_alerts - INFO - Generated 4 alerts and response items.
2026-06-30 21:32:07,897 - acrs_engine - INFO - Initiating ACRS Assessment for seed node: CCTV_15, attack: Botnet
2026-06-30 21:32:07,927 - graph_resilience_index - INFO - Successfully calculated GRI for 100 nodes.
2026-06-30 21:32:08,497 - early_warning_risk - INFO - Risk calculated for ParkingSensor_14: score=29.98, level=LOW
2026-06-30 21:32:08,498 - early_warning_alerts - INFO - Generated 4 alerts and response items.
2026-06-30 21:32:08,503 - acrs_engine - INFO - Initiating ACRS Assessment for seed node: ParkingSensor_14, attack: Spoofing
2026-06-30 21:32:08,599 - graph_resilience_index - INFO - Successfully calculated GRI for 100 nodes.
2026-06-30 21:32:14,491 - early_warning_risk - INFO - Risk calculated for StreetLight_3: score=19.99, level=LOW
2026-06-30 21:32:14,491 - early_warning_alerts - INFO - Generated 4 alerts and response items.
2026-06-30 21:32:14,491 - acrs_engine - INFO - Initiating ACRS Assessment for seed node: StreetLight_3, attack: Brute Force
2026-06-30 21:32:14,493 - early_warning_risk - INFO - Risk calculated for TrafficLight_9: score=79.86, level=HIGH
2026-06-30 21:32:14,493 - early_warning_alerts - INFO - Generated 7 alerts and response items.
2026-06-30 21:32:14,494 - acrs_engine - INFO - Initiating ACRS Assessment for seed node: TrafficLight_9, attack: Botnet
2026-06-30 21:32:14,526 - graph_resilience_index - INFO - Successfully calculated GRI for 100 nodes.
2026-06-30 21:32:14,559 - graph_resilience_index - INFO - Successfully calculated GRI for 100 nodes.
2026-06-30 21:32:20,915 - early_warning_risk - INFO - Risk calculated for SmartMeter_8: score=39.94, level=MEDIUM
2026-06-30 21:32:20,917 - early_warning_alerts - INFO - Generated 4 alerts and response items.
2026-06-30 21:32:20,917 - early_warning_risk - INFO - Risk calculated for CCTV_5: score=59.95, level=MEDIUM
2026-06-30 21:32:20,917 - early_warning_alerts - INFO - Generated 4 alerts and response items.
ter_8, attack: Reconnaissance
2026-06-30 21:32:20,918 - acrs_engine - INFO - Initiating ACRS Assessment for seed node: CCTV_5, attack: Spoofing
2026-06-30 21:32:20,953 - graph_resilience_index - INFO - Successfully calculated GRI for 100 nodes.
2026-06-30 21:32:20,982 - graph_resilience_index - INFO - Successfully calculated GRI for 100 nodes.
2026-06-30 21:32:27,094 - early_warning_risk - INFO - Risk calculated for CCTV_26: score=59.91, level=MEDIUM
2026-06-30 21:32:27,095 - early_warning_alerts - INFO - Generated 4 alerts and response items.
2026-06-30 21:32:27,095 - acrs_engine - INFO - Initiating ACRS Assessment for seed node: CCTV_26, attack: Reconnaissance
2026-06-30 21:32:27,096 - early_warning_risk - INFO - Risk calculated for ParkingSensor_8: score=29.98, level=LOW
2026-06-30 21:32:27,096 - early_warning_alerts - INFO - Generated 4 alerts and response items.
2026-06-30 21:32:27,097 - acrs_engine - INFO - Initiating ACRS Assessment for seed node: ParkingSensor_8, attack: Brute Force
2026-06-30 21:32:27,129 - graph_resilience_index - INFO - Successfully calculated GRI for 100 nodes.
2026-06-30 21:32:27,161 - graph_resilience_index - INFO - Successfully calculated GRI for 100 nodes.
2026-06-30 21:32:33,116 - early_warning_risk - INFO - Risk calculated for WaterSensor_5: score=69.89, level=HIGH
2026-06-30 21:32:33,116 - early_warning_alerts - INFO - Generated 7 alerts and response items.
2026-06-30 21:32:33,116 - acrs_engine - INFO - Initiating ACRS Assessment for seed node: WaterSensor_5, attack: Reconnaissance
2026-06-30 21:32:33,118 - early_warning_risk - INFO - Risk calculated for CCTV_22: score=59.96, level=MEDIUM
2026-06-30 21:32:33,118 - early_warning_alerts - INFO - Generated 4 alerts and response items.
2026-06-30 21:32:33,119 - acrs_engine - INFO - Initiating ACRS Assessment for seed node: CCTV_22, attack: DDoS
2026-06-30 21:32:33,149 - graph_resilience_index - INFO - Successfully calculated GRI for 100 nodes.
2026-06-30 21:32:33,182 - graph_resilience_index - INFO - Successfully calculated GRI for 100 nodes.
2026-06-30 21:32:39,171 - early_warning_risk - INFO - Risk calculated for ParkingSensor_15: score=29.98, level=LOW
2026-06-30 21:32:39,172 - early_warning_alerts - INFO - Generated 4 alerts and response items.
2026-06-30 21:32:39,172 - acrs_engine - INFO - Initiating ACRS Assessment for seed node: ParkingSensor_15, attack: DDoS
2026-06-30 21:32:39,175 - early_warning_risk - INFO - Risk calculated for TrafficLight_28: score=79.88, level=HIGH
2026-06-30 21:32:39,175 - early_warning_alerts - INFO - Generated 7 alerts and response items.
2026-06-30 21:32:39,175 - acrs_engine - INFO - Initiating ACRS Assessment for seed node: TrafficLight_28, attack: Reconnaissance
2026-06-30 21:32:39,205 - graph_resilience_index - INFO - Successfully calculated GRI for 100 nodes.
2026-06-30 21:32:39,238 - graph_resilience_index - INFO - Successfully calculated GRI for 100 nodes.
2026-06-30 21:32:45,278 - early_warning_risk - INFO - Risk calculated for TrafficLight_18: score=79.88, level=HIGH
2026-06-30 21:32:45,278 - early_warning_alerts - INFO - Generated 7 alerts and response items.
2026-06-30 21:32:45,279 - acrs_engine - INFO - Initiating ACRS Assessment for seed node: TrafficLight_18, attack: Reconnaissance
2026-06-30 21:32:45,281 - early_warning_risk - INFO - Risk calculated for ParkingSensor_14: score=29.95, level=LOW
2026-06-30 21:32:45,281 - early_warning_alerts - INFO - Generated 4 alerts and response items.
2026-06-30 21:32:45,282 - acrs_engine - INFO - Initiating ACRS Assessment for seed node: ParkingSensor_14, attack: Reconnaissance
2026-06-30 21:32:45,311 - graph_resilience_index - INFO - Successfully calculated GRI for 100 nodes.
2026-06-30 21:32:45,344 - graph_resilience_index - INFO - Successfully calculated GRI for 100 nodes.
2026-06-30 21:32:51,356 - early_warning_risk - INFO - Risk calculated for TrafficLight_27: score=79.88, level=HIGH
2026-06-30 21:32:51,357 - early_warning_alerts - INFO - Generated 7 alerts and response items.
2026-06-30 21:32:51,357 - acrs_engine - INFO - Initiating ACRS Assessment for seed node: TrafficLight_27, attack: Reconnaissance
2026-06-30 21:32:51,358 - early_warning_risk - INFO - Risk calculated for CCTV_26: score=0.60, level=LOW
2026-06-30 21:32:51,472 - graph_resilience_index - INFO - Successfully calculated GRI for 100 nodes.
2026-06-30 21:32:56,607 - early_warning_risk - INFO - Risk calculated for TrafficLight_25: score=79.86, level=HIGH
2026-06-30 21:32:56,608 - early_warning_alerts - INFO - Generated 7 alerts and response items.
2026-06-30 21:32:56,608 - acrs_engine - INFO - Initiating ACRS Assessment for seed node: TrafficLight_25, attack: Botnet
2026-06-30 21:32:56,642 - graph_resilience_index - INFO - Successfully calculated GRI for 100 nodes.
2026-06-30 21:32:57,565 - early_warning_risk - INFO - Risk calculated for SmartMeter_10: score=39.97, level=MEDIUM
2026-06-30 21:32:57,566 - early_warning_alerts - INFO - Generated 4 alerts and response items.
2026-06-30 21:32:57,567 - acrs_engine - INFO - Initiating ACRS Assessment for seed node: SmartMeter_10, attack: Brute Force
2026-06-30 21:32:57,610 - graph_resilience_index - INFO - Successfully calculated GRI for 100 nodes.
2026-06-30 21:33:02,759 - early_warning_risk - INFO - Risk calculated for TrafficLight_4: score=0.80, level=LOW
2026-06-30 21:33:03,219 - early_warning_risk - INFO - Risk calculated for TrafficLight_6: score=79.95, level=HIGH
2026-06-30 21:33:03,220 - early_warning_alerts - INFO - Generated 7 alerts and response items.
2026-06-30 21:33:03,221 - acrs_engine - INFO - Initiating ACRS Assessment for seed node: TrafficLight_6, attack: DDoS
2026-06-30 21:33:03,260 - graph_resilience_index - INFO - Successfully calculated GRI for 100 nodes.
2026-06-30 21:33:07,681 - early_warning_risk - INFO - Risk calculated for ParkingSensor_13: score=29.98, level=LOW
2026-06-30 21:33:07,681 - early_warning_alerts - INFO - Generated 4 alerts and response items.
2026-06-30 21:33:07,681 - acrs_engine - INFO - Initiating ACRS Assessment for seed node: ParkingSensor_13, attack: Brute Force
2026-06-30 21:33:07,713 - graph_resilience_index - INFO - Successfully calculated GRI for 100 nodes.
2026-06-30 21:33:08,371 - early_warning_risk - INFO - Risk calculated for CCTV_12: score=59.95, level=MEDIUM
2026-06-30 21:33:08,372 - early_warning_alerts - INFO - Generated 4 alerts and response items.
2026-06-30 21:33:08,372 - acrs_engine - INFO - Initiating ACRS Assessment for seed node: CCTV_12, attack: Spoofing
2026-06-30 21:33:08,406 - graph_resilience_index - INFO - Successfully calculated GRI for 100 nodes.
2026-06-30 21:33:13,082 - early_warning_risk - INFO - Risk calculated for TrafficLight_17: score=79.95, level=HIGH
2026-06-30 21:33:13,082 - early_warning_alerts - INFO - Generated 7 alerts and response items.
2026-06-30 21:33:13,083 - acrs_engine - INFO - Initiating ACRS Assessment for seed node: TrafficLight_17, attack: Brute Force
2026-06-30 21:33:13,114 - graph_resilience_index - INFO - Successfully calculated GRI for 100 nodes.
2026-06-30 21:33:13,677 - early_warning_risk - INFO - Risk calculated for ParkingSensor_14: score=29.95, level=LOW
2026-06-30 21:33:13,678 - early_warning_alerts - INFO - Generated 4 alerts and response items.
2026-06-30 21:33:13,678 - acrs_engine - INFO - Initiating ACRS Assessment for seed node: ParkingSensor_14, attack: Botnet
2026-06-30 21:33:13,713 - graph_resilience_index - INFO - Successfully calculated GRI for 100 nodes.
2026-06-30 21:33:19,646 - early_warning_risk - INFO - Risk calculated for CCTV_21: score=59.95, level=MEDIUM
2026-06-30 21:33:19,646 - early_warning_alerts - INFO - Generated 4 alerts and response items.
2026-06-30 21:33:19,646 - early_warning_risk - INFO - Risk calculated for TrafficLight_18: score=0.80, level=LOW
2026-06-30 21:33:19,646 - acrs_engine - INFO - Initiating ACRS Assessment for seed node: CCTV_21, attack: Spoofing
2026-06-30 21:33:19,768 - graph_resilience_index - INFO - Successfully calculated GRI for 100 nodes.
2026-06-30 21:33:24,608 - early_warning_risk - INFO - Risk calculated for ParkingSensor_13: score=29.98, level=LOW
2026-06-30 21:33:24,609 - early_warning_alerts - INFO - Generated 4 alerts and response items.
2026-06-30 21:33:24,609 - acrs_engine - INFO - Initiating ACRS Assessment for seed node: ParkingSensor_13, attack: DDoS
2026-06-30 21:33:24,641 - graph_resilience_index - INFO - Successfully calculated GRI for 100 nodes.
2026-06-30 21:33:25,088 - early_warning_risk - INFO - Risk calculated for TrafficLight_7: score=79.95, level=HIGH
2026-06-30 21:33:25,089 - early_warning_alerts - INFO - Generated 7 alerts and response items.
2026-06-30 21:33:25,090 - acrs_engine - INFO - Initiating ACRS Assessment for seed node: TrafficLight_7, attack: Brute Force
2026-06-30 21:33:25,201 - graph_resilience_index - INFO - Successfully calculated GRI for 100 nodes.
2026-06-30 21:33:30,733 - early_warning_risk - INFO - Risk calculated for TrafficLight_6: score=79.86, level=HIGH
2026-06-30 21:33:30,733 - early_warning_alerts - INFO - Generated 7 alerts and response items.
2026-06-30 21:33:30,733 - acrs_engine - INFO - Initiating ACRS Assessment for seed node: TrafficLight_6, attack: Botnet
2026-06-30 21:33:30,735 - early_warning_risk - INFO - Risk calculated for TrafficLight_23: score=0.80, level=LOW
2026-06-30 21:33:30,864 - graph_resilience_index - INFO - Successfully calculated GRI for 100 nodes.
2026-06-30 21:33:35,769 - early_warning_risk - INFO - Risk calculated for SmartMeter_9: score=39.94, level=MEDIUM
2026-06-30 21:33:35,769 - early_warning_alerts - INFO - Generated 4 alerts and response items.
2026-06-30 21:33:35,769 - acrs_engine - INFO - Initiating ACRS Assessment for seed node: SmartMeter_9, attack: Reconnaissance
2026-06-30 21:33:35,801 - graph_resilience_index - INFO - Successfully calculated GRI for 100 nodes.
2026-06-30 21:33:36,293 - early_warning_risk - INFO - Risk calculated for TrafficLight_10: score=79.95, level=HIGH
2026-06-30 21:33:36,294 - early_warning_alerts - INFO - Generated 7 alerts and response items.
2026-06-30 21:33:36,294 - acrs_engine - INFO - Initiating ACRS Assessment for seed node: TrafficLight_10, attack: Brute Force
2026-06-30 21:33:36,329 - graph_resilience_index - INFO - Successfully calculated GRI for 100 nodes.
2026-06-30 21:33:41,321 - early_warning_risk - INFO - Risk calculated for TrafficLight_3: score=79.88, level=HIGH
2026-06-30 21:33:41,322 - early_warning_alerts - INFO - Generated 7 alerts and response items.
2026-06-30 21:33:41,322 - acrs_engine - INFO - Initiating ACRS Assessment for seed node: TrafficLight_3, attack: Reconnaissance
2026-06-30 21:33:41,355 - graph_resilience_index - INFO - Successfully calculated GRI for 100 nodes.
2026-06-30 21:33:41,875 - early_warning_risk - INFO - Risk calculated for ParkingSensor_5: score=0.30, level=LOW
2026-06-30 21:33:47,182 - early_warning_risk - INFO - Risk calculated for TrafficLight_21: score=79.86, level=HIGH
2026-06-30 21:33:47,182 - early_warning_risk - INFO - Risk calculated for TrafficLight_26: score=79.86, level=HIGH
2026-06-30 21:33:47,183 - early_warning_alerts - INFO - Generated 7 alerts and response items.
2026-06-30 21:33:47,183 - early_warning_alerts - INFO - Generated 7 alerts and response items.
2026-06-30 21:33:47,183 - acrs_engine - INFO - Initiating ACRS Assessment for seed node: TrafficLight_21, attack: Botnet
2026-06-30 21:33:47,183 - acrs_engine - INFO - Initiating ACRS Assessment for seed node: TrafficLight_26, attack: Botnet
2026-06-30 21:33:47,221 - graph_resilience_index - INFO - Successfully calculated GRI for 100 nodes.
2026-06-30 21:33:47,250 - graph_resilience_index - INFO - Successfully calculated GRI for 100 nodes.
2026-06-30 21:33:53,100 - early_warning_risk - INFO - Risk calculated for CCTV_20: score=59.89, level=MEDIUM
2026-06-30 21:33:53,101 - early_warning_alerts - INFO - Generated 4 alerts and response items.
2026-06-30 21:33:53,101 - acrs_engine - INFO - Initiating ACRS Assessment for seed node: CCTV_20, attack: Botnet
2026-06-30 21:33:53,103 - early_warning_risk - INFO - Risk calculated for CCTV_6: score=59.91, level=MEDIUM
2026-06-30 21:33:53,103 - early_warning_alerts - INFO - Generated 4 alerts and response items.
2026-06-30 21:33:53,103 - acrs_engine - INFO - Initiating ACRS Assessment for seed node: CCTV_6, attack: Reconnaissance
2026-06-30 21:33:53,136 - graph_resilience_index - INFO - Successfully calculated GRI for 100 nodes.
2026-06-30 21:33:53,167 - graph_resilience_index - INFO - Successfully calculated GRI for 100 nodes.
2026-06-30 21:33:59,395 - early_warning_risk - INFO - Risk calculated for TrafficLight_1: score=79.86, level=HIGH
2026-06-30 21:33:59,396 - early_warning_alerts - INFO - Generated 7 alerts and response items.
2026-06-30 21:33:59,396 - acrs_engine - INFO - Initiating ACRS Assessment for seed node: TrafficLight_1, attack: Botnet
2026-06-30 21:33:59,398 - early_warning_risk - INFO - Risk calculated for TrafficLight_20: score=79.88, level=HIGH
2026-06-30 21:33:59,398 - early_warning_alerts - INFO - Generated 7 alerts and response items.
2026-06-30 21:33:59,399 - acrs_engine - INFO - Initiating ACRS Assessment for seed node: TrafficLight_20, attack: Reconnaissance
2026-06-30 21:33:59,432 - graph_resilience_index - INFO - Successfully calculated GRI for 100 nodes.
2026-06-30 21:33:59,463 - graph_resilience_index - INFO - Successfully calculated GRI for 100 nodes.
2026-06-30 21:34:05,538 - early_warning_risk - INFO - Risk calculated for StreetLight_5: score=19.99, level=LOW
2026-06-30 21:34:05,538 - early_warning_alerts - INFO - Generated 4 alerts and response items.
2026-06-30 21:34:05,539 - acrs_engine - INFO - Initiating ACRS Assessment for seed node: StreetLight_5, attack: DDoS
2026-06-30 21:34:05,541 - early_warning_risk - INFO - Risk calculated for CCTV_28: score=59.96, level=MEDIUM
2026-06-30 21:34:05,541 - early_warning_alerts - INFO - Generated 4 alerts and response items.
2026-06-30 21:34:05,542 - acrs_engine - INFO - Initiating ACRS Assessment for seed node: CCTV_28, attack: Brute Force
2026-06-30 21:34:05,574 - graph_resilience_index - INFO - Successfully calculated GRI for 100 nodes.
2026-06-30 21:34:05,605 - graph_resilience_index - INFO - Successfully calculated GRI for 100 nodes.
2026-06-30 21:34:11,620 - early_warning_risk - INFO - Risk calculated for CCTV_30: score=59.96, level=MEDIUM
2026-06-30 21:34:11,620 - early_warning_alerts - INFO - Generated 4 alerts and response items.
2026-06-30 21:34:11,620 - acrs_engine - INFO - Initiating ACRS Assessment for seed node: CCTV_30, attack: DDoS
2026-06-30 21:34:11,621 - early_warning_risk - INFO - Risk calculated for TrafficLight_7: score=79.88, level=HIGH
2026-06-30 21:34:11,622 - early_warning_alerts - INFO - Generated 7 alerts and response items.
2026-06-30 21:34:11,623 - acrs_engine - INFO - Initiating ACRS Assessment for seed node: TrafficLight_7, attack: Reconnaissance
2026-06-30 21:34:11,655 - graph_resilience_index - INFO - Successfully calculated GRI for 100 nodes.
2026-06-30 21:34:11,686 - graph_resilience_index - INFO - Successfully calculated GRI for 100 nodes.
2026-06-30 21:34:17,596 - early_warning_risk - INFO - Risk calculated for TrafficLight_29: score=79.94, level=HIGH
2026-06-30 21:34:17,597 - early_warning_alerts - INFO - Generated 7 alerts and response items.
2026-06-30 21:34:17,597 - acrs_engine - INFO - Initiating ACRS Assessment for seed node: TrafficLight_29, attack: Spoofing
2026-06-30 21:34:17,599 - early_warning_risk - INFO - Risk calculated for CCTV_7: score=59.91, level=MEDIUM
2026-06-30 21:34:17,599 - early_warning_alerts - INFO - Generated 4 alerts and response items.
2026-06-30 21:34:17,599 - acrs_engine - INFO - Initiating ACRS Assessment for seed node: CCTV_7, attack: Reconnaissance
2026-06-30 21:34:17,631 - graph_resilience_index - INFO - Successfully calculated GRI for 100 nodes.
2026-06-30 21:34:17,661 - graph_resilience_index - INFO - Successfully calculated GRI for 100 nodes.
2026-06-30 21:34:23,538 - early_warning_risk - INFO - Risk calculated for SmartMeter_6: score=0.40, level=LOW
2026-06-30 21:34:23,619 - early_warning_risk - INFO - Risk calculated for SmartMeter_10: score=39.97, level=MEDIUM
2026-06-30 21:34:23,620 - early_warning_alerts - INFO - Generated 4 alerts and response items.
2026-06-30 21:34:23,621 - acrs_engine - INFO - Initiating ACRS Assessment for seed node: SmartMeter_10, attack: Spoofing
2026-06-30 21:34:23,661 - graph_resilience_index - INFO - Successfully calculated GRI for 100 nodes.
2026-06-30 21:34:28,233 - early_warning_risk - INFO - Risk calculated for CCTV_9: score=59.89, level=MEDIUM
2026-06-30 21:34:28,234 - early_warning_alerts - INFO - Generated 4 alerts and response items.
2026-06-30 21:34:28,234 - acrs_engine - INFO - Initiating ACRS Assessment for seed node: CCTV_9, attack: Botnet
2026-06-30 21:34:28,269 - graph_resilience_index - INFO - Successfully calculated GRI for 100 nodes.
2026-06-30 21:34:28,986 - early_warning_risk - INFO - Risk calculated for Gateway_1: score=89.84, level=CRITICAL
2026-06-30 21:34:28,987 - early_warning_alerts - INFO - Generated 7 alerts and response items.
2026-06-30 21:34:28,988 - acrs_engine - INFO - Initiating ACRS Assessment for seed node: Gateway_1, attack: Botnet
2026-06-30 21:34:29,028 - graph_resilience_index - INFO - Successfully calculated GRI for 100 nodes.
2026-06-30 21:34:34,361 - early_warning_risk - INFO - Risk calculated for CCTV_15: score=59.89, level=MEDIUM
2026-06-30 21:34:34,362 - early_warning_alerts - INFO - Generated 4 alerts and response items.
2026-06-30 21:34:34,362 - acrs_engine - INFO - Initiating ACRS Assessment for seed node: CCTV_15, attack: Botnet
2026-06-30 21:34:34,393 - graph_resilience_index - INFO - Successfully calculated GRI for 100 nodes.
2026-06-30 21:34:34,766 - early_warning_risk - INFO - Risk calculated for CCTV_4: score=59.91, level=MEDIUM
2026-06-30 21:34:34,767 - early_warning_alerts - INFO - Generated 4 alerts and response items.
2026-06-30 21:34:34,767 - acrs_engine - INFO - Initiating ACRS Assessment for seed node: CCTV_4, attack: Reconnaissance
2026-06-30 21:34:34,799 - graph_resilience_index - INFO - Successfully calculated GRI for 100 nodes.
2026-06-30 21:34:40,587 - early_warning_risk - INFO - Risk calculated for ParkingSensor_8: score=29.98, level=LOW
2026-06-30 21:34:40,588 - early_warning_alerts - INFO - Generated 4 alerts and response items.
2026-06-30 21:34:40,588 - acrs_engine - INFO - Initiating ACRS Assessment for seed node: ParkingSensor_8, attack: Spoofing
2026-06-30 21:34:40,590 - early_warning_risk - INFO - Risk calculated for CCTV_7: score=59.96, level=MEDIUM
2026-06-30 21:34:40,590 - early_warning_alerts - INFO - Generated 4 alerts and response items.
2026-06-30 21:34:40,591 - acrs_engine - INFO - Initiating ACRS Assessment for seed node: CCTV_7, attack: Brute Force
2026-06-30 21:34:40,623 - graph_resilience_index - INFO - Successfully calculated GRI for 100 nodes.
2026-06-30 21:34:40,653 - graph_resilience_index - INFO - Successfully calculated GRI for 100 nodes.
2026-06-30 21:34:46,550 - early_warning_risk - INFO - Risk calculated for TrafficLight_5: score=79.94, level=HIGH
2026-06-30 21:34:46,551 - early_warning_alerts - INFO - Generated 7 alerts and response items.
2026-06-30 21:34:46,551 - acrs_engine - INFO - Initiating ACRS Assessment for seed node: TrafficLight_5, attack: Spoofing
2026-06-30 21:34:46,554 - early_warning_risk - INFO - Risk calculated for TrafficLight_17: score=79.95, level=HIGH
2026-06-30 21:34:46,554 - early_warning_alerts - INFO - Generated 7 alerts and response items.
2026-06-30 21:34:46,554 - acrs_engine - INFO - Initiating ACRS Assessment for seed node: TrafficLight_17, attack: Brute Force
2026-06-30 21:34:46,585 - graph_resilience_index - INFO - Successfully calculated GRI for 100 nodes.
2026-06-30 21:34:46,618 - graph_resilience_index - INFO - Successfully calculated GRI for 100 nodes.
2026-06-30 21:34:52,386 - early_warning_risk - INFO - Risk calculated for ParkingSensor_13: score=29.98, level=LOW
2026-06-30 21:34:52,387 - early_warning_alerts - INFO - Generated 4 alerts and response items.
2026-06-30 21:34:52,388 - acrs_engine - INFO - Initiating ACRS Assessment for seed node: ParkingSensor_13, attack: DDoS
2026-06-30 21:34:52,422 - graph_resilience_index - INFO - Successfully calculated GRI for 100 nodes.
2026-06-30 21:34:52,425 - early_warning_risk - INFO - Risk calculated for Gateway_3: score=89.93, level=CRITICAL
2026-06-30 21:34:52,425 - early_warning_alerts - INFO - Generated 7 alerts and response items.
2026-06-30 21:34:52,425 - acrs_engine - INFO - Initiating ACRS Assessment for seed node: Gateway_3, attack: Spoofing
2026-06-30 21:34:52,459 - graph_resilience_index - INFO - Successfully calculated GRI for 100 nodes.
2026-06-30 21:34:58,279 - early_warning_risk - INFO - Risk calculated for CCTV_5: score=59.89, level=MEDIUM
2026-06-30 21:34:58,280 - early_warning_alerts - INFO - Generated 4 alerts and response items.
2026-06-30 21:34:58,281 - acrs_engine - INFO - Initiating ACRS Assessment for seed node: CCTV_5, attack: Botnet
2026-06-30 21:34:58,284 - early_warning_risk - INFO - Risk calculated for TrafficLight_22: score=79.95, level=HIGH
2026-06-30 21:34:58,285 - early_warning_alerts - INFO - Generated 7 alerts and response items.
2026-06-30 21:34:58,285 - acrs_engine - INFO - Initiating ACRS Assessment for seed node: TrafficLight_22, attack: DDoS
2026-06-30 21:34:58,317 - graph_resilience_index - INFO - Successfully calculated GRI for 100 nodes.
2026-06-30 21:34:58,347 - graph_resilience_index - INFO - Successfully calculated GRI for 100 nodes.
2026-06-30 21:35:04,215 - early_warning_risk - INFO - Risk calculated for CCTV_24: score=59.89, level=MEDIUM
2026-06-30 21:35:04,216 - early_warning_alerts - INFO - Generated 4 alerts and response items.
2026-06-30 21:35:04,216 - acrs_engine - INFO - Initiating ACRS Assessment for seed node: CCTV_24, attack: Botnet
2026-06-30 21:35:04,218 - early_warning_risk - INFO - Risk calculated for CCTV_23: score=59.96, level=MEDIUM
2026-06-30 21:35:04,219 - early_warning_alerts - INFO - Generated 4 alerts and response items.
2026-06-30 21:35:04,219 - acrs_engine - INFO - Initiating ACRS Assessment for seed node: CCTV_23, attack: DDoS
2026-06-30 21:35:04,252 - graph_resilience_index - INFO - Successfully calculated GRI for 100 nodes.
2026-06-30 21:35:04,281 - graph_resilience_index - INFO - Successfully calculated GRI for 100 nodes.
2026-06-30 21:35:10,156 - early_warning_risk - INFO - Risk calculated for StreetLight_1: score=19.96, level=LOW
2026-06-30 21:35:10,156 - early_warning_alerts - INFO - Generated 4 alerts and response items.
2026-06-30 21:35:10,156 - acrs_engine - INFO - Initiating ACRS Assessment for seed node: StreetLight_1, attack: Botnet
2026-06-30 21:35:10,158 - early_warning_risk - INFO - Risk calculated for WaterSensor_4: score=69.94, level=HIGH
2026-06-30 21:35:10,159 - early_warning_alerts - INFO - Generated 7 alerts and response items.
2026-06-30 21:35:10,159 - acrs_engine - INFO - Initiating ACRS Assessment for seed node: WaterSensor_4, attack: Spoofing
2026-06-30 21:35:10,190 - graph_resilience_index - INFO - Successfully calculated GRI for 100 nodes.
2026-06-30 21:35:10,222 - graph_resilience_index - INFO - Successfully calculated GRI for 100 nodes.
2026-06-30 21:35:16,032 - early_warning_risk - INFO - Risk calculated for TrafficLight_17: score=79.88, level=HIGH
2026-06-30 21:35:16,033 - early_warning_risk - INFO - Risk calculated for ParkingSensor_4: score=29.98, level=LOW
2026-06-30 21:35:16,032 - early_warning_alerts - INFO - Generated 7 alerts and response items.
2026-06-30 21:35:16,034 - early_warning_alerts - INFO - Generated 4 alerts and response items.
2026-06-30 21:35:16,034 - acrs_engine - INFO - Initiating ACRS Assessment for seed node: TrafficLight_17, attack: Reconnaissance
2026-06-30 21:35:16,035 - acrs_engine - INFO - Initiating ACRS Assessment for seed node: ParkingSensor_4, attack: DDoS
2026-06-30 21:35:16,066 - graph_resilience_index - INFO - Successfully calculated GRI for 100 nodes.
2026-06-30 21:35:16,097 - graph_resilience_index - INFO - Successfully calculated GRI for 100 nodes.
2026-06-30 21:35:22,659 - early_warning_risk - INFO - Risk calculated for ParkingSensor_4: score=29.98, level=LOW
2026-06-30 21:35:22,660 - early_warning_alerts - INFO - Generated 4 alerts and response items.
2026-06-30 21:35:22,660 - acrs_engine - INFO - Initiating ACRS Assessment for seed node: ParkingSensor_4, attack: DDoS
2026-06-30 21:35:22,662 - early_warning_risk - INFO - Risk calculated for SmartMeter_7: score=39.93, level=MEDIUM
2026-06-30 21:35:22,662 - early_warning_alerts - INFO - Generated 4 alerts and response items.
2026-06-30 21:35:22,663 - acrs_engine - INFO - Initiating ACRS Assessment for seed node: SmartMeter_7, attack: Botnet
2026-06-30 21:35:22,695 - graph_resilience_index - INFO - Successfully calculated GRI for 100 nodes.
2026-06-30 21:35:22,727 - graph_resilience_index - INFO - Successfully calculated GRI for 100 nodes.
2026-06-30 21:35:28,904 - early_warning_risk - INFO - Risk calculated for TrafficLight_20: score=79.95, level=HIGH
2026-06-30 21:35:28,904 - early_warning_alerts - INFO - Generated 7 alerts and response items.
2026-06-30 21:35:28,905 - acrs_engine - INFO - Initiating ACRS Assessment for seed node: TrafficLight_20, attack: DDoS
2026-06-30 21:35:28,906 - early_warning_risk - INFO - Risk calculated for TrafficLight_19: score=0.80, level=LOW
2026-06-30 21:35:28,951 - graph_resilience_index - INFO - Successfully calculated GRI for 100 nodes.
2026-06-30 21:35:33,644 - early_warning_risk - INFO - Risk calculated for CCTV_21: score=59.95, level=MEDIUM
2026-06-30 21:35:33,645 - early_warning_alerts - INFO - Generated 4 alerts and response items.
2026-06-30 21:35:33,645 - acrs_engine - INFO - Initiating ACRS Assessment for seed node: CCTV_21, attack: Spoofing
2026-06-30 21:35:33,677 - graph_resilience_index - INFO - Successfully calculated GRI for 100 nodes.
2026-06-30 21:35:34,250 - early_warning_risk - INFO - Risk calculated for Server_1: score=99.94, level=CRITICAL
2026-06-30 21:35:34,251 - early_warning_alerts - INFO - Generated 7 alerts and response items.
2026-06-30 21:35:34,251 - acrs_engine - INFO - Initiating ACRS Assessment for seed node: Server_1, attack: DDoS
2026-06-30 21:35:34,284 - graph_resilience_index - INFO - Successfully calculated GRI for 100 nodes.
2026-06-30 21:35:38,974 - early_warning_risk - INFO - Risk calculated for CCTV_6: score=0.60, level=LOW
2026-06-30 21:35:39,546 - early_warning_risk - INFO - Risk calculated for CCTV_12: score=59.96, level=MEDIUM
2026-06-30 21:35:39,549 - early_warning_alerts - INFO - Generated 4 alerts and response items.
2026-06-30 21:35:39,557 - acrs_engine - INFO - Initiating ACRS Assessment for seed node: CCTV_12, attack: DDoS
2026-06-30 21:35:39,609 - graph_resilience_index - INFO - Successfully calculated GRI for 100 nodes.
2026-06-30 21:35:43,763 - early_warning_risk - INFO - Risk calculated for TrafficLight_1: score=79.95, level=HIGH
2026-06-30 21:35:43,764 - early_warning_alerts - INFO - Generated 7 alerts and response items.
2026-06-30 21:35:43,764 - acrs_engine - INFO - Initiating ACRS Assessment for seed node: TrafficLight_1, attack: Brute Force
2026-06-30 21:35:43,796 - graph_resilience_index - INFO - Successfully calculated GRI for 100 nodes.
2026-06-30 21:35:44,437 - early_warning_risk - INFO - Risk calculated for CCTV_23: score=59.89, level=MEDIUM
2026-06-30 21:35:44,437 - early_warning_alerts - INFO - Generated 4 alerts and response items.
2026-06-30 21:35:44,437 - acrs_engine - INFO - Initiating ACRS Assessment for seed node: CCTV_23, attack: Botnet
2026-06-30 21:35:44,474 - graph_resilience_index - INFO - Successfully calculated GRI for 100 nodes.
2026-06-30 21:35:49,552 - early_warning_risk - INFO - Risk calculated for SmartMeter_7: score=39.97, level=MEDIUM
2026-06-30 21:35:49,553 - early_warning_alerts - INFO - Generated 4 alerts and response items.
2026-06-30 21:35:49,553 - acrs_engine - INFO - Initiating ACRS Assessment for seed node: SmartMeter_7, attack: Brute Force
2026-06-30 21:35:49,585 - graph_resilience_index - INFO - Successfully calculated GRI for 100 nodes.
2026-06-30 21:35:49,945 - early_warning_risk - INFO - Risk calculated for TrafficLight_4: score=79.95, level=HIGH
2026-06-30 21:35:49,946 - early_warning_alerts - INFO - Generated 7 alerts and response items.
2026-06-30 21:35:49,946 - acrs_engine - INFO - Initiating ACRS Assessment for seed node: TrafficLight_4, attack: DDoS
2026-06-30 21:35:49,980 - graph_resilience_index - INFO - Successfully calculated GRI for 100 nodes.
2026-06-30 21:35:55,824 - early_warning_risk - INFO - Risk calculated for CCTV_16: score=59.96, level=MEDIUM
2026-06-30 21:35:55,824 - early_warning_alerts - INFO - Generated 4 alerts and response items.
2026-06-30 21:35:55,824 - acrs_engine - INFO - Initiating ACRS Assessment for seed node: CCTV_16, attack: Brute Force
2026-06-30 21:35:55,825 - early_warning_risk - INFO - Risk calculated for SmartMeter_2: score=0.40, level=LOW
2026-06-30 21:35:55,929 - graph_resilience_index - INFO - Successfully calculated GRI for 100 nodes.
2026-06-30 21:36:00,747 - early_warning_risk - INFO - Risk calculated for CCTV_14: score=59.91, level=MEDIUM
2026-06-30 21:36:00,748 - early_warning_alerts - INFO - Generated 4 alerts and response items.
2026-06-30 21:36:00,748 - acrs_engine - INFO - Initiating ACRS Assessment for seed node: CCTV_14, attack: Reconnaissance
2026-06-30 21:36:00,779 - graph_resilience_index - INFO - Successfully calculated GRI for 100 nodes.
2026-06-30 21:36:01,233 - early_warning_risk - INFO - Risk calculated for CCTV_8: score=59.89, level=MEDIUM
2026-06-30 21:36:01,234 - early_warning_alerts - INFO - Generated 4 alerts and response items.
2026-06-30 21:36:01,234 - acrs_engine - INFO - Initiating ACRS Assessment for seed node: CCTV_8, attack: Botnet
2026-06-30 21:36:01,280 - graph_resilience_index - INFO - Successfully calculated GRI for 100 nodes.
2026-06-30 21:36:06,291 - early_warning_risk - INFO - Risk calculated for ParkingSensor_7: score=29.98, level=LOW
2026-06-30 21:36:06,291 - early_warning_alerts - INFO - Generated 4 alerts and response items.
2026-06-30 21:36:06,291 - acrs_engine - INFO - Initiating ACRS Assessment for seed node: ParkingSensor_7, attack: DDoS
2026-06-30 21:36:06,323 - graph_resilience_index - INFO - Successfully calculated GRI for 100 nodes.
2026-06-30 21:36:06,805 - early_warning_risk - INFO - Risk calculated for StreetLight_4: score=19.99, level=LOW
2026-06-30 21:36:06,805 - early_warning_alerts - INFO - Generated 4 alerts and response items.
2026-06-30 21:36:06,806 - acrs_engine - INFO - Initiating ACRS Assessment for seed node: StreetLight_4, attack: Brute Force
2026-06-30 21:36:06,886 - graph_resilience_index - INFO - Successfully calculated GRI for 100 nodes.
2026-06-30 21:36:11,861 - early_warning_risk - INFO - Risk calculated for CCTV_8: score=59.89, level=MEDIUM
2026-06-30 21:36:11,862 - early_warning_alerts - INFO - Generated 4 alerts and response items.
2026-06-30 21:36:11,862 - acrs_engine - INFO - Initiating ACRS Assessment for seed node: CCTV_8, attack: Botnet
2026-06-30 21:36:11,895 - graph_resilience_index - INFO - Successfully calculated GRI for 100 nodes.
2026-06-30 21:36:12,204 - early_warning_risk - INFO - Risk calculated for TrafficLight_8: score=79.94, level=HIGH
2026-06-30 21:36:12,205 - early_warning_alerts - INFO - Generated 7 alerts and response items.
2026-06-30 21:36:12,205 - acrs_engine - INFO - Initiating ACRS Assessment for seed node: TrafficLight_8, attack: Spoofing
2026-06-30 21:36:12,238 - graph_resilience_index - INFO - Successfully calculated GRI for 100 nodes.
2026-06-30 21:36:17,979 - early_warning_risk - INFO - Risk calculated for TrafficLight_12: score=79.94, level=HIGH
2026-06-30 21:36:17,979 - early_warning_alerts - INFO - Generated 7 alerts and response items.
2026-06-30 21:36:17,979 - acrs_engine - INFO - Initiating ACRS Assessment for seed node: TrafficLight_12, attack: Spoofing
2026-06-30 21:36:17,981 - early_warning_risk - INFO - Risk calculated for WaterSensor_4: score=69.94, level=HIGH
2026-06-30 21:36:17,982 - early_warning_alerts - INFO - Generated 7 alerts and response items.
2026-06-30 21:36:17,982 - acrs_engine - INFO - Initiating ACRS Assessment for seed node: WaterSensor_4, attack: Spoofing
2026-06-30 21:36:18,016 - graph_resilience_index - INFO - Successfully calculated GRI for 100 nodes.
2026-06-30 21:36:18,047 - graph_resilience_index - INFO - Successfully calculated GRI for 100 nodes.
2026-06-30 21:36:24,309 - early_warning_risk - INFO - Risk calculated for WaterSensor_5: score=0.70, level=LOW
2026-06-30 21:36:24,316 - early_warning_risk - INFO - Risk calculated for SmartMeter_10: score=39.97, level=MEDIUM
2026-06-30 21:36:24,317 - early_warning_alerts - INFO - Generated 4 alerts and response items.
2026-06-30 21:36:24,322 - acrs_engine - INFO - Initiating ACRS Assessment for seed node: SmartMeter_10, attack: Brute Force
2026-06-30 21:36:24,493 - graph_resilience_index - INFO - Successfully calculated GRI for 100 nodes.
2026-06-30 21:36:27,039 - early_warning_risk - INFO - Risk calculated for CCTV_13: score=59.89, level=MEDIUM
2026-06-30 21:36:27,040 - early_warning_alerts - INFO - Generated 4 alerts and response items.
2026-06-30 21:36:27,040 - acrs_engine - INFO - Initiating ACRS Assessment for seed node: CCTV_13, attack: Botnet
2026-06-30 21:36:27,072 - graph_resilience_index - INFO - Successfully calculated GRI for 100 nodes.
2026-06-30 21:36:29,487 - early_warning_risk - INFO - Risk calculated for CCTV_20: score=0.60, level=LOW
2026-06-30 21:36:30,280 - early_warning_risk - INFO - Risk calculated for CCTV_13: score=59.89, level=MEDIUM
2026-06-30 21:36:30,280 - early_warning_alerts - INFO - Generated 4 alerts and response items.
2026-06-30 21:36:30,281 - acrs_engine - INFO - Initiating ACRS Assessment for seed node: CCTV_13, attack: Botnet
2026-06-30 21:36:30,314 - graph_resilience_index - INFO - Successfully calculated GRI for 100 nodes.
2026-06-30 21:36:33,787 - early_warning_risk - INFO - Risk calculated for CCTV_14: score=59.89, level=MEDIUM
2026-06-30 21:36:33,788 - early_warning_alerts - INFO - Generated 4 alerts and response items.
2026-06-30 21:36:33,788 - acrs_engine - INFO - Initiating ACRS Assessment for seed node: CCTV_14, attack: Botnet
2026-06-30 21:36:33,821 - graph_resilience_index - INFO - Successfully calculated GRI for 100 nodes.
2026-06-30 21:36:34,993 - early_warning_risk - INFO - Risk calculated for TrafficLight_1: score=79.95, level=HIGH
2026-06-30 21:36:34,994 - early_warning_alerts - INFO - Generated 7 alerts and response items.
2026-06-30 21:36:34,995 - acrs_engine - INFO - Initiating ACRS Assessment for seed node: TrafficLight_1, attack: Brute Force
2026-06-30 21:36:35,035 - graph_resilience_index - INFO - Successfully calculated GRI for 100 nodes.
2026-06-30 21:36:35,727 - early_warning_risk - INFO - Risk calculated for CCTV_3: score=59.96, level=MEDIUM
2026-06-30 21:36:35,727 - early_warning_alerts - INFO - Generated 4 alerts and response items.
2026-06-30 21:36:35,727 - acrs_engine - INFO - Initiating ACRS Assessment for seed node: CCTV_3, attack: Brute Force
2026-06-30 21:36:35,785 - graph_resilience_index - INFO - Successfully calculated GRI for 100 nodes.
2026-06-30 21:36:42,433 - early_warning_risk - INFO - Risk calculated for TrafficLight_15: score=79.95, level=HIGH
2026-06-30 21:36:42,434 - early_warning_alerts - INFO - Generated 7 alerts and response items.
2026-06-30 21:36:42,434 - acrs_engine - INFO - Initiating ACRS Assessment for seed node: TrafficLight_15, attack: DDoS
2026-06-30 21:36:42,437 - early_warning_risk - INFO - Risk calculated for SmartMeter_2: score=39.98, level=MEDIUM
2026-06-30 21:36:42,437 - early_warning_alerts - INFO - Generated 4 alerts and response items.
2026-06-30 21:36:42,438 - acrs_engine - INFO - Initiating ACRS Assessment for seed node: SmartMeter_2, attack: DDoS
2026-06-30 21:36:42,471 - graph_resilience_index - INFO - Successfully calculated GRI for 100 nodes.
2026-06-30 21:36:42,504 - graph_resilience_index - INFO - Successfully calculated GRI for 100 nodes.
2026-06-30 21:36:48,555 - early_warning_risk - INFO - Risk calculated for SmartMeter_6: score=0.40, level=LOW
2026-06-30 21:36:48,569 - early_warning_risk - INFO - Risk calculated for WaterSensor_1: score=69.94, level=HIGH
2026-06-30 21:36:48,571 - early_warning_alerts - INFO - Generated 7 alerts and response items.
2026-06-30 21:36:48,573 - acrs_engine - INFO - Initiating ACRS Assessment for seed node: WaterSensor_1, attack: Spoofing
2026-06-30 21:36:48,721 - graph_resilience_index - INFO - Successfully calculated GRI for 100 nodes.
2026-06-30 21:36:53,611 - early_warning_risk - INFO - Risk calculated for CCTV_15: score=0.60, level=LOW
2026-06-30 21:36:54,171 - early_warning_risk - INFO - Risk calculated for SmartMeter_7: score=39.97, level=MEDIUM
2026-06-30 21:36:54,171 - early_warning_alerts - INFO - Generated 4 alerts and response items.
2026-06-30 21:36:54,172 - acrs_engine - INFO - Initiating ACRS Assessment for seed node: SmartMeter_7, attack: Spoofing
2026-06-30 21:36:54,206 - graph_resilience_index - INFO - Successfully calculated GRI for 100 nodes.
2026-06-30 21:36:58,428 - early_warning_risk - INFO - Risk calculated for CCTV_3: score=59.95, level=MEDIUM
2026-06-30 21:36:58,428 - early_warning_alerts - INFO - Generated 4 alerts and response items.
2026-06-30 21:36:58,428 - acrs_engine - INFO - Initiating ACRS Assessment for seed node: CCTV_3, attack: Spoofing
2026-06-30 21:36:58,461 - graph_resilience_index - INFO - Successfully calculated GRI for 100 nodes.
2026-06-30 21:36:59,142 - early_warning_risk - INFO - Risk calculated for ParkingSensor_5: score=0.30, level=LOW
2026-06-30 21:37:04,399 - early_warning_risk - INFO - Risk calculated for CCTV_16: score=59.96, level=MEDIUM
2026-06-30 21:37:04,400 - early_warning_alerts - INFO - Generated 4 alerts and response items.
2026-06-30 21:37:04,401 - early_warning_risk - INFO - Risk calculated for ParkingSensor_7: score=29.95, level=LOW
2026-06-30 21:37:04,402 - acrs_engine - INFO - Initiating ACRS Assessment for seed node: CCTV_16, attack: DDoS
2026-06-30 21:37:04,402 - early_warning_alerts - INFO - Generated 4 alerts and response items.
2026-06-30 21:37:04,403 - acrs_engine - INFO - Initiating ACRS Assessment for seed node: ParkingSensor_7, attack: Reconnaissance
2026-06-30 21:37:04,438 - graph_resilience_index - INFO - Successfully calculated GRI for 100 nodes.
2026-06-30 21:37:04,472 - graph_resilience_index - INFO - Successfully calculated GRI for 100 nodes.
2026-06-30 21:37:11,745 - early_warning_risk - INFO - Risk calculated for TrafficLight_9: score=79.95, level=HIGH
2026-06-30 21:37:11,746 - early_warning_alerts - INFO - Generated 7 alerts and response items.
2026-06-30 21:37:11,746 - acrs_engine - INFO - Initiating ACRS Assessment for seed node: TrafficLight_9, attack: Brute Force
2026-06-30 21:37:11,747 - early_warning_risk - INFO - Risk calculated for SmartMeter_5: score=39.97, level=MEDIUM
2026-06-30 21:37:11,748 - early_warning_alerts - INFO - Generated 4 alerts and response items.
2026-06-30 21:37:11,749 - acrs_engine - INFO - Initiating ACRS Assessment for seed node: SmartMeter_5, attack: Brute Force
2026-06-30 21:37:11,784 - graph_resilience_index - INFO - Successfully calculated GRI for 100 nodes.
2026-06-30 21:37:11,817 - graph_resilience_index - INFO - Successfully calculated GRI for 100 nodes.
2026-06-30 21:37:17,965 - early_warning_risk - INFO - Risk calculated for TrafficLight_25: score=79.95, level=HIGH
2026-06-30 21:37:17,965 - early_warning_alerts - INFO - Generated 7 alerts and response items.
2026-06-30 21:37:17,965 - acrs_engine - INFO - Initiating ACRS Assessment for seed node: TrafficLight_25, attack: DDoS
2026-06-30 21:37:17,967 - early_warning_risk - INFO - Risk calculated for CCTV_29: score=59.95, level=MEDIUM
2026-06-30 21:37:17,967 - early_warning_alerts - INFO - Generated 4 alerts and response items.
2026-06-30 21:37:17,967 - acrs_engine - INFO - Initiating ACRS Assessment for seed node: CCTV_29, attack: Spoofing
2026-06-30 21:37:17,999 - graph_resilience_index - INFO - Successfully calculated GRI for 100 nodes.
2026-06-30 21:37:18,032 - graph_resilience_index - INFO - Successfully calculated GRI for 100 nodes.
2026-06-30 21:37:24,685 - early_warning_risk - INFO - Risk calculated for WaterSensor_5: score=69.87, level=HIGH
2026-06-30 21:37:24,685 - early_warning_alerts - INFO - Generated 7 alerts and response items.
2026-06-30 21:37:24,687 - acrs_engine - INFO - Initiating ACRS Assessment for seed node: WaterSensor_5, attack: Botnet
2026-06-30 21:37:24,693 - early_warning_risk - INFO - Risk calculated for TrafficLight_1: score=79.95, level=HIGH
2026-06-30 21:37:24,693 - early_warning_alerts - INFO - Generated 7 alerts and response items.
2026-06-30 21:37:24,694 - acrs_engine - INFO - Initiating ACRS Assessment for seed node: TrafficLight_1, attack: DDoS
2026-06-30 21:37:24,727 - graph_resilience_index - INFO - Successfully calculated GRI for 100 nodes.
2026-06-30 21:37:24,769 - graph_resilience_index - INFO - Successfully calculated GRI for 100 nodes.
2026-06-30 21:37:31,044 - early_warning_risk - INFO - Risk calculated for TrafficLight_17: score=79.95, level=HIGH
2026-06-30 21:37:31,045 - early_warning_risk - INFO - Risk calculated for ParkingSensor_13: score=29.98, level=LOW
2026-06-30 21:37:31,046 - acrs_engine - INFO - Initiating ACRS Assessment for seed node: TrafficLight_17, attack: Brute Force
2026-06-30 21:37:31,046 - early_warning_alerts - INFO - Generated 4 alerts and response items.
2026-06-30 21:37:31,047 - acrs_engine - INFO - Initiating ACRS Assessment for seed node: ParkingSensor_13, attack: Spoofing
2026-06-30 21:37:31,082 - graph_resilience_index - INFO - Successfully calculated GRI for 100 nodes.
2026-06-30 21:37:31,113 - graph_resilience_index - INFO - Successfully calculated GRI for 100 nodes.
2026-06-30 21:37:37,630 - early_warning_risk - INFO - Risk calculated for TrafficLight_9: score=79.94, level=HIGH
2026-06-30 21:37:37,631 - early_warning_alerts - INFO - Generated 7 alerts and response items.
2026-06-30 21:37:37,632 - acrs_engine - INFO - Initiating ACRS Assessment for seed node: TrafficLight_9, attack: Spoofing
2026-06-30 21:37:37,635 - early_warning_risk - INFO - Risk calculated for ParkingSensor_4: score=0.30, level=LOW
2026-06-30 21:37:37,678 - graph_resilience_index - INFO - Successfully calculated GRI for 100 nodes.
2026-06-30 21:37:42,688 - early_warning_risk - INFO - Risk calculated for CCTV_13: score=59.96, level=MEDIUM
2026-06-30 21:37:42,688 - early_warning_alerts - INFO - Generated 4 alerts and response items.
2026-06-30 21:37:42,688 - acrs_engine - INFO - Initiating ACRS Assessment for seed node: CCTV_13, attack: DDoS
2026-06-30 21:37:42,722 - graph_resilience_index - INFO - Successfully calculated GRI for 100 nodes.
2026-06-30 21:37:43,224 - early_warning_risk - INFO - Risk calculated for CCTV_19: score=59.89, level=MEDIUM
2026-06-30 21:37:43,224 - early_warning_alerts - INFO - Generated 4 alerts and response items.
2026-06-30 21:37:43,224 - acrs_engine - INFO - Initiating ACRS Assessment for seed node: CCTV_19, attack: Botnet
2026-06-30 21:37:43,334 - graph_resilience_index - INFO - Successfully calculated GRI for 100 nodes.
2026-06-30 21:37:48,964 - early_warning_risk - INFO - Risk calculated for ParkingSensor_15: score=29.95, level=LOW
2026-06-30 21:37:48,965 - early_warning_alerts - INFO - Generated 4 alerts and response items.
2026-06-30 21:37:48,965 - acrs_engine - INFO - Initiating ACRS Assessment for seed node: ParkingSensor_15, attack: Botnet
2026-06-30 21:37:48,967 - early_warning_risk - INFO - Risk calculated for CCTV_3: score=59.96, level=MEDIUM
2026-06-30 21:37:48,967 - early_warning_alerts - INFO - Generated 4 alerts and response items.
2026-06-30 21:37:48,967 - acrs_engine - INFO - Initiating ACRS Assessment for seed node: CCTV_3, attack: Brute Force
2026-06-30 21:37:49,001 - graph_resilience_index - INFO - Successfully calculated GRI for 100 nodes.
2026-06-30 21:37:49,078 - graph_resilience_index - INFO - Successfully calculated GRI for 100 nodes.
2026-06-30 21:37:49,111 - early_warning_risk - INFO - Risk calculated for CCTV_1: score=0.60, level=LOW
2026-06-30 21:37:56,429 - early_warning_risk - INFO - Risk calculated for CCTV_1: score=59.89, level=MEDIUM
2026-06-30 21:37:56,429 - early_warning_alerts - INFO - Generated 4 alerts and response items.
2026-06-30 21:37:56,430 - acrs_engine - INFO - Initiating ACRS Assessment for seed node: CCTV_1, attack: Botnet
2026-06-30 21:37:56,469 - graph_resilience_index - INFO - Successfully calculated GRI for 100 nodes.
2026-06-30 21:37:57,506 - early_warning_risk - INFO - Risk calculated for CCTV_23: score=59.96, level=MEDIUM
2026-06-30 21:37:57,507 - early_warning_alerts - INFO - Generated 4 alerts and response items.
2026-06-30 21:37:57,507 - acrs_engine - INFO - Initiating ACRS Assessment for seed node: CCTV_23, attack: Brute Force
2026-06-30 21:37:57,507 - early_warning_risk - INFO - Risk calculated for CCTV_18: score=0.60, level=LOW
2026-06-30 21:37:57,663 - graph_resilience_index - INFO - Successfully calculated GRI for 100 nodes.
2026-06-30 21:38:03,391 - early_warning_risk - INFO - Risk calculated for TrafficLight_13: score=79.94, level=HIGH
2026-06-30 21:38:03,392 - early_warning_alerts - INFO - Generated 7 alerts and response items.
2026-06-30 21:38:03,392 - acrs_engine - INFO - Initiating ACRS Assessment for seed node: TrafficLight_13, attack: Spoofing
2026-06-30 21:38:03,425 - graph_resilience_index - INFO - Successfully calculated GRI for 100 nodes.
2026-06-30 21:38:04,740 - early_warning_risk - INFO - Risk calculated for ParkingSensor_6: score=29.98, level=LOW
2026-06-30 21:38:04,740 - early_warning_alerts - INFO - Generated 4 alerts and response items.
2026-06-30 21:38:04,741 - acrs_engine - INFO - Initiating ACRS Assessment for seed node: ParkingSensor_6, attack: DDoS
2026-06-30 21:38:04,815 - graph_resilience_index - INFO - Successfully calculated GRI for 100 nodes.
2026-06-30 21:38:09,074 - early_warning_risk - INFO - Risk calculated for TrafficLight_24: score=79.95, level=HIGH
2026-06-30 21:38:09,074 - early_warning_alerts - INFO - Generated 7 alerts and response items.
2026-06-30 21:38:09,074 - acrs_engine - INFO - Initiating ACRS Assessment for seed node: TrafficLight_24, attack: DDoS
2026-06-30 21:38:09,105 - graph_resilience_index - INFO - Successfully calculated GRI for 100 nodes.
2026-06-30 21:38:10,088 - early_warning_risk - INFO - Risk calculated for TrafficLight_12: score=0.80, level=LOW
2026-06-30 21:38:15,255 - early_warning_risk - INFO - Risk calculated for CCTV_30: score=59.91, level=MEDIUM
2026-06-30 21:38:15,256 - early_warning_alerts - INFO - Generated 4 alerts and response items.
2026-06-30 21:38:15,256 - acrs_engine - INFO - Initiating ACRS Assessment for seed node: CCTV_30, attack: Reconnaissance
2026-06-30 21:38:15,258 - early_warning_risk - INFO - Risk calculated for CCTV_21: score=59.91, level=MEDIUM
2026-06-30 21:38:15,258 - early_warning_alerts - INFO - Generated 4 alerts and response items.
2026-06-30 21:38:15,259 - acrs_engine - INFO - Initiating ACRS Assessment for seed node: CCTV_21, attack: Reconnaissance
2026-06-30 21:38:15,293 - graph_resilience_index - INFO - Successfully calculated GRI for 100 nodes.
2026-06-30 21:38:15,326 - graph_resilience_index - INFO - Successfully calculated GRI for 100 nodes.
2026-06-30 21:38:21,808 - early_warning_risk - INFO - Risk calculated for CCTV_12: score=59.91, level=MEDIUM
2026-06-30 21:38:21,809 - early_warning_alerts - INFO - Generated 4 alerts and response items.
2026-06-30 21:38:21,810 - acrs_engine - INFO - Initiating ACRS Assessment for seed node: CCTV_12, attack: Reconnaissance
2026-06-30 21:38:21,812 - early_warning_risk - INFO - Risk calculated for TrafficLight_26: score=79.86, level=HIGH
2026-06-30 21:38:21,812 - early_warning_alerts - INFO - Generated 7 alerts and response items.
2026-06-30 21:38:21,813 - acrs_engine - INFO - Initiating ACRS Assessment for seed node: TrafficLight_26, attack: Botnet
2026-06-30 21:38:21,845 - graph_resilience_index - INFO - Successfully calculated GRI for 100 nodes.
2026-06-30 21:38:21,878 - graph_resilience_index - INFO - Successfully calculated GRI for 100 nodes.
2026-06-30 21:38:24,218 - early_warning_risk - INFO - Risk calculated for CCTV_1: score=59.89, level=MEDIUM
2026-06-30 21:38:24,219 - early_warning_alerts - INFO - Generated 4 alerts and response items.
2026-06-30 21:38:24,219 - acrs_engine - INFO - Initiating ACRS Assessment for seed node: CCTV_1, attack: Botnet
2026-06-30 21:38:24,267 - graph_resilience_index - INFO - Successfully calculated GRI for 100 nodes.
2026-06-30 21:38:27,855 - early_warning_risk - INFO - Risk calculated for CCTV_1: score=59.95, level=MEDIUM
2026-06-30 21:38:27,856 - early_warning_alerts - INFO - Generated 4 alerts and response items.
2026-06-30 21:38:27,856 - acrs_engine - INFO - Initiating ACRS Assessment for seed node: CCTV_1, attack: Spoofing
2026-06-30 21:38:27,891 - graph_resilience_index - INFO - Successfully calculated GRI for 100 nodes.
2026-06-30 21:38:28,582 - early_warning_risk - INFO - Risk calculated for TrafficLight_29: score=79.95, level=HIGH
2026-06-30 21:38:28,583 - early_warning_alerts - INFO - Generated 7 alerts and response items.
2026-06-30 21:38:28,583 - acrs_engine - INFO - Initiating ACRS Assessment for seed node: TrafficLight_29, attack: Brute Force
2026-06-30 21:38:28,587 - early_warning_risk - INFO - Risk calculated for CCTV_5: score=59.96, level=MEDIUM
2026-06-30 21:38:28,587 - early_warning_alerts - INFO - Generated 4 alerts and response items.
2026-06-30 21:38:28,588 - acrs_engine - INFO - Initiating ACRS Assessment for seed node: CCTV_5, attack: DDoS
2026-06-30 21:38:28,630 - graph_resilience_index - INFO - Successfully calculated GRI for 100 nodes.
2026-06-30 21:38:28,666 - graph_resilience_index - INFO - Successfully calculated GRI for 100 nodes.
2026-06-30 21:38:32,893 - early_warning_risk - INFO - Risk calculated for CCTV_14: score=59.95, level=MEDIUM
2026-06-30 21:38:32,895 - early_warning_alerts - INFO - Generated 4 alerts and response items.
2026-06-30 21:38:32,895 - acrs_engine - INFO - Initiating ACRS Assessment for seed node: CCTV_14, attack: Spoofing
2026-06-30 21:38:33,002 - graph_resilience_index - INFO - Successfully calculated GRI for 100 nodes.
2026-06-30 21:38:36,662 - early_warning_risk - INFO - Risk calculated for SmartMeter_3: score=39.93, level=MEDIUM
2026-06-30 21:38:36,662 - early_warning_alerts - INFO - Generated 4 alerts and response items.
2026-06-30 21:38:36,662 - acrs_engine - INFO - Initiating ACRS Assessment for seed node: SmartMeter_3, attack: Botnet
2026-06-30 21:38:36,664 - early_warning_risk - INFO - Risk calculated for WaterSensor_3: score=69.89, level=HIGH
2026-06-30 21:38:36,665 - early_warning_alerts - INFO - Generated 7 alerts and response items.
2026-06-30 21:38:36,665 - acrs_engine - INFO - Initiating ACRS Assessment for seed node: WaterSensor_3, attack: Reconnaissance
2026-06-30 21:38:36,700 - graph_resilience_index - INFO - Successfully calculated GRI for 100 nodes.
2026-06-30 21:38:36,736 - graph_resilience_index - INFO - Successfully calculated GRI for 100 nodes.
2026-06-30 21:38:39,922 - early_warning_risk - INFO - Risk calculated for CCTV_14: score=59.95, level=MEDIUM
2026-06-30 21:38:39,923 - early_warning_alerts - INFO - Generated 4 alerts and response items.
2026-06-30 21:38:39,923 - acrs_engine - INFO - Initiating ACRS Assessment for seed node: CCTV_14, attack: Spoofing
2026-06-30 21:38:39,980 - graph_resilience_index - INFO - Successfully calculated GRI for 100 nodes.
2026-06-30 21:38:43,196 - early_warning_risk - INFO - Risk calculated for SmartMeter_6: score=39.97, level=MEDIUM
2026-06-30 21:38:43,197 - early_warning_alerts - INFO - Generated 4 alerts and response items.
2026-06-30 21:38:43,197 - acrs_engine - INFO - Initiating ACRS Assessment for seed node: SmartMeter_6, attack: Spoofing
2026-06-30 21:38:43,199 - early_warning_risk - INFO - Risk calculated for TrafficLight_3: score=79.86, level=HIGH
2026-06-30 21:38:43,199 - early_warning_alerts - INFO - Generated 7 alerts and response items.
2026-06-30 21:38:43,199 - acrs_engine - INFO - Initiating ACRS Assessment for seed node: TrafficLight_3, attack: Botnet
2026-06-30 21:38:43,233 - graph_resilience_index - INFO - Successfully calculated GRI for 100 nodes.
2026-06-30 21:38:43,262 - graph_resilience_index - INFO - Successfully calculated GRI for 100 nodes.
2026-06-30 21:38:46,208 - early_warning_risk - INFO - Risk calculated for TrafficLight_19: score=79.94, level=HIGH
2026-06-30 21:38:46,209 - early_warning_alerts - INFO - Generated 7 alerts and response items.
2026-06-30 21:38:46,209 - acrs_engine - INFO - Initiating ACRS Assessment for seed node: TrafficLight_19, attack: Spoofing
2026-06-30 21:38:46,251 - graph_resilience_index - INFO - Successfully calculated GRI for 100 nodes.
2026-06-30 21:38:50,021 - early_warning_risk - INFO - Risk calculated for SmartMeter_2: score=39.94, level=MEDIUM
2026-06-30 21:38:50,021 - early_warning_alerts - INFO - Generated 4 alerts and response items.
2026-06-30 21:38:50,022 - acrs_engine - INFO - Initiating ACRS Assessment for seed node: SmartMeter_2, attack: Reconnaissance
2026-06-30 21:38:50,025 - early_warning_risk - INFO - Risk calculated for CCTV_4: score=59.96, level=MEDIUM
2026-06-30 21:38:50,025 - early_warning_alerts - INFO - Generated 4 alerts and response items.
2026-06-30 21:38:50,025 - acrs_engine - INFO - Initiating ACRS Assessment for seed node: CCTV_4, attack: Brute Force
2026-06-30 21:38:50,058 - graph_resilience_index - INFO - Successfully calculated GRI for 100 nodes.
2026-06-30 21:38:50,092 - graph_resilience_index - INFO - Successfully calculated GRI for 100 nodes.
2026-06-30 21:38:53,394 - early_warning_risk - INFO - Risk calculated for TrafficLight_19: score=79.94, level=HIGH
2026-06-30 21:38:53,394 - early_warning_alerts - INFO - Generated 7 alerts and response items.
2026-06-30 21:38:53,394 - acrs_engine - INFO - Initiating ACRS Assessment for seed node: TrafficLight_19, attack: Spoofing
2026-06-30 21:38:53,428 - graph_resilience_index - INFO - Successfully calculated GRI for 100 nodes.
2026-06-30 21:38:56,696 - early_warning_risk - INFO - Risk calculated for WaterSensor_3: score=69.96, level=HIGH
2026-06-30 21:38:56,696 - early_warning_alerts - INFO - Generated 7 alerts and response items.
2026-06-30 21:38:56,696 - acrs_engine - INFO - Initiating ACRS Assessment for seed node: WaterSensor_3, attack: DDoS
2026-06-30 21:38:56,698 - early_warning_risk - INFO - Risk calculated for ParkingSensor_14: score=0.30, level=LOW
2026-06-30 21:38:56,824 - graph_resilience_index - INFO - Successfully calculated GRI for 100 nodes.
2026-06-30 21:38:59,274 - early_warning_risk - INFO - Risk calculated for WaterSensor_5: score=69.94, level=HIGH
2026-06-30 21:38:59,275 - early_warning_alerts - INFO - Generated 7 alerts and response items.
2026-06-30 21:38:59,275 - acrs_engine - INFO - Initiating ACRS Assessment for seed node: WaterSensor_5, attack: Spoofing
2026-06-30 21:38:59,305 - graph_resilience_index - INFO - Successfully calculated GRI for 100 nodes.
2026-06-30 21:39:02,055 - early_warning_risk - INFO - Risk calculated for CCTV_6: score=59.95, level=MEDIUM
2026-06-30 21:39:02,055 - early_warning_alerts - INFO - Generated 4 alerts and response items.
2026-06-30 21:39:02,055 - acrs_engine - INFO - Initiating ACRS Assessment for seed node: CCTV_6, attack: Spoofing
2026-06-30 21:39:02,085 - graph_resilience_index - INFO - Successfully calculated GRI for 100 nodes.
2026-06-30 21:39:02,725 - early_warning_risk - INFO - Risk calculated for CCTV_8: score=59.91, level=MEDIUM
2026-06-30 21:39:02,726 - early_warning_alerts - INFO - Generated 4 alerts and response items.
2026-06-30 21:39:02,727 - acrs_engine - INFO - Initiating ACRS Assessment for seed node: CCTV_8, attack: Reconnaissance
2026-06-30 21:39:02,771 - graph_resilience_index - INFO - Successfully calculated GRI for 100 nodes.
2026-06-30 21:39:04,957 - early_warning_risk - INFO - Risk calculated for WaterSensor_5: score=69.94, level=HIGH
2026-06-30 21:39:04,959 - early_warning_alerts - INFO - Generated 7 alerts and response items.
2026-06-30 21:39:04,960 - acrs_engine - INFO - Initiating ACRS Assessment for seed node: WaterSensor_5, attack: Spoofing
2026-06-30 21:39:04,998 - graph_resilience_index - INFO - Successfully calculated GRI for 100 nodes.
2026-06-30 21:39:08,178 - early_warning_risk - INFO - Risk calculated for SmartMeter_7: score=39.93, level=MEDIUM
2026-06-30 21:39:08,179 - early_warning_alerts - INFO - Generated 4 alerts and response items.
2026-06-30 21:39:08,179 - acrs_engine - INFO - Initiating ACRS Assessment for seed node: SmartMeter_7, attack: Botnet
2026-06-30 21:39:08,210 - graph_resilience_index - INFO - Successfully calculated GRI for 100 nodes.
2026-06-30 21:39:09,029 - early_warning_risk - INFO - Risk calculated for StreetLight_5: score=19.97, level=LOW
2026-06-30 21:39:09,031 - early_warning_alerts - INFO - Generated 4 alerts and response items.
2026-06-30 21:39:09,031 - acrs_engine - INFO - Initiating ACRS Assessment for seed node: StreetLight_5, attack: Reconnaissance
2026-06-30 21:39:09,107 - graph_resilience_index - INFO - Successfully calculated GRI for 100 nodes.
2026-06-30 21:39:14,113 - early_warning_risk - INFO - Risk calculated for TrafficLight_15: score=79.94, level=HIGH
2026-06-30 21:39:14,114 - early_warning_alerts - INFO - Generated 7 alerts and response items.
2026-06-30 21:39:14,114 - acrs_engine - INFO - Initiating ACRS Assessment for seed node: TrafficLight_15, attack: Spoofing
2026-06-30 21:39:14,143 - graph_resilience_index - INFO - Successfully calculated GRI for 100 nodes.
2026-06-30 21:39:14,640 - early_warning_risk - INFO - Risk calculated for CCTV_11: score=59.95, level=MEDIUM
2026-06-30 21:39:14,641 - early_warning_alerts - INFO - Generated 4 alerts and response items.
2026-06-30 21:39:14,642 - acrs_engine - INFO - Initiating ACRS Assessment for seed node: CCTV_11, attack: Spoofing
2026-06-30 21:39:14,729 - graph_resilience_index - INFO - Successfully calculated GRI for 100 nodes.
2026-06-30 21:39:19,663 - early_warning_risk - INFO - Risk calculated for ParkingSensor_15: score=0.30, level=LOW
2026-06-30 21:39:20,188 - early_warning_risk - INFO - Risk calculated for CCTV_30: score=59.96, level=MEDIUM
2026-06-30 21:39:20,190 - early_warning_alerts - INFO - Generated 4 alerts and response items.
2026-06-30 21:39:20,190 - acrs_engine - INFO - Initiating ACRS Assessment for seed node: CCTV_30, attack: DDoS
2026-06-30 21:39:20,231 - graph_resilience_index - INFO - Successfully calculated GRI for 100 nodes.
2026-06-30 21:39:24,817 - early_warning_risk - INFO - Risk calculated for Server_1: score=99.92, level=CRITICAL
2026-06-30 21:39:24,818 - early_warning_alerts - INFO - Generated 7 alerts and response items.
2026-06-30 21:39:24,818 - acrs_engine - INFO - Initiating ACRS Assessment for seed node: Server_1, attack: Spoofing
2026-06-30 21:39:24,849 - graph_resilience_index - INFO - Successfully calculated GRI for 100 nodes.
2026-06-30 21:39:25,500 - early_warning_risk - INFO - Risk calculated for CCTV_18: score=59.96, level=MEDIUM
2026-06-30 21:39:25,501 - early_warning_alerts - INFO - Generated 4 alerts and response items.
2026-06-30 21:39:25,501 - acrs_engine - INFO - Initiating ACRS Assessment for seed node: CCTV_18, attack: Brute Force
2026-06-30 21:39:25,553 - graph_resilience_index - INFO - Successfully calculated GRI for 100 nodes.
2026-06-30 21:39:30,495 - early_warning_risk - INFO - Risk calculated for CCTV_20: score=59.96, level=MEDIUM
2026-06-30 21:39:30,495 - early_warning_alerts - INFO - Generated 4 alerts and response items.
2026-06-30 21:39:30,495 - acrs_engine - INFO - Initiating ACRS Assessment for seed node: CCTV_20, attack: DDoS
2026-06-30 21:39:30,527 - graph_resilience_index - INFO - Successfully calculated GRI for 100 nodes.
2026-06-30 21:39:30,934 - early_warning_risk - INFO - Risk calculated for TrafficLight_7: score=0.80, level=LOW
2026-06-30 21:39:36,356 - early_warning_risk - INFO - Risk calculated for CCTV_17: score=59.96, level=MEDIUM
2026-06-30 21:39:36,356 - early_warning_alerts - INFO - Generated 4 alerts and response items.
2026-06-30 21:39:36,357 - acrs_engine - INFO - Initiating ACRS Assessment for seed node: CCTV_17, attack: DDoS
2026-06-30 21:39:36,360 - early_warning_risk - INFO - Risk calculated for CCTV_14: score=59.96, level=MEDIUM
2026-06-30 21:39:36,360 - early_warning_alerts - INFO - Generated 4 alerts and response items.
2026-06-30 21:39:36,361 - acrs_engine - INFO - Initiating ACRS Assessment for seed node: CCTV_14, attack: Brute Force
2026-06-30 21:39:36,393 - graph_resilience_index - INFO - Successfully calculated GRI for 100 nodes.
2026-06-30 21:39:36,428 - graph_resilience_index - INFO - Successfully calculated GRI for 100 nodes.
2026-06-30 21:39:42,310 - early_warning_risk - INFO - Risk calculated for TrafficLight_24: score=0.80, level=LOW
2026-06-30 21:39:42,319 - early_warning_risk - INFO - Risk calculated for TrafficLight_4: score=79.94, level=HIGH
2026-06-30 21:39:42,319 - early_warning_alerts - INFO - Generated 7 alerts and response items.
2026-06-30 21:39:42,320 - acrs_engine - INFO - Initiating ACRS Assessment for seed node: TrafficLight_4, attack: Spoofing
2026-06-30 21:39:42,433 - graph_resilience_index - INFO - Successfully calculated GRI for 100 nodes.
2026-06-30 21:39:47,301 - early_warning_risk - INFO - Risk calculated for CCTV_11: score=59.95, level=MEDIUM
2026-06-30 21:39:47,301 - early_warning_alerts - INFO - Generated 4 alerts and response items.
2026-06-30 21:39:47,301 - acrs_engine - INFO - Initiating ACRS Assessment for seed node: CCTV_11, attack: Spoofing
2026-06-30 21:39:47,332 - graph_resilience_index - INFO - Successfully calculated GRI for 100 nodes.
2026-06-30 21:39:47,910 - early_warning_risk - INFO - Risk calculated for TrafficLight_28: score=79.88, level=HIGH
2026-06-30 21:39:47,910 - early_warning_alerts - INFO - Generated 7 alerts and response items.
2026-06-30 21:39:47,910 - acrs_engine - INFO - Initiating ACRS Assessment for seed node: TrafficLight_28, attack: Reconnaissance
2026-06-30 21:39:48,003 - graph_resilience_index - INFO - Successfully calculated GRI for 100 nodes.
2026-06-30 21:39:53,753 - early_warning_risk - INFO - Risk calculated for ParkingSensor_8: score=29.98, level=LOW
2026-06-30 21:39:53,754 - early_warning_alerts - INFO - Generated 4 alerts and response items.
2026-06-30 21:39:53,754 - acrs_engine - INFO - Initiating ACRS Assessment for seed node: ParkingSensor_8, attack: Brute Force
2026-06-30 21:39:53,787 - graph_resilience_index - INFO - Successfully calculated GRI for 100 nodes.
2026-06-30 21:39:54,378 - early_warning_risk - INFO - Risk calculated for CCTV_2: score=59.95, level=MEDIUM
2026-06-30 21:39:54,379 - early_warning_alerts - INFO - Generated 4 alerts and response items.
2026-06-30 21:39:54,379 - acrs_engine - INFO - Initiating ACRS Assessment for seed node: CCTV_2, attack: Spoofing
2026-06-30 21:39:54,423 - graph_resilience_index - INFO - Successfully calculated GRI for 100 nodes.
2026-06-30 21:39:59,843 - early_warning_risk - INFO - Risk calculated for CCTV_14: score=59.96, level=MEDIUM
2026-06-30 21:39:59,844 - early_warning_alerts - INFO - Generated 4 alerts and response items.
2026-06-30 21:39:59,844 - acrs_engine - INFO - Initiating ACRS Assessment for seed node: CCTV_14, attack: DDoS
2026-06-30 21:39:59,875 - graph_resilience_index - INFO - Successfully calculated GRI for 100 nodes.
2026-06-30 21:40:00,290 - early_warning_risk - INFO - Risk calculated for TrafficLight_5: score=79.95, level=HIGH
2026-06-30 21:40:00,291 - early_warning_alerts - INFO - Generated 7 alerts and response items.
2026-06-30 21:40:00,291 - acrs_engine - INFO - Initiating ACRS Assessment for seed node: TrafficLight_5, attack: DDoS
2026-06-30 21:40:00,328 - graph_resilience_index - INFO - Successfully calculated GRI for 100 nodes.
2026-06-30 21:40:06,487 - early_warning_risk - INFO - Risk calculated for SmartMeter_2: score=39.93, level=MEDIUM
2026-06-30 21:40:06,487 - early_warning_alerts - INFO - Generated 4 alerts and response items.
2026-06-30 21:40:06,487 - acrs_engine - INFO - Initiating ACRS Assessment for seed node: SmartMeter_2, attack: Botnet
2026-06-30 21:40:06,490 - early_warning_risk - INFO - Risk calculated for CCTV_19: score=59.91, level=MEDIUM
2026-06-30 21:40:06,490 - early_warning_alerts - INFO - Generated 4 alerts and response items.
2026-06-30 21:40:06,490 - acrs_engine - INFO - Initiating ACRS Assessment for seed node: CCTV_19, attack: Reconnaissance
2026-06-30 21:40:06,521 - graph_resilience_index - INFO - Successfully calculated GRI for 100 nodes.
2026-06-30 21:40:06,557 - graph_resilience_index - INFO - Successfully calculated GRI for 100 nodes.
2026-06-30 21:40:13,196 - early_warning_risk - INFO - Risk calculated for CCTV_16: score=59.96, level=MEDIUM
2026-06-30 21:40:13,196 - early_warning_alerts - INFO - Generated 4 alerts and response items.
2026-06-30 21:40:13,196 - acrs_engine - INFO - Initiating ACRS Assessment for seed node: CCTV_16, attack: Brute Force
2026-06-30 21:40:13,198 - early_warning_risk - INFO - Risk calculated for StreetLight_2: score=19.98, level=LOW
2026-06-30 21:40:13,198 - early_warning_alerts - INFO - Generated 4 alerts and response items.
2026-06-30 21:40:13,199 - acrs_engine - INFO - Initiating ACRS Assessment for seed node: StreetLight_2, attack: Spoofing
2026-06-30 21:40:13,231 - graph_resilience_index - INFO - Successfully calculated GRI for 100 nodes.
2026-06-30 21:40:13,266 - graph_resilience_index - INFO - Successfully calculated GRI for 100 nodes.
2026-06-30 21:40:19,725 - early_warning_risk - INFO - Risk calculated for CCTV_20: score=59.91, level=MEDIUM
2026-06-30 21:40:19,726 - early_warning_alerts - INFO - Generated 4 alerts and response items.
2026-06-30 21:40:19,726 - acrs_engine - INFO - Initiating ACRS Assessment for seed node: CCTV_20, attack: Reconnaissance
2026-06-30 21:40:19,728 - early_warning_risk - INFO - Risk calculated for SmartMeter_9: score=39.98, level=MEDIUM
2026-06-30 21:40:19,729 - early_warning_alerts - INFO - Generated 4 alerts and response items.
2026-06-30 21:40:19,730 - acrs_engine - INFO - Initiating ACRS Assessment for seed node: SmartMeter_9, attack: DDoS
2026-06-30 21:40:19,759 - graph_resilience_index - INFO - Successfully calculated GRI for 100 nodes.
2026-06-30 21:40:19,794 - graph_resilience_index - INFO - Successfully calculated GRI for 100 nodes.
2026-06-30 21:40:26,169 - early_warning_risk - INFO - Risk calculated for StreetLight_4: score=19.96, level=LOW
2026-06-30 21:40:26,170 - early_warning_alerts - INFO - Generated 4 alerts and response items.
2026-06-30 21:40:26,170 - acrs_engine - INFO - Initiating ACRS Assessment for seed node: StreetLight_4, attack: Botnet
2026-06-30 21:40:26,207 - graph_resilience_index - INFO - Successfully calculated GRI for 100 nodes.
2026-06-30 21:40:26,209 - early_warning_risk - INFO - Risk calculated for Gateway_2: score=89.94, level=CRITICAL
2026-06-30 21:40:26,210 - early_warning_alerts - INFO - Generated 7 alerts and response items.
2026-06-30 21:40:26,210 - acrs_engine - INFO - Initiating ACRS Assessment for seed node: Gateway_2, attack: Brute Force
2026-06-30 21:40:26,243 - graph_resilience_index - INFO - Successfully calculated GRI for 100 nodes.
2026-06-30 21:40:32,563 - early_warning_risk - INFO - Risk calculated for SmartMeter_2: score=39.97, level=MEDIUM
2026-06-30 21:40:32,564 - early_warning_risk - INFO - Risk calculated for CCTV_16: score=59.89, level=MEDIUM
2026-06-30 21:40:32,564 - early_warning_alerts - INFO - Generated 4 alerts and response items.
2026-06-30 21:40:32,565 - acrs_engine - INFO - Initiating ACRS Assessment for seed node: SmartMeter_2, attack: Spoofing
2026-06-30 21:40:32,564 - early_warning_alerts - INFO - Generated 4 alerts and response items.
2026-06-30 21:40:32,565 - acrs_engine - INFO - Initiating ACRS Assessment for seed node: CCTV_16, attack: Botnet
2026-06-30 21:40:32,597 - graph_resilience_index - INFO - Successfully calculated GRI for 100 nodes.
2026-06-30 21:40:32,630 - graph_resilience_index - INFO - Successfully calculated GRI for 100 nodes.
2026-06-30 21:40:39,159 - early_warning_risk - INFO - Risk calculated for CCTV_14: score=59.89, level=MEDIUM
2026-06-30 21:40:39,159 - early_warning_alerts - INFO - Generated 4 alerts and response items.
2026-06-30 21:40:39,159 - acrs_engine - INFO - Initiating ACRS Assessment for seed node: CCTV_14, attack: Botnet
2026-06-30 21:40:39,161 - early_warning_risk - INFO - Risk calculated for ParkingSensor_2: score=0.30, level=LOW
2026-06-30 21:40:39,208 - graph_resilience_index - INFO - Successfully calculated GRI for 100 nodes.
2026-06-30 21:40:45,535 - early_warning_risk - INFO - Risk calculated for CCTV_11: score=59.89, level=MEDIUM
2026-06-30 21:40:45,536 - early_warning_alerts - INFO - Generated 4 alerts and response items.
2026-06-30 21:40:45,536 - acrs_engine - INFO - Initiating ACRS Assessment for seed node: CCTV_11, attack: Botnet
2026-06-30 21:40:45,571 - graph_resilience_index - INFO - Successfully calculated GRI for 100 nodes.
2026-06-30 21:40:47,256 - early_warning_risk - INFO - Risk calculated for TrafficLight_19: score=79.94, level=HIGH
2026-06-30 21:40:47,257 - early_warning_alerts - INFO - Generated 7 alerts and response items.
2026-06-30 21:40:47,257 - acrs_engine - INFO - Initiating ACRS Assessment for seed node: TrafficLight_19, attack: Spoofing
2026-06-30 21:40:47,290 - graph_resilience_index - INFO - Successfully calculated GRI for 100 nodes.
2026-06-30 21:40:51,279 - early_warning_risk - INFO - Risk calculated for TrafficLight_29: score=79.95, level=HIGH
2026-06-30 21:40:51,280 - early_warning_alerts - INFO - Generated 7 alerts and response items.
2026-06-30 21:40:51,280 - acrs_engine - INFO - Initiating ACRS Assessment for seed node: TrafficLight_29, attack: Brute Force
2026-06-30 21:40:51,313 - graph_resilience_index - INFO - Successfully calculated GRI for 100 nodes.
2026-06-30 21:40:52,781 - early_warning_risk - INFO - Risk calculated for SmartMeter_7: score=39.97, level=MEDIUM
2026-06-30 21:40:52,782 - early_warning_alerts - INFO - Generated 4 alerts and response items.
2026-06-30 21:40:52,782 - acrs_engine - INFO - Initiating ACRS Assessment for seed node: SmartMeter_7, attack: Spoofing
2026-06-30 21:40:52,817 - graph_resilience_index - INFO - Successfully calculated GRI for 100 nodes.
2026-06-30 21:40:56,616 - early_warning_risk - INFO - Risk calculated for ParkingSensor_6: score=0.30, level=LOW
2026-06-30 21:40:58,106 - early_warning_risk - INFO - Risk calculated for TrafficLight_4: score=79.86, level=HIGH
2026-06-30 21:40:58,107 - early_warning_alerts - INFO - Generated 7 alerts and response items.
2026-06-30 21:40:58,108 - acrs_engine - INFO - Initiating ACRS Assessment for seed node: TrafficLight_4, attack: Botnet
2026-06-30 21:40:58,145 - graph_resilience_index - INFO - Successfully calculated GRI for 100 nodes.
2026-06-30 21:41:01,536 - early_warning_risk - INFO - Risk calculated for TrafficLight_11: score=79.94, level=HIGH
2026-06-30 21:41:01,536 - early_warning_alerts - INFO - Generated 7 alerts and response items.
2026-06-30 21:41:01,536 - acrs_engine - INFO - Initiating ACRS Assessment for seed node: TrafficLight_11, attack: Spoofing
2026-06-30 21:41:01,570 - graph_resilience_index - INFO - Successfully calculated GRI for 100 nodes.
2026-06-30 21:41:03,190 - early_warning_risk - INFO - Risk calculated for ParkingSensor_12: score=29.95, level=LOW
2026-06-30 21:41:03,190 - early_warning_alerts - INFO - Generated 4 alerts and response items.
2026-06-30 21:41:03,194 - acrs_engine - INFO - Initiating ACRS Assessment for seed node: ParkingSensor_12, attack: Reconnaissance
2026-06-30 21:41:03,243 - graph_resilience_index - INFO - Successfully calculated GRI for 100 nodes.
2026-06-30 21:41:06,830 - early_warning_risk - INFO - Risk calculated for TrafficLight_5: score=79.95, level=HIGH
2026-06-30 21:41:06,831 - early_warning_alerts - INFO - Generated 7 alerts and response items.
2026-06-30 21:41:06,831 - acrs_engine - INFO - Initiating ACRS Assessment for seed node: TrafficLight_5, attack: DDoS
2026-06-30 21:41:06,863 - graph_resilience_index - INFO - Successfully calculated GRI for 100 nodes.
2026-06-30 21:41:08,339 - early_warning_risk - INFO - Risk calculated for TrafficLight_23: score=79.95, level=HIGH
2026-06-30 21:41:08,340 - early_warning_alerts - INFO - Generated 7 alerts and response items.
2026-06-30 21:41:08,341 - acrs_engine - INFO - Initiating ACRS Assessment for seed node: TrafficLight_23, attack: Brute Force
2026-06-30 21:41:08,395 - graph_resilience_index - INFO - Successfully calculated GRI for 100 nodes.
2026-06-30 21:41:12,055 - early_warning_risk - INFO - Risk calculated for ParkingSensor_13: score=29.98, level=LOW
2026-06-30 21:41:12,057 - early_warning_alerts - INFO - Generated 4 alerts and response items.
2026-06-30 21:41:12,057 - acrs_engine - INFO - Initiating ACRS Assessment for seed node: ParkingSensor_13, attack: Brute Force
2026-06-30 21:41:12,089 - graph_resilience_index - INFO - Successfully calculated GRI for 100 nodes.
2026-06-30 21:41:13,598 - early_warning_risk - INFO - Risk calculated for SmartMeter_10: score=39.98, level=MEDIUM
2026-06-30 21:41:13,598 - early_warning_alerts - INFO - Generated 4 alerts and response items.
2026-06-30 21:41:13,600 - acrs_engine - INFO - Initiating ACRS Assessment for seed node: SmartMeter_10, attack: DDoS
2026-06-30 21:41:13,645 - graph_resilience_index - INFO - Successfully calculated GRI for 100 nodes.
2026-06-30 21:41:17,256 - early_warning_risk - INFO - Risk calculated for ParkingSensor_1: score=29.95, level=LOW
2026-06-30 21:41:17,257 - early_warning_alerts - INFO - Generated 4 alerts and response items.
2026-06-30 21:41:17,257 - acrs_engine - INFO - Initiating ACRS Assessment for seed node: ParkingSensor_1, attack: Reconnaissance
2026-06-30 21:41:17,291 - graph_resilience_index - INFO - Successfully calculated GRI for 100 nodes.
2026-06-30 21:41:18,778 - early_warning_risk - INFO - Risk calculated for Server_2: score=99.85, level=CRITICAL
2026-06-30 21:41:18,778 - early_warning_alerts - INFO - Generated 7 alerts and response items.
2026-06-30 21:41:18,778 - acrs_engine - INFO - Initiating ACRS Assessment for seed node: Server_2, attack: Reconnaissance
2026-06-30 21:41:18,818 - graph_resilience_index - INFO - Successfully calculated GRI for 100 nodes.
2026-06-30 21:41:23,332 - early_warning_risk - INFO - Risk calculated for TrafficLight_2: score=79.86, level=HIGH
2026-06-30 21:41:23,333 - early_warning_alerts - INFO - Generated 7 alerts and response items.
2026-06-30 21:41:23,333 - acrs_engine - INFO - Initiating ACRS Assessment for seed node: TrafficLight_2, attack: Botnet
2026-06-30 21:41:23,366 - graph_resilience_index - INFO - Successfully calculated GRI for 100 nodes.
2026-06-30 21:41:24,588 - early_warning_risk - INFO - Risk calculated for CCTV_16: score=59.89, level=MEDIUM
2026-06-30 21:41:24,590 - early_warning_alerts - INFO - Generated 4 alerts and response items.
2026-06-30 21:41:24,595 - acrs_engine - INFO - Initiating ACRS Assessment for seed node: CCTV_16, attack: Botnet
2026-06-30 21:41:24,639 - graph_resilience_index - INFO - Successfully calculated GRI for 100 nodes.
2026-06-30 21:41:29,100 - early_warning_risk - INFO - Risk calculated for TrafficLight_21: score=0.80, level=LOW
2026-06-30 21:41:30,054 - early_warning_risk - INFO - Risk calculated for ParkingSensor_1: score=29.95, level=LOW
2026-06-30 21:41:30,055 - early_warning_alerts - INFO - Generated 4 alerts and response items.
2026-06-30 21:41:30,055 - acrs_engine - INFO - Initiating ACRS Assessment for seed node: ParkingSensor_1, attack: Botnet
2026-06-30 21:41:30,112 - graph_resilience_index - INFO - Successfully calculated GRI for 100 nodes.
2026-06-30 21:41:34,179 - early_warning_risk - INFO - Risk calculated for CCTV_1: score=0.60, level=LOW
2026-06-30 21:41:35,297 - early_warning_risk - INFO - Risk calculated for Gateway_3: score=89.84, level=CRITICAL
2026-06-30 21:41:35,297 - early_warning_alerts - INFO - Generated 7 alerts and response items.
2026-06-30 21:41:35,298 - acrs_engine - INFO - Initiating ACRS Assessment for seed node: Gateway_3, attack: Botnet
2026-06-30 21:41:35,345 - graph_resilience_index - INFO - Successfully calculated GRI for 100 nodes.
2026-06-30 21:41:39,015 - early_warning_risk - INFO - Risk calculated for SmartMeter_8: score=39.98, level=MEDIUM
2026-06-30 21:41:39,015 - early_warning_alerts - INFO - Generated 4 alerts and response items.
2026-06-30 21:41:39,016 - acrs_engine - INFO - Initiating ACRS Assessment for seed node: SmartMeter_8, attack: DDoS
2026-06-30 21:41:39,049 - graph_resilience_index - INFO - Successfully calculated GRI for 100 nodes.
2026-06-30 21:41:40,437 - early_warning_risk - INFO - Risk calculated for ParkingSensor_6: score=0.30, level=LOW
2026-06-30 21:41:44,431 - early_warning_risk - INFO - Risk calculated for CCTV_3: score=59.96, level=MEDIUM
2026-06-30 21:41:44,432 - early_warning_alerts - INFO - Generated 4 alerts and response items.
2026-06-30 21:41:44,433 - acrs_engine - INFO - Initiating ACRS Assessment for seed node: CCTV_3, attack: DDoS
2026-06-30 21:41:44,465 - graph_resilience_index - INFO - Successfully calculated GRI for 100 nodes.
2026-06-30 21:41:45,003 - early_warning_risk - INFO - Risk calculated for TrafficLight_11: score=79.86, level=HIGH
2026-06-30 21:41:45,003 - early_warning_alerts - INFO - Generated 7 alerts and response items.
2026-06-30 21:41:45,004 - acrs_engine - INFO - Initiating ACRS Assessment for seed node: TrafficLight_11, attack: Botnet
2026-06-30 21:41:45,090 - graph_resilience_index - INFO - Successfully calculated GRI for 100 nodes.
2026-06-30 21:41:50,340 - early_warning_risk - INFO - Risk calculated for ParkingSensor_5: score=29.95, level=LOW
2026-06-30 21:41:50,340 - early_warning_alerts - INFO - Generated 4 alerts and response items.
2026-06-30 21:41:50,340 - acrs_engine - INFO - Initiating ACRS Assessment for seed node: ParkingSensor_5, attack: Botnet
2026-06-30 21:41:50,374 - graph_resilience_index - INFO - Successfully calculated GRI for 100 nodes.
2026-06-30 21:41:50,740 - early_warning_risk - INFO - Risk calculated for CCTV_9: score=59.89, level=MEDIUM
2026-06-30 21:41:50,740 - early_warning_alerts - INFO - Generated 4 alerts and response items.
2026-06-30 21:41:50,740 - acrs_engine - INFO - Initiating ACRS Assessment for seed node: CCTV_9, attack: Botnet
2026-06-30 21:41:50,773 - graph_resilience_index - INFO - Successfully calculated GRI for 100 nodes.
2026-06-30 21:41:56,576 - early_warning_risk - INFO - Risk calculated for TrafficLight_25: score=0.80, level=LOW
2026-06-30 21:41:57,037 - early_warning_risk - INFO - Risk calculated for TrafficLight_2: score=79.95, level=HIGH
2026-06-30 21:41:57,039 - early_warning_alerts - INFO - Generated 7 alerts and response items.
2026-06-30 21:41:57,042 - acrs_engine - INFO - Initiating ACRS Assessment for seed node: TrafficLight_2, attack: Brute Force
2026-06-30 21:41:57,080 - graph_resilience_index - INFO - Successfully calculated GRI for 100 nodes.
2026-06-30 21:42:01,959 - early_warning_risk - INFO - Risk calculated for CCTV_6: score=59.89, level=MEDIUM
2026-06-30 21:42:01,959 - early_warning_alerts - INFO - Generated 4 alerts and response items.
2026-06-30 21:42:01,960 - acrs_engine - INFO - Initiating ACRS Assessment for seed node: CCTV_6, attack: Botnet
2026-06-30 21:42:01,993 - graph_resilience_index - INFO - Successfully calculated GRI for 100 nodes.
2026-06-30 21:42:02,626 - early_warning_risk - INFO - Risk calculated for TrafficLight_6: score=79.95, level=HIGH
2026-06-30 21:42:02,627 - early_warning_alerts - INFO - Generated 7 alerts and response items.
2026-06-30 21:42:02,627 - acrs_engine - INFO - Initiating ACRS Assessment for seed node: TrafficLight_6, attack: Brute Force
2026-06-30 21:42:02,673 - graph_resilience_index - INFO - Successfully calculated GRI for 100 nodes.
2026-06-30 21:42:07,919 - early_warning_risk - INFO - Risk calculated for CCTV_9: score=0.60, level=LOW
2026-06-30 21:42:08,376 - early_warning_risk - INFO - Risk calculated for TrafficLight_28: score=79.94, level=HIGH
2026-06-30 21:42:08,377 - early_warning_alerts - INFO - Generated 7 alerts and response items.
2026-06-30 21:42:08,377 - acrs_engine - INFO - Initiating ACRS Assessment for seed node: TrafficLight_28, attack: Spoofing
2026-06-30 21:42:08,420 - graph_resilience_index - INFO - Successfully calculated GRI for 100 nodes.
2026-06-30 21:42:13,233 - early_warning_risk - INFO - Risk calculated for Server_1: score=99.92, level=CRITICAL
2026-06-30 21:42:13,233 - early_warning_alerts - INFO - Generated 7 alerts and response items.
2026-06-30 21:42:13,233 - acrs_engine - INFO - Initiating ACRS Assessment for seed node: Server_1, attack: Spoofing
2026-06-30 21:42:13,266 - graph_resilience_index - INFO - Successfully calculated GRI for 100 nodes.
2026-06-30 21:42:13,960 - early_warning_risk - INFO - Risk calculated for CCTV_8: score=59.96, level=MEDIUM
2026-06-30 21:42:13,960 - early_warning_alerts - INFO - Generated 4 alerts and response items.
2026-06-30 21:42:13,960 - acrs_engine - INFO - Initiating ACRS Assessment for seed node: CCTV_8, attack: Brute Force
2026-06-30 21:42:13,997 - graph_resilience_index - INFO - Successfully calculated GRI for 100 nodes.
2026-06-30 21:42:19,613 - early_warning_risk - INFO - Risk calculated for TrafficLight_12: score=79.95, level=HIGH
2026-06-30 21:42:19,614 - early_warning_alerts - INFO - Generated 7 alerts and response items.
2026-06-30 21:42:19,614 - acrs_engine - INFO - Initiating ACRS Assessment for seed node: TrafficLight_12, attack: Brute Force
2026-06-30 21:42:19,647 - graph_resilience_index - INFO - Successfully calculated GRI for 100 nodes.
2026-06-30 21:42:20,016 - early_warning_risk - INFO - Risk calculated for SmartMeter_1: score=0.40, level=LOW
2026-06-30 21:42:29,290 - early_warning_risk - INFO - Risk calculated for CCTV_17: score=59.91, level=MEDIUM
2026-06-30 21:42:29,293 - early_warning_alerts - INFO - Generated 4 alerts and response items.
2026-06-30 21:42:29,293 - early_warning_risk - INFO - Risk calculated for CCTV_21: score=59.91, level=MEDIUM
2026-06-30 21:42:29,294 - acrs_engine - INFO - Initiating ACRS Assessment for seed node: CCTV_17, attack: Reconnaissance
2026-06-30 21:42:29,294 - early_warning_alerts - INFO - Generated 4 alerts and response items.
2026-06-30 21:42:29,296 - acrs_engine - INFO - Initiating ACRS Assessment for seed node: CCTV_21, attack: Reconnaissance
2026-06-30 21:42:29,410 - graph_resilience_index - INFO - Successfully calculated GRI for 100 nodes.
2026-06-30 21:42:29,495 - graph_resilience_index - INFO - Successfully calculated GRI for 100 nodes.
2026-06-30 21:42:40,074 - early_warning_risk - INFO - Risk calculated for CCTV_1: score=59.96, level=MEDIUM
2026-06-30 21:42:40,075 - early_warning_alerts - INFO - Generated 4 alerts and response items.
2026-06-30 21:42:40,075 - acrs_engine - INFO - Initiating ACRS Assessment for seed node: CCTV_1, attack: Brute Force
2026-06-30 21:42:40,080 - early_warning_risk - INFO - Risk calculated for Gateway_1: score=89.84, level=CRITICAL
2026-06-30 21:42:40,081 - early_warning_alerts - INFO - Generated 7 alerts and response items.
2026-06-30 21:42:40,082 - acrs_engine - INFO - Initiating ACRS Assessment for seed node: Gateway_1, attack: Botnet
2026-06-30 21:42:40,149 - graph_resilience_index - INFO - Successfully calculated GRI for 100 nodes.
2026-06-30 21:42:40,216 - graph_resilience_index - INFO - Successfully calculated GRI for 100 nodes.
2026-06-30 21:42:48,500 - early_warning_risk - INFO - Risk calculated for StreetLight_5: score=19.99, level=LOW
2026-06-30 21:42:48,501 - early_warning_alerts - INFO - Generated 4 alerts and response items.
2026-06-30 21:42:48,501 - acrs_engine - INFO - Initiating ACRS Assessment for seed node: StreetLight_5, attack: Brute Force
2026-06-30 21:42:48,509 - early_warning_risk - INFO - Risk calculated for SmartMeter_2: score=39.93, level=MEDIUM
2026-06-30 21:42:48,511 - early_warning_alerts - INFO - Generated 4 alerts and response items.
2026-06-30 21:42:48,511 - acrs_engine - INFO - Initiating ACRS Assessment for seed node: SmartMeter_2, attack: Botnet
2026-06-30 21:42:48,566 - graph_resilience_index - INFO - Successfully calculated GRI for 100 nodes.
2026-06-30 21:42:48,636 - graph_resilience_index - INFO - Successfully calculated GRI for 100 nodes.
2026-06-30 21:42:56,292 - early_warning_risk - INFO - Risk calculated for CCTV_5: score=59.96, level=MEDIUM
2026-06-30 21:42:56,293 - early_warning_alerts - INFO - Generated 4 alerts and response items.
2026-06-30 21:42:56,293 - acrs_engine - INFO - Initiating ACRS Assessment for seed node: CCTV_5, attack: DDoS
2026-06-30 21:42:56,353 - graph_resilience_index - INFO - Successfully calculated GRI for 100 nodes.
2026-06-30 21:42:56,365 - early_warning_risk - INFO - Risk calculated for Gateway_1: score=89.93, level=CRITICAL
2026-06-30 21:42:56,365 - early_warning_alerts - INFO - Generated 7 alerts and response items.
2026-06-30 21:42:56,366 - acrs_engine - INFO - Initiating ACRS Assessment for seed node: Gateway_1, attack: Spoofing
2026-06-30 21:42:56,438 - graph_resilience_index - INFO - Successfully calculated GRI for 100 nodes.
2026-06-30 21:43:04,482 - early_warning_risk - INFO - Risk calculated for TrafficLight_4: score=79.86, level=HIGH
2026-06-30 21:43:04,483 - early_warning_alerts - INFO - Generated 7 alerts and response items.
2026-06-30 21:43:04,483 - acrs_engine - INFO - Initiating ACRS Assessment for seed node: TrafficLight_4, attack: Botnet
2026-06-30 21:43:04,487 - early_warning_risk - INFO - Risk calculated for CCTV_9: score=59.96, level=MEDIUM
2026-06-30 21:43:04,488 - early_warning_alerts - INFO - Generated 4 alerts and response items.
2026-06-30 21:43:04,488 - acrs_engine - INFO - Initiating ACRS Assessment for seed node: CCTV_9, attack: DDoS
2026-06-30 21:43:04,546 - graph_resilience_index - INFO - Successfully calculated GRI for 100 nodes.
2026-06-30 21:43:04,613 - graph_resilience_index - INFO - Successfully calculated GRI for 100 nodes.
2026-06-30 21:43:12,858 - early_warning_risk - INFO - Risk calculated for ParkingSensor_2: score=29.95, level=LOW
2026-06-30 21:43:12,859 - early_warning_alerts - INFO - Generated 4 alerts and response items.
2026-06-30 21:43:12,860 - acrs_engine - INFO - Initiating ACRS Assessment for seed node: ParkingSensor_2, attack: Botnet
2026-06-30 21:43:12,865 - early_warning_risk - INFO - Risk calculated for CCTV_14: score=59.89, level=MEDIUM
2026-06-30 21:43:12,866 - early_warning_alerts - INFO - Generated 4 alerts and response items.
2026-06-30 21:43:12,866 - acrs_engine - INFO - Initiating ACRS Assessment for seed node: CCTV_14, attack: Botnet
2026-06-30 21:43:12,921 - graph_resilience_index - INFO - Successfully calculated GRI for 100 nodes.
2026-06-30 21:43:12,984 - graph_resilience_index - INFO - Successfully calculated GRI for 100 nodes.
2026-06-30 21:43:21,194 - early_warning_risk - INFO - Risk calculated for CCTV_20: score=0.60, level=LOW
2026-06-30 21:43:21,214 - early_warning_risk - INFO - Risk calculated for TrafficLight_14: score=79.86, level=HIGH
2026-06-30 21:43:21,215 - early_warning_alerts - INFO - Generated 7 alerts and response items.
2026-06-30 21:43:21,216 - acrs_engine - INFO - Initiating ACRS Assessment for seed node: TrafficLight_14, attack: Botnet
2026-06-30 21:43:21,455 - graph_resilience_index - INFO - Successfully calculated GRI for 100 nodes.
2026-06-30 21:43:27,529 - early_warning_risk - INFO - Risk calculated for CCTV_1: score=0.60, level=LOW
2026-06-30 21:43:28,277 - early_warning_risk - INFO - Risk calculated for CCTV_24: score=59.91, level=MEDIUM
2026-06-30 21:43:28,278 - early_warning_alerts - INFO - Generated 4 alerts and response items.
2026-06-30 21:43:28,279 - acrs_engine - INFO - Initiating ACRS Assessment for seed node: CCTV_24, attack: Reconnaissance
2026-06-30 21:43:28,354 - graph_resilience_index - INFO - Successfully calculated GRI for 100 nodes.
2026-06-30 21:43:33,848 - early_warning_risk - INFO - Risk calculated for TrafficLight_11: score=79.95, level=HIGH
2026-06-30 21:43:33,849 - early_warning_alerts - INFO - Generated 7 alerts and response items.
2026-06-30 21:43:33,849 - acrs_engine - INFO - Initiating ACRS Assessment for seed node: TrafficLight_11, attack: DDoS
2026-06-30 21:43:33,914 - graph_resilience_index - INFO - Successfully calculated GRI for 100 nodes.
2026-06-30 21:43:35,294 - early_warning_risk - INFO - Risk calculated for TrafficLight_6: score=79.94, level=HIGH
2026-06-30 21:43:35,295 - early_warning_alerts - INFO - Generated 7 alerts and response items.
2026-06-30 21:43:35,295 - acrs_engine - INFO - Initiating ACRS Assessment for seed node: TrafficLight_6, attack: Spoofing
2026-06-30 21:43:35,372 - graph_resilience_index - INFO - Successfully calculated GRI for 100 nodes.
2026-06-30 21:43:41,436 - early_warning_risk - INFO - Risk calculated for CCTV_26: score=59.91, level=MEDIUM
2026-06-30 21:43:41,436 - early_warning_alerts - INFO - Generated 4 alerts and response items.
2026-06-30 21:43:41,436 - acrs_engine - INFO - Initiating ACRS Assessment for seed node: CCTV_26, attack: Reconnaissance
2026-06-30 21:43:41,493 - graph_resilience_index - INFO - Successfully calculated GRI for 100 nodes.
2026-06-30 21:43:42,061 - early_warning_risk - INFO - Risk calculated for TrafficLight_3: score=79.94, level=HIGH
2026-06-30 21:43:42,062 - early_warning_alerts - INFO - Generated 7 alerts and response items.
2026-06-30 21:43:42,063 - acrs_engine - INFO - Initiating ACRS Assessment for seed node: TrafficLight_3, attack: Spoofing
2026-06-30 21:43:42,142 - graph_resilience_index - INFO - Successfully calculated GRI for 100 nodes.
2026-06-30 21:43:50,392 - early_warning_risk - INFO - Risk calculated for SmartMeter_3: score=39.94, level=MEDIUM
2026-06-30 21:43:50,393 - early_warning_alerts - INFO - Generated 4 alerts and response items.
2026-06-30 21:43:50,393 - acrs_engine - INFO - Initiating ACRS Assessment for seed node: SmartMeter_3, attack: Reconnaissance
2026-06-30 21:43:50,398 - early_warning_risk - INFO - Risk calculated for ParkingSensor_15: score=29.98, level=LOW
2026-06-30 21:43:50,398 - early_warning_alerts - INFO - Generated 4 alerts and response items.
2026-06-30 21:43:50,399 - acrs_engine - INFO - Initiating ACRS Assessment for seed node: ParkingSensor_15, attack: Brute Force
2026-06-30 21:43:50,458 - graph_resilience_index - INFO - Successfully calculated GRI for 100 nodes.
2026-06-30 21:43:50,525 - graph_resilience_index - INFO - Successfully calculated GRI for 100 nodes.
2026-06-30 21:43:58,413 - early_warning_risk - INFO - Risk calculated for ParkingSensor_14: score=29.98, level=LOW
2026-06-30 21:43:58,413 - early_warning_alerts - INFO - Generated 4 alerts and response items.
2026-06-30 21:43:58,414 - acrs_engine - INFO - Initiating ACRS Assessment for seed node: ParkingSensor_14, attack: Brute Force
2026-06-30 21:43:58,424 - early_warning_risk - INFO - Risk calculated for Gateway_2: score=89.94, level=CRITICAL
2026-06-30 21:43:58,424 - early_warning_alerts - INFO - Generated 7 alerts and response items.
2026-06-30 21:43:58,425 - acrs_engine - INFO - Initiating ACRS Assessment for seed node: Gateway_2, attack: Brute Force
2026-06-30 21:43:58,482 - graph_resilience_index - INFO - Successfully calculated GRI for 100 nodes.
2026-06-30 21:43:58,554 - graph_resilience_index - INFO - Successfully calculated GRI for 100 nodes.
2026-06-30 21:44:06,822 - early_warning_risk - INFO - Risk calculated for CCTV_23: score=59.96, level=MEDIUM
2026-06-30 21:44:06,822 - early_warning_alerts - INFO - Generated 4 alerts and response items.
2026-06-30 21:44:06,823 - acrs_engine - INFO - Initiating ACRS Assessment for seed node: CCTV_23, attack: Brute Force
2026-06-30 21:44:06,826 - early_warning_risk - INFO - Risk calculated for SmartMeter_8: score=39.94, level=MEDIUM
2026-06-30 21:44:06,827 - early_warning_alerts - INFO - Generated 4 alerts and response items.
2026-06-30 21:44:06,827 - acrs_engine - INFO - Initiating ACRS Assessment for seed node: SmartMeter_8, attack: Reconnaissance
2026-06-30 21:44:06,889 - graph_resilience_index - INFO - Successfully calculated GRI for 100 nodes.
2026-06-30 21:44:06,952 - graph_resilience_index - INFO - Successfully calculated GRI for 100 nodes.
2026-06-30 21:44:15,581 - early_warning_risk - INFO - Risk calculated for TrafficLight_27: score=0.80, level=LOW
2026-06-30 21:44:15,760 - early_warning_risk - INFO - Risk calculated for TrafficLight_20: score=79.95, level=HIGH
2026-06-30 21:44:15,761 - early_warning_alerts - INFO - Generated 7 alerts and response items.
2026-06-30 21:44:15,762 - acrs_engine - INFO - Initiating ACRS Assessment for seed node: TrafficLight_20, attack: DDoS
2026-06-30 21:44:15,841 - graph_resilience_index - INFO - Successfully calculated GRI for 100 nodes.
2026-06-30 21:44:21,664 - early_warning_risk - INFO - Risk calculated for CCTV_8: score=59.89, level=MEDIUM
2026-06-30 21:44:21,665 - early_warning_alerts - INFO - Generated 4 alerts and response items.
2026-06-30 21:44:21,665 - acrs_engine - INFO - Initiating ACRS Assessment for seed node: CCTV_8, attack: Botnet
2026-06-30 21:44:21,720 - graph_resilience_index - INFO - Successfully calculated GRI for 100 nodes.
2026-06-30 21:44:22,776 - early_warning_risk - INFO - Risk calculated for TrafficLight_10: score=79.88, level=HIGH
2026-06-30 21:44:22,777 - early_warning_alerts - INFO - Generated 7 alerts and response items.
2026-06-30 21:44:22,778 - acrs_engine - INFO - Initiating ACRS Assessment for seed node: TrafficLight_10, attack: Reconnaissance
2026-06-30 21:44:22,846 - graph_resilience_index - INFO - Successfully calculated GRI for 100 nodes.
2026-06-30 21:44:29,290 - early_warning_risk - INFO - Risk calculated for SmartMeter_4: score=39.97, level=MEDIUM
2026-06-30 21:44:29,290 - early_warning_alerts - INFO - Generated 4 alerts and response items.
2026-06-30 21:44:29,290 - acrs_engine - INFO - Initiating ACRS Assessment for seed node: SmartMeter_4, attack: Spoofing
2026-06-30 21:44:29,348 - graph_resilience_index - INFO - Successfully calculated GRI for 100 nodes.
2026-06-30 21:44:30,022 - early_warning_risk - INFO - Risk calculated for ParkingSensor_10: score=29.95, level=LOW
2026-06-30 21:44:30,025 - early_warning_alerts - INFO - Generated 4 alerts and response items.
2026-06-30 21:44:30,026 - acrs_engine - INFO - Initiating ACRS Assessment for seed node: ParkingSensor_10, attack: Botnet
2026-06-30 21:44:30,166 - graph_resilience_index - INFO - Successfully calculated GRI for 100 nodes.
2026-06-30 21:44:36,437 - early_warning_risk - INFO - Risk calculated for ParkingSensor_5: score=0.30, level=LOW
2026-06-30 21:44:37,243 - early_warning_risk - INFO - Risk calculated for CCTV_15: score=59.96, level=MEDIUM
2026-06-30 21:44:37,245 - early_warning_alerts - INFO - Generated 4 alerts and response items.
2026-06-30 21:44:37,245 - acrs_engine - INFO - Initiating ACRS Assessment for seed node: CCTV_15, attack: DDoS
2026-06-30 21:44:37,315 - graph_resilience_index - INFO - Successfully calculated GRI for 100 nodes.
2026-06-30 21:44:42,747 - early_warning_risk - INFO - Risk calculated for CCTV_14: score=59.95, level=MEDIUM
2026-06-30 21:44:42,748 - early_warning_alerts - INFO - Generated 4 alerts and response items.
2026-06-30 21:44:42,748 - acrs_engine - INFO - Initiating ACRS Assessment for seed node: CCTV_14, attack: Spoofing
2026-06-30 21:44:42,803 - graph_resilience_index - INFO - Successfully calculated GRI for 100 nodes.
2026-06-30 21:44:43,689 - early_warning_risk - INFO - Risk calculated for TrafficLight_10: score=79.86, level=HIGH
2026-06-30 21:44:43,690 - early_warning_alerts - INFO - Generated 7 alerts and response items.
2026-06-30 21:44:43,691 - acrs_engine - INFO - Initiating ACRS Assessment for seed node: TrafficLight_10, attack: Botnet
2026-06-30 21:44:43,763 - graph_resilience_index - INFO - Successfully calculated GRI for 100 nodes.
2026-06-30 21:44:50,201 - early_warning_risk - INFO - Risk calculated for TrafficLight_29: score=79.94, level=HIGH
2026-06-30 21:44:50,202 - early_warning_alerts - INFO - Generated 7 alerts and response items.
2026-06-30 21:44:50,203 - acrs_engine - INFO - Initiating ACRS Assessment for seed node: TrafficLight_29, attack: Spoofing
2026-06-30 21:44:50,257 - graph_resilience_index - INFO - Successfully calculated GRI for 100 nodes.
2026-06-30 21:44:51,043 - early_warning_risk - INFO - Risk calculated for TrafficLight_14: score=79.86, level=HIGH
2026-06-30 21:44:51,044 - early_warning_alerts - INFO - Generated 7 alerts and response items.
2026-06-30 21:44:51,045 - acrs_engine - INFO - Initiating ACRS Assessment for seed node: TrafficLight_14, attack: Botnet
2026-06-30 21:44:51,110 - graph_resilience_index - INFO - Successfully calculated GRI for 100 nodes.
2026-06-30 21:44:57,646 - early_warning_risk - INFO - Risk calculated for CCTV_7: score=59.89, level=MEDIUM
2026-06-30 21:44:57,647 - early_warning_alerts - INFO - Generated 4 alerts and response items.
2026-06-30 21:44:57,647 - acrs_engine - INFO - Initiating ACRS Assessment for seed node: CCTV_7, attack: Botnet
2026-06-30 21:44:57,701 - graph_resilience_index - INFO - Successfully calculated GRI for 100 nodes.
2026-06-30 21:44:58,231 - early_warning_risk - INFO - Risk calculated for Server_1: score=1.00, level=LOW
2026-06-30 21:45:05,935 - early_warning_risk - INFO - Risk calculated for CCTV_7: score=59.91, level=MEDIUM
2026-06-30 21:45:05,937 - early_warning_alerts - INFO - Generated 4 alerts and response items.
2026-06-30 21:45:05,938 - acrs_engine - INFO - Initiating ACRS Assessment for seed node: CCTV_7, attack: Reconnaissance
2026-06-30 21:45:05,949 - early_warning_risk - INFO - Risk calculated for TrafficLight_27: score=79.95, level=HIGH
2026-06-30 21:45:05,950 - early_warning_alerts - INFO - Generated 7 alerts and response items.
2026-06-30 21:45:05,951 - acrs_engine - INFO - Initiating ACRS Assessment for seed node: TrafficLight_27, attack: DDoS
2026-06-30 21:45:06,048 - graph_resilience_index - INFO - Successfully calculated GRI for 100 nodes.
2026-06-30 21:45:06,206 - graph_resilience_index - INFO - Successfully calculated GRI for 100 nodes.
2026-06-30 21:45:15,942 - early_warning_risk - INFO - Risk calculated for TrafficLight_28: score=79.94, level=HIGH
2026-06-30 21:45:15,943 - early_warning_alerts - INFO - Generated 7 alerts and response items.
2026-06-30 21:45:15,943 - acrs_engine - INFO - Initiating ACRS Assessment for seed node: TrafficLight_28, attack: Spoofing
2026-06-30 21:45:15,948 - early_warning_risk - INFO - Risk calculated for ParkingSensor_5: score=29.95, level=LOW
2026-06-30 21:45:15,949 - early_warning_alerts - INFO - Generated 4 alerts and response items.
2026-06-30 21:45:15,950 - acrs_engine - INFO - Initiating ACRS Assessment for seed node: ParkingSensor_5, attack: Reconnaissance
2026-06-30 21:45:16,030 - graph_resilience_index - INFO - Successfully calculated GRI for 100 nodes.
2026-06-30 21:45:16,140 - graph_resilience_index - INFO - Successfully calculated GRI for 100 nodes.
2026-06-30 21:45:25,799 - early_warning_risk - INFO - Risk calculated for TrafficLight_3: score=0.80, level=LOW
2026-06-30 21:45:26,024 - early_warning_risk - INFO - Risk calculated for CCTV_5: score=59.95, level=MEDIUM
2026-06-30 21:45:26,025 - early_warning_alerts - INFO - Generated 4 alerts and response items.
2026-06-30 21:45:26,025 - acrs_engine - INFO - Initiating ACRS Assessment for seed node: CCTV_5, attack: Spoofing
2026-06-30 21:45:26,140 - graph_resilience_index - INFO - Successfully calculated GRI for 100 nodes.
2026-06-30 21:45:32,575 - early_warning_risk - INFO - Risk calculated for CCTV_18: score=0.60, level=LOW
2026-06-30 21:45:33,664 - early_warning_risk - INFO - Risk calculated for SmartMeter_1: score=39.97, level=MEDIUM
2026-06-30 21:45:33,664 - early_warning_alerts - INFO - Generated 4 alerts and response items.
2026-06-30 21:45:33,665 - acrs_engine - INFO - Initiating ACRS Assessment for seed node: SmartMeter_1, attack: Spoofing
2026-06-30 21:45:33,779 - graph_resilience_index - INFO - Successfully calculated GRI for 100 nodes.
2026-06-30 21:45:39,373 - early_warning_risk - INFO - Risk calculated for ParkingSensor_10: score=29.98, level=LOW
2026-06-30 21:45:39,374 - early_warning_alerts - INFO - Generated 4 alerts and response items.
2026-06-30 21:45:39,374 - acrs_engine - INFO - Initiating ACRS Assessment for seed node: ParkingSensor_10, attack: DDoS
2026-06-30 21:45:39,428 - graph_resilience_index - INFO - Successfully calculated GRI for 100 nodes.
2026-06-30 21:45:40,713 - early_warning_risk - INFO - Risk calculated for CCTV_5: score=59.95, level=MEDIUM
2026-06-30 21:45:40,716 - early_warning_alerts - INFO - Generated 4 alerts and response items.
2026-06-30 21:45:40,717 - acrs_engine - INFO - Initiating ACRS Assessment for seed node: CCTV_5, attack: Spoofing
2026-06-30 21:45:40,794 - graph_resilience_index - INFO - Successfully calculated GRI for 100 nodes.
2026-06-30 21:45:47,341 - early_warning_risk - INFO - Risk calculated for CCTV_26: score=59.96, level=MEDIUM
2026-06-30 21:45:47,341 - early_warning_alerts - INFO - Generated 4 alerts and response items.
2026-06-30 21:45:47,341 - acrs_engine - INFO - Initiating ACRS Assessment for seed node: CCTV_26, attack: DDoS
2026-06-30 21:45:47,396 - graph_resilience_index - INFO - Successfully calculated GRI for 100 nodes.
2026-06-30 21:45:48,226 - early_warning_risk - INFO - Risk calculated for TrafficLight_23: score=79.95, level=HIGH
2026-06-30 21:45:48,227 - early_warning_alerts - INFO - Generated 7 alerts and response items.
2026-06-30 21:45:48,227 - acrs_engine - INFO - Initiating ACRS Assessment for seed node: TrafficLight_23, attack: DDoS
2026-06-30 21:45:48,323 - graph_resilience_index - INFO - Successfully calculated GRI for 100 nodes.
2026-06-30 21:45:54,686 - early_warning_risk - INFO - Risk calculated for TrafficLight_7: score=0.80, level=LOW
2026-06-30 21:45:55,458 - early_warning_risk - INFO - Risk calculated for CCTV_20: score=59.89, level=MEDIUM
2026-06-30 21:45:55,458 - early_warning_alerts - INFO - Generated 4 alerts and response items.
2026-06-30 21:45:55,459 - acrs_engine - INFO - Initiating ACRS Assessment for seed node: CCTV_20, attack: Botnet
2026-06-30 21:45:55,538 - graph_resilience_index - INFO - Successfully calculated GRI for 100 nodes.
2026-06-30 21:46:01,082 - early_warning_risk - INFO - Risk calculated for ParkingSensor_1: score=29.98, level=LOW
2026-06-30 21:46:01,083 - early_warning_alerts - INFO - Generated 4 alerts and response items.
2026-06-30 21:46:01,083 - acrs_engine - INFO - Initiating ACRS Assessment for seed node: ParkingSensor_1, attack: Brute Force
2026-06-30 21:46:01,143 - graph_resilience_index - INFO - Successfully calculated GRI for 100 nodes.
2026-06-30 21:46:02,016 - early_warning_risk - INFO - Risk calculated for SmartMeter_6: score=0.40, level=LOW
2026-06-30 21:46:08,704 - early_warning_risk - INFO - Risk calculated for CCTV_23: score=59.96, level=MEDIUM
2026-06-30 21:46:08,705 - early_warning_alerts - INFO - Generated 4 alerts and response items.
2026-06-30 21:46:08,705 - acrs_engine - INFO - Initiating ACRS Assessment for seed node: CCTV_23, attack: Brute Force
2026-06-30 21:46:08,709 - early_warning_risk - INFO - Risk calculated for WaterSensor_5: score=69.94, level=HIGH
2026-06-30 21:46:08,709 - early_warning_alerts - INFO - Generated 7 alerts and response items.
2026-06-30 21:46:08,710 - acrs_engine - INFO - Initiating ACRS Assessment for seed node: WaterSensor_5, attack: Spoofing
2026-06-30 21:46:08,768 - graph_resilience_index - INFO - Successfully calculated GRI for 100 nodes.
2026-06-30 21:46:08,838 - graph_resilience_index - INFO - Successfully calculated GRI for 100 nodes.
2026-06-30 21:46:17,266 - early_warning_risk - INFO - Risk calculated for WaterSensor_4: score=69.89, level=HIGH
2026-06-30 21:46:17,267 - early_warning_alerts - INFO - Generated 7 alerts and response items.
2026-06-30 21:46:17,267 - acrs_engine - INFO - Initiating ACRS Assessment for seed node: WaterSensor_4, attack: Reconnaissance
2026-06-30 21:46:17,273 - early_warning_risk - INFO - Risk calculated for CCTV_24: score=0.60, level=LOW
2026-06-30 21:46:17,336 - graph_resilience_index - INFO - Successfully calculated GRI for 100 nodes.
2026-06-30 21:46:23,472 - early_warning_risk - INFO - Risk calculated for WaterSensor_2: score=69.95, level=HIGH
2026-06-30 21:46:23,473 - early_warning_alerts - INFO - Generated 7 alerts and response items.
2026-06-30 21:46:23,473 - acrs_engine - INFO - Initiating ACRS Assessment for seed node: WaterSensor_2, attack: Brute Force
2026-06-30 21:46:23,541 - graph_resilience_index - INFO - Successfully calculated GRI for 100 nodes.
2026-06-30 21:46:24,349 - early_warning_risk - INFO - Risk calculated for CCTV_13: score=59.95, level=MEDIUM
2026-06-30 21:46:24,349 - early_warning_alerts - INFO - Generated 4 alerts and response items.
2026-06-30 21:46:24,350 - acrs_engine - INFO - Initiating ACRS Assessment for seed node: CCTV_13, attack: Spoofing
2026-06-30 21:46:24,419 - graph_resilience_index - INFO - Successfully calculated GRI for 100 nodes.
2026-06-30 21:46:30,836 - early_warning_risk - INFO - Risk calculated for TrafficLight_1: score=79.95, level=HIGH
2026-06-30 21:46:30,837 - early_warning_alerts - INFO - Generated 7 alerts and response items.
2026-06-30 21:46:30,838 - acrs_engine - INFO - Initiating ACRS Assessment for seed node: TrafficLight_1, attack: Brute Force
2026-06-30 21:46:30,906 - graph_resilience_index - INFO - Successfully calculated GRI for 100 nodes.
2026-06-30 21:46:31,702 - early_warning_risk - INFO - Risk calculated for ParkingSensor_6: score=29.98, level=LOW
2026-06-30 21:46:31,702 - early_warning_alerts - INFO - Generated 4 alerts and response items.
2026-06-30 21:46:31,703 - acrs_engine - INFO - Initiating ACRS Assessment for seed node: ParkingSensor_6, attack: Brute Force
2026-06-30 21:46:31,769 - graph_resilience_index - INFO - Successfully calculated GRI for 100 nodes.
2026-06-30 21:46:38,267 - early_warning_risk - INFO - Risk calculated for CCTV_13: score=59.96, level=MEDIUM
2026-06-30 21:46:38,268 - early_warning_alerts - INFO - Generated 4 alerts and response items.
2026-06-30 21:46:38,268 - acrs_engine - INFO - Initiating ACRS Assessment for seed node: CCTV_13, attack: DDoS
2026-06-30 21:46:38,340 - graph_resilience_index - INFO - Successfully calculated GRI for 100 nodes.
2026-06-30 21:46:38,756 - early_warning_risk - INFO - Risk calculated for ParkingSensor_3: score=29.98, level=LOW
2026-06-30 21:46:38,757 - early_warning_alerts - INFO - Generated 4 alerts and response items.
2026-06-30 21:46:38,757 - acrs_engine - INFO - Initiating ACRS Assessment for seed node: ParkingSensor_3, attack: Brute Force
2026-06-30 21:46:38,813 - graph_resilience_index - INFO - Successfully calculated GRI for 100 nodes.
2026-06-30 21:46:46,931 - early_warning_risk - INFO - Risk calculated for CCTV_13: score=59.89, level=MEDIUM
2026-06-30 21:46:46,932 - early_warning_alerts - INFO - Generated 4 alerts and response items.
2026-06-30 21:46:46,932 - acrs_engine - INFO - Initiating ACRS Assessment for seed node: CCTV_13, attack: Botnet
2026-06-30 21:46:46,998 - graph_resilience_index - INFO - Successfully calculated GRI for 100 nodes.
2026-06-30 21:46:47,002 - early_warning_risk - INFO - Risk calculated for Gateway_1: score=89.94, level=CRITICAL
2026-06-30 21:46:47,002 - early_warning_alerts - INFO - Generated 7 alerts and response items.
2026-06-30 21:46:47,002 - acrs_engine - INFO - Initiating ACRS Assessment for seed node: Gateway_1, attack: Brute Force
2026-06-30 21:46:47,086 - graph_resilience_index - INFO - Successfully calculated GRI for 100 nodes.
2026-06-30 21:46:55,077 - early_warning_risk - INFO - Risk calculated for StreetLight_2: score=19.99, level=LOW
2026-06-30 21:46:55,078 - early_warning_risk - INFO - Risk calculated for CCTV_26: score=59.96, level=MEDIUM
2026-06-30 21:46:55,078 - early_warning_alerts - INFO - Generated 4 alerts and response items.
2026-06-30 21:46:55,079 - early_warning_alerts - INFO - Generated 4 alerts and response items.
2026-06-30 21:46:55,079 - acrs_engine - INFO - Initiating ACRS Assessment for seed node: StreetLight_2, attack: DDoS
2026-06-30 21:46:55,079 - acrs_engine - INFO - Initiating ACRS Assessment for seed node: CCTV_26, attack: DDoS
2026-06-30 21:46:55,142 - graph_resilience_index - INFO - Successfully calculated GRI for 100 nodes.
2026-06-30 21:46:55,234 - graph_resilience_index - INFO - Successfully calculated GRI for 100 nodes.
2026-06-30 21:47:03,058 - early_warning_risk - INFO - Risk calculated for CCTV_20: score=0.60, level=LOW
2026-06-30 21:47:03,232 - early_warning_risk - INFO - Risk calculated for Server_2: score=99.93, level=CRITICAL
2026-06-30 21:47:03,233 - early_warning_alerts - INFO - Generated 7 alerts and response items.
2026-06-30 21:47:03,234 - acrs_engine - INFO - Initiating ACRS Assessment for seed node: Server_2, attack: Brute Force
2026-06-30 21:47:03,314 - graph_resilience_index - INFO - Successfully calculated GRI for 100 nodes.
2026-06-30 21:47:09,071 - early_warning_risk - INFO - Risk calculated for ParkingSensor_5: score=29.98, level=LOW
2026-06-30 21:47:09,072 - early_warning_alerts - INFO - Generated 4 alerts and response items.
2026-06-30 21:47:09,072 - acrs_engine - INFO - Initiating ACRS Assessment for seed node: ParkingSensor_5, attack: DDoS
2026-06-30 21:47:09,128 - graph_resilience_index - INFO - Successfully calculated GRI for 100 nodes.
2026-06-30 21:47:10,129 - early_warning_risk - INFO - Risk calculated for CCTV_25: score=59.95, level=MEDIUM
2026-06-30 21:47:10,130 - early_warning_alerts - INFO - Generated 4 alerts and response items.
2026-06-30 21:47:10,130 - acrs_engine - INFO - Initiating ACRS Assessment for seed node: CCTV_25, attack: Spoofing
2026-06-30 21:47:10,193 - graph_resilience_index - INFO - Successfully calculated GRI for 100 nodes.
2026-06-30 21:47:16,083 - early_warning_risk - INFO - Risk calculated for CCTV_28: score=0.60, level=LOW
2026-06-30 21:47:16,771 - early_warning_risk - INFO - Risk calculated for CCTV_5: score=0.60, level=LOW
2026-06-30 21:47:23,617 - early_warning_risk - INFO - Risk calculated for StreetLight_2: score=0.20, level=LOW
2026-06-30 21:47:23,657 - early_warning_risk - INFO - Risk calculated for CCTV_8: score=0.60, level=LOW
2026-06-30 21:47:30,480 - early_warning_risk - INFO - Risk calculated for CCTV_8: score=59.89, level=MEDIUM
2026-06-30 21:47:30,480 - early_warning_alerts - INFO - Generated 4 alerts and response items.
2026-06-30 21:47:30,481 - acrs_engine - INFO - Initiating ACRS Assessment for seed node: CCTV_8, attack: Botnet
2026-06-30 21:47:30,541 - graph_resilience_index - INFO - Successfully calculated GRI for 100 nodes.
2026-06-30 21:47:30,543 - early_warning_risk - INFO - Risk calculated for CCTV_4: score=59.89, level=MEDIUM
2026-06-30 21:47:30,545 - early_warning_alerts - INFO - Generated 4 alerts and response items.
2026-06-30 21:47:30,545 - acrs_engine - INFO - Initiating ACRS Assessment for seed node: CCTV_4, attack: Botnet
2026-06-30 21:47:30,610 - graph_resilience_index - INFO - Successfully calculated GRI for 100 nodes.
2026-06-30 21:47:39,017 - early_warning_risk - INFO - Risk calculated for CCTV_9: score=59.96, level=MEDIUM
2026-06-30 21:47:39,018 - early_warning_alerts - INFO - Generated 4 alerts and response items.
2026-06-30 21:47:39,018 - acrs_engine - INFO - Initiating ACRS Assessment for seed node: CCTV_9, attack: Brute Force
2026-06-30 21:47:39,026 - early_warning_risk - INFO - Risk calculated for TrafficLight_27: score=79.86, level=HIGH
2026-06-30 21:47:39,026 - early_warning_alerts - INFO - Generated 7 alerts and response items.
2026-06-30 21:47:39,027 - acrs_engine - INFO - Initiating ACRS Assessment for seed node: TrafficLight_27, attack: Botnet
2026-06-30 21:47:39,085 - graph_resilience_index - INFO - Successfully calculated GRI for 100 nodes.
2026-06-30 21:47:39,149 - graph_resilience_index - INFO - Successfully calculated GRI for 100 nodes.
2026-06-30 21:47:47,238 - early_warning_risk - INFO - Risk calculated for SmartMeter_5: score=39.93, level=MEDIUM
2026-06-30 21:47:47,238 - early_warning_alerts - INFO - Generated 4 alerts and response items.
2026-06-30 21:47:47,239 - acrs_engine - INFO - Initiating ACRS Assessment for seed node: SmartMeter_5, attack: Botnet
2026-06-30 21:47:47,247 - early_warning_risk - INFO - Risk calculated for TrafficLight_17: score=79.95, level=HIGH
2026-06-30 21:47:47,247 - early_warning_alerts - INFO - Generated 7 alerts and response items.
2026-06-30 21:47:47,248 - acrs_engine - INFO - Initiating ACRS Assessment for seed node: TrafficLight_17, attack: DDoS
2026-06-30 21:47:47,305 - graph_resilience_index - INFO - Successfully calculated GRI for 100 nodes.
2026-06-30 21:47:47,373 - graph_resilience_index - INFO - Successfully calculated GRI for 100 nodes.
2026-06-30 21:47:55,568 - early_warning_risk - INFO - Risk calculated for TrafficLight_3: score=0.80, level=LOW
2026-06-30 21:47:55,590 - early_warning_risk - INFO - Risk calculated for TrafficLight_10: score=79.88, level=HIGH
2026-06-30 21:47:55,591 - early_warning_alerts - INFO - Generated 7 alerts and response items.
2026-06-30 21:47:55,592 - acrs_engine - INFO - Initiating ACRS Assessment for seed node: TrafficLight_10, attack: Reconnaissance
2026-06-30 21:47:55,813 - graph_resilience_index - INFO - Successfully calculated GRI for 100 nodes.
2026-06-30 21:48:01,981 - early_warning_risk - INFO - Risk calculated for TrafficLight_24: score=79.88, level=HIGH
2026-06-30 21:48:01,982 - early_warning_alerts - INFO - Generated 7 alerts and response items.
2026-06-30 21:48:01,982 - acrs_engine - INFO - Initiating ACRS Assessment for seed node: TrafficLight_24, attack: Reconnaissance
2026-06-30 21:48:02,040 - graph_resilience_index - INFO - Successfully calculated GRI for 100 nodes.
2026-06-30 21:48:02,662 - early_warning_risk - INFO - Risk calculated for TrafficLight_23: score=79.95, level=HIGH
2026-06-30 21:48:02,662 - early_warning_alerts - INFO - Generated 7 alerts and response items.
2026-06-30 21:48:02,663 - acrs_engine - INFO - Initiating ACRS Assessment for seed node: TrafficLight_23, attack: Brute Force
2026-06-30 21:48:02,733 - graph_resilience_index - INFO - Successfully calculated GRI for 100 nodes.
2026-06-30 21:48:10,624 - early_warning_risk - INFO - Risk calculated for SmartMeter_6: score=39.97, level=MEDIUM
2026-06-30 21:48:10,625 - early_warning_alerts - INFO - Generated 4 alerts and response items.
2026-06-30 21:48:10,626 - acrs_engine - INFO - Initiating ACRS Assessment for seed node: SmartMeter_6, attack: Spoofing
2026-06-30 21:48:10,633 - early_warning_risk - INFO - Risk calculated for CCTV_27: score=59.89, level=MEDIUM
2026-06-30 21:48:10,633 - early_warning_alerts - INFO - Generated 4 alerts and response items.
2026-06-30 21:48:10,634 - acrs_engine - INFO - Initiating ACRS Assessment for seed node: CCTV_27, attack: Botnet
2026-06-30 21:48:10,691 - graph_resilience_index - INFO - Successfully calculated GRI for 100 nodes.
2026-06-30 21:48:10,758 - graph_resilience_index - INFO - Successfully calculated GRI for 100 nodes.
2026-06-30 21:48:19,315 - early_warning_risk - INFO - Risk calculated for CCTV_30: score=59.95, level=MEDIUM
2026-06-30 21:48:19,316 - early_warning_alerts - INFO - Generated 4 alerts and response items.
2026-06-30 21:48:19,316 - acrs_engine - INFO - Initiating ACRS Assessment for seed node: CCTV_30, attack: Spoofing
2026-06-30 21:48:19,321 - early_warning_risk - INFO - Risk calculated for WaterSensor_3: score=69.95, level=HIGH
2026-06-30 21:48:19,321 - early_warning_alerts - INFO - Generated 7 alerts and response items.
2026-06-30 21:48:19,322 - acrs_engine - INFO - Initiating ACRS Assessment for seed node: WaterSensor_3, attack: Brute Force
2026-06-30 21:48:19,376 - graph_resilience_index - INFO - Successfully calculated GRI for 100 nodes.
2026-06-30 21:48:19,438 - graph_resilience_index - INFO - Successfully calculated GRI for 100 nodes.
2026-06-30 21:48:27,150 - early_warning_risk - INFO - Risk calculated for CCTV_26: score=59.96, level=MEDIUM
2026-06-30 21:48:27,151 - early_warning_alerts - INFO - Generated 4 alerts and response items.
2026-06-30 21:48:27,152 - acrs_engine - INFO - Initiating ACRS Assessment for seed node: CCTV_26, attack: Brute Force
2026-06-30 21:48:27,157 - early_warning_risk - INFO - Risk calculated for CCTV_2: score=59.95, level=MEDIUM
2026-06-30 21:48:27,159 - early_warning_alerts - INFO - Generated 4 alerts and response items.
2026-06-30 21:48:27,159 - acrs_engine - INFO - Initiating ACRS Assessment for seed node: CCTV_2, attack: Spoofing
2026-06-30 21:48:27,214 - graph_resilience_index - INFO - Successfully calculated GRI for 100 nodes.
2026-06-30 21:48:27,280 - graph_resilience_index - INFO - Successfully calculated GRI for 100 nodes.
2026-06-30 21:48:35,056 - early_warning_risk - INFO - Risk calculated for CCTV_16: score=59.91, level=MEDIUM
2026-06-30 21:48:35,057 - early_warning_alerts - INFO - Generated 4 alerts and response items.
2026-06-30 21:48:35,058 - early_warning_risk - INFO - Risk calculated for ParkingSensor_15: score=29.98, level=LOW
2026-06-30 21:48:35,058 - acrs_engine - INFO - Initiating ACRS Assessment for seed node: CCTV_16, attack: Reconnaissance
2026-06-30 21:48:35,058 - early_warning_alerts - INFO - Generated 4 alerts and response items.
2026-06-30 21:48:35,059 - acrs_engine - INFO - Initiating ACRS Assessment for seed node: ParkingSensor_15, attack: DDoS
2026-06-30 21:48:35,120 - graph_resilience_index - INFO - Successfully calculated GRI for 100 nodes.
2026-06-30 21:48:35,185 - graph_resilience_index - INFO - Successfully calculated GRI for 100 nodes.
2026-06-30 21:48:43,525 - early_warning_risk - INFO - Risk calculated for TrafficLight_12: score=79.95, level=HIGH
2026-06-30 21:48:43,526 - early_warning_alerts - INFO - Generated 7 alerts and response items.
2026-06-30 21:48:43,526 - acrs_engine - INFO - Initiating ACRS Assessment for seed node: TrafficLight_12, attack: Brute Force
2026-06-30 21:48:43,530 - early_warning_risk - INFO - Risk calculated for ParkingSensor_14: score=29.98, level=LOW
2026-06-30 21:48:43,530 - early_warning_alerts - INFO - Generated 4 alerts and response items.
2026-06-30 21:48:43,531 - acrs_engine - INFO - Initiating ACRS Assessment for seed node: ParkingSensor_14, attack: Brute Force
2026-06-30 21:48:43,588 - graph_resilience_index - INFO - Successfully calculated GRI for 100 nodes.
2026-06-30 21:48:43,651 - graph_resilience_index - INFO - Successfully calculated GRI for 100 nodes.
2026-06-30 21:48:51,579 - early_warning_risk - INFO - Risk calculated for TrafficLight_5: score=79.95, level=HIGH
2026-06-30 21:48:51,580 - early_warning_alerts - INFO - Generated 7 alerts and response items.
2026-06-30 21:48:51,580 - acrs_engine - INFO - Initiating ACRS Assessment for seed node: TrafficLight_5, attack: Brute Force
2026-06-30 21:48:51,587 - early_warning_risk - INFO - Risk calculated for ParkingSensor_12: score=29.98, level=LOW
2026-06-30 21:48:51,587 - early_warning_alerts - INFO - Generated 4 alerts and response items.
2026-06-30 21:48:51,588 - acrs_engine - INFO - Initiating ACRS Assessment for seed node: ParkingSensor_12, attack: Brute Force
2026-06-30 21:48:51,642 - graph_resilience_index - INFO - Successfully calculated GRI for 100 nodes.
2026-06-30 21:48:51,712 - graph_resilience_index - INFO - Successfully calculated GRI for 100 nodes.
2026-06-30 21:48:59,729 - early_warning_risk - INFO - Risk calculated for CCTV_3: score=59.96, level=MEDIUM
2026-06-30 21:48:59,729 - early_warning_alerts - INFO - Generated 4 alerts and response items.
2026-06-30 21:48:59,730 - acrs_engine - INFO - Initiating ACRS Assessment for seed node: CCTV_3, attack: Brute Force
2026-06-30 21:48:59,790 - graph_resilience_index - INFO - Successfully calculated GRI for 100 nodes.
2026-06-30 21:48:59,794 - early_warning_risk - INFO - Risk calculated for CCTV_11: score=59.95, level=MEDIUM
2026-06-30 21:48:59,794 - early_warning_alerts - INFO - Generated 4 alerts and response items.
2026-06-30 21:48:59,795 - acrs_engine - INFO - Initiating ACRS Assessment for seed node: CCTV_11, attack: Spoofing
2026-06-30 21:48:59,876 - graph_resilience_index - INFO - Successfully calculated GRI for 100 nodes.
2026-06-30 21:49:07,902 - early_warning_risk - INFO - Risk calculated for ParkingSensor_6: score=29.95, level=LOW
2026-06-30 21:49:07,903 - early_warning_alerts - INFO - Generated 4 alerts and response items.
2026-06-30 21:49:07,903 - acrs_engine - INFO - Initiating ACRS Assessment for seed node: ParkingSensor_6, attack: Botnet
2026-06-30 21:49:07,905 - early_warning_risk - INFO - Risk calculated for CCTV_25: score=59.91, level=MEDIUM
2026-06-30 21:49:07,906 - early_warning_alerts - INFO - Generated 4 alerts and response items.
2026-06-30 21:49:07,906 - acrs_engine - INFO - Initiating ACRS Assessment for seed node: CCTV_25, attack: Reconnaissance
2026-06-30 21:49:07,970 - graph_resilience_index - INFO - Successfully calculated GRI for 100 nodes.
2026-06-30 21:49:08,038 - graph_resilience_index - INFO - Successfully calculated GRI for 100 nodes.
2026-06-30 21:49:16,284 - early_warning_risk - INFO - Risk calculated for CCTV_13: score=59.89, level=MEDIUM
2026-06-30 21:49:16,285 - early_warning_alerts - INFO - Generated 4 alerts and response items.
2026-06-30 21:49:16,285 - acrs_engine - INFO - Initiating ACRS Assessment for seed node: CCTV_13, attack: Botnet
2026-06-30 21:49:16,290 - early_warning_risk - INFO - Risk calculated for CCTV_25: score=59.91, level=MEDIUM
2026-06-30 21:49:16,290 - early_warning_alerts - INFO - Generated 4 alerts and response items.
2026-06-30 21:49:16,290 - acrs_engine - INFO - Initiating ACRS Assessment for seed node: CCTV_25, attack: Reconnaissance
2026-06-30 21:49:16,350 - graph_resilience_index - INFO - Successfully calculated GRI for 100 nodes.
2026-06-30 21:49:16,416 - graph_resilience_index - INFO - Successfully calculated GRI for 100 nodes.
2026-06-30 21:49:24,525 - early_warning_risk - INFO - Risk calculated for ParkingSensor_11: score=29.98, level=LOW
2026-06-30 21:49:24,525 - early_warning_alerts - INFO - Generated 4 alerts and response items.
2026-06-30 21:49:24,527 - early_warning_risk - INFO - Risk calculated for CCTV_28: score=59.89, level=MEDIUM
2026-06-30 21:49:24,527 - acrs_engine - INFO - Initiating ACRS Assessment for seed node: ParkingSensor_11, attack: Brute Force
2026-06-30 21:49:24,528 - early_warning_alerts - INFO - Generated 4 alerts and response items.
2026-06-30 21:49:24,528 - acrs_engine - INFO - Initiating ACRS Assessment for seed node: CCTV_28, attack: Botnet
2026-06-30 21:49:24,593 - graph_resilience_index - INFO - Successfully calculated GRI for 100 nodes.
2026-06-30 21:49:24,659 - graph_resilience_index - INFO - Successfully calculated GRI for 100 nodes.
2026-06-30 21:49:32,965 - early_warning_risk - INFO - Risk calculated for TrafficLight_9: score=79.95, level=HIGH
2026-06-30 21:49:32,966 - early_warning_alerts - INFO - Generated 7 alerts and response items.
2026-06-30 21:49:32,967 - acrs_engine - INFO - Initiating ACRS Assessment for seed node: TrafficLight_9, attack: Brute Force
2026-06-30 21:49:33,026 - graph_resilience_index - INFO - Successfully calculated GRI for 100 nodes.
2026-06-30 21:49:33,031 - early_warning_risk - INFO - Risk calculated for TrafficLight_12: score=79.95, level=HIGH
2026-06-30 21:49:33,032 - early_warning_alerts - INFO - Generated 7 alerts and response items.
2026-06-30 21:49:33,033 - acrs_engine - INFO - Initiating ACRS Assessment for seed node: TrafficLight_12, attack: DDoS
2026-06-30 21:49:33,107 - graph_resilience_index - INFO - Successfully calculated GRI for 100 nodes.
2026-06-30 21:49:41,275 - early_warning_risk - INFO - Risk calculated for TrafficLight_21: score=79.95, level=HIGH
2026-06-30 21:49:41,276 - early_warning_alerts - INFO - Generated 7 alerts and response items.
2026-06-30 21:49:41,276 - acrs_engine - INFO - Initiating ACRS Assessment for seed node: TrafficLight_21, attack: DDoS
2026-06-30 21:49:41,277 - early_warning_risk - INFO - Risk calculated for TrafficLight_15: score=79.95, level=HIGH
2026-06-30 21:49:41,278 - early_warning_alerts - INFO - Generated 7 alerts and response items.
2026-06-30 21:49:41,279 - acrs_engine - INFO - Initiating ACRS Assessment for seed node: TrafficLight_15, attack: DDoS
2026-06-30 21:49:41,341 - graph_resilience_index - INFO - Successfully calculated GRI for 100 nodes.
2026-06-30 21:49:41,402 - graph_resilience_index - INFO - Successfully calculated GRI for 100 nodes.
2026-06-30 21:49:49,556 - early_warning_risk - INFO - Risk calculated for CCTV_13: score=59.96, level=MEDIUM
2026-06-30 21:49:49,557 - early_warning_alerts - INFO - Generated 4 alerts and response items.
2026-06-30 21:49:49,557 - acrs_engine - INFO - Initiating ACRS Assessment for seed node: CCTV_13, attack: Brute Force
2026-06-30 21:49:49,560 - early_warning_risk - INFO - Risk calculated for TrafficLight_8: score=79.94, level=HIGH
2026-06-30 21:49:49,561 - early_warning_alerts - INFO - Generated 7 alerts and response items.
2026-06-30 21:49:49,561 - acrs_engine - INFO - Initiating ACRS Assessment for seed node: TrafficLight_8, attack: Spoofing
2026-06-30 21:49:49,620 - graph_resilience_index - INFO - Successfully calculated GRI for 100 nodes.
2026-06-30 21:49:49,683 - graph_resilience_index - INFO - Successfully calculated GRI for 100 nodes.
2026-06-30 21:49:57,487 - early_warning_risk - INFO - Risk calculated for TrafficLight_14: score=79.94, level=HIGH
2026-06-30 21:49:57,488 - early_warning_alerts - INFO - Generated 7 alerts and response items.
2026-06-30 21:49:57,488 - acrs_engine - INFO - Initiating ACRS Assessment for seed node: TrafficLight_14, attack: Spoofing
2026-06-30 21:49:57,491 - early_warning_risk - INFO - Risk calculated for StreetLight_5: score=0.20, level=LOW
2026-06-30 21:49:57,569 - graph_resilience_index - INFO - Successfully calculated GRI for 100 nodes.
2026-06-30 21:50:04,171 - early_warning_risk - INFO - Risk calculated for TrafficLight_21: score=79.94, level=HIGH
2026-06-30 21:50:04,171 - early_warning_alerts - INFO - Generated 7 alerts and response items.
2026-06-30 21:50:04,171 - acrs_engine - INFO - Initiating ACRS Assessment for seed node: TrafficLight_21, attack: Spoofing
2026-06-30 21:50:04,245 - graph_resilience_index - INFO - Successfully calculated GRI for 100 nodes.
2026-06-30 21:50:04,741 - early_warning_risk - INFO - Risk calculated for TrafficLight_25: score=79.95, level=HIGH
2026-06-30 21:50:04,742 - early_warning_alerts - INFO - Generated 7 alerts and response items.
2026-06-30 21:50:04,743 - acrs_engine - INFO - Initiating ACRS Assessment for seed node: TrafficLight_25, attack: Brute Force
2026-06-30 21:50:04,807 - graph_resilience_index - INFO - Successfully calculated GRI for 100 nodes.
2026-06-30 21:50:12,306 - early_warning_risk - INFO - Risk calculated for TrafficLight_18: score=79.86, level=HIGH
2026-06-30 21:50:12,307 - early_warning_alerts - INFO - Generated 7 alerts and response items.
2026-06-30 21:50:12,309 - acrs_engine - INFO - Initiating ACRS Assessment for seed node: TrafficLight_18, attack: Botnet
2026-06-30 21:50:12,309 - early_warning_alerts - INFO - Generated 4 alerts and response items.
2026-06-30 21:50:12,310 - acrs_engine - INFO - Initiating ACRS Assessment for seed node: CCTV_4, attack: Reconnaissance
2026-06-30 21:50:12,380 - graph_resilience_index - INFO - Successfully calculated GRI for 100 nodes.
2026-06-30 21:50:12,446 - graph_resilience_index - INFO - Successfully calculated GRI for 100 nodes.
2026-06-30 21:50:20,543 - early_warning_risk - INFO - Risk calculated for ParkingSensor_8: score=29.95, level=LOW
2026-06-30 21:50:20,544 - early_warning_alerts - INFO - Generated 4 alerts and response items.
2026-06-30 21:50:20,544 - acrs_engine - INFO - Initiating ACRS Assessment for seed node: ParkingSensor_8, attack: Reconnaissance
2026-06-30 21:50:20,549 - early_warning_risk - INFO - Risk calculated for CCTV_14: score=59.91, level=MEDIUM
2026-06-30 21:50:20,549 - early_warning_alerts - INFO - Generated 4 alerts and response items.
2026-06-30 21:50:20,549 - acrs_engine - INFO - Initiating ACRS Assessment for seed node: CCTV_14, attack: Reconnaissance
2026-06-30 21:50:20,605 - graph_resilience_index - INFO - Successfully calculated GRI for 100 nodes.
2026-06-30 21:50:20,673 - graph_resilience_index - INFO - Successfully calculated GRI for 100 nodes.
2026-06-30 21:50:28,867 - early_warning_risk - INFO - Risk calculated for SmartMeter_10: score=39.98, level=MEDIUM
2026-06-30 21:50:28,868 - early_warning_alerts - INFO - Generated 4 alerts and response items.
2026-06-30 21:50:28,869 - acrs_engine - INFO - Initiating ACRS Assessment for seed node: SmartMeter_10, attack: DDoS
2026-06-30 21:50:28,873 - early_warning_risk - INFO - Risk calculated for TrafficLight_23: score=0.80, level=LOW
2026-06-30 21:50:28,943 - graph_resilience_index - INFO - Successfully calculated GRI for 100 nodes.
2026-06-30 21:50:34,987 - early_warning_risk - INFO - Risk calculated for TrafficLight_3: score=79.94, level=HIGH
2026-06-30 21:50:34,988 - early_warning_alerts - INFO - Generated 7 alerts and response items.
2026-06-30 21:50:34,989 - acrs_engine - INFO - Initiating ACRS Assessment for seed node: TrafficLight_3, attack: Spoofing
2026-06-30 21:50:35,061 - graph_resilience_index - INFO - Successfully calculated GRI for 100 nodes.
2026-06-30 21:50:35,950 - early_warning_risk - INFO - Risk calculated for CCTV_10: score=59.95, level=MEDIUM
2026-06-30 21:50:35,952 - early_warning_alerts - INFO - Generated 4 alerts and response items.
2026-06-30 21:50:35,953 - acrs_engine - INFO - Initiating ACRS Assessment for seed node: CCTV_10, attack: Spoofing
2026-06-30 21:50:36,039 - graph_resilience_index - INFO - Successfully calculated GRI for 100 nodes.
2026-06-30 21:50:42,295 - early_warning_risk - INFO - Risk calculated for TrafficLight_4: score=79.88, level=HIGH
2026-06-30 21:50:42,296 - early_warning_alerts - INFO - Generated 7 alerts and response items.
2026-06-30 21:50:42,296 - acrs_engine - INFO - Initiating ACRS Assessment for seed node: TrafficLight_4, attack: Reconnaissance
2026-06-30 21:50:42,365 - graph_resilience_index - INFO - Successfully calculated GRI for 100 nodes.
2026-06-30 21:50:43,016 - early_warning_risk - INFO - Risk calculated for ParkingSensor_14: score=29.98, level=LOW
2026-06-30 21:50:43,017 - early_warning_alerts - INFO - Generated 4 alerts and response items.
2026-06-30 21:50:43,018 - acrs_engine - INFO - Initiating ACRS Assessment for seed node: ParkingSensor_14, attack: Brute Force
2026-06-30 21:50:43,092 - graph_resilience_index - INFO - Successfully calculated GRI for 100 nodes.
2026-06-30 21:50:50,189 - early_warning_risk - INFO - Risk calculated for ParkingSensor_15: score=29.95, level=LOW
2026-06-30 21:50:50,190 - early_warning_alerts - INFO - Generated 4 alerts and response items.
2026-06-30 21:50:50,191 - acrs_engine - INFO - Initiating ACRS Assessment for seed node: ParkingSensor_15, attack: Reconnaissance
2026-06-30 21:50:50,200 - early_warning_risk - INFO - Risk calculated for Server_2: score=99.93, level=CRITICAL
2026-06-30 21:50:50,200 - early_warning_alerts - INFO - Generated 7 alerts and response items.
2026-06-30 21:50:50,201 - acrs_engine - INFO - Initiating ACRS Assessment for seed node: Server_2, attack: Brute Force
2026-06-30 21:50:50,256 - graph_resilience_index - INFO - Successfully calculated GRI for 100 nodes.
2026-06-30 21:50:50,331 - graph_resilience_index - INFO - Successfully calculated GRI for 100 nodes.
2026-06-30 21:50:58,004 - early_warning_risk - INFO - Risk calculated for TrafficLight_10: score=79.94, level=HIGH
2026-06-30 21:50:58,005 - early_warning_alerts - INFO - Generated 7 alerts and response items.
2026-06-30 21:50:58,005 - acrs_engine - INFO - Initiating ACRS Assessment for seed node: TrafficLight_10, attack: Spoofing
2026-06-30 21:50:58,012 - early_warning_risk - INFO - Risk calculated for TrafficLight_10: score=79.95, level=HIGH
2026-06-30 21:50:58,023 - early_warning_alerts - INFO - Generated 7 alerts and response items.
2026-06-30 21:50:58,055 - acrs_engine - INFO - Initiating ACRS Assessment for seed node: TrafficLight_10, attack: Brute Force
2026-06-30 21:50:58,066 - graph_resilience_index - INFO - Successfully calculated GRI for 100 nodes.
2026-06-30 21:50:58,139 - graph_resilience_index - INFO - Successfully calculated GRI for 100 nodes.
2026-06-30 21:51:06,400 - early_warning_risk - INFO - Risk calculated for Server_1: score=99.82, level=CRITICAL
2026-06-30 21:51:06,400 - early_warning_alerts - INFO - Generated 7 alerts and response items.
2026-06-30 21:51:06,401 - acrs_engine - INFO - Initiating ACRS Assessment for seed node: Server_1, attack: Botnet
2026-06-30 21:51:06,420 - early_warning_risk - INFO - Risk calculated for CCTV_25: score=59.96, level=MEDIUM
2026-06-30 21:51:06,421 - early_warning_alerts - INFO - Generated 4 alerts and response items.
2026-06-30 21:51:06,421 - acrs_engine - INFO - Initiating ACRS Assessment for seed node: CCTV_25, attack: DDoS
2026-06-30 21:51:06,529 - graph_resilience_index - INFO - Successfully calculated GRI for 100 nodes.
2026-06-30 21:51:06,595 - graph_resilience_index - INFO - Successfully calculated GRI for 100 nodes.
2026-06-30 21:51:14,735 - early_warning_risk - INFO - Risk calculated for TrafficLight_14: score=79.95, level=HIGH
2026-06-30 21:51:14,736 - early_warning_alerts - INFO - Generated 7 alerts and response items.
2026-06-30 21:51:14,736 - acrs_engine - INFO - Initiating ACRS Assessment for seed node: TrafficLight_14, attack: Brute Force
2026-06-30 21:51:14,743 - early_warning_risk - INFO - Risk calculated for TrafficLight_22: score=79.86, level=HIGH
2026-06-30 21:51:14,743 - early_warning_alerts - INFO - Generated 7 alerts and response items.
2026-06-30 21:51:14,744 - acrs_engine - INFO - Initiating ACRS Assessment for seed node: TrafficLight_22, attack: Botnet
2026-06-30 21:51:14,804 - graph_resilience_index - INFO - Successfully calculated GRI for 100 nodes.
2026-06-30 21:51:14,884 - graph_resilience_index - INFO - Successfully calculated GRI for 100 nodes.
2026-06-30 21:51:22,959 - early_warning_risk - INFO - Risk calculated for TrafficLight_29: score=79.95, level=HIGH
2026-06-30 21:51:22,960 - early_warning_alerts - INFO - Generated 7 alerts and response items.
2026-06-30 21:51:22,961 - acrs_engine - INFO - Initiating ACRS Assessment for seed node: TrafficLight_29, attack: DDoS
2026-06-30 21:51:22,966 - early_warning_risk - INFO - Risk calculated for Server_2: score=99.94, level=CRITICAL
2026-06-30 21:51:22,966 - early_warning_alerts - INFO - Generated 7 alerts and response items.
2026-06-30 21:51:22,967 - acrs_engine - INFO - Initiating ACRS Assessment for seed node: Server_2, attack: DDoS
2026-06-30 21:51:23,022 - graph_resilience_index - INFO - Successfully calculated GRI for 100 nodes.
2026-06-30 21:51:23,090 - graph_resilience_index - INFO - Successfully calculated GRI for 100 nodes.
2026-06-30 21:51:31,186 - early_warning_risk - INFO - Risk calculated for ParkingSensor_10: score=29.98, level=LOW
2026-06-30 21:51:31,187 - early_warning_alerts - INFO - Generated 4 alerts and response items.
2026-06-30 21:51:31,187 - acrs_engine - INFO - Initiating ACRS Assessment for seed node: ParkingSensor_10, attack: Brute Force
2026-06-30 21:51:31,190 - early_warning_risk - INFO - Risk calculated for CCTV_25: score=59.89, level=MEDIUM
2026-06-30 21:51:31,191 - early_warning_alerts - INFO - Generated 4 alerts and response items.
2026-06-30 21:51:31,191 - acrs_engine - INFO - Initiating ACRS Assessment for seed node: CCTV_25, attack: Botnet
2026-06-30 21:51:31,250 - graph_resilience_index - INFO - Successfully calculated GRI for 100 nodes.
2026-06-30 21:51:31,316 - graph_resilience_index - INFO - Successfully calculated GRI for 100 nodes.
2026-06-30 21:51:39,260 - early_warning_risk - INFO - Risk calculated for ParkingSensor_11: score=29.95, level=LOW
2026-06-30 21:51:39,260 - early_warning_alerts - INFO - Generated 4 alerts and response items.
2026-06-30 21:51:39,261 - acrs_engine - INFO - Initiating ACRS Assessment for seed node: ParkingSensor_11, attack: Botnet
2026-06-30 21:51:39,262 - early_warning_risk - INFO - Risk calculated for WaterSensor_5: score=69.94, level=HIGH
2026-06-30 21:51:39,262 - early_warning_alerts - INFO - Generated 7 alerts and response items.
2026-06-30 21:51:39,263 - acrs_engine - INFO - Initiating ACRS Assessment for seed node: WaterSensor_5, attack: Spoofing
2026-06-30 21:51:39,325 - graph_resilience_index - INFO - Successfully calculated GRI for 100 nodes.
2026-06-30 21:51:39,386 - graph_resilience_index - INFO - Successfully calculated GRI for 100 nodes.
2026-06-30 21:51:47,431 - early_warning_risk - INFO - Risk calculated for TrafficLight_10: score=79.86, level=HIGH
2026-06-30 21:51:47,432 - early_warning_alerts - INFO - Generated 7 alerts and response items.
2026-06-30 21:51:47,433 - acrs_engine - INFO - Initiating ACRS Assessment for seed node: TrafficLight_10, attack: Botnet
2026-06-30 21:51:47,435 - early_warning_risk - INFO - Risk calculated for SmartMeter_1: score=39.94, level=MEDIUM
2026-06-30 21:51:47,436 - early_warning_alerts - INFO - Generated 4 alerts and response items.
2026-06-30 21:51:47,436 - acrs_engine - INFO - Initiating ACRS Assessment for seed node: SmartMeter_1, attack: Reconnaissance
2026-06-30 21:51:47,493 - graph_resilience_index - INFO - Successfully calculated GRI for 100 nodes.
2026-06-30 21:51:47,562 - graph_resilience_index - INFO - Successfully calculated GRI for 100 nodes.
2026-06-30 21:51:55,966 - early_warning_risk - INFO - Risk calculated for TrafficLight_27: score=79.94, level=HIGH
2026-06-30 21:51:55,967 - early_warning_alerts - INFO - Generated 7 alerts and response items.
2026-06-30 21:51:55,968 - acrs_engine - INFO - Initiating ACRS Assessment for seed node: TrafficLight_27, attack: Spoofing
2026-06-30 21:51:55,970 - early_warning_risk - INFO - Risk calculated for TrafficLight_17: score=79.88, level=HIGH
2026-06-30 21:51:55,971 - early_warning_alerts - INFO - Generated 7 alerts and response items.
2026-06-30 21:51:55,971 - acrs_engine - INFO - Initiating ACRS Assessment for seed node: TrafficLight_17, attack: Reconnaissance
2026-06-30 21:51:56,080 - graph_resilience_index - INFO - Successfully calculated GRI for 100 nodes.
2026-06-30 21:51:56,179 - graph_resilience_index - INFO - Successfully calculated GRI for 100 nodes.
2026-06-30 21:52:04,526 - early_warning_risk - INFO - Risk calculated for TrafficLight_16: score=79.88, level=HIGH
2026-06-30 21:52:04,527 - early_warning_alerts - INFO - Generated 7 alerts and response items.
2026-06-30 21:52:04,528 - acrs_engine - INFO - Initiating ACRS Assessment for seed node: TrafficLight_16, attack: Reconnaissance
2026-06-30 21:52:04,531 - early_warning_risk - INFO - Risk calculated for TrafficLight_22: score=79.86, level=HIGH
2026-06-30 21:52:04,532 - early_warning_alerts - INFO - Generated 7 alerts and response items.
2026-06-30 21:52:04,532 - acrs_engine - INFO - Initiating ACRS Assessment for seed node: TrafficLight_22, attack: Botnet
2026-06-30 21:52:04,588 - graph_resilience_index - INFO - Successfully calculated GRI for 100 nodes.
2026-06-30 21:52:04,653 - graph_resilience_index - INFO - Successfully calculated GRI for 100 nodes.
2026-06-30 21:52:13,384 - early_warning_risk - INFO - Risk calculated for CCTV_4: score=59.95, level=MEDIUM
2026-06-30 21:52:13,385 - early_warning_alerts - INFO - Generated 4 alerts and response items.
2026-06-30 21:52:13,386 - acrs_engine - INFO - Initiating ACRS Assessment for seed node: CCTV_4, attack: Spoofing
2026-06-30 21:52:13,389 - early_warning_risk - INFO - Risk calculated for TrafficLight_15: score=79.88, level=HIGH
2026-06-30 21:52:13,390 - early_warning_alerts - INFO - Generated 7 alerts and response items.
2026-06-30 21:52:13,390 - acrs_engine - INFO - Initiating ACRS Assessment for seed node: TrafficLight_15, attack: Reconnaissance
2026-06-30 21:52:13,454 - graph_resilience_index - INFO - Successfully calculated GRI for 100 nodes.
2026-06-30 21:52:13,521 - graph_resilience_index - INFO - Successfully calculated GRI for 100 nodes.
2026-06-30 21:52:22,113 - early_warning_risk - INFO - Risk calculated for CCTV_17: score=59.91, level=MEDIUM
2026-06-30 21:52:22,114 - early_warning_alerts - INFO - Generated 4 alerts and response items.
2026-06-30 21:52:22,115 - acrs_engine - INFO - Initiating ACRS Assessment for seed node: CCTV_17, attack: Reconnaissance
2026-06-30 21:52:22,116 - early_warning_risk - INFO - Risk calculated for CCTV_29: score=59.96, level=MEDIUM
2026-06-30 21:52:22,117 - early_warning_alerts - INFO - Generated 4 alerts and response items.
2026-06-30 21:52:22,117 - acrs_engine - INFO - Initiating ACRS Assessment for seed node: CCTV_29, attack: Brute Force
2026-06-30 21:52:22,186 - graph_resilience_index - INFO - Successfully calculated GRI for 100 nodes.
2026-06-30 21:52:22,281 - graph_resilience_index - INFO - Successfully calculated GRI for 100 nodes.
2026-06-30 21:52:30,215 - early_warning_risk - INFO - Risk calculated for WaterSensor_5: score=69.94, level=HIGH
2026-06-30 21:52:30,216 - early_warning_alerts - INFO - Generated 7 alerts and response items.
2026-06-30 21:52:30,220 - acrs_engine - INFO - Initiating ACRS Assessment for seed node: WaterSensor_5, attack: Spoofing
2026-06-30 21:52:30,402 - graph_resilience_index - INFO - Successfully calculated GRI for 100 nodes.
2026-06-30 21:52:32,344 - early_warning_risk - INFO - Risk calculated for ParkingSensor_4: score=0.30, level=LOW
2026-06-30 21:52:32,363 - early_warning_risk - INFO - Risk calculated for CCTV_18: score=0.60, level=LOW
2026-06-30 21:52:40,225 - early_warning_risk - INFO - Risk calculated for Server_1: score=99.94, level=CRITICAL
2026-06-30 21:52:40,226 - early_warning_alerts - INFO - Generated 7 alerts and response items.
2026-06-30 21:52:40,226 - acrs_engine - INFO - Initiating ACRS Assessment for seed node: Server_1, attack: DDoS
2026-06-30 21:52:40,282 - graph_resilience_index - INFO - Successfully calculated GRI for 100 nodes.
2026-06-30 21:52:40,854 - early_warning_risk - INFO - Risk calculated for CCTV_15: score=59.91, level=MEDIUM
2026-06-30 21:52:40,855 - early_warning_alerts - INFO - Generated 4 alerts and response items.
2026-06-30 21:52:40,856 - acrs_engine - INFO - Initiating ACRS Assessment for seed node: CCTV_15, attack: Reconnaissance
2026-06-30 21:52:40,920 - graph_resilience_index - INFO - Successfully calculated GRI for 100 nodes.
2026-06-30 21:52:49,583 - early_warning_risk - INFO - Risk calculated for TrafficLight_11: score=0.80, level=LOW
2026-06-30 21:52:49,601 - early_warning_risk - INFO - Risk calculated for TrafficLight_10: score=79.86, level=HIGH
2026-06-30 21:52:49,602 - early_warning_alerts - INFO - Generated 7 alerts and response items.
2026-06-30 21:52:49,602 - acrs_engine - INFO - Initiating ACRS Assessment for seed node: TrafficLight_10, attack: Botnet
2026-06-30 21:52:49,829 - graph_resilience_index - INFO - Successfully calculated GRI for 100 nodes.
2026-06-30 21:52:55,658 - early_warning_risk - INFO - Risk calculated for CCTV_22: score=59.95, level=MEDIUM
2026-06-30 21:52:55,659 - early_warning_alerts - INFO - Generated 4 alerts and response items.
2026-06-30 21:52:55,659 - acrs_engine - INFO - Initiating ACRS Assessment for seed node: CCTV_22, attack: Spoofing
2026-06-30 21:52:55,727 - graph_resilience_index - INFO - Successfully calculated GRI for 100 nodes.
2026-06-30 21:52:57,005 - early_warning_risk - INFO - Risk calculated for TrafficLight_13: score=79.88, level=HIGH
2026-06-30 21:52:57,006 - early_warning_alerts - INFO - Generated 7 alerts and response items.
2026-06-30 21:52:57,006 - acrs_engine - INFO - Initiating ACRS Assessment for seed node: TrafficLight_13, attack: Reconnaissance
2026-06-30 21:52:57,068 - graph_resilience_index - INFO - Successfully calculated GRI for 100 nodes.
2026-06-30 21:53:02,931 - early_warning_risk - INFO - Risk calculated for SmartMeter_10: score=39.93, level=MEDIUM
2026-06-30 21:53:02,932 - early_warning_alerts - INFO - Generated 4 alerts and response items.
2026-06-30 21:53:02,932 - acrs_engine - INFO - Initiating ACRS Assessment for seed node: SmartMeter_10, attack: Botnet
2026-06-30 21:53:02,992 - graph_resilience_index - INFO - Successfully calculated GRI for 100 nodes.
2026-06-30 21:53:04,005 - early_warning_risk - INFO - Risk calculated for SmartMeter_5: score=39.98, level=MEDIUM
2026-06-30 21:53:04,006 - early_warning_alerts - INFO - Generated 4 alerts and response items.
2026-06-30 21:53:04,006 - acrs_engine - INFO - Initiating ACRS Assessment for seed node: SmartMeter_5, attack: DDoS
2026-06-30 21:53:04,069 - graph_resilience_index - INFO - Successfully calculated GRI for 100 nodes.
2026-06-30 21:53:10,805 - early_warning_risk - INFO - Risk calculated for TrafficLight_6: score=79.95, level=HIGH
2026-06-30 21:53:10,806 - early_warning_alerts - INFO - Generated 7 alerts and response items.
2026-06-30 21:53:10,806 - acrs_engine - INFO - Initiating ACRS Assessment for seed node: TrafficLight_6, attack: Brute Force
2026-06-30 21:53:10,866 - graph_resilience_index - INFO - Successfully calculated GRI for 100 nodes.
2026-06-30 21:53:11,577 - early_warning_risk - INFO - Risk calculated for CCTV_1: score=59.91, level=MEDIUM
2026-06-30 21:53:11,578 - early_warning_alerts - INFO - Generated 4 alerts and response items.
2026-06-30 21:53:11,579 - acrs_engine - INFO - Initiating ACRS Assessment for seed node: CCTV_1, attack: Reconnaissance
2026-06-30 21:53:11,667 - graph_resilience_index - INFO - Successfully calculated GRI for 100 nodes.
2026-06-30 21:53:18,606 - early_warning_risk - INFO - Risk calculated for TrafficLight_29: score=79.94, level=HIGH
2026-06-30 21:53:18,607 - early_warning_alerts - INFO - Generated 7 alerts and response items.
2026-06-30 21:53:18,607 - acrs_engine - INFO - Initiating ACRS Assessment for seed node: TrafficLight_29, attack: Spoofing
2026-06-30 21:53:18,665 - graph_resilience_index - INFO - Successfully calculated GRI for 100 nodes.
2026-06-30 21:53:19,483 - early_warning_risk - INFO - Risk calculated for CCTV_27: score=59.96, level=MEDIUM
2026-06-30 21:53:19,484 - early_warning_alerts - INFO - Generated 4 alerts and response items.
2026-06-30 21:53:19,485 - acrs_engine - INFO - Initiating ACRS Assessment for seed node: CCTV_27, attack: DDoS
2026-06-30 21:53:19,604 - graph_resilience_index - INFO - Successfully calculated GRI for 100 nodes.
2026-06-30 21:53:26,116 - early_warning_risk - INFO - Risk calculated for CCTV_17: score=0.60, level=LOW
2026-06-30 21:53:27,006 - early_warning_risk - INFO - Risk calculated for Gateway_3: score=89.86, level=CRITICAL
2026-06-30 21:53:27,007 - early_warning_alerts - INFO - Generated 7 alerts and response items.
2026-06-30 21:53:27,007 - acrs_engine - INFO - Initiating ACRS Assessment for seed node: Gateway_3, attack: Reconnaissance
2026-06-30 21:53:27,073 - graph_resilience_index - INFO - Successfully calculated GRI for 100 nodes.
2026-06-30 21:53:32,919 - early_warning_risk - INFO - Risk calculated for CCTV_1: score=0.60, level=LOW
2026-06-30 21:53:33,975 - early_warning_risk - INFO - Risk calculated for SmartMeter_6: score=39.97, level=MEDIUM
2026-06-30 21:53:33,976 - early_warning_alerts - INFO - Generated 4 alerts and response items.
2026-06-30 21:53:33,977 - acrs_engine - INFO - Initiating ACRS Assessment for seed node: SmartMeter_6, attack: Spoofing
2026-06-30 21:53:34,065 - graph_resilience_index - INFO - Successfully calculated GRI for 100 nodes.
2026-06-30 21:53:39,144 - early_warning_risk - INFO - Risk calculated for CCTV_21: score=59.91, level=MEDIUM
2026-06-30 21:53:39,144 - early_warning_alerts - INFO - Generated 4 alerts and response items.
2026-06-30 21:53:39,145 - acrs_engine - INFO - Initiating ACRS Assessment for seed node: CCTV_21, attack: Reconnaissance
2026-06-30 21:53:39,203 - graph_resilience_index - INFO - Successfully calculated GRI for 100 nodes.
2026-06-30 21:53:40,443 - early_warning_risk - INFO - Risk calculated for CCTV_23: score=59.91, level=MEDIUM
2026-06-30 21:53:40,444 - early_warning_alerts - INFO - Generated 4 alerts and response items.
2026-06-30 21:53:40,444 - acrs_engine - INFO - Initiating ACRS Assessment for seed node: CCTV_23, attack: Reconnaissance
2026-06-30 21:53:40,510 - graph_resilience_index - INFO - Successfully calculated GRI for 100 nodes.
2026-06-30 21:53:46,474 - early_warning_risk - INFO - Risk calculated for TrafficLight_7: score=79.95, level=HIGH
2026-06-30 21:53:46,475 - early_warning_alerts - INFO - Generated 7 alerts and response items.
2026-06-30 21:53:46,475 - acrs_engine - INFO - Initiating ACRS Assessment for seed node: TrafficLight_7, attack: Brute Force
2026-06-30 21:53:46,534 - graph_resilience_index - INFO - Successfully calculated GRI for 100 nodes.
2026-06-30 21:53:47,545 - early_warning_risk - INFO - Risk calculated for TrafficLight_20: score=79.88, level=HIGH
2026-06-30 21:53:47,546 - early_warning_alerts - INFO - Generated 7 alerts and response items.
2026-06-30 21:53:47,546 - acrs_engine - INFO - Initiating ACRS Assessment for seed node: TrafficLight_20, attack: Reconnaissance
2026-06-30 21:53:47,599 - graph_resilience_index - INFO - Successfully calculated GRI for 100 nodes.
2026-06-30 21:54:42,395 - early_warning_risk - INFO - Risk calculated for ParkingSensor_8: score=29.95, level=LOW
2026-06-30 21:54:42,395 - early_warning_alerts - INFO - Generated 4 alerts and response items.
2026-06-30 21:54:42,395 - acrs_engine - INFO - Initiating ACRS Assessment for seed node: ParkingSensor_8, attack: Botnet
2026-06-30 21:54:42,459 - graph_resilience_index - INFO - Successfully calculated GRI for 100 nodes.
2026-06-30 21:54:43,974 - early_warning_risk - INFO - Risk calculated for TrafficLight_18: score=79.94, level=HIGH
2026-06-30 21:54:43,974 - early_warning_alerts - INFO - Generated 7 alerts and response items.
2026-06-30 21:54:43,976 - acrs_engine - INFO - Initiating ACRS Assessment for seed node: TrafficLight_18, attack: Spoofing
2026-06-30 21:54:44,039 - graph_resilience_index - INFO - Successfully calculated GRI for 100 nodes.
2026-06-30 22:19:51,600 - early_warning_risk - INFO - Risk calculated for CCTV_19: score=59.96, level=MEDIUM
2026-06-30 22:19:51,603 - early_warning_alerts - INFO - Generated 4 alerts and response items.
2026-06-30 22:19:51,604 - acrs_engine - INFO - Initiating ACRS Assessment for seed node: CCTV_19, attack: Brute Force
2026-06-30 22:19:51,749 - graph_resilience_index - INFO - Successfully calculated GRI for 100 nodes.
2026-06-30 22:19:55,974 - early_warning_risk - INFO - Risk calculated for CCTV_19: score=59.96, level=MEDIUM
2026-06-30 22:19:55,975 - early_warning_alerts - INFO - Generated 4 alerts and response items.
2026-06-30 22:19:55,975 - acrs_engine - INFO - Initiating ACRS Assessment for seed node: CCTV_19, attack: Brute Force
2026-06-30 22:19:56,011 - graph_resilience_index - INFO - Successfully calculated GRI for 100 nodes.
2026-06-30 22:19:58,401 - early_warning_risk - INFO - Risk calculated for ParkingSensor_13: score=29.95, level=LOW
2026-06-30 22:19:58,401 - early_warning_alerts - INFO - Generated 4 alerts and response items.
2026-06-30 22:19:58,401 - acrs_engine - INFO - Initiating ACRS Assessment for seed node: ParkingSensor_13, attack: Reconnaissance
2026-06-30 22:19:58,436 - graph_resilience_index - INFO - Successfully calculated GRI for 100 nodes.
2026-06-30 22:20:01,173 - early_warning_risk - INFO - Risk calculated for TrafficLight_21: score=79.95, level=HIGH
2026-06-30 22:20:01,174 - early_warning_alerts - INFO - Generated 7 alerts and response items.
2026-06-30 22:20:01,174 - acrs_engine - INFO - Initiating ACRS Assessment for seed node: TrafficLight_21, attack: DDoS
2026-06-30 22:20:01,212 - graph_resilience_index - INFO - Successfully calculated GRI for 100 nodes.
2026-06-30 22:20:03,356 - early_warning_risk - INFO - Risk calculated for CCTV_28: score=59.89, level=MEDIUM
2026-06-30 22:20:03,357 - early_warning_alerts - INFO - Generated 4 alerts and response items.
2026-06-30 22:20:03,357 - acrs_engine - INFO - Initiating ACRS Assessment for seed node: CCTV_28, attack: Botnet
2026-06-30 22:20:03,393 - graph_resilience_index - INFO - Successfully calculated GRI for 100 nodes.
2026-06-30 22:20:06,317 - early_warning_risk - INFO - Risk calculated for Server_2: score=1.00, level=LOW
2026-07-01 10:09:45,264 - early_warning_risk - INFO - Risk calculated for TrafficLight_23: score=0.80, level=LOW
2026-07-01 10:09:49,152 - early_warning_risk - INFO - Risk calculated for ParkingSensor_12: score=29.98, level=LOW
2026-07-01 10:09:49,152 - early_warning_alerts - INFO - Generated 4 alerts and response items.
2026-07-01 10:09:49,153 - acrs_engine - INFO - Initiating ACRS Assessment for seed node: ParkingSensor_12, attack: DDoS
2026-07-01 10:09:49,562 - graph_resilience_index - INFO - Successfully calculated GRI for 100 nodes.
2026-07-01 10:09:58,074 - early_warning_risk - INFO - Risk calculated for ParkingSensor_10: score=0.30, level=LOW
2026-07-01 10:10:03,007 - early_warning_risk - INFO - Risk calculated for ParkingSensor_12: score=0.30, level=LOW
2026-07-01 10:10:09,384 - early_warning_risk - INFO - Risk calculated for CCTV_16: score=0.60, level=LOW
2026-07-01 10:10:19,656 - early_warning_risk - INFO - Risk calculated for CCTV_15: score=59.89, level=MEDIUM
2026-07-01 10:10:19,659 - early_warning_alerts - INFO - Generated 4 alerts and response items.
2026-07-01 10:10:19,663 - acrs_engine - INFO - Initiating ACRS Assessment for seed node: CCTV_15, attack: Botnet
2026-07-01 10:10:21,405 - graph_resilience_index - INFO - Successfully calculated GRI for 100 nodes.
2026-07-01 10:10:21,531 - early_warning_risk - INFO - Risk calculated for SmartMeter_2: score=39.97, level=MEDIUM
2026-07-01 10:10:21,532 - early_warning_alerts - INFO - Generated 4 alerts and response items.
2026-07-01 10:10:21,533 - acrs_engine - INFO - Initiating ACRS Assessment for seed node: SmartMeter_2, attack: Brute Force
2026-07-01 10:10:21,712 - graph_resilience_index - INFO - Successfully calculated GRI for 100 nodes.
2026-07-01 10:10:35,510 - early_warning_risk - INFO - Risk calculated for TrafficLight_11: score=79.88, level=HIGH
2026-07-01 10:10:35,510 - early_warning_alerts - INFO - Generated 7 alerts and response items.
2026-07-01 10:10:35,512 - acrs_engine - INFO - Initiating ACRS Assessment for seed node: TrafficLight_11, attack: Reconnaissance
2026-07-01 10:10:35,519 - early_warning_risk - INFO - Risk calculated for ParkingSensor_15: score=29.98, level=LOW
2026-07-01 10:10:35,520 - early_warning_alerts - INFO - Generated 4 alerts and response items.
2026-07-01 10:10:35,520 - acrs_engine - INFO - Initiating ACRS Assessment for seed node: ParkingSensor_15, attack: DDoS
2026-07-01 10:10:35,626 - graph_resilience_index - INFO - Successfully calculated GRI for 100 nodes.
2026-07-01 10:10:35,693 - graph_resilience_index - INFO - Successfully calculated GRI for 100 nodes.
2026-07-01 10:10:46,625 - early_warning_risk - INFO - Risk calculated for CCTV_23: score=59.96, level=MEDIUM
2026-07-01 10:10:46,626 - early_warning_alerts - INFO - Generated 4 alerts and response items.
2026-07-01 10:10:46,627 - acrs_engine - INFO - Initiating ACRS Assessment for seed node: CCTV_23, attack: DDoS
2026-07-01 10:10:46,704 - graph_resilience_index - INFO - Successfully calculated GRI for 100 nodes.
2026-07-01 10:10:46,716 - early_warning_risk - INFO - Risk calculated for CCTV_11: score=59.89, level=MEDIUM
2026-07-01 10:10:46,717 - early_warning_alerts - INFO - Generated 4 alerts and response items.
2026-07-01 10:10:46,718 - acrs_engine - INFO - Initiating ACRS Assessment for seed node: CCTV_11, attack: Botnet
2026-07-01 10:10:46,792 - graph_resilience_index - INFO - Successfully calculated GRI for 100 nodes.
2026-07-01 10:10:56,278 - early_warning_risk - INFO - Risk calculated for CCTV_14: score=0.60, level=LOW
2026-07-01 10:10:56,559 - early_warning_risk - INFO - Risk calculated for Server_1: score=99.92, level=CRITICAL
2026-07-01 10:10:56,560 - early_warning_alerts - INFO - Generated 7 alerts and response items.
2026-07-01 10:10:56,561 - acrs_engine - INFO - Initiating ACRS Assessment for seed node: Server_1, attack: Spoofing
2026-07-01 10:10:56,667 - graph_resilience_index - INFO - Successfully calculated GRI for 100 nodes.
2026-07-01 10:11:02,614 - early_warning_risk - INFO - Risk calculated for CCTV_30: score=59.95, level=MEDIUM
2026-07-01 10:11:02,615 - early_warning_alerts - INFO - Generated 4 alerts and response items.
2026-07-01 10:11:02,616 - acrs_engine - INFO - Initiating ACRS Assessment for seed node: CCTV_30, attack: Spoofing
2026-07-01 10:11:02,675 - graph_resilience_index - INFO - Successfully calculated GRI for 100 nodes.
2026-07-01 10:11:03,909 - early_warning_risk - INFO - Risk calculated for CCTV_20: score=59.96, level=MEDIUM
2026-07-01 10:11:03,910 - early_warning_alerts - INFO - Generated 4 alerts and response items.
2026-07-01 10:11:03,911 - acrs_engine - INFO - Initiating ACRS Assessment for seed node: CCTV_20, attack: Brute Force
2026-07-01 10:11:03,969 - graph_resilience_index - INFO - Successfully calculated GRI for 100 nodes.
2026-07-01 10:11:10,406 - early_warning_risk - INFO - Risk calculated for SmartMeter_3: score=39.98, level=MEDIUM
2026-07-01 10:11:10,407 - early_warning_alerts - INFO - Generated 4 alerts and response items.
2026-07-01 10:11:10,407 - acrs_engine - INFO - Initiating ACRS Assessment for seed node: SmartMeter_3, attack: DDoS
2026-07-01 10:11:10,468 - graph_resilience_index - INFO - Successfully calculated GRI for 100 nodes.
2026-07-01 10:11:11,806 - early_warning_risk - INFO - Risk calculated for ParkingSensor_15: score=29.98, level=LOW
2026-07-01 10:11:11,807 - early_warning_alerts - INFO - Generated 4 alerts and response items.
2026-07-01 10:11:11,807 - acrs_engine - INFO - Initiating ACRS Assessment for seed node: ParkingSensor_15, attack: DDoS
2026-07-01 10:11:11,889 - graph_resilience_index - INFO - Successfully calculated GRI for 100 nodes.
2026-07-01 10:11:18,439 - early_warning_risk - INFO - Risk calculated for CCTV_5: score=0.60, level=LOW
2026-07-01 10:11:19,089 - early_warning_risk - INFO - Risk calculated for CCTV_20: score=59.95, level=MEDIUM
2026-07-01 10:11:19,090 - early_warning_alerts - INFO - Generated 4 alerts and response items.
2026-07-01 10:11:19,091 - acrs_engine - INFO - Initiating ACRS Assessment for seed node: CCTV_20, attack: Spoofing
2026-07-01 10:11:19,167 - graph_resilience_index - INFO - Successfully calculated GRI for 100 nodes.
2026-07-01 10:11:25,002 - early_warning_risk - INFO - Risk calculated for Gateway_1: score=89.93, level=CRITICAL
2026-07-01 10:11:25,003 - early_warning_alerts - INFO - Generated 7 alerts and response items.
2026-07-01 10:11:25,003 - acrs_engine - INFO - Initiating ACRS Assessment for seed node: Gateway_1, attack: Spoofing
2026-07-01 10:11:25,070 - graph_resilience_index - INFO - Successfully calculated GRI for 100 nodes.
2026-07-01 10:11:25,984 - early_warning_risk - INFO - Risk calculated for TrafficLight_18: score=79.94, level=HIGH
2026-07-01 10:11:25,985 - early_warning_alerts - INFO - Generated 7 alerts and response items.
2026-07-01 10:11:25,986 - acrs_engine - INFO - Initiating ACRS Assessment for seed node: TrafficLight_18, attack: Spoofing
2026-07-01 10:11:26,063 - graph_resilience_index - INFO - Successfully calculated GRI for 100 nodes.
2026-07-01 10:11:32,679 - early_warning_risk - INFO - Risk calculated for CCTV_29: score=59.96, level=MEDIUM
2026-07-01 10:11:32,680 - early_warning_alerts - INFO - Generated 4 alerts and response items.
2026-07-01 10:11:32,680 - acrs_engine - INFO - Initiating ACRS Assessment for seed node: CCTV_29, attack: DDoS
2026-07-01 10:11:32,746 - graph_resilience_index - INFO - Successfully calculated GRI for 100 nodes.
2026-07-01 10:11:33,195 - early_warning_risk - INFO - Risk calculated for TrafficLight_30: score=79.95, level=HIGH
2026-07-01 10:11:33,195 - early_warning_alerts - INFO - Generated 7 alerts and response items.
2026-07-01 10:11:33,196 - acrs_engine - INFO - Initiating ACRS Assessment for seed node: TrafficLight_30, attack: Brute Force
2026-07-01 10:11:33,261 - graph_resilience_index - INFO - Successfully calculated GRI for 100 nodes.
2026-07-01 10:11:41,068 - early_warning_risk - INFO - Risk calculated for TrafficLight_8: score=0.80, level=LOW
2026-07-01 10:11:41,092 - early_warning_risk - INFO - Risk calculated for StreetLight_2: score=19.98, level=LOW
2026-07-01 10:11:41,094 - early_warning_alerts - INFO - Generated 4 alerts and response items.
2026-07-01 10:11:41,095 - acrs_engine - INFO - Initiating ACRS Assessment for seed node: StreetLight_2, attack: Spoofing
2026-07-01 10:11:41,313 - graph_resilience_index - INFO - Successfully calculated GRI for 100 nodes.
2026-07-01 10:11:47,350 - early_warning_risk - INFO - Risk calculated for TrafficLight_3: score=79.86, level=HIGH
2026-07-01 10:11:47,351 - early_warning_alerts - INFO - Generated 7 alerts and response items.
2026-07-01 10:11:47,351 - acrs_engine - INFO - Initiating ACRS Assessment for seed node: TrafficLight_3, attack: Botnet
2026-07-01 10:11:47,405 - graph_resilience_index - INFO - Successfully calculated GRI for 100 nodes.
2026-07-01 10:11:48,247 - early_warning_risk - INFO - Risk calculated for TrafficLight_19: score=79.88, level=HIGH
2026-07-01 10:11:48,248 - early_warning_alerts - INFO - Generated 7 alerts and response items.
2026-07-01 10:11:48,249 - acrs_engine - INFO - Initiating ACRS Assessment for seed node: TrafficLight_19, attack: Reconnaissance
2026-07-01 10:11:48,380 - graph_resilience_index - INFO - Successfully calculated GRI for 100 nodes.
2026-07-01 10:11:54,853 - early_warning_risk - INFO - Risk calculated for TrafficLight_23: score=79.95, level=HIGH
2026-07-01 10:11:54,854 - early_warning_alerts - INFO - Generated 7 alerts and response items.
2026-07-01 10:11:54,854 - acrs_engine - INFO - Initiating ACRS Assessment for seed node: TrafficLight_23, attack: DDoS
2026-07-01 10:11:54,914 - graph_resilience_index - INFO - Successfully calculated GRI for 100 nodes.
2026-07-01 10:11:55,755 - early_warning_risk - INFO - Risk calculated for WaterSensor_3: score=0.70, level=LOW
2026-07-01 10:12:02,714 - early_warning_risk - INFO - Risk calculated for ParkingSensor_15: score=29.98, level=LOW
2026-07-01 10:12:02,714 - early_warning_alerts - INFO - Generated 4 alerts and response items.
2026-07-01 10:12:02,715 - acrs_engine - INFO - Initiating ACRS Assessment for seed node: ParkingSensor_15, attack: DDoS
2026-07-01 10:12:02,718 - early_warning_risk - INFO - Risk calculated for SmartMeter_9: score=39.94, level=MEDIUM
2026-07-01 10:12:02,719 - early_warning_alerts - INFO - Generated 4 alerts and response items.
2026-07-01 10:12:02,720 - acrs_engine - INFO - Initiating ACRS Assessment for seed node: SmartMeter_9, attack: Reconnaissance
2026-07-01 10:12:02,778 - graph_resilience_index - INFO - Successfully calculated GRI for 100 nodes.
2026-07-01 10:12:02,844 - graph_resilience_index - INFO - Successfully calculated GRI for 100 nodes.
2026-07-01 10:12:10,894 - early_warning_risk - INFO - Risk calculated for StreetLight_5: score=19.96, level=LOW
2026-07-01 10:12:10,895 - early_warning_alerts - INFO - Generated 4 alerts and response items.
2026-07-01 10:12:10,896 - acrs_engine - INFO - Initiating ACRS Assessment for seed node: StreetLight_5, attack: Botnet
2026-07-01 10:12:10,905 - early_warning_risk - INFO - Risk calculated for CCTV_23: score=59.96, level=MEDIUM
2026-07-01 10:12:10,906 - early_warning_alerts - INFO - Generated 4 alerts and response items.
2026-07-01 10:12:10,915 - acrs_engine - INFO - Initiating ACRS Assessment for seed node: CCTV_23, attack: Brute Force
2026-07-01 10:12:10,962 - graph_resilience_index - INFO - Successfully calculated GRI for 100 nodes.
2026-07-01 10:12:11,033 - graph_resilience_index - INFO - Successfully calculated GRI for 100 nodes.
2026-07-01 10:12:19,109 - early_warning_risk - INFO - Risk calculated for CCTV_7: score=59.96, level=MEDIUM
2026-07-01 10:12:19,110 - early_warning_alerts - INFO - Generated 4 alerts and response items.
2026-07-01 10:12:19,111 - acrs_engine - INFO - Initiating ACRS Assessment for seed node: CCTV_7, attack: DDoS
2026-07-01 10:12:19,114 - early_warning_risk - INFO - Risk calculated for WaterSensor_5: score=0.70, level=LOW
2026-07-01 10:12:19,192 - graph_resilience_index - INFO - Successfully calculated GRI for 100 nodes.
2026-07-01 10:12:22,388 - early_warning_risk - INFO - Risk calculated for CCTV_1: score=0.60, level=LOW
2026-07-01 10:12:27,186 - early_warning_risk - INFO - Risk calculated for SmartMeter_5: score=39.97, level=MEDIUM
2026-07-01 10:12:27,186 - early_warning_alerts - INFO - Generated 4 alerts and response items.
2026-07-01 10:12:27,187 - acrs_engine - INFO - Initiating ACRS Assessment for seed node: SmartMeter_5, attack: Spoofing
2026-07-01 10:12:27,245 - graph_resilience_index - INFO - Successfully calculated GRI for 100 nodes.
2026-07-01 10:12:28,895 - early_warning_risk - INFO - Risk calculated for TrafficLight_25: score=0.80, level=LOW
2026-07-01 10:12:33,697 - early_warning_risk - INFO - Risk calculated for ParkingSensor_9: score=29.95, level=LOW
2026-07-01 10:12:33,697 - early_warning_alerts - INFO - Generated 4 alerts and response items.
2026-07-01 10:12:33,697 - acrs_engine - INFO - Initiating ACRS Assessment for seed node: ParkingSensor_9, attack: Botnet
2026-07-01 10:12:33,749 - graph_resilience_index - INFO - Successfully calculated GRI for 100 nodes.
2026-07-01 10:12:34,346 - early_warning_risk - INFO - Risk calculated for TrafficLight_11: score=79.95, level=HIGH
2026-07-01 10:12:34,346 - early_warning_alerts - INFO - Generated 7 alerts and response items.
2026-07-01 10:12:34,347 - acrs_engine - INFO - Initiating ACRS Assessment for seed node: TrafficLight_11, attack: DDoS
2026-07-01 10:12:34,402 - graph_resilience_index - INFO - Successfully calculated GRI for 100 nodes.
2026-07-01 10:12:38,219 - early_warning_risk - INFO - Risk calculated for CCTV_1: score=59.89, level=MEDIUM
2026-07-01 10:12:38,220 - early_warning_alerts - INFO - Generated 4 alerts and response items.
2026-07-01 10:12:38,221 - acrs_engine - INFO - Initiating ACRS Assessment for seed node: CCTV_1, attack: Botnet
2026-07-01 10:12:38,289 - graph_resilience_index - INFO - Successfully calculated GRI for 100 nodes.
2026-07-01 10:12:40,250 - early_warning_risk - INFO - Risk calculated for SmartMeter_5: score=39.98, level=MEDIUM
2026-07-01 10:12:40,251 - early_warning_alerts - INFO - Generated 4 alerts and response items.
2026-07-01 10:12:40,251 - acrs_engine - INFO - Initiating ACRS Assessment for seed node: SmartMeter_5, attack: DDoS
2026-07-01 10:12:40,315 - graph_resilience_index - INFO - Successfully calculated GRI for 100 nodes.
2026-07-01 10:12:41,125 - early_warning_risk - INFO - Risk calculated for TrafficLight_10: score=79.94, level=HIGH
2026-07-01 10:12:41,126 - early_warning_alerts - INFO - Generated 7 alerts and response items.
2026-07-01 10:12:41,127 - acrs_engine - INFO - Initiating ACRS Assessment for seed node: TrafficLight_10, attack: Spoofing
2026-07-01 10:12:41,226 - graph_resilience_index - INFO - Successfully calculated GRI for 100 nodes.
2026-07-01 10:12:41,236 - early_warning_risk - INFO - Risk calculated for ParkingSensor_7: score=29.98, level=LOW
2026-07-01 10:12:41,236 - early_warning_alerts - INFO - Generated 4 alerts and response items.
2026-07-01 10:12:41,237 - acrs_engine - INFO - Initiating ACRS Assessment for seed node: ParkingSensor_7, attack: Spoofing
2026-07-01 10:12:41,355 - graph_resilience_index - INFO - Successfully calculated GRI for 100 nodes.
2026-07-01 10:12:45,306 - early_warning_risk - INFO - Risk calculated for SmartMeter_5: score=39.98, level=MEDIUM
2026-07-01 10:12:45,306 - early_warning_alerts - INFO - Generated 4 alerts and response items.
2026-07-01 10:12:45,307 - acrs_engine - INFO - Initiating ACRS Assessment for seed node: SmartMeter_5, attack: DDoS
2026-07-01 10:12:45,397 - graph_resilience_index - INFO - Successfully calculated GRI for 100 nodes.
2026-07-01 10:12:50,908 - early_warning_risk - INFO - Risk calculated for CCTV_24: score=59.89, level=MEDIUM
2026-07-01 10:12:50,909 - early_warning_alerts - INFO - Generated 4 alerts and response items.
2026-07-01 10:12:50,910 - acrs_engine - INFO - Initiating ACRS Assessment for seed node: CCTV_24, attack: Botnet
2026-07-01 10:12:50,914 - early_warning_risk - INFO - Risk calculated for CCTV_12: score=59.89, level=MEDIUM
2026-07-01 10:12:50,915 - early_warning_alerts - INFO - Generated 4 alerts and response items.
2026-07-01 10:12:50,916 - acrs_engine - INFO - Initiating ACRS Assessment for seed node: CCTV_12, attack: Botnet
2026-07-01 10:12:50,968 - graph_resilience_index - INFO - Successfully calculated GRI for 100 nodes.
2026-07-01 10:12:51,027 - graph_resilience_index - INFO - Successfully calculated GRI for 100 nodes.
2026-07-01 10:12:58,878 - early_warning_risk - INFO - Risk calculated for ParkingSensor_15: score=29.98, level=LOW
2026-07-01 10:12:58,878 - early_warning_alerts - INFO - Generated 4 alerts and response items.
2026-07-01 10:12:58,879 - acrs_engine - INFO - Initiating ACRS Assessment for seed node: ParkingSensor_15, attack: Spoofing
2026-07-01 10:12:58,886 - early_warning_risk - INFO - Risk calculated for CCTV_30: score=59.96, level=MEDIUM
2026-07-01 10:12:58,887 - early_warning_alerts - INFO - Generated 4 alerts and response items.
2026-07-01 10:12:58,888 - acrs_engine - INFO - Initiating ACRS Assessment for seed node: CCTV_30, attack: Brute Force
2026-07-01 10:12:58,947 - graph_resilience_index - INFO - Successfully calculated GRI for 100 nodes.
2026-07-01 10:12:59,018 - graph_resilience_index - INFO - Successfully calculated GRI for 100 nodes.
2026-07-01 10:13:07,500 - early_warning_risk - INFO - Risk calculated for ParkingSensor_6: score=29.98, level=LOW
2026-07-01 10:13:07,501 - early_warning_alerts - INFO - Generated 4 alerts and response items.
2026-07-01 10:13:07,501 - acrs_engine - INFO - Initiating ACRS Assessment for seed node: ParkingSensor_6, attack: DDoS
2026-07-01 10:13:07,506 - early_warning_risk - INFO - Risk calculated for SmartMeter_1: score=39.97, level=MEDIUM
2026-07-01 10:13:07,507 - early_warning_alerts - INFO - Generated 4 alerts and response items.
2026-07-01 10:13:07,508 - acrs_engine - INFO - Initiating ACRS Assessment for seed node: SmartMeter_1, attack: Brute Force
2026-07-01 10:13:07,572 - graph_resilience_index - INFO - Successfully calculated GRI for 100 nodes.
2026-07-01 10:13:07,635 - graph_resilience_index - INFO - Successfully calculated GRI for 100 nodes.
2026-07-01 10:13:15,698 - early_warning_risk - INFO - Risk calculated for CCTV_5: score=59.95, level=MEDIUM
2026-07-01 10:13:15,698 - early_warning_alerts - INFO - Generated 4 alerts and response items.
2026-07-01 10:13:15,699 - acrs_engine - INFO - Initiating ACRS Assessment for seed node: CCTV_5, attack: Spoofing
2026-07-01 10:13:15,701 - early_warning_risk - INFO - Risk calculated for CCTV_22: score=59.96, level=MEDIUM
2026-07-01 10:13:15,702 - early_warning_alerts - INFO - Generated 4 alerts and response items.
2026-07-01 10:13:15,703 - acrs_engine - INFO - Initiating ACRS Assessment for seed node: CCTV_22, attack: Brute Force
2026-07-01 10:13:15,758 - graph_resilience_index - INFO - Successfully calculated GRI for 100 nodes.
2026-07-01 10:13:15,824 - graph_resilience_index - INFO - Successfully calculated GRI for 100 nodes.
2026-07-01 10:13:24,583 - early_warning_risk - INFO - Risk calculated for TrafficLight_29: score=79.95, level=HIGH
2026-07-01 10:13:24,584 - early_warning_alerts - INFO - Generated 7 alerts and response items.
2026-07-01 10:13:24,584 - acrs_engine - INFO - Initiating ACRS Assessment for seed node: TrafficLight_29, attack: Brute Force
2026-07-01 10:13:24,589 - early_warning_risk - INFO - Risk calculated for CCTV_16: score=59.95, level=MEDIUM
2026-07-01 10:13:24,590 - early_warning_alerts - INFO - Generated 4 alerts and response items.
2026-07-01 10:13:24,591 - acrs_engine - INFO - Initiating ACRS Assessment for seed node: CCTV_16, attack: Spoofing
2026-07-01 10:13:24,650 - graph_resilience_index - INFO - Successfully calculated GRI for 100 nodes.
2026-07-01 10:13:24,713 - graph_resilience_index - INFO - Successfully calculated GRI for 100 nodes.
2026-07-01 10:13:32,510 - early_warning_risk - INFO - Risk calculated for CCTV_26: score=59.89, level=MEDIUM
2026-07-01 10:13:32,511 - early_warning_alerts - INFO - Generated 4 alerts and response items.
2026-07-01 10:13:32,512 - acrs_engine - INFO - Initiating ACRS Assessment for seed node: CCTV_26, attack: Botnet
2026-07-01 10:13:32,513 - early_warning_risk - INFO - Risk calculated for CCTV_30: score=59.96, level=MEDIUM
2026-07-01 10:13:32,513 - early_warning_alerts - INFO - Generated 4 alerts and response items.
2026-07-01 10:13:32,514 - acrs_engine - INFO - Initiating ACRS Assessment for seed node: CCTV_30, attack: Brute Force
2026-07-01 10:13:32,573 - graph_resilience_index - INFO - Successfully calculated GRI for 100 nodes.
2026-07-01 10:13:32,637 - graph_resilience_index - INFO - Successfully calculated GRI for 100 nodes.
2026-07-01 10:13:40,461 - early_warning_risk - INFO - Risk calculated for TrafficLight_11: score=79.86, level=HIGH
2026-07-01 10:13:40,462 - early_warning_alerts - INFO - Generated 7 alerts and response items.
2026-07-01 10:13:40,463 - early_warning_risk - INFO - Risk calculated for ParkingSensor_5: score=29.95, level=LOW
2026-07-01 10:13:40,464 - acrs_engine - INFO - Initiating ACRS Assessment for seed node: TrafficLight_11, attack: Botnet
2026-07-01 10:13:40,465 - early_warning_alerts - INFO - Generated 4 alerts and response items.
2026-07-01 10:13:40,466 - acrs_engine - INFO - Initiating ACRS Assessment for seed node: ParkingSensor_5, attack: Reconnaissance
2026-07-01 10:13:40,533 - graph_resilience_index - INFO - Successfully calculated GRI for 100 nodes.
2026-07-01 10:13:40,594 - graph_resilience_index - INFO - Successfully calculated GRI for 100 nodes.
2026-07-01 10:13:41,010 - early_warning_risk - INFO - Risk calculated for CCTV_1: score=0.60, level=LOW
2026-07-01 10:13:51,399 - early_warning_risk - INFO - Risk calculated for CCTV_29: score=59.96, level=MEDIUM
2026-07-01 10:13:51,400 - early_warning_alerts - INFO - Generated 4 alerts and response items.
2026-07-01 10:13:51,401 - acrs_engine - INFO - Initiating ACRS Assessment for seed node: CCTV_29, attack: DDoS
2026-07-01 10:13:51,407 - early_warning_risk - INFO - Risk calculated for TrafficLight_14: score=79.88, level=HIGH
2026-07-01 10:13:51,407 - early_warning_alerts - INFO - Generated 7 alerts and response items.
2026-07-01 10:13:51,408 - acrs_engine - INFO - Initiating ACRS Assessment for seed node: TrafficLight_14, attack: Reconnaissance
2026-07-01 10:13:51,455 - graph_resilience_index - INFO - Successfully calculated GRI for 100 nodes.
2026-07-01 10:13:51,512 - graph_resilience_index - INFO - Successfully calculated GRI for 100 nodes.
2026-07-01 10:13:59,133 - early_warning_risk - INFO - Risk calculated for TrafficLight_14: score=79.88, level=HIGH
2026-07-01 10:13:59,134 - early_warning_alerts - INFO - Generated 7 alerts and response items.
2026-07-01 10:13:59,135 - early_warning_risk - INFO - Risk calculated for TrafficLight_17: score=79.95, level=HIGH
2026-07-01 10:13:59,135 - acrs_engine - INFO - Initiating ACRS Assessment for seed node: TrafficLight_14, attack: Reconnaissance
2026-07-01 10:13:59,135 - early_warning_alerts - INFO - Generated 7 alerts and response items.
2026-07-01 10:13:59,136 - acrs_engine - INFO - Initiating ACRS Assessment for seed node: TrafficLight_17, attack: Brute Force
2026-07-01 10:13:59,201 - graph_resilience_index - INFO - Successfully calculated GRI for 100 nodes.
2026-07-01 10:13:59,260 - graph_resilience_index - INFO - Successfully calculated GRI for 100 nodes.
2026-07-01 10:14:03,673 - early_warning_risk - INFO - Risk calculated for CCTV_7: score=59.96, level=MEDIUM
2026-07-01 10:14:03,679 - early_warning_alerts - INFO - Generated 4 alerts and response items.
2026-07-01 10:14:03,683 - acrs_engine - INFO - Initiating ACRS Assessment for seed node: CCTV_7, attack: DDoS
2026-07-01 10:14:03,790 - graph_resilience_index - INFO - Successfully calculated GRI for 100 nodes.
2026-07-01 10:14:06,378 - early_warning_risk - INFO - Risk calculated for CCTV_7: score=59.96, level=MEDIUM
2026-07-01 10:14:06,379 - early_warning_alerts - INFO - Generated 4 alerts and response items.
2026-07-01 10:14:06,380 - acrs_engine - INFO - Initiating ACRS Assessment for seed node: CCTV_7, attack: DDoS
2026-07-01 10:14:06,466 - graph_resilience_index - INFO - Successfully calculated GRI for 100 nodes.
2026-07-01 10:14:08,210 - early_warning_risk - INFO - Risk calculated for CCTV_18: score=59.95, level=MEDIUM
2026-07-01 10:14:08,210 - early_warning_alerts - INFO - Generated 4 alerts and response items.
2026-07-01 10:14:08,210 - acrs_engine - INFO - Initiating ACRS Assessment for seed node: CCTV_18, attack: Spoofing
2026-07-01 10:14:08,241 - early_warning_risk - INFO - Risk calculated for SmartMeter_9: score=39.94, level=MEDIUM
2026-07-01 10:14:08,242 - early_warning_alerts - INFO - Generated 4 alerts and response items.
2026-07-01 10:14:08,243 - acrs_engine - INFO - Initiating ACRS Assessment for seed node: SmartMeter_9, attack: Reconnaissance
2026-07-01 10:14:08,327 - graph_resilience_index - INFO - Successfully calculated GRI for 100 nodes.
2026-07-01 10:14:08,394 - graph_resilience_index - INFO - Successfully calculated GRI for 100 nodes.
2026-07-01 10:14:16,851 - early_warning_risk - INFO - Risk calculated for CCTV_12: score=59.91, level=MEDIUM
2026-07-01 10:14:16,852 - early_warning_alerts - INFO - Generated 4 alerts and response items.
2026-07-01 10:14:16,853 - acrs_engine - INFO - Initiating ACRS Assessment for seed node: CCTV_12, attack: Reconnaissance
2026-07-01 10:14:17,418 - graph_resilience_index - INFO - Successfully calculated GRI for 100 nodes.
2026-07-01 10:14:17,483 - early_warning_risk - INFO - Risk calculated for TrafficLight_5: score=79.95, level=HIGH
2026-07-01 10:14:17,484 - early_warning_alerts - INFO - Generated 7 alerts and response items.
2026-07-01 10:14:17,485 - acrs_engine - INFO - Initiating ACRS Assessment for seed node: TrafficLight_5, attack: Brute Force
2026-07-01 10:14:17,548 - graph_resilience_index - INFO - Successfully calculated GRI for 100 nodes.
2026-07-01 10:14:26,135 - early_warning_risk - INFO - Risk calculated for SmartMeter_1: score=39.93, level=MEDIUM
2026-07-01 10:14:26,136 - early_warning_alerts - INFO - Generated 4 alerts and response items.
2026-07-01 10:14:26,136 - acrs_engine - INFO - Initiating ACRS Assessment for seed node: SmartMeter_1, attack: Botnet
2026-07-01 10:14:26,141 - early_warning_risk - INFO - Risk calculated for TrafficLight_4: score=0.80, level=LOW
2026-07-01 10:14:26,207 - graph_resilience_index - INFO - Successfully calculated GRI for 100 nodes.
2026-07-01 10:14:32,329 - early_warning_risk - INFO - Risk calculated for StreetLight_2: score=19.96, level=LOW
2026-07-01 10:14:32,329 - early_warning_alerts - INFO - Generated 4 alerts and response items.
2026-07-01 10:14:32,331 - acrs_engine - INFO - Initiating ACRS Assessment for seed node: StreetLight_2, attack: Botnet
2026-07-01 10:14:32,385 - graph_resilience_index - INFO - Successfully calculated GRI for 100 nodes.
2026-07-01 10:14:33,464 - early_warning_risk - INFO - Risk calculated for CCTV_5: score=59.95, level=MEDIUM
2026-07-01 10:14:33,465 - early_warning_alerts - INFO - Generated 4 alerts and response items.
2026-07-01 10:14:33,467 - acrs_engine - INFO - Initiating ACRS Assessment for seed node: CCTV_5, attack: Spoofing
2026-07-01 10:14:33,536 - graph_resilience_index - INFO - Successfully calculated GRI for 100 nodes.
2026-07-01 10:14:34,021 - early_warning_risk - INFO - Risk calculated for CCTV_1: score=0.60, level=LOW
2026-07-01 10:14:41,203 - early_warning_risk - INFO - Risk calculated for CCTV_9: score=59.91, level=MEDIUM
2026-07-01 10:14:41,204 - early_warning_alerts - INFO - Generated 4 alerts and response items.
2026-07-01 10:14:41,204 - acrs_engine - INFO - Initiating ACRS Assessment for seed node: CCTV_9, attack: Reconnaissance
2026-07-01 10:14:41,251 - graph_resilience_index - INFO - Successfully calculated GRI for 100 nodes.
2026-07-01 10:14:42,481 - early_warning_risk - INFO - Risk calculated for ParkingSensor_5: score=0.30, level=LOW
2026-07-01 10:14:45,117 - early_warning_risk - INFO - Risk calculated for CCTV_1: score=59.96, level=MEDIUM
2026-07-01 10:14:45,118 - early_warning_alerts - INFO - Generated 4 alerts and response items.
2026-07-01 10:14:45,119 - acrs_engine - INFO - Initiating ACRS Assessment for seed node: CCTV_1, attack: DDoS
2026-07-01 10:14:45,193 - graph_resilience_index - INFO - Successfully calculated GRI for 100 nodes.
2026-07-01 10:14:48,311 - early_warning_risk - INFO - Risk calculated for TrafficLight_1: score=79.88, level=HIGH
2026-07-01 10:14:48,312 - early_warning_alerts - INFO - Generated 7 alerts and response items.
2026-07-01 10:14:48,312 - acrs_engine - INFO - Initiating ACRS Assessment for seed node: TrafficLight_1, attack: Reconnaissance
2026-07-01 10:14:48,315 - early_warning_risk - INFO - Risk calculated for ParkingSensor_6: score=29.95, level=LOW
2026-07-01 10:14:48,316 - early_warning_alerts - INFO - Generated 4 alerts and response items.
2026-07-01 10:14:48,317 - acrs_engine - INFO - Initiating ACRS Assessment for seed node: ParkingSensor_6, attack: Reconnaissance
2026-07-01 10:14:48,438 - graph_resilience_index - INFO - Successfully calculated GRI for 100 nodes.
2026-07-01 10:14:48,514 - graph_resilience_index - INFO - Successfully calculated GRI for 100 nodes.
2026-07-01 10:14:59,426 - early_warning_risk - INFO - Risk calculated for TrafficLight_18: score=79.95, level=HIGH
2026-07-01 10:14:59,427 - early_warning_alerts - INFO - Generated 7 alerts and response items.
2026-07-01 10:14:59,427 - acrs_engine - INFO - Initiating ACRS Assessment for seed node: TrafficLight_18, attack: Brute Force
2026-07-01 10:14:59,431 - early_warning_risk - INFO - Risk calculated for TrafficLight_26: score=79.95, level=HIGH
2026-07-01 10:14:59,432 - early_warning_alerts - INFO - Generated 7 alerts and response items.
2026-07-01 10:14:59,433 - acrs_engine - INFO - Initiating ACRS Assessment for seed node: TrafficLight_26, attack: DDoS
2026-07-01 10:14:59,496 - graph_resilience_index - INFO - Successfully calculated GRI for 100 nodes.
2026-07-01 10:14:59,559 - graph_resilience_index - INFO - Successfully calculated GRI for 100 nodes.
2026-07-01 10:15:08,005 - early_warning_risk - INFO - Risk calculated for SmartMeter_7: score=0.40, level=LOW
2026-07-01 10:15:08,021 - early_warning_risk - INFO - Risk calculated for CCTV_11: score=59.89, level=MEDIUM
2026-07-01 10:15:08,023 - early_warning_alerts - INFO - Generated 4 alerts and response items.
2026-07-01 10:15:08,024 - acrs_engine - INFO - Initiating ACRS Assessment for seed node: CCTV_11, attack: Botnet
2026-07-01 10:15:08,253 - graph_resilience_index - INFO - Successfully calculated GRI for 100 nodes.
2026-07-01 10:15:14,937 - early_warning_risk - INFO - Risk calculated for SmartMeter_6: score=39.94, level=MEDIUM
2026-07-01 10:15:14,937 - early_warning_alerts - INFO - Generated 4 alerts and response items.
2026-07-01 10:15:14,937 - acrs_engine - INFO - Initiating ACRS Assessment for seed node: SmartMeter_6, attack: Reconnaissance
2026-07-01 10:15:14,987 - graph_resilience_index - INFO - Successfully calculated GRI for 100 nodes.
2026-07-01 10:15:16,769 - early_warning_risk - INFO - Risk calculated for TrafficLight_13: score=79.86, level=HIGH
2026-07-01 10:15:16,770 - early_warning_alerts - INFO - Generated 7 alerts and response items.
2026-07-01 10:15:16,770 - acrs_engine - INFO - Initiating ACRS Assessment for seed node: TrafficLight_13, attack: Botnet
2026-07-01 10:15:16,834 - graph_resilience_index - INFO - Successfully calculated GRI for 100 nodes.
2026-07-01 10:15:22,691 - early_warning_risk - INFO - Risk calculated for ParkingSensor_13: score=29.98, level=LOW
2026-07-01 10:15:22,691 - early_warning_alerts - INFO - Generated 4 alerts and response items.
2026-07-01 10:15:22,691 - acrs_engine - INFO - Initiating ACRS Assessment for seed node: ParkingSensor_13, attack: Brute Force
2026-07-01 10:15:22,749 - graph_resilience_index - INFO - Successfully calculated GRI for 100 nodes.
2026-07-01 10:15:24,033 - early_warning_risk - INFO - Risk calculated for ParkingSensor_15: score=29.95, level=LOW
2026-07-01 10:15:24,034 - early_warning_alerts - INFO - Generated 4 alerts and response items.
2026-07-01 10:15:24,034 - acrs_engine - INFO - Initiating ACRS Assessment for seed node: ParkingSensor_15, attack: Botnet
2026-07-01 10:15:24,098 - graph_resilience_index - INFO - Successfully calculated GRI for 100 nodes.
2026-07-01 10:15:30,085 - early_warning_risk - INFO - Risk calculated for TrafficLight_29: score=79.94, level=HIGH
2026-07-01 10:15:30,085 - early_warning_alerts - INFO - Generated 7 alerts and response items.
2026-07-01 10:15:30,086 - acrs_engine - INFO - Initiating ACRS Assessment for seed node: TrafficLight_29, attack: Spoofing
2026-07-01 10:15:30,140 - graph_resilience_index - INFO - Successfully calculated GRI for 100 nodes.
2026-07-01 10:15:30,852 - early_warning_risk - INFO - Risk calculated for TrafficLight_5: score=79.88, level=HIGH
2026-07-01 10:15:30,853 - early_warning_alerts - INFO - Generated 7 alerts and response items.
2026-07-01 10:15:30,856 - acrs_engine - INFO - Initiating ACRS Assessment for seed node: TrafficLight_5, attack: Reconnaissance
2026-07-01 10:15:31,011 - graph_resilience_index - INFO - Successfully calculated GRI for 100 nodes.
2026-07-01 10:15:38,276 - early_warning_risk - INFO - Risk calculated for ParkingSensor_13: score=29.98, level=LOW
2026-07-01 10:15:38,277 - early_warning_alerts - INFO - Generated 4 alerts and response items.
2026-07-01 10:15:38,278 - acrs_engine - INFO - Initiating ACRS Assessment for seed node: ParkingSensor_13, attack: Brute Force
2026-07-01 10:15:38,284 - early_warning_risk - INFO - Risk calculated for TrafficLight_3: score=79.88, level=HIGH
2026-07-01 10:15:38,284 - early_warning_alerts - INFO - Generated 7 alerts and response items.
2026-07-01 10:15:38,285 - acrs_engine - INFO - Initiating ACRS Assessment for seed node: TrafficLight_3, attack: Reconnaissance
2026-07-01 10:15:38,341 - graph_resilience_index - INFO - Successfully calculated GRI for 100 nodes.
2026-07-01 10:15:38,406 - graph_resilience_index - INFO - Successfully calculated GRI for 100 nodes.
2026-07-01 10:15:46,961 - early_warning_risk - INFO - Risk calculated for ParkingSensor_12: score=29.98, level=LOW
2026-07-01 10:15:46,962 - early_warning_alerts - INFO - Generated 4 alerts and response items.
2026-07-01 10:15:46,963 - acrs_engine - INFO - Initiating ACRS Assessment for seed node: ParkingSensor_12, attack: Spoofing
2026-07-01 10:15:46,966 - early_warning_risk - INFO - Risk calculated for CCTV_29: score=59.89, level=MEDIUM
2026-07-01 10:15:46,966 - early_warning_alerts - INFO - Generated 4 alerts and response items.
2026-07-01 10:15:46,967 - acrs_engine - INFO - Initiating ACRS Assessment for seed node: CCTV_29, attack: Botnet
2026-07-01 10:15:47,035 - graph_resilience_index - INFO - Successfully calculated GRI for 100 nodes.
2026-07-01 10:15:47,102 - graph_resilience_index - INFO - Successfully calculated GRI for 100 nodes.
2026-07-01 10:15:56,755 - early_warning_risk - INFO - Risk calculated for CCTV_1: score=59.89, level=MEDIUM
2026-07-01 10:15:56,755 - early_warning_alerts - INFO - Generated 4 alerts and response items.
2026-07-01 10:15:56,756 - acrs_engine - INFO - Initiating ACRS Assessment for seed node: CCTV_1, attack: Botnet
2026-07-01 10:15:56,758 - early_warning_risk - INFO - Risk calculated for WaterSensor_5: score=69.95, level=HIGH
2026-07-01 10:15:56,759 - early_warning_alerts - INFO - Generated 7 alerts and response items.
2026-07-01 10:15:56,760 - acrs_engine - INFO - Initiating ACRS Assessment for seed node: WaterSensor_5, attack: Brute Force
2026-07-01 10:15:56,814 - graph_resilience_index - INFO - Successfully calculated GRI for 100 nodes.
2026-07-01 10:15:56,873 - graph_resilience_index - INFO - Successfully calculated GRI for 100 nodes.
2026-07-01 10:16:02,986 - early_warning_risk - INFO - Risk calculated for CCTV_14: score=59.96, level=MEDIUM
2026-07-01 10:16:02,987 - early_warning_alerts - INFO - Generated 4 alerts and response items.
2026-07-01 10:16:02,988 - acrs_engine - INFO - Initiating ACRS Assessment for seed node: CCTV_14, attack: DDoS
2026-07-01 10:16:03,070 - graph_resilience_index - INFO - Successfully calculated GRI for 100 nodes.
2026-07-01 10:16:06,783 - early_warning_risk - INFO - Risk calculated for TrafficLight_2: score=79.86, level=HIGH
2026-07-01 10:16:06,784 - early_warning_alerts - INFO - Generated 7 alerts and response items.
2026-07-01 10:16:06,785 - acrs_engine - INFO - Initiating ACRS Assessment for seed node: TrafficLight_2, attack: Botnet
2026-07-01 10:16:06,793 - early_warning_risk - INFO - Risk calculated for SmartMeter_7: score=39.94, level=MEDIUM
2026-07-01 10:16:06,800 - early_warning_alerts - INFO - Generated 4 alerts and response items.
2026-07-01 10:16:06,801 - acrs_engine - INFO - Initiating ACRS Assessment for seed node: SmartMeter_7, attack: Reconnaissance
2026-07-01 10:16:06,890 - graph_resilience_index - INFO - Successfully calculated GRI for 100 nodes.
2026-07-01 10:16:07,051 - graph_resilience_index - INFO - Successfully calculated GRI for 100 nodes.
2026-07-01 10:16:14,696 - early_warning_risk - INFO - Risk calculated for CCTV_23: score=59.95, level=MEDIUM
2026-07-01 10:16:14,697 - early_warning_alerts - INFO - Generated 4 alerts and response items.
2026-07-01 10:16:14,697 - acrs_engine - INFO - Initiating ACRS Assessment for seed node: CCTV_23, attack: Spoofing
2026-07-01 10:16:14,788 - graph_resilience_index - INFO - Successfully calculated GRI for 100 nodes.
2026-07-01 10:16:18,230 - early_warning_risk - INFO - Risk calculated for TrafficLight_28: score=79.94, level=HIGH
2026-07-01 10:16:18,233 - early_warning_alerts - INFO - Generated 7 alerts and response items.
2026-07-01 10:16:18,234 - acrs_engine - INFO - Initiating ACRS Assessment for seed node: TrafficLight_28, attack: Spoofing
2026-07-01 10:16:18,238 - early_warning_risk - INFO - Risk calculated for SmartMeter_7: score=39.94, level=MEDIUM
2026-07-01 10:16:18,239 - early_warning_alerts - INFO - Generated 4 alerts and response items.
2026-07-01 10:16:18,240 - acrs_engine - INFO - Initiating ACRS Assessment for seed node: SmartMeter_7, attack: Reconnaissance
2026-07-01 10:16:18,349 - graph_resilience_index - INFO - Successfully calculated GRI for 100 nodes.
2026-07-01 10:16:18,428 - graph_resilience_index - INFO - Successfully calculated GRI for 100 nodes.
2026-07-01 10:16:23,566 - early_warning_risk - INFO - Risk calculated for CCTV_29: score=59.96, level=MEDIUM
2026-07-01 10:16:23,567 - early_warning_alerts - INFO - Generated 4 alerts and response items.
2026-07-01 10:16:23,567 - acrs_engine - INFO - Initiating ACRS Assessment for seed node: CCTV_29, attack: Brute Force
2026-07-01 10:16:23,670 - graph_resilience_index - INFO - Successfully calculated GRI for 100 nodes.
2026-07-01 10:16:29,354 - early_warning_risk - INFO - Risk calculated for TrafficLight_10: score=79.95, level=HIGH
2026-07-01 10:16:29,356 - early_warning_risk - INFO - Risk calculated for TrafficLight_3: score=79.86, level=HIGH
2026-07-01 10:16:29,356 - early_warning_alerts - INFO - Generated 7 alerts and response items.
2026-07-01 10:16:29,356 - early_warning_alerts - INFO - Generated 7 alerts and response items.
2026-07-01 10:16:29,357 - acrs_engine - INFO - Initiating ACRS Assessment for seed node: TrafficLight_10, attack: Brute Force
2026-07-01 10:16:29,358 - acrs_engine - INFO - Initiating ACRS Assessment for seed node: TrafficLight_3, attack: Botnet
2026-07-01 10:16:29,427 - graph_resilience_index - INFO - Successfully calculated GRI for 100 nodes.
2026-07-01 10:16:29,503 - graph_resilience_index - INFO - Successfully calculated GRI for 100 nodes.
2026-07-01 10:16:31,197 - early_warning_risk - INFO - Risk calculated for CCTV_30: score=0.60, level=LOW
2026-07-01 10:16:39,269 - early_warning_risk - INFO - Risk calculated for TrafficLight_26: score=79.88, level=HIGH
2026-07-01 10:16:39,270 - early_warning_alerts - INFO - Generated 7 alerts and response items.
2026-07-01 10:16:39,270 - acrs_engine - INFO - Initiating ACRS Assessment for seed node: TrafficLight_26, attack: Reconnaissance
2026-07-01 10:16:39,273 - early_warning_risk - INFO - Risk calculated for TrafficLight_12: score=0.80, level=LOW
2026-07-01 10:16:39,298 - early_warning_risk - INFO - Risk calculated for SmartMeter_4: score=39.97, level=MEDIUM
2026-07-01 10:16:39,300 - early_warning_alerts - INFO - Generated 4 alerts and response items.
2026-07-01 10:16:39,303 - acrs_engine - INFO - Initiating ACRS Assessment for seed node: SmartMeter_4, attack: Spoofing
2026-07-01 10:16:39,555 - graph_resilience_index - INFO - Successfully calculated GRI for 100 nodes.
2026-07-01 10:16:39,624 - graph_resilience_index - INFO - Successfully calculated GRI for 100 nodes.
2026-07-01 10:16:47,020 - early_warning_risk - INFO - Risk calculated for CCTV_1: score=0.60, level=LOW
2026-07-01 10:16:54,109 - early_warning_risk - INFO - Risk calculated for CCTV_1: score=59.96, level=MEDIUM
2026-07-01 10:16:54,110 - early_warning_alerts - INFO - Generated 4 alerts and response items.
2026-07-01 10:16:54,110 - acrs_engine - INFO - Initiating ACRS Assessment for seed node: CCTV_1, attack: DDoS
2026-07-01 10:16:54,170 - graph_resilience_index - INFO - Successfully calculated GRI for 100 nodes.
2026-07-01 10:16:57,646 - early_warning_risk - INFO - Risk calculated for CCTV_1: score=59.96, level=MEDIUM
2026-07-01 10:16:57,647 - early_warning_alerts - INFO - Generated 4 alerts and response items.
2026-07-01 10:16:57,648 - acrs_engine - INFO - Initiating ACRS Assessment for seed node: CCTV_1, attack: DDoS
2026-07-01 10:16:57,712 - graph_resilience_index - INFO - Successfully calculated GRI for 100 nodes.
2026-07-01 10:17:09,113 - early_warning_risk - INFO - Risk calculated for CCTV_1: score=59.96, level=MEDIUM
2026-07-01 10:17:09,114 - early_warning_alerts - INFO - Generated 4 alerts and response items.
2026-07-01 10:17:09,114 - acrs_engine - INFO - Initiating ACRS Assessment for seed node: CCTV_1, attack: DDoS
2026-07-01 10:17:09,182 - graph_resilience_index - INFO - Successfully calculated GRI for 100 nodes.
2026-07-01 10:17:12,613 - early_warning_risk - INFO - Risk calculated for CCTV_1: score=59.96, level=MEDIUM
2026-07-01 10:17:12,614 - early_warning_alerts - INFO - Generated 4 alerts and response items.
2026-07-01 10:17:12,615 - acrs_engine - INFO - Initiating ACRS Assessment for seed node: CCTV_1, attack: DDoS
2026-07-01 10:17:12,676 - graph_resilience_index - INFO - Successfully calculated GRI for 100 nodes.
2026-07-01 10:18:53,502 - early_warning_risk - INFO - Risk calculated for CCTV_30: score=59.95, level=MEDIUM
2026-07-01 10:18:53,503 - early_warning_alerts - INFO - Generated 4 alerts and response items.
2026-07-01 10:18:53,505 - acrs_engine - INFO - Initiating ACRS Assessment for seed node: CCTV_30, attack: Spoofing
2026-07-01 10:18:53,573 - graph_resilience_index - INFO - Successfully calculated GRI for 100 nodes.
2026-07-01 10:18:59,599 - early_warning_risk - INFO - Risk calculated for Gateway_2: score=89.95, level=CRITICAL
2026-07-01 10:18:59,600 - early_warning_alerts - INFO - Generated 7 alerts and response items.
2026-07-01 10:18:59,600 - acrs_engine - INFO - Initiating ACRS Assessment for seed node: Gateway_2, attack: DDoS
2026-07-01 10:18:59,683 - graph_resilience_index - INFO - Successfully calculated GRI for 100 nodes.
2026-07-01 10:19:05,586 - early_warning_risk - INFO - Risk calculated for CCTV_19: score=59.91, level=MEDIUM
2026-07-01 10:19:05,587 - early_warning_alerts - INFO - Generated 4 alerts and response items.
2026-07-01 10:19:05,587 - acrs_engine - INFO - Initiating ACRS Assessment for seed node: CCTV_19, attack: Reconnaissance
2026-07-01 10:19:05,640 - graph_resilience_index - INFO - Successfully calculated GRI for 100 nodes.
2026-07-01 10:19:11,398 - early_warning_risk - INFO - Risk calculated for CCTV_10: score=59.96, level=MEDIUM
2026-07-01 10:19:11,399 - early_warning_alerts - INFO - Generated 4 alerts and response items.
2026-07-01 10:19:11,400 - acrs_engine - INFO - Initiating ACRS Assessment for seed node: CCTV_10, attack: DDoS
2026-07-01 10:19:11,461 - graph_resilience_index - INFO - Successfully calculated GRI for 100 nodes.
2026-07-01 10:19:16,932 - early_warning_risk - INFO - Risk calculated for ParkingSensor_12: score=29.95, level=LOW
2026-07-01 10:19:16,933 - early_warning_alerts - INFO - Generated 4 alerts and response items.
2026-07-01 10:19:16,933 - acrs_engine - INFO - Initiating ACRS Assessment for seed node: ParkingSensor_12, attack: Botnet
2026-07-01 10:19:16,988 - graph_resilience_index - INFO - Successfully calculated GRI for 100 nodes.
2026-07-01 10:19:22,769 - early_warning_risk - INFO - Risk calculated for SmartMeter_2: score=39.97, level=MEDIUM
2026-07-01 10:19:22,769 - early_warning_alerts - INFO - Generated 4 alerts and response items.
2026-07-01 10:19:22,770 - acrs_engine - INFO - Initiating ACRS Assessment for seed node: SmartMeter_2, attack: Spoofing
2026-07-01 10:19:22,829 - graph_resilience_index - INFO - Successfully calculated GRI for 100 nodes.
2026-07-01 10:19:28,735 - early_warning_risk - INFO - Risk calculated for TrafficLight_6: score=79.94, level=HIGH
2026-07-01 10:19:28,736 - early_warning_alerts - INFO - Generated 7 alerts and response items.
2026-07-01 10:19:28,736 - acrs_engine - INFO - Initiating ACRS Assessment for seed node: TrafficLight_6, attack: Spoofing
2026-07-01 10:19:28,782 - graph_resilience_index - INFO - Successfully calculated GRI for 100 nodes.
2026-07-01 10:19:29,768 - gnn_graph_builder - INFO - Loaded graph with 100 nodes and 120 edges.
2026-07-01 10:19:29,816 - gnn_predict - INFO - GNN model loaded successfully.
2026-07-01 10:19:29,831 - impact_assets - INFO - Loaded 100 assets from criticality file.
2026-07-01 10:19:29,839 - impact_score - INFO - Loaded 56 impact weight mappings.
2026-07-01 10:19:34,579 - early_warning_risk - INFO - Risk calculated for ParkingSensor_9: score=29.95, level=LOW
2026-07-01 10:19:34,580 - early_warning_alerts - INFO - Generated 4 alerts and response items.
2026-07-01 10:19:34,580 - acrs_engine - INFO - Initiating ACRS Assessment for seed node: ParkingSensor_9, attack: Botnet
2026-07-01 10:19:34,645 - graph_resilience_index - INFO - Successfully calculated GRI for 100 nodes.
2026-07-01 10:19:40,421 - early_warning_risk - INFO - Risk calculated for CCTV_27: score=59.95, level=MEDIUM
2026-07-01 10:19:40,422 - early_warning_alerts - INFO - Generated 4 alerts and response items.
2026-07-01 10:19:40,423 - acrs_engine - INFO - Initiating ACRS Assessment for seed node: CCTV_27, attack: Spoofing
2026-07-01 10:19:40,483 - graph_resilience_index - INFO - Successfully calculated GRI for 100 nodes.
2026-07-01 10:19:46,145 - early_warning_risk - INFO - Risk calculated for SmartMeter_7: score=39.97, level=MEDIUM
2026-07-01 10:19:46,146 - early_warning_alerts - INFO - Generated 4 alerts and response items.
2026-07-01 10:19:46,146 - acrs_engine - INFO - Initiating ACRS Assessment for seed node: SmartMeter_7, attack: Brute Force
2026-07-01 10:19:46,206 - graph_resilience_index - INFO - Successfully calculated GRI for 100 nodes.
2026-07-01 10:19:51,758 - early_warning_risk - INFO - Risk calculated for CCTV_30: score=59.89, level=MEDIUM
2026-07-01 10:19:51,759 - early_warning_alerts - INFO - Generated 4 alerts and response items.
2026-07-01 10:19:51,760 - acrs_engine - INFO - Initiating ACRS Assessment for seed node: CCTV_30, attack: Botnet
2026-07-01 10:19:51,819 - graph_resilience_index - INFO - Successfully calculated GRI for 100 nodes.
2026-07-01 10:19:57,726 - early_warning_risk - INFO - Risk calculated for SmartMeter_3: score=39.97, level=MEDIUM
2026-07-01 10:19:57,727 - early_warning_alerts - INFO - Generated 4 alerts and response items.
2026-07-01 10:19:57,727 - acrs_engine - INFO - Initiating ACRS Assessment for seed node: SmartMeter_3, attack: Spoofing
2026-07-01 10:19:57,784 - graph_resilience_index - INFO - Successfully calculated GRI for 100 nodes.
2026-07-01 10:20:03,603 - early_warning_risk - INFO - Risk calculated for ParkingSensor_9: score=29.98, level=LOW
2026-07-01 10:20:03,603 - early_warning_alerts - INFO - Generated 4 alerts and response items.
2026-07-01 10:20:03,604 - acrs_engine - INFO - Initiating ACRS Assessment for seed node: ParkingSensor_9, attack: DDoS
2026-07-01 10:20:03,668 - graph_resilience_index - INFO - Successfully calculated GRI for 100 nodes.
2026-07-01 10:20:09,313 - early_warning_risk - INFO - Risk calculated for TrafficLight_18: score=79.95, level=HIGH
2026-07-01 10:20:09,313 - early_warning_alerts - INFO - Generated 7 alerts and response items.
2026-07-01 10:20:09,314 - acrs_engine - INFO - Initiating ACRS Assessment for seed node: TrafficLight_18, attack: DDoS
2026-07-01 10:20:09,369 - graph_resilience_index - INFO - Successfully calculated GRI for 100 nodes.
2026-07-01 10:20:15,059 - early_warning_risk - INFO - Risk calculated for SmartMeter_8: score=0.40, level=LOW
2026-07-01 10:20:20,131 - early_warning_risk - INFO - Risk calculated for ParkingSensor_11: score=29.98, level=LOW
2026-07-01 10:20:20,132 - early_warning_alerts - INFO - Generated 4 alerts and response items.
2026-07-01 10:20:20,132 - acrs_engine - INFO - Initiating ACRS Assessment for seed node: ParkingSensor_11, attack: Spoofing
2026-07-01 10:20:20,188 - graph_resilience_index - INFO - Successfully calculated GRI for 100 nodes.
2026-07-01 10:20:24,251 - gnn_graph_builder - INFO - Loaded graph with 100 nodes and 120 edges.
2026-07-01 10:20:24,265 - gnn_predict - INFO - GNN model loaded successfully.
2026-07-01 10:20:25,954 - early_warning_risk - INFO - Risk calculated for ParkingSensor_6: score=29.95, level=LOW
2026-07-01 10:20:25,955 - early_warning_alerts - INFO - Generated 4 alerts and response items.
2026-07-01 10:20:25,956 - acrs_engine - INFO - Initiating ACRS Assessment for seed node: ParkingSensor_6, attack: Reconnaissance
2026-07-01 10:20:26,032 - graph_resilience_index - INFO - Successfully calculated GRI for 100 nodes.
2026-07-01 10:20:30,997 - early_warning_risk - INFO - Risk calculated for TrafficLight_7: score=79.95, level=HIGH
2026-07-01 10:20:30,998 - early_warning_alerts - INFO - Generated 7 alerts and response items.
2026-07-01 10:20:30,998 - acrs_engine - INFO - Initiating ACRS Assessment for seed node: TrafficLight_7, attack: DDoS
2026-07-01 10:20:31,051 - graph_resilience_index - INFO - Successfully calculated GRI for 100 nodes.
2026-07-01 10:20:36,595 - early_warning_risk - INFO - Risk calculated for CCTV_10: score=59.89, level=MEDIUM
2026-07-01 10:20:36,595 - early_warning_alerts - INFO - Generated 4 alerts and response items.
2026-07-01 10:20:36,595 - acrs_engine - INFO - Initiating ACRS Assessment for seed node: CCTV_10, attack: Botnet
2026-07-01 10:20:36,660 - graph_resilience_index - INFO - Successfully calculated GRI for 100 nodes.
2026-07-01 10:20:42,230 - early_warning_risk - INFO - Risk calculated for CCTV_30: score=59.91, level=MEDIUM
2026-07-01 10:20:42,230 - early_warning_alerts - INFO - Generated 4 alerts and response items.
2026-07-01 10:20:42,230 - acrs_engine - INFO - Initiating ACRS Assessment for seed node: CCTV_30, attack: Reconnaissance
2026-07-01 10:20:42,287 - graph_resilience_index - INFO - Successfully calculated GRI for 100 nodes.
2026-07-01 10:20:47,819 - early_warning_risk - INFO - Risk calculated for TrafficLight_1: score=79.88, level=HIGH
2026-07-01 10:20:47,820 - early_warning_alerts - INFO - Generated 7 alerts and response items.
2026-07-01 10:20:47,821 - acrs_engine - INFO - Initiating ACRS Assessment for seed node: TrafficLight_1, attack: Reconnaissance
2026-07-01 10:20:47,879 - graph_resilience_index - INFO - Successfully calculated GRI for 100 nodes.
2026-07-01 10:20:53,732 - early_warning_risk - INFO - Risk calculated for TrafficLight_11: score=79.95, level=HIGH
2026-07-01 10:20:53,732 - early_warning_alerts - INFO - Generated 7 alerts and response items.
2026-07-01 10:20:53,733 - acrs_engine - INFO - Initiating ACRS Assessment for seed node: TrafficLight_11, attack: DDoS
2026-07-01 10:20:53,794 - graph_resilience_index - INFO - Successfully calculated GRI for 100 nodes.
2026-07-01 10:20:55,772 - train_gnn_cli - INFO - Starting GNN Model Training Pipeline...
2026-07-01 10:20:55,772 - gnn_train - INFO - Initializing graph builder and loading datasets...
2026-07-01 10:20:55,778 - gnn_graph_builder - INFO - Loaded graph with 100 nodes and 120 edges.
2026-07-01 10:20:59,223 - early_warning_risk - INFO - Risk calculated for ParkingSensor_11: score=29.95, level=LOW
2026-07-01 10:20:59,224 - early_warning_alerts - INFO - Generated 4 alerts and response items.
2026-07-01 10:20:59,224 - acrs_engine - INFO - Initiating ACRS Assessment for seed node: ParkingSensor_11, attack: Reconnaissance
2026-07-01 10:20:59,269 - graph_resilience_index - INFO - Successfully calculated GRI for 100 nodes.
2026-07-01 10:20:59,684 - gnn_train - INFO - Beginning GNN training...
2026-07-01 10:20:59,785 - gnn_train - INFO - Epoch 1/150 | Loss: 0.094733
2026-07-01 10:20:59,893 - gnn_train - INFO - Epoch 25/150 | Loss: 0.011484
2026-07-01 10:21:00,049 - gnn_train - INFO - Epoch 50/150 | Loss: 0.010088
2026-07-01 10:21:00,144 - gnn_train - INFO - Epoch 75/150 | Loss: 0.010102
2026-07-01 10:21:00,217 - gnn_train - INFO - Epoch 100/150 | Loss: 0.010088
2026-07-01 10:21:00,297 - gnn_train - INFO - Epoch 125/150 | Loss: 0.010086
2026-07-01 10:21:00,367 - gnn_train - INFO - Epoch 150/150 | Loss: 0.010084
2026-07-01 10:21:00,374 - gnn_train - INFO - GNN Training MAE (Mean Absolute Error): 0.0834
2026-07-01 10:21:00,375 - gnn_train - INFO - Saving GNN checkpoint to C:\Users\ASUS-TUF\.gemini\antigravity\scratch\SmartCity-AI-EarlyWarning-GNN\trained_models\gnn_model.pt...
2026-07-01 10:21:00,387 - train_gnn_cli - INFO - GNN Training Pipeline execution completed successfully.
2026-07-01 10:21:04,878 - early_warning_risk - INFO - Risk calculated for SmartMeter_6: score=0.40, level=LOW
2026-07-01 10:21:09,870 - early_warning_risk - INFO - Risk calculated for ParkingSensor_6: score=29.95, level=LOW
2026-07-01 10:21:09,871 - early_warning_alerts - INFO - Generated 4 alerts and response items.
2026-07-01 10:21:09,871 - acrs_engine - INFO - Initiating ACRS Assessment for seed node: ParkingSensor_6, attack: Botnet
2026-07-01 10:21:09,932 - graph_resilience_index - INFO - Successfully calculated GRI for 100 nodes.
2026-07-01 10:21:15,781 - early_warning_risk - INFO - Risk calculated for CCTV_21: score=59.89, level=MEDIUM
2026-07-01 10:21:15,783 - early_warning_alerts - INFO - Generated 4 alerts and response items.
2026-07-01 10:21:15,783 - acrs_engine - INFO - Initiating ACRS Assessment for seed node: CCTV_21, attack: Botnet
2026-07-01 10:21:15,840 - graph_resilience_index - INFO - Successfully calculated GRI for 100 nodes.
2026-07-01 10:21:16,226 - gnn_graph_builder - INFO - Loaded graph with 100 nodes and 120 edges.
2026-07-01 10:21:16,279 - gnn_predict - INFO - GNN model loaded successfully.
2026-07-01 10:21:21,234 - early_warning_risk - INFO - Risk calculated for TrafficLight_22: score=0.80, level=LOW
2026-07-01 10:21:26,489 - early_warning_risk - INFO - Risk calculated for CCTV_11: score=59.91, level=MEDIUM
2026-07-01 10:21:26,489 - early_warning_alerts - INFO - Generated 4 alerts and response items.
2026-07-01 10:21:26,489 - acrs_engine - INFO - Initiating ACRS Assessment for seed node: CCTV_11, attack: Reconnaissance
2026-07-01 10:21:26,545 - graph_resilience_index - INFO - Successfully calculated GRI for 100 nodes.
2026-07-01 10:21:32,259 - early_warning_risk - INFO - Risk calculated for TrafficLight_5: score=79.95, level=HIGH
2026-07-01 10:21:32,259 - early_warning_alerts - INFO - Generated 7 alerts and response items.
2026-07-01 10:21:32,260 - acrs_engine - INFO - Initiating ACRS Assessment for seed node: TrafficLight_5, attack: Brute Force
2026-07-01 10:21:32,322 - graph_resilience_index - INFO - Successfully calculated GRI for 100 nodes.
2026-07-01 10:21:38,049 - early_warning_risk - INFO - Risk calculated for TrafficLight_7: score=79.88, level=HIGH
2026-07-01 10:21:38,050 - early_warning_alerts - INFO - Generated 7 alerts and response items.
2026-07-01 10:21:38,050 - acrs_engine - INFO - Initiating ACRS Assessment for seed node: TrafficLight_7, attack: Reconnaissance
2026-07-01 10:21:38,098 - graph_resilience_index - INFO - Successfully calculated GRI for 100 nodes.
2026-07-01 10:21:43,714 - early_warning_risk - INFO - Risk calculated for Gateway_2: score=89.95, level=CRITICAL
2026-07-01 10:21:43,715 - early_warning_alerts - INFO - Generated 7 alerts and response items.
2026-07-01 10:21:43,716 - acrs_engine - INFO - Initiating ACRS Assessment for seed node: Gateway_2, attack: DDoS
2026-07-01 10:21:43,773 - graph_resilience_index - INFO - Successfully calculated GRI for 100 nodes.
2026-07-01 10:21:44,488 - evaluate_pipeline - INFO - Initializing Evaluation and Report Generation Pipeline...
2026-07-01 10:21:44,489 - evaluate_pipeline - INFO - Generating Accuracy & Classification Reports...
2026-07-01 10:21:44,726 - preprocessing_clean - INFO - [CICIoT2023] Removed 5 duplicate rows.
2026-07-01 10:21:44,738 - preprocessing_split - INFO - Splitting dataset: size=4995 rows, test_ratio=0.2.
2026-07-01 10:21:44,748 - preprocessing_split - INFO - Split complete. Train shape: (3996, 7), Test shape: (999, 7)
2026-07-01 10:21:44,769 - preprocessing_split - INFO - Splitting dataset: size=2000 rows, test_ratio=0.2.
2026-07-01 10:21:44,775 - preprocessing_split - INFO - Split complete. Train shape: (1600, 6), Test shape: (400, 6)
2026-07-01 10:21:44,887 - evaluate_pipeline - INFO - Accuracy report written to C:\Users\ASUS-TUF\.gemini\antigravity\scratch\SmartCity-AI-EarlyWarning-GNN\results\accuracy_report.txt
2026-07-01 10:21:44,913 - evaluate_pipeline - INFO - Classification report written to C:\Users\ASUS-TUF\.gemini\antigravity\scratch\SmartCity-AI-EarlyWarning-GNN\results\classification_report.txt
2026-07-01 10:21:45,857 - evaluate_pipeline - INFO - Confusion matrix plot saved to C:\Users\ASUS-TUF\.gemini\antigravity\scratch\SmartCity-AI-EarlyWarning-GNN\results\confusion_matrix.png
2026-07-01 10:21:45,859 - evaluate_pipeline - INFO - Generating SHAP Summary Plots...
2026-07-01 10:21:45,896 - preprocessing_clean - INFO - [CICIoT2023] Removed 5 duplicate rows.
2026-07-01 10:21:45,908 - preprocessing_split - INFO - Splitting dataset: size=4995 rows, test_ratio=0.2.
2026-07-01 10:21:45,918 - preprocessing_split - INFO - Split complete. Train shape: (3996, 7), Test shape: (999, 7)
2026-07-01 10:21:49,266 - early_warning_risk - INFO - Risk calculated for TrafficLight_26: score=79.95, level=HIGH
2026-07-01 10:21:49,267 - early_warning_alerts - INFO - Generated 7 alerts and response items.
2026-07-01 10:21:49,267 - acrs_engine - INFO - Initiating ACRS Assessment for seed node: TrafficLight_26, attack: DDoS
2026-07-01 10:21:49,313 - graph_resilience_index - INFO - Successfully calculated GRI for 100 nodes.
2026-07-01 10:21:51,796 - evaluate_pipeline - INFO - SHAP summary plot saved to C:\Users\ASUS-TUF\.gemini\antigravity\scratch\SmartCity-AI-EarlyWarning-GNN\results\shap_summary.png
2026-07-01 10:21:51,801 - evaluate_pipeline - INFO - Generating GNN Propagation Network Visualizations...
2026-07-01 10:21:51,808 - gnn_graph_builder - INFO - Loaded graph with 100 nodes and 120 edges.
2026-07-01 10:21:51,854 - gnn_predict - INFO - GNN model loaded successfully.
2026-07-01 10:21:52,296 - evaluate_pipeline - INFO - Propagation graph plot saved to C:\Users\ASUS-TUF\.gemini\antigravity\scratch\SmartCity-AI-EarlyWarning-GNN\results\propagation_graph.png
2026-07-01 10:21:52,297 - evaluate_pipeline - INFO - Generating Service Impact spreadsheet report...
2026-07-01 10:21:52,301 - gnn_graph_builder - INFO - Loaded graph with 100 nodes and 120 edges.
2026-07-01 10:21:52,305 - gnn_predict - INFO - GNN model loaded successfully.
2026-07-01 10:21:52,309 - impact_assets - INFO - Loaded 100 assets from criticality file.
2026-07-01 10:21:52,317 - impact_score - INFO - Loaded 56 impact weight mappings.
2026-07-01 10:21:52,333 - evaluate_pipeline - INFO - Service impact spreadsheet saved to C:\Users\ASUS-TUF\.gemini\antigravity\scratch\SmartCity-AI-EarlyWarning-GNN\results\impact_report.csv
2026-07-01 10:21:52,334 - evaluate_pipeline - INFO - Evaluation pipeline execution completed successfully. Reports stored in results/.
2026-07-01 10:21:54,978 - early_warning_risk - INFO - Risk calculated for CCTV_6: score=0.60, level=LOW
2026-07-01 10:22:00,069 - early_warning_risk - INFO - Risk calculated for CCTV_15: score=59.96, level=MEDIUM
2026-07-01 10:22:00,069 - early_warning_alerts - INFO - Generated 4 alerts and response items.
2026-07-01 10:22:00,070 - acrs_engine - INFO - Initiating ACRS Assessment for seed node: CCTV_15, attack: Brute Force
2026-07-01 10:22:00,128 - graph_resilience_index - INFO - Successfully calculated GRI for 100 nodes.
2026-07-01 10:22:05,992 - early_warning_risk - INFO - Risk calculated for ParkingSensor_4: score=29.98, level=LOW
2026-07-01 10:22:05,993 - early_warning_alerts - INFO - Generated 4 alerts and response items.
2026-07-01 10:22:05,993 - acrs_engine - INFO - Initiating ACRS Assessment for seed node: ParkingSensor_4, attack: DDoS
2026-07-01 10:22:06,047 - graph_resilience_index - INFO - Successfully calculated GRI for 100 nodes.
2026-07-01 10:22:11,642 - early_warning_risk - INFO - Risk calculated for CCTV_23: score=59.96, level=MEDIUM
2026-07-01 10:22:11,643 - early_warning_alerts - INFO - Generated 4 alerts and response items.
2026-07-01 10:22:11,643 - acrs_engine - INFO - Initiating ACRS Assessment for seed node: CCTV_23, attack: Brute Force
2026-07-01 10:22:11,697 - graph_resilience_index - INFO - Successfully calculated GRI for 100 nodes.
2026-07-01 10:22:17,374 - early_warning_risk - INFO - Risk calculated for SmartMeter_3: score=39.93, level=MEDIUM
2026-07-01 10:22:17,375 - early_warning_alerts - INFO - Generated 4 alerts and response items.
2026-07-01 10:22:17,375 - acrs_engine - INFO - Initiating ACRS Assessment for seed node: SmartMeter_3, attack: Botnet
2026-07-01 10:22:17,439 - graph_resilience_index - INFO - Successfully calculated GRI for 100 nodes.
2026-07-01 10:22:23,193 - early_warning_risk - INFO - Risk calculated for TrafficLight_10: score=79.95, level=HIGH
2026-07-01 10:22:23,194 - early_warning_alerts - INFO - Generated 7 alerts and response items.
2026-07-01 10:22:23,195 - acrs_engine - INFO - Initiating ACRS Assessment for seed node: TrafficLight_10, attack: Brute Force
2026-07-01 10:22:23,248 - graph_resilience_index - INFO - Successfully calculated GRI for 100 nodes.
2026-07-01 10:22:28,884 - early_warning_risk - INFO - Risk calculated for TrafficLight_24: score=79.95, level=HIGH
2026-07-01 10:22:28,885 - early_warning_alerts - INFO - Generated 7 alerts and response items.
2026-07-01 10:22:28,885 - acrs_engine - INFO - Initiating ACRS Assessment for seed node: TrafficLight_24, attack: Brute Force
2026-07-01 10:22:28,942 - graph_resilience_index - INFO - Successfully calculated GRI for 100 nodes.
2026-07-01 10:22:34,596 - early_warning_risk - INFO - Risk calculated for CCTV_8: score=59.96, level=MEDIUM
2026-07-01 10:22:34,597 - early_warning_alerts - INFO - Generated 4 alerts and response items.
2026-07-01 10:22:34,597 - acrs_engine - INFO - Initiating ACRS Assessment for seed node: CCTV_8, attack: Brute Force
2026-07-01 10:22:34,663 - graph_resilience_index - INFO - Successfully calculated GRI for 100 nodes.
2026-07-01 10:22:40,420 - early_warning_risk - INFO - Risk calculated for TrafficLight_9: score=79.95, level=HIGH
2026-07-01 10:22:40,421 - early_warning_alerts - INFO - Generated 7 alerts and response items.
2026-07-01 10:22:40,422 - acrs_engine - INFO - Initiating ACRS Assessment for seed node: TrafficLight_9, attack: DDoS
2026-07-01 10:22:40,476 - graph_resilience_index - INFO - Successfully calculated GRI for 100 nodes.
2026-07-01 10:22:46,064 - early_warning_risk - INFO - Risk calculated for CCTV_19: score=59.91, level=MEDIUM
2026-07-01 10:22:46,064 - early_warning_alerts - INFO - Generated 4 alerts and response items.
2026-07-01 10:22:46,066 - acrs_engine - INFO - Initiating ACRS Assessment for seed node: CCTV_19, attack: Reconnaissance
2026-07-01 10:22:46,130 - graph_resilience_index - INFO - Successfully calculated GRI for 100 nodes.
2026-07-01 10:22:51,607 - early_warning_risk - INFO - Risk calculated for StreetLight_1: score=19.99, level=LOW
2026-07-01 10:22:51,608 - early_warning_alerts - INFO - Generated 4 alerts and response items.
2026-07-01 10:22:51,608 - acrs_engine - INFO - Initiating ACRS Assessment for seed node: StreetLight_1, attack: DDoS
2026-07-01 10:22:51,664 - graph_resilience_index - INFO - Successfully calculated GRI for 100 nodes.
2026-07-01 10:22:57,330 - early_warning_risk - INFO - Risk calculated for CCTV_18: score=59.96, level=MEDIUM
2026-07-01 10:22:57,331 - early_warning_alerts - INFO - Generated 4 alerts and response items.
2026-07-01 10:22:57,331 - acrs_engine - INFO - Initiating ACRS Assessment for seed node: CCTV_18, attack: Brute Force
2026-07-01 10:22:57,385 - graph_resilience_index - INFO - Successfully calculated GRI for 100 nodes.
2026-07-01 10:23:03,130 - early_warning_risk - INFO - Risk calculated for Gateway_2: score=89.95, level=CRITICAL
2026-07-01 10:23:03,131 - early_warning_alerts - INFO - Generated 7 alerts and response items.
2026-07-01 10:23:03,131 - acrs_engine - INFO - Initiating ACRS Assessment for seed node: Gateway_2, attack: DDoS
2026-07-01 10:23:03,188 - graph_resilience_index - INFO - Successfully calculated GRI for 100 nodes.
2026-07-01 10:23:09,010 - early_warning_risk - INFO - Risk calculated for CCTV_20: score=59.95, level=MEDIUM
2026-07-01 10:23:09,010 - early_warning_alerts - INFO - Generated 4 alerts and response items.
2026-07-01 10:23:09,011 - acrs_engine - INFO - Initiating ACRS Assessment for seed node: CCTV_20, attack: Spoofing
2026-07-01 10:23:09,068 - graph_resilience_index - INFO - Successfully calculated GRI for 100 nodes.
2026-07-01 10:23:14,785 - early_warning_risk - INFO - Risk calculated for StreetLight_3: score=19.98, level=LOW
2026-07-01 10:23:14,785 - early_warning_alerts - INFO - Generated 4 alerts and response items.
2026-07-01 10:23:14,785 - acrs_engine - INFO - Initiating ACRS Assessment for seed node: StreetLight_3, attack: Spoofing
2026-07-01 10:23:14,849 - graph_resilience_index - INFO - Successfully calculated GRI for 100 nodes.
2026-07-01 10:23:20,585 - early_warning_risk - INFO - Risk calculated for SmartMeter_2: score=39.93, level=MEDIUM
2026-07-01 10:23:20,586 - early_warning_alerts - INFO - Generated 4 alerts and response items.
2026-07-01 10:23:20,586 - acrs_engine - INFO - Initiating ACRS Assessment for seed node: SmartMeter_2, attack: Botnet
2026-07-01 10:23:20,641 - graph_resilience_index - INFO - Successfully calculated GRI for 100 nodes.
2026-07-01 10:23:26,341 - early_warning_risk - INFO - Risk calculated for CCTV_27: score=0.60, level=LOW
2026-07-01 10:23:31,596 - early_warning_risk - INFO - Risk calculated for CCTV_23: score=59.95, level=MEDIUM
2026-07-01 10:23:31,598 - early_warning_alerts - INFO - Generated 4 alerts and response items.
2026-07-01 10:23:31,598 - acrs_engine - INFO - Initiating ACRS Assessment for seed node: CCTV_23, attack: Spoofing
2026-07-01 10:23:31,659 - graph_resilience_index - INFO - Successfully calculated GRI for 100 nodes.
2026-07-01 10:23:37,304 - early_warning_risk - INFO - Risk calculated for CCTV_11: score=59.95, level=MEDIUM
2026-07-01 10:23:37,305 - early_warning_alerts - INFO - Generated 4 alerts and response items.
2026-07-01 10:23:37,305 - acrs_engine - INFO - Initiating ACRS Assessment for seed node: CCTV_11, attack: Spoofing
2026-07-01 10:23:37,370 - graph_resilience_index - INFO - Successfully calculated GRI for 100 nodes.
2026-07-01 10:23:43,073 - early_warning_risk - INFO - Risk calculated for SmartMeter_1: score=39.94, level=MEDIUM
2026-07-01 10:23:43,074 - early_warning_alerts - INFO - Generated 4 alerts and response items.
2026-07-01 10:23:43,075 - acrs_engine - INFO - Initiating ACRS Assessment for seed node: SmartMeter_1, attack: Reconnaissance
2026-07-01 10:23:43,129 - graph_resilience_index - INFO - Successfully calculated GRI for 100 nodes.
2026-07-01 10:23:48,976 - early_warning_risk - INFO - Risk calculated for CCTV_16: score=59.95, level=MEDIUM
2026-07-01 10:23:48,977 - early_warning_alerts - INFO - Generated 4 alerts and response items.
2026-07-01 10:23:48,977 - acrs_engine - INFO - Initiating ACRS Assessment for seed node: CCTV_16, attack: Spoofing
2026-07-01 10:23:49,039 - graph_resilience_index - INFO - Successfully calculated GRI for 100 nodes.
2026-07-01 10:23:54,706 - early_warning_risk - INFO - Risk calculated for ParkingSensor_5: score=29.95, level=LOW
2026-07-01 10:23:54,706 - early_warning_alerts - INFO - Generated 4 alerts and response items.
2026-07-01 10:23:54,707 - acrs_engine - INFO - Initiating ACRS Assessment for seed node: ParkingSensor_5, attack: Reconnaissance
2026-07-01 10:23:54,762 - graph_resilience_index - INFO - Successfully calculated GRI for 100 nodes.
2026-07-01 10:24:00,391 - early_warning_risk - INFO - Risk calculated for TrafficLight_23: score=79.88, level=HIGH
2026-07-01 10:24:00,392 - early_warning_alerts - INFO - Generated 7 alerts and response items.
2026-07-01 10:24:00,392 - acrs_engine - INFO - Initiating ACRS Assessment for seed node: TrafficLight_23, attack: Reconnaissance
2026-07-01 10:24:00,445 - graph_resilience_index - INFO - Successfully calculated GRI for 100 nodes.
2026-07-01 10:24:06,275 - early_warning_risk - INFO - Risk calculated for ParkingSensor_9: score=29.98, level=LOW
2026-07-01 10:24:06,275 - early_warning_alerts - INFO - Generated 4 alerts and response items.
2026-07-01 10:24:06,276 - acrs_engine - INFO - Initiating ACRS Assessment for seed node: ParkingSensor_9, attack: DDoS
2026-07-01 10:24:06,334 - graph_resilience_index - INFO - Successfully calculated GRI for 100 nodes.
2026-07-01 10:24:12,057 - early_warning_risk - INFO - Risk calculated for WaterSensor_5: score=69.87, level=HIGH
2026-07-01 10:24:12,058 - early_warning_alerts - INFO - Generated 7 alerts and response items.
2026-07-01 10:24:12,059 - acrs_engine - INFO - Initiating ACRS Assessment for seed node: WaterSensor_5, attack: Botnet
2026-07-01 10:24:12,112 - graph_resilience_index - INFO - Successfully calculated GRI for 100 nodes.
2026-07-01 10:24:17,846 - early_warning_risk - INFO - Risk calculated for CCTV_5: score=59.96, level=MEDIUM
2026-07-01 10:24:17,847 - early_warning_alerts - INFO - Generated 4 alerts and response items.
2026-07-01 10:24:17,847 - acrs_engine - INFO - Initiating ACRS Assessment for seed node: CCTV_5, attack: DDoS
2026-07-01 10:24:17,913 - graph_resilience_index - INFO - Successfully calculated GRI for 100 nodes.
2026-07-01 10:24:23,638 - early_warning_risk - INFO - Risk calculated for TrafficLight_12: score=79.95, level=HIGH
2026-07-01 10:24:23,639 - early_warning_alerts - INFO - Generated 7 alerts and response items.
2026-07-01 10:24:23,640 - acrs_engine - INFO - Initiating ACRS Assessment for seed node: TrafficLight_12, attack: Brute Force
2026-07-01 10:24:23,703 - graph_resilience_index - INFO - Successfully calculated GRI for 100 nodes.
2026-07-01 10:24:29,665 - early_warning_risk - INFO - Risk calculated for CCTV_21: score=59.95, level=MEDIUM
2026-07-01 10:24:29,666 - early_warning_alerts - INFO - Generated 4 alerts and response items.
2026-07-01 10:24:29,667 - acrs_engine - INFO - Initiating ACRS Assessment for seed node: CCTV_21, attack: Spoofing
2026-07-01 10:24:29,731 - graph_resilience_index - INFO - Successfully calculated GRI for 100 nodes.
2026-07-01 10:24:36,076 - early_warning_risk - INFO - Risk calculated for ParkingSensor_9: score=29.95, level=LOW
2026-07-01 10:24:36,077 - early_warning_alerts - INFO - Generated 4 alerts and response items.
2026-07-01 10:24:36,077 - acrs_engine - INFO - Initiating ACRS Assessment for seed node: ParkingSensor_9, attack: Botnet
2026-07-01 10:24:36,110 - graph_resilience_index - INFO - Successfully calculated GRI for 100 nodes.
2026-07-01 10:26:35,498 - early_warning_risk - INFO - Risk calculated for CCTV_7: score=59.91, level=MEDIUM
2026-07-01 10:26:35,499 - early_warning_alerts - INFO - Generated 4 alerts and response items.
2026-07-01 10:26:35,499 - acrs_engine - INFO - Initiating ACRS Assessment for seed node: CCTV_7, attack: Reconnaissance
2026-07-01 10:26:35,559 - graph_resilience_index - INFO - Successfully calculated GRI for 100 nodes.
2026-07-01 10:31:14,962 - early_warning_risk - INFO - Risk calculated for TrafficLight_30: score=79.86, level=HIGH
2026-07-01 10:31:14,963 - early_warning_alerts - INFO - Generated 7 alerts and response items.
2026-07-01 10:31:14,964 - acrs_engine - INFO - Initiating ACRS Assessment for seed node: TrafficLight_30, attack: Botnet
2026-07-01 10:31:15,084 - graph_resilience_index - INFO - Successfully calculated GRI for 100 nodes.
2026-07-01 10:31:22,456 - early_warning_risk - INFO - Risk calculated for TrafficLight_27: score=79.94, level=HIGH
2026-07-01 10:31:22,457 - early_warning_alerts - INFO - Generated 7 alerts and response items.
2026-07-01 10:31:22,457 - acrs_engine - INFO - Initiating ACRS Assessment for seed node: TrafficLight_27, attack: Spoofing
2026-07-01 10:31:22,500 - graph_resilience_index - INFO - Successfully calculated GRI for 100 nodes.
2026-07-01 10:31:28,059 - early_warning_risk - INFO - Risk calculated for SmartMeter_2: score=39.98, level=MEDIUM
2026-07-01 10:31:28,059 - early_warning_alerts - INFO - Generated 4 alerts and response items.
2026-07-01 10:31:28,059 - acrs_engine - INFO - Initiating ACRS Assessment for seed node: SmartMeter_2, attack: DDoS
2026-07-01 10:31:28,113 - graph_resilience_index - INFO - Successfully calculated GRI for 100 nodes.
2026-07-01 10:31:34,334 - early_warning_risk - INFO - Risk calculated for TrafficLight_5: score=79.94, level=HIGH
2026-07-01 10:31:34,334 - early_warning_alerts - INFO - Generated 7 alerts and response items.
2026-07-01 10:31:34,335 - acrs_engine - INFO - Initiating ACRS Assessment for seed node: TrafficLight_5, attack: Spoofing
2026-07-01 10:31:34,388 - graph_resilience_index - INFO - Successfully calculated GRI for 100 nodes.
2026-07-01 10:31:40,593 - early_warning_risk - INFO - Risk calculated for TrafficLight_16: score=79.94, level=HIGH
2026-07-01 10:31:40,593 - early_warning_alerts - INFO - Generated 7 alerts and response items.
2026-07-01 10:31:40,594 - acrs_engine - INFO - Initiating ACRS Assessment for seed node: TrafficLight_16, attack: Spoofing
2026-07-01 10:31:40,656 - graph_resilience_index - INFO - Successfully calculated GRI for 100 nodes.
2026-07-01 10:31:46,931 - early_warning_risk - INFO - Risk calculated for CCTV_18: score=59.95, level=MEDIUM
2026-07-01 10:31:46,931 - early_warning_alerts - INFO - Generated 4 alerts and response items.
2026-07-01 10:31:46,932 - acrs_engine - INFO - Initiating ACRS Assessment for seed node: CCTV_18, attack: Spoofing
2026-07-01 10:31:46,992 - graph_resilience_index - INFO - Successfully calculated GRI for 100 nodes.
2026-07-01 10:31:53,446 - early_warning_risk - INFO - Risk calculated for TrafficLight_2: score=79.88, level=HIGH
2026-07-01 10:31:53,446 - early_warning_alerts - INFO - Generated 7 alerts and response items.
2026-07-01 10:31:53,446 - acrs_engine - INFO - Initiating ACRS Assessment for seed node: TrafficLight_2, attack: Reconnaissance
2026-07-01 10:31:53,501 - graph_resilience_index - INFO - Successfully calculated GRI for 100 nodes.
2026-07-01 10:31:59,699 - early_warning_risk - INFO - Risk calculated for ParkingSensor_3: score=29.95, level=LOW
2026-07-01 10:31:59,700 - early_warning_alerts - INFO - Generated 4 alerts and response items.
2026-07-01 10:31:59,700 - acrs_engine - INFO - Initiating ACRS Assessment for seed node: ParkingSensor_3, attack: Reconnaissance
2026-07-01 10:31:59,761 - graph_resilience_index - INFO - Successfully calculated GRI for 100 nodes.
2026-07-01 10:32:06,002 - early_warning_risk - INFO - Risk calculated for ParkingSensor_10: score=29.98, level=LOW
2026-07-01 10:32:06,003 - early_warning_alerts - INFO - Generated 4 alerts and response items.
2026-07-01 10:32:06,003 - acrs_engine - INFO - Initiating ACRS Assessment for seed node: ParkingSensor_10, attack: Spoofing
2026-07-01 10:32:06,062 - graph_resilience_index - INFO - Successfully calculated GRI for 100 nodes.
2026-07-01 10:32:12,043 - early_warning_risk - INFO - Risk calculated for TrafficLight_22: score=79.95, level=HIGH
2026-07-01 10:32:12,044 - early_warning_alerts - INFO - Generated 7 alerts and response items.
2026-07-01 10:32:12,045 - acrs_engine - INFO - Initiating ACRS Assessment for seed node: TrafficLight_22, attack: Brute Force
2026-07-01 10:32:12,110 - graph_resilience_index - INFO - Successfully calculated GRI for 100 nodes.
2026-07-01 10:32:18,175 - early_warning_risk - INFO - Risk calculated for StreetLight_2: score=19.99, level=LOW
2026-07-01 10:32:18,175 - early_warning_alerts - INFO - Generated 4 alerts and response items.
2026-07-01 10:32:18,176 - acrs_engine - INFO - Initiating ACRS Assessment for seed node: StreetLight_2, attack: DDoS
2026-07-01 10:32:18,232 - graph_resilience_index - INFO - Successfully calculated GRI for 100 nodes.
2026-07-01 10:32:24,748 - early_warning_risk - INFO - Risk calculated for CCTV_22: score=59.95, level=MEDIUM
2026-07-01 10:32:24,749 - early_warning_alerts - INFO - Generated 4 alerts and response items.
2026-07-01 10:32:24,750 - acrs_engine - INFO - Initiating ACRS Assessment for seed node: CCTV_22, attack: Spoofing
2026-07-01 10:32:24,819 - graph_resilience_index - INFO - Successfully calculated GRI for 100 nodes.
2026-07-01 10:32:30,355 - early_warning_risk - INFO - Risk calculated for CCTV_30: score=59.89, level=MEDIUM
2026-07-01 10:32:30,355 - early_warning_alerts - INFO - Generated 4 alerts and response items.
2026-07-01 10:32:30,356 - acrs_engine - INFO - Initiating ACRS Assessment for seed node: CCTV_30, attack: Botnet
2026-07-01 10:32:30,403 - graph_resilience_index - INFO - Successfully calculated GRI for 100 nodes.
2026-07-01 10:32:35,797 - early_warning_risk - INFO - Risk calculated for CCTV_19: score=0.60, level=LOW
2026-07-01 10:32:41,120 - early_warning_risk - INFO - Risk calculated for CCTV_23: score=59.89, level=MEDIUM
2026-07-01 10:32:41,121 - early_warning_alerts - INFO - Generated 4 alerts and response items.
2026-07-01 10:32:41,121 - acrs_engine - INFO - Initiating ACRS Assessment for seed node: CCTV_23, attack: Botnet
2026-07-01 10:32:41,181 - graph_resilience_index - INFO - Successfully calculated GRI for 100 nodes.
2026-07-01 10:32:47,201 - early_warning_risk - INFO - Risk calculated for CCTV_23: score=59.95, level=MEDIUM
2026-07-01 10:32:47,202 - early_warning_alerts - INFO - Generated 4 alerts and response items.
2026-07-01 10:32:47,203 - acrs_engine - INFO - Initiating ACRS Assessment for seed node: CCTV_23, attack: Spoofing
2026-07-01 10:32:47,258 - graph_resilience_index - INFO - Successfully calculated GRI for 100 nodes.
2026-07-01 10:32:53,321 - early_warning_risk - INFO - Risk calculated for CCTV_17: score=59.96, level=MEDIUM
2026-07-01 10:32:53,322 - early_warning_alerts - INFO - Generated 4 alerts and response items.
2026-07-01 10:32:53,323 - acrs_engine - INFO - Initiating ACRS Assessment for seed node: CCTV_17, attack: Brute Force
2026-07-01 10:32:53,385 - graph_resilience_index - INFO - Successfully calculated GRI for 100 nodes.
2026-07-01 10:32:59,650 - early_warning_risk - INFO - Risk calculated for SmartMeter_10: score=39.94, level=MEDIUM
2026-07-01 10:32:59,651 - early_warning_alerts - INFO - Generated 4 alerts and response items.
2026-07-01 10:32:59,651 - acrs_engine - INFO - Initiating ACRS Assessment for seed node: SmartMeter_10, attack: Reconnaissance
2026-07-01 10:32:59,683 - graph_resilience_index - INFO - Successfully calculated GRI for 100 nodes.
2026-07-01 10:33:05,179 - early_warning_risk - INFO - Risk calculated for CCTV_25: score=59.89, level=MEDIUM
2026-07-01 10:33:05,180 - early_warning_alerts - INFO - Generated 4 alerts and response items.
2026-07-01 10:33:05,180 - acrs_engine - INFO - Initiating ACRS Assessment for seed node: CCTV_25, attack: Botnet
2026-07-01 10:33:05,236 - graph_resilience_index - INFO - Successfully calculated GRI for 100 nodes.
2026-07-01 10:33:11,721 - early_warning_risk - INFO - Risk calculated for ParkingSensor_15: score=29.98, level=LOW
2026-07-01 10:33:11,722 - early_warning_alerts - INFO - Generated 4 alerts and response items.
2026-07-01 10:33:11,722 - acrs_engine - INFO - Initiating ACRS Assessment for seed node: ParkingSensor_15, attack: DDoS
2026-07-01 10:33:11,751 - graph_resilience_index - INFO - Successfully calculated GRI for 100 nodes.
2026-07-01 10:33:16,885 - early_warning_risk - INFO - Risk calculated for CCTV_3: score=59.89, level=MEDIUM
2026-07-01 10:33:16,886 - early_warning_alerts - INFO - Generated 4 alerts and response items.
2026-07-01 10:33:16,886 - acrs_engine - INFO - Initiating ACRS Assessment for seed node: CCTV_3, attack: Botnet
2026-07-01 10:33:16,923 - graph_resilience_index - INFO - Successfully calculated GRI for 100 nodes.
2026-07-01 10:33:22,016 - early_warning_risk - INFO - Risk calculated for CCTV_19: score=0.60, level=LOW
2026-07-01 10:33:26,638 - early_warning_risk - INFO - Risk calculated for CCTV_7: score=59.91, level=MEDIUM
2026-07-01 10:33:26,639 - early_warning_alerts - INFO - Generated 4 alerts and response items.
2026-07-01 10:33:26,639 - acrs_engine - INFO - Initiating ACRS Assessment for seed node: CCTV_7, attack: Reconnaissance
2026-07-01 10:33:26,670 - graph_resilience_index - INFO - Successfully calculated GRI for 100 nodes.
2026-07-01 10:33:31,611 - early_warning_risk - INFO - Risk calculated for StreetLight_3: score=19.97, level=LOW
2026-07-01 10:33:31,612 - early_warning_alerts - INFO - Generated 4 alerts and response items.
2026-07-01 10:33:31,612 - acrs_engine - INFO - Initiating ACRS Assessment for seed node: StreetLight_3, attack: Reconnaissance
2026-07-01 10:33:31,672 - graph_resilience_index - INFO - Successfully calculated GRI for 100 nodes.
2026-07-01 10:33:37,578 - early_warning_risk - INFO - Risk calculated for TrafficLight_28: score=0.80, level=LOW
2026-07-01 10:33:43,602 - early_warning_risk - INFO - Risk calculated for TrafficLight_5: score=79.95, level=HIGH
2026-07-01 10:33:43,602 - early_warning_alerts - INFO - Generated 7 alerts and response items.
2026-07-01 10:33:43,603 - acrs_engine - INFO - Initiating ACRS Assessment for seed node: TrafficLight_5, attack: Brute Force
2026-07-01 10:33:43,668 - graph_resilience_index - INFO - Successfully calculated GRI for 100 nodes.
2026-07-01 10:33:49,607 - early_warning_risk - INFO - Risk calculated for ParkingSensor_2: score=29.95, level=LOW
2026-07-01 10:33:49,608 - early_warning_alerts - INFO - Generated 4 alerts and response items.
2026-07-01 10:33:49,608 - acrs_engine - INFO - Initiating ACRS Assessment for seed node: ParkingSensor_2, attack: Botnet
2026-07-01 10:33:49,668 - graph_resilience_index - INFO - Successfully calculated GRI for 100 nodes.
2026-07-01 10:33:55,910 - early_warning_risk - INFO - Risk calculated for ParkingSensor_5: score=29.98, level=LOW
2026-07-01 10:33:55,912 - early_warning_alerts - INFO - Generated 4 alerts and response items.
2026-07-01 10:33:55,912 - acrs_engine - INFO - Initiating ACRS Assessment for seed node: ParkingSensor_5, attack: Spoofing
2026-07-01 10:33:55,989 - graph_resilience_index - INFO - Successfully calculated GRI for 100 nodes.
2026-07-01 10:34:01,968 - early_warning_risk - INFO - Risk calculated for SmartMeter_3: score=0.40, level=LOW
2026-07-01 10:34:06,824 - early_warning_risk - INFO - Risk calculated for TrafficLight_20: score=79.95, level=HIGH
2026-07-01 10:34:06,824 - early_warning_alerts - INFO - Generated 7 alerts and response items.
2026-07-01 10:34:06,825 - acrs_engine - INFO - Initiating ACRS Assessment for seed node: TrafficLight_20, attack: Brute Force
2026-07-01 10:34:06,890 - graph_resilience_index - INFO - Successfully calculated GRI for 100 nodes.
2026-07-01 10:34:12,652 - early_warning_risk - INFO - Risk calculated for StreetLight_4: score=19.99, level=LOW
2026-07-01 10:34:12,653 - early_warning_alerts - INFO - Generated 4 alerts and response items.
2026-07-01 10:34:12,653 - acrs_engine - INFO - Initiating ACRS Assessment for seed node: StreetLight_4, attack: DDoS
2026-07-01 10:34:12,718 - graph_resilience_index - INFO - Successfully calculated GRI for 100 nodes.
2026-07-01 10:34:18,371 - early_warning_risk - INFO - Risk calculated for TrafficLight_2: score=79.95, level=HIGH
2026-07-01 10:34:18,371 - early_warning_alerts - INFO - Generated 7 alerts and response items.
2026-07-01 10:34:18,371 - acrs_engine - INFO - Initiating ACRS Assessment for seed node: TrafficLight_2, attack: Brute Force
2026-07-01 10:34:18,440 - graph_resilience_index - INFO - Successfully calculated GRI for 100 nodes.
2026-07-01 10:34:24,119 - early_warning_risk - INFO - Risk calculated for CCTV_7: score=0.60, level=LOW
2026-07-01 10:34:29,481 - early_warning_risk - INFO - Risk calculated for Gateway_2: score=0.90, level=LOW
2026-07-01 10:34:34,936 - early_warning_risk - INFO - Risk calculated for TrafficLight_21: score=0.80, level=LOW
2026-07-01 10:34:40,015 - early_warning_risk - INFO - Risk calculated for CCTV_2: score=59.96, level=MEDIUM
2026-07-01 10:34:40,016 - early_warning_alerts - INFO - Generated 4 alerts and response items.
2026-07-01 10:34:40,017 - acrs_engine - INFO - Initiating ACRS Assessment for seed node: CCTV_2, attack: Brute Force
2026-07-01 10:34:40,071 - graph_resilience_index - INFO - Successfully calculated GRI for 100 nodes.
2026-07-01 10:34:43,156 - early_warning_risk - INFO - Risk calculated for CCTV_1: score=0.60, level=LOW
2026-07-01 10:34:51,160 - early_warning_risk - INFO - Risk calculated for StreetLight_2: score=19.99, level=LOW
2026-07-01 10:34:51,161 - early_warning_alerts - INFO - Generated 4 alerts and response items.
2026-07-01 10:34:51,161 - acrs_engine - INFO - Initiating ACRS Assessment for seed node: StreetLight_2, attack: Brute Force
2026-07-01 10:34:51,227 - graph_resilience_index - INFO - Successfully calculated GRI for 100 nodes.
2026-07-01 10:34:56,485 - early_warning_risk - INFO - Risk calculated for TrafficLight_21: score=79.88, level=HIGH
2026-07-01 10:34:56,485 - early_warning_alerts - INFO - Generated 7 alerts and response items.
2026-07-01 10:34:56,486 - acrs_engine - INFO - Initiating ACRS Assessment for seed node: TrafficLight_21, attack: Reconnaissance
2026-07-01 10:34:56,577 - graph_resilience_index - INFO - Successfully calculated GRI for 100 nodes.
2026-07-01 10:35:02,705 - early_warning_risk - INFO - Risk calculated for SmartMeter_5: score=39.97, level=MEDIUM
2026-07-01 10:35:02,705 - early_warning_alerts - INFO - Generated 4 alerts and response items.
2026-07-01 10:35:02,706 - acrs_engine - INFO - Initiating ACRS Assessment for seed node: SmartMeter_5, attack: Brute Force
2026-07-01 10:35:02,796 - graph_resilience_index - INFO - Successfully calculated GRI for 100 nodes.
2026-07-01 10:35:08,097 - early_warning_risk - INFO - Risk calculated for TrafficLight_29: score=79.86, level=HIGH
2026-07-01 10:35:08,098 - early_warning_alerts - INFO - Generated 7 alerts and response items.
2026-07-01 10:35:08,098 - acrs_engine - INFO - Initiating ACRS Assessment for seed node: TrafficLight_29, attack: Botnet
2026-07-01 10:35:08,162 - graph_resilience_index - INFO - Successfully calculated GRI for 100 nodes.
2026-07-01 10:35:14,192 - early_warning_risk - INFO - Risk calculated for ParkingSensor_7: score=29.95, level=LOW
2026-07-01 10:35:14,193 - early_warning_alerts - INFO - Generated 4 alerts and response items.
2026-07-01 10:35:14,193 - acrs_engine - INFO - Initiating ACRS Assessment for seed node: ParkingSensor_7, attack: Reconnaissance
2026-07-01 10:35:14,276 - graph_resilience_index - INFO - Successfully calculated GRI for 100 nodes.
2026-07-01 10:35:20,158 - early_warning_risk - INFO - Risk calculated for SmartMeter_8: score=0.40, level=LOW
2026-07-01 10:35:25,543 - early_warning_risk - INFO - Risk calculated for Gateway_1: score=89.93, level=CRITICAL
2026-07-01 10:35:25,544 - early_warning_alerts - INFO - Generated 7 alerts and response items.
2026-07-01 10:35:25,545 - acrs_engine - INFO - Initiating ACRS Assessment for seed node: Gateway_1, attack: Spoofing
2026-07-01 10:35:25,625 - graph_resilience_index - INFO - Successfully calculated GRI for 100 nodes.
2026-07-01 10:35:31,299 - early_warning_risk - INFO - Risk calculated for TrafficLight_4: score=79.88, level=HIGH
2026-07-01 10:35:31,302 - early_warning_alerts - INFO - Generated 7 alerts and response items.
2026-07-01 10:35:31,303 - acrs_engine - INFO - Initiating ACRS Assessment for seed node: TrafficLight_4, attack: Reconnaissance
2026-07-01 10:35:31,376 - graph_resilience_index - INFO - Successfully calculated GRI for 100 nodes.
2026-07-01 10:35:31,792 - early_warning_risk - INFO - Risk calculated for TrafficLight_4: score=79.88, level=HIGH
2026-07-01 10:35:31,793 - early_warning_alerts - INFO - Generated 7 alerts and response items.
2026-07-01 10:35:31,793 - acrs_engine - INFO - Initiating ACRS Assessment for seed node: TrafficLight_4, attack: Reconnaissance
2026-07-01 10:35:32,244 - graph_resilience_index - INFO - Successfully calculated GRI for 100 nodes.
2026-07-01 10:42:19,822 - early_warning_risk - INFO - Risk calculated for CCTV_1: score=0.60, level=LOW
2026-07-01 10:42:29,080 - early_warning_risk - INFO - Risk calculated for WaterSensor_1: score=69.94, level=HIGH
2026-07-01 10:42:29,081 - early_warning_alerts - INFO - Generated 7 alerts and response items.
2026-07-01 10:42:29,083 - acrs_engine - INFO - Initiating ACRS Assessment for seed node: WaterSensor_1, attack: Spoofing
2026-07-01 10:42:29,140 - graph_resilience_index - INFO - Successfully calculated GRI for 100 nodes.
2026-07-01 10:42:34,346 - early_warning_risk - INFO - Risk calculated for CCTV_9: score=59.91, level=MEDIUM
2026-07-01 10:42:34,347 - early_warning_alerts - INFO - Generated 4 alerts and response items.
2026-07-01 10:42:34,347 - acrs_engine - INFO - Initiating ACRS Assessment for seed node: CCTV_9, attack: Reconnaissance
2026-07-01 10:42:34,405 - graph_resilience_index - INFO - Successfully calculated GRI for 100 nodes.
2026-07-01 10:42:41,329 - early_warning_risk - INFO - Risk calculated for ParkingSensor_4: score=29.98, level=LOW
2026-07-01 10:42:41,329 - early_warning_alerts - INFO - Generated 4 alerts and response items.
2026-07-01 10:42:41,329 - acrs_engine - INFO - Initiating ACRS Assessment for seed node: ParkingSensor_4, attack: DDoS
2026-07-01 10:42:41,387 - graph_resilience_index - INFO - Successfully calculated GRI for 100 nodes.
2026-07-01 10:42:47,086 - early_warning_risk - INFO - Risk calculated for WaterSensor_3: score=69.89, level=HIGH
2026-07-01 10:42:47,086 - early_warning_alerts - INFO - Generated 7 alerts and response items.
2026-07-01 10:42:47,086 - acrs_engine - INFO - Initiating ACRS Assessment for seed node: WaterSensor_3, attack: Reconnaissance
2026-07-01 10:42:47,141 - graph_resilience_index - INFO - Successfully calculated GRI for 100 nodes.
2026-07-01 10:42:52,961 - early_warning_risk - INFO - Risk calculated for CCTV_25: score=59.95, level=MEDIUM
2026-07-01 10:42:52,962 - early_warning_alerts - INFO - Generated 4 alerts and response items.
2026-07-01 10:42:52,962 - acrs_engine - INFO - Initiating ACRS Assessment for seed node: CCTV_25, attack: Spoofing
2026-07-01 10:42:53,015 - graph_resilience_index - INFO - Successfully calculated GRI for 100 nodes.
2026-07-01 10:42:58,843 - early_warning_risk - INFO - Risk calculated for CCTV_17: score=59.96, level=MEDIUM
2026-07-01 10:42:58,844 - early_warning_alerts - INFO - Generated 4 alerts and response items.
2026-07-01 10:42:58,845 - acrs_engine - INFO - Initiating ACRS Assessment for seed node: CCTV_17, attack: DDoS
2026-07-01 10:42:58,902 - graph_resilience_index - INFO - Successfully calculated GRI for 100 nodes.
2026-07-01 10:43:04,590 - early_warning_risk - INFO - Risk calculated for CCTV_19: score=0.60, level=LOW
2026-07-01 10:43:09,963 - early_warning_risk - INFO - Risk calculated for ParkingSensor_4: score=29.98, level=LOW
2026-07-01 10:43:09,964 - early_warning_alerts - INFO - Generated 4 alerts and response items.
2026-07-01 10:43:09,964 - acrs_engine - INFO - Initiating ACRS Assessment for seed node: ParkingSensor_4, attack: Brute Force
2026-07-01 10:43:10,021 - graph_resilience_index - INFO - Successfully calculated GRI for 100 nodes.
2026-07-01 10:43:15,688 - early_warning_risk - INFO - Risk calculated for CCTV_14: score=59.91, level=MEDIUM
2026-07-01 10:43:15,689 - early_warning_alerts - INFO - Generated 4 alerts and response items.
2026-07-01 10:43:15,689 - acrs_engine - INFO - Initiating ACRS Assessment for seed node: CCTV_14, attack: Reconnaissance
2026-07-01 10:43:15,746 - graph_resilience_index - INFO - Successfully calculated GRI for 100 nodes.
2026-07-01 10:43:21,475 - early_warning_risk - INFO - Risk calculated for ParkingSensor_7: score=29.95, level=LOW
2026-07-01 10:43:21,475 - early_warning_alerts - INFO - Generated 4 alerts and response items.
2026-07-01 10:43:21,476 - acrs_engine - INFO - Initiating ACRS Assessment for seed node: ParkingSensor_7, attack: Reconnaissance
2026-07-01 10:43:21,530 - graph_resilience_index - INFO - Successfully calculated GRI for 100 nodes.
2026-07-01 11:34:48,789 - main_pipeline - INFO - =================================================================
2026-07-01 11:34:48,790 - main_pipeline - INFO -   STARTING SMART CITY IoT SECURITY RESEARCH PIPELINE END-TO-END  
2026-07-01 11:34:48,790 - main_pipeline - INFO - =================================================================
2026-07-01 11:34:48,790 - main_pipeline - INFO - --- Phase 1: Checking and Bootstrapping Datasets ---
2026-07-01 11:34:48,791 - main_pipeline - INFO - --- Phase 2: Training Random Forest Classifier (IoT-23) ---
2026-07-01 11:34:48,791 - train_rf_cli - INFO - Starting Random Forest Model Training Pipeline...
2026-07-01 11:34:48,866 - preprocessing_features - INFO - Fitted new StandardScaler for IoT-23.
2026-07-01 11:34:48,869 - preprocessing_features - INFO - Fitted new LabelEncoder for IoT-23.
2026-07-01 11:34:48,872 - preprocessing_split - INFO - Splitting dataset: size=2000 rows, test_ratio=0.2.
2026-07-01 11:34:48,886 - preprocessing_split - INFO - Split complete. Train shape: (1600, 6), Test shape: (400, 6)
2026-07-01 11:34:48,886 - models_rf - INFO - Initializing Random Forest Classifier...
2026-07-01 11:34:48,886 - models_rf - INFO - Fitting Random Forest Model...
2026-07-01 11:34:49,337 - models_rf - INFO - Random Forest Test Accuracy: 100.00%
2026-07-01 11:34:49,355 - models_rf - INFO - Saving Random Forest artifacts to C:\Users\ASUS-TUF\.gemini\antigravity\scratch\SmartCity-AI-EarlyWarning-GNN\trained_models\random_forest.pkl...
2026-07-01 11:34:49,416 - train_rf_cli - INFO - Random Forest Training Pipeline execution completed successfully.
2026-07-01 11:34:49,417 - main_pipeline - INFO - --- Phase 3: Training XGBoost Classifier (CICIoT2023) ---
2026-07-01 11:34:49,417 - train_xgboost_cli - INFO - Starting XGBoost Model Training Pipeline...
2026-07-01 11:34:49,447 - preprocessing_clean - INFO - [CICIoT2023] Removed 5 duplicate rows.
2026-07-01 11:34:49,455 - preprocessing_features - INFO - Fitted new StandardScaler for CICIoT2023.
2026-07-01 11:34:49,458 - preprocessing_features - INFO - Fitted new LabelEncoder for CICIoT2023.
2026-07-01 11:34:49,459 - preprocessing_split - INFO - Splitting dataset: size=4995 rows, test_ratio=0.2.
2026-07-01 11:34:49,466 - preprocessing_split - INFO - Split complete. Train shape: (3996, 7), Test shape: (999, 7)
2026-07-01 11:34:49,466 - models_xgb - INFO - Initializing XGBoost Classifier...
2026-07-01 11:34:49,466 - models_xgb - INFO - Fitting XGBoost Model...
2026-07-01 11:34:50,193 - models_xgb - INFO - XGBoost Test Accuracy: 99.80%
2026-07-01 11:34:50,219 - models_xgb - INFO - Saving XGBoost artifacts to C:\Users\ASUS-TUF\.gemini\antigravity\scratch\SmartCity-AI-EarlyWarning-GNN\trained_models\xgboost.pkl...
2026-07-01 11:34:50,243 - train_xgboost_cli - INFO - XGBoost Training Pipeline execution completed successfully.
2026-07-01 11:34:50,244 - main_pipeline - INFO - --- Phase 4: Training GNN propagation Predictor (Topology) ---
2026-07-01 11:34:50,245 - train_gnn_cli - INFO - Starting GNN Model Training Pipeline...
2026-07-01 11:34:50,245 - gnn_train - INFO - Initializing graph builder and loading datasets...
2026-07-01 11:34:50,254 - gnn_graph_builder - INFO - Loaded graph with 100 nodes and 120 edges.
2026-07-01 11:34:55,405 - gnn_train - INFO - Beginning GNN training...
2026-07-01 11:34:55,559 - gnn_train - INFO - Epoch 1/150 | Loss: 0.100315
2026-07-01 11:34:55,643 - gnn_train - INFO - Epoch 25/150 | Loss: 0.075862
2026-07-01 11:34:55,743 - gnn_train - INFO - Epoch 50/150 | Loss: 0.075862
2026-07-01 11:34:55,842 - gnn_train - INFO - Epoch 75/150 | Loss: 0.075862
2026-07-01 11:34:55,939 - gnn_train - INFO - Epoch 100/150 | Loss: 0.075862
2026-07-01 11:34:56,022 - gnn_train - INFO - Epoch 125/150 | Loss: 0.075862
2026-07-01 11:34:56,119 - gnn_train - INFO - Epoch 150/150 | Loss: 0.075862
2026-07-01 11:34:56,133 - gnn_train - INFO - GNN Training MAE (Mean Absolute Error): 0.2527
2026-07-01 11:34:56,134 - gnn_train - INFO - Saving GNN checkpoint to C:\Users\ASUS-TUF\.gemini\antigravity\scratch\SmartCity-AI-EarlyWarning-GNN\trained_models\gnn_model.pt...
2026-07-01 11:34:56,167 - train_gnn_cli - INFO - GNN Training Pipeline execution completed successfully.
2026-07-01 11:34:56,168 - main_pipeline - INFO - --- Phase 5: Running Evaluations and Writing Reports ---
2026-07-01 11:34:56,168 - evaluate_pipeline - INFO - Initializing Evaluation and Report Generation Pipeline...
2026-07-01 11:34:56,168 - evaluate_pipeline - INFO - Generating Accuracy & Classification Reports...
2026-07-01 11:34:56,352 - preprocessing_clean - INFO - [CICIoT2023] Removed 5 duplicate rows.
2026-07-01 11:34:56,362 - preprocessing_split - INFO - Splitting dataset: size=4995 rows, test_ratio=0.2.
2026-07-01 11:34:56,372 - preprocessing_split - INFO - Split complete. Train shape: (3996, 7), Test shape: (999, 7)
2026-07-01 11:34:56,399 - preprocessing_split - INFO - Splitting dataset: size=2000 rows, test_ratio=0.2.
2026-07-01 11:34:56,404 - preprocessing_split - INFO - Split complete. Train shape: (1600, 6), Test shape: (400, 6)
2026-07-01 11:34:56,504 - evaluate_pipeline - INFO - Accuracy report written to C:\Users\ASUS-TUF\.gemini\antigravity\scratch\SmartCity-AI-EarlyWarning-GNN\results\accuracy_report.txt
2026-07-01 11:34:56,529 - evaluate_pipeline - INFO - Classification report written to C:\Users\ASUS-TUF\.gemini\antigravity\scratch\SmartCity-AI-EarlyWarning-GNN\results\classification_report.txt
2026-07-01 11:34:57,178 - evaluate_pipeline - INFO - Confusion matrix plot saved to C:\Users\ASUS-TUF\.gemini\antigravity\scratch\SmartCity-AI-EarlyWarning-GNN\results\confusion_matrix.png
2026-07-01 11:34:57,179 - evaluate_pipeline - INFO - Generating SHAP Summary Plots...
2026-07-01 11:34:57,232 - preprocessing_clean - INFO - [CICIoT2023] Removed 5 duplicate rows.
2026-07-01 11:34:57,248 - preprocessing_split - INFO - Splitting dataset: size=4995 rows, test_ratio=0.2.
2026-07-01 11:34:57,257 - preprocessing_split - INFO - Split complete. Train shape: (3996, 7), Test shape: (999, 7)
2026-07-01 11:35:01,987 - evaluate_pipeline - INFO - SHAP summary plot saved to C:\Users\ASUS-TUF\.gemini\antigravity\scratch\SmartCity-AI-EarlyWarning-GNN\results\shap_summary.png
2026-07-01 11:35:01,990 - evaluate_pipeline - INFO - Generating GNN Propagation Network Visualizations...
2026-07-01 11:35:01,993 - gnn_graph_builder - INFO - Loaded graph with 100 nodes and 120 edges.
2026-07-01 11:35:02,057 - gnn_predict - INFO - GNN model loaded successfully.
2026-07-01 11:35:02,426 - evaluate_pipeline - INFO - Propagation graph plot saved to C:\Users\ASUS-TUF\.gemini\antigravity\scratch\SmartCity-AI-EarlyWarning-GNN\results\propagation_graph.png
2026-07-01 11:35:02,426 - evaluate_pipeline - INFO - Generating Service Impact spreadsheet report...
2026-07-01 11:35:02,428 - gnn_graph_builder - INFO - Loaded graph with 100 nodes and 120 edges.
2026-07-01 11:35:02,432 - gnn_predict - INFO - GNN model loaded successfully.
2026-07-01 11:35:02,437 - impact_assets - INFO - Loaded 100 assets from criticality file.
2026-07-01 11:35:02,444 - impact_score - INFO - Loaded 56 impact weight mappings.
2026-07-01 11:35:02,461 - evaluate_pipeline - INFO - Service impact spreadsheet saved to C:\Users\ASUS-TUF\.gemini\antigravity\scratch\SmartCity-AI-EarlyWarning-GNN\results\impact_report.csv
2026-07-01 11:35:02,462 - evaluate_pipeline - INFO - Evaluation pipeline execution completed successfully. Reports stored in results/.
2026-07-01 11:35:02,462 - main_pipeline - INFO - =================================================================
2026-07-01 11:35:02,462 - main_pipeline - INFO -   PIPELINE EXECUTED SUCCESSFULLY                                
2026-07-01 11:35:02,462 - main_pipeline - INFO -   Trained Models Saved: trained_models/                         
2026-07-01 11:35:02,462 - main_pipeline - INFO -   Evaluation Reports Saved: results/                            
2026-07-01 11:35:02,462 - main_pipeline - INFO -   To launch the Dashboard:                                      
2026-07-01 11:35:02,462 - main_pipeline - INFO -      streamlit run dashboard/app.py                             
2026-07-01 11:35:02,462 - main_pipeline - INFO - =================================================================
2026-07-01 11:36:34,330 - gnn_graph_builder - INFO - Loaded graph with 100 nodes and 120 edges.
2026-07-01 11:36:34,548 - models_loader - INFO - Loaded XGBoost artifacts successfully.
2026-07-01 11:36:34,610 - models_loader - INFO - Loaded Random Forest artifacts successfully.
2026-07-01 11:36:34,671 - gnn_predict - INFO - GNN model loaded successfully.
2026-07-01 11:36:34,699 - impact_assets - INFO - Loaded 100 assets from criticality file.
2026-07-01 11:36:34,710 - impact_score - INFO - Loaded 56 impact weight mappings.
2026-07-01 11:36:34,715 - impact_assets - INFO - Loaded 100 assets from criticality file.
2026-07-01 11:36:34,965 - explainability_shap - INFO - SHAP TreeExplainer initialized for xgboost.
2026-07-01 11:36:35,078 - early_warning_risk - INFO - Risk calculated for CCTV_1: score=0.60, level=LOW
2026-07-01 11:48:51,972 - early_warning_risk - INFO - Risk calculated for CCTV_1: score=59.96, level=MEDIUM
2026-07-01 11:48:51,977 - early_warning_alerts - INFO - Generated 4 alerts and response items.
2026-07-02 10:02:53,824 - early_warning_risk - INFO - Risk calculated for CCTV_1: score=0.60, level=LOW
2026-07-02 10:03:39,397 - early_warning_risk - INFO - Risk calculated for CCTV_1: score=59.96, level=MEDIUM
2026-07-02 10:03:39,398 - early_warning_alerts - INFO - Generated 4 alerts and response items.
2026-07-02 10:05:34,841 - early_warning_risk - INFO - Risk calculated for ParkingSensor_15: score=29.98, level=LOW
2026-07-02 10:05:34,842 - early_warning_alerts - INFO - Generated 4 alerts and response items.
2026-07-02 10:29:55,535 - early_warning_risk - INFO - Risk calculated for CCTV_1: score=0.60, level=LOW
2026-07-02 10:42:35,536 - early_warning_risk - INFO - Risk calculated for CCTV_25: score=59.95, level=MEDIUM
2026-07-02 10:42:35,552 - early_warning_alerts - INFO - Generated 4 alerts and response items.
2026-07-02 10:42:39,042 - early_warning_risk - INFO - Risk calculated for CCTV_25: score=59.95, level=MEDIUM
2026-07-02 10:42:39,043 - early_warning_alerts - INFO - Generated 4 alerts and response items.
2026-07-02 10:49:52,812 - early_warning_risk - INFO - Risk calculated for CCTV_1: score=0.60, level=LOW
2026-07-02 11:02:30,221 - gnn_graph_builder - INFO - Loaded graph with 100 nodes and 120 edges.
2026-07-02 11:02:30,496 - models_loader - INFO - Loaded XGBoost artifacts successfully.
2026-07-02 11:02:30,603 - models_loader - INFO - Loaded Random Forest artifacts successfully.
2026-07-02 11:02:30,723 - gnn_predict - INFO - GNN model loaded successfully.
2026-07-02 11:02:30,769 - impact_assets - INFO - Loaded 100 assets from criticality file.
2026-07-02 11:02:30,792 - impact_score - INFO - Loaded 56 impact weight mappings.
2026-07-02 11:02:30,799 - impact_assets - INFO - Loaded 100 assets from criticality file.
2026-07-02 11:02:31,215 - explainability_shap - INFO - SHAP TreeExplainer initialized for xgboost.
2026-07-02 11:02:31,445 - early_warning_risk - INFO - Risk calculated for CCTV_1: score=0.60, level=LOW
2026-07-03 15:02:30,090 - gnn_graph_builder - INFO - Loaded graph with 100 nodes and 120 edges.
2026-07-03 15:02:30,486 - models_loader - INFO - Loaded XGBoost artifacts successfully.
2026-07-03 15:02:30,537 - models_loader - INFO - Loaded Random Forest artifacts successfully.
2026-07-03 15:02:30,637 - gnn_predict - INFO - GNN model loaded successfully.
2026-07-03 15:02:30,677 - impact_assets - INFO - Loaded 100 assets from criticality file.
2026-07-03 15:02:30,698 - impact_score - INFO - Loaded 56 impact weight mappings.
2026-07-03 15:02:30,702 - impact_assets - INFO - Loaded 100 assets from criticality file.
2026-07-03 15:02:30,915 - explainability_shap - INFO - SHAP TreeExplainer initialized for xgboost.
2026-07-03 15:02:30,920 - gnn_graph_builder - INFO - Loaded graph with 100 nodes and 120 edges.
2026-07-03 15:02:31,059 - early_warning_risk - INFO - Risk calculated for CCTV_1: score=0.60, level=LOW
2026-07-03 15:02:47,989 - gnn_graph_builder - INFO - Loaded graph with 100 nodes and 120 edges.
2026-07-03 15:02:48,038 - gnn_adversarial_defense - INFO - Adversarial topology attack completed: Injected 24 decoy edges.
2026-07-03 15:02:48,048 - early_warning_risk - INFO - Risk calculated for CCTV_1: score=0.60, level=LOW
2026-07-03 15:02:53,760 - gnn_graph_builder - INFO - Loaded graph with 100 nodes and 120 edges.
2026-07-03 15:02:53,810 - early_warning_risk - INFO - Risk calculated for CCTV_1: score=0.60, level=LOW
2026-07-03 15:02:55,873 - gnn_graph_builder - INFO - Loaded graph with 100 nodes and 120 edges.
2026-07-03 15:02:55,921 - gnn_adversarial_defense - INFO - Adversarial topology attack completed: Injected 24 decoy edges.
2026-07-03 15:02:55,930 - early_warning_risk - INFO - Risk calculated for CCTV_1: score=0.60, level=LOW
2026-07-03 15:02:59,059 - gnn_graph_builder - INFO - Loaded graph with 100 nodes and 120 edges.
2026-07-03 15:02:59,107 - gnn_adversarial_defense - INFO - Adversarial topology attack completed: Injected 24 decoy edges.
2026-07-03 15:02:59,112 - gnn_adversarial_defense - INFO - Purification completed: Pruned 0 suspicious edges using threshold=0.45.
2026-07-03 15:02:59,124 - early_warning_risk - INFO - Risk calculated for CCTV_1: score=0.60, level=LOW
2026-07-03 15:03:12,372 - gnn_graph_builder - INFO - Loaded graph with 100 nodes and 120 edges.
2026-07-03 15:03:12,413 - gnn_adversarial_defense - INFO - Purification completed: Pruned 0 suspicious edges using threshold=0.45.
2026-07-03 15:03:12,422 - early_warning_risk - INFO - Risk calculated for CCTV_1: score=0.60, level=LOW
2026-07-03 15:03:15,688 - gnn_graph_builder - INFO - Loaded graph with 100 nodes and 120 edges.
2026-07-03 15:03:15,729 - early_warning_risk - INFO - Risk calculated for CCTV_1: score=0.60, level=LOW
2026-07-03 15:03:16,892 - gnn_graph_builder - INFO - Loaded graph with 100 nodes and 120 edges.
2026-07-03 15:03:16,935 - gnn_adversarial_defense - INFO - Adversarial topology attack completed: Injected 24 decoy edges.
2026-07-03 15:03:16,944 - early_warning_risk - INFO - Risk calculated for CCTV_1: score=0.60, level=LOW
2026-07-03 15:03:23,786 - gnn_graph_builder - INFO - Loaded graph with 100 nodes and 120 edges.
2026-07-03 15:03:23,843 - gnn_adversarial_defense - INFO - Adversarial topology attack completed: Injected 24 decoy edges.
2026-07-03 15:03:23,848 - gnn_adversarial_defense - INFO - Purification completed: Pruned 0 suspicious edges using threshold=0.45.
2026-07-03 15:03:23,861 - early_warning_risk - INFO - Risk calculated for CCTV_1: score=0.60, level=LOW
2026-07-03 15:03:25,628 - gnn_graph_builder - INFO - Loaded graph with 100 nodes and 120 edges.
2026-07-03 15:03:25,668 - gnn_adversarial_defense - INFO - Adversarial topology attack completed: Injected 24 decoy edges.
2026-07-03 15:03:25,679 - early_warning_risk - INFO - Risk calculated for CCTV_1: score=0.60, level=LOW
2026-07-03 15:03:27,487 - gnn_graph_builder - INFO - Loaded graph with 100 nodes and 120 edges.
2026-07-03 15:03:27,521 - gnn_adversarial_defense - INFO - Adversarial topology attack completed: Injected 24 decoy edges.
2026-07-03 15:03:27,525 - gnn_adversarial_defense - INFO - Purification completed: Pruned 0 suspicious edges using threshold=0.45.
2026-07-03 15:03:27,533 - early_warning_risk - INFO - Risk calculated for CCTV_1: score=0.60, level=LOW
2026-07-03 15:03:29,660 - gnn_graph_builder - INFO - Loaded graph with 100 nodes and 120 edges.
2026-07-03 15:03:29,705 - gnn_adversarial_defense - INFO - Adversarial topology attack completed: Injected 24 decoy edges.
2026-07-03 15:03:29,713 - early_warning_risk - INFO - Risk calculated for CCTV_1: score=0.60, level=LOW
2026-07-03 15:03:30,974 - gnn_graph_builder - INFO - Loaded graph with 100 nodes and 120 edges.
2026-07-03 15:03:31,016 - gnn_adversarial_defense - INFO - Adversarial topology attack completed: Injected 24 decoy edges.
2026-07-03 15:03:31,021 - gnn_adversarial_defense - INFO - Purification completed: Pruned 0 suspicious edges using threshold=0.45.
2026-07-03 15:03:31,030 - early_warning_risk - INFO - Risk calculated for CCTV_1: score=0.60, level=LOW
2026-07-03 15:03:35,737 - gnn_graph_builder - INFO - Loaded graph with 100 nodes and 120 edges.
2026-07-03 15:03:35,774 - gnn_adversarial_defense - INFO - Purification completed: Pruned 0 suspicious edges using threshold=0.45.
2026-07-03 15:03:35,782 - early_warning_risk - INFO - Risk calculated for CCTV_1: score=0.60, level=LOW
2026-07-03 15:03:44,251 - gnn_graph_builder - INFO - Loaded graph with 100 nodes and 120 edges.
2026-07-03 15:03:44,288 - gnn_adversarial_defense - INFO - Adversarial topology attack completed: Injected 24 decoy edges.
2026-07-03 15:03:44,293 - gnn_adversarial_defense - INFO - Purification completed: Pruned 0 suspicious edges using threshold=0.45.
2026-07-03 15:03:44,302 - early_warning_risk - INFO - Risk calculated for CCTV_1: score=0.60, level=LOW
2026-07-03 15:03:53,496 - gnn_graph_builder - INFO - Loaded graph with 100 nodes and 120 edges.
2026-07-03 15:03:53,532 - gnn_adversarial_defense - INFO - Adversarial topology attack completed: Injected 24 decoy edges.
2026-07-03 15:03:53,536 - gnn_adversarial_defense - INFO - Purification completed: Pruned 0 suspicious edges using threshold=0.45.
2026-07-03 15:03:53,543 - early_warning_risk - INFO - Risk calculated for CCTV_1: score=0.60, level=LOW
2026-07-03 15:03:57,769 - gnn_graph_builder - INFO - Loaded graph with 100 nodes and 120 edges.
2026-07-03 15:03:57,810 - gnn_adversarial_defense - INFO - Adversarial topology attack completed: Injected 24 decoy edges.
2026-07-03 15:03:57,814 - gnn_adversarial_defense - INFO - Purification completed: Pruned 0 suspicious edges using threshold=0.45.
2026-07-03 15:03:57,822 - early_warning_risk - INFO - Risk calculated for CCTV_1: score=59.96, level=MEDIUM
2026-07-03 15:03:57,823 - early_warning_alerts - INFO - Generated 4 alerts and response items.
2026-07-03 15:04:04,449 - gnn_graph_builder - INFO - Loaded graph with 100 nodes and 120 edges.
2026-07-03 15:04:04,501 - gnn_adversarial_defense - INFO - Purification completed: Pruned 0 suspicious edges using threshold=0.45.
2026-07-03 15:04:04,511 - early_warning_risk - INFO - Risk calculated for CCTV_1: score=59.96, level=MEDIUM
2026-07-03 15:04:04,512 - early_warning_alerts - INFO - Generated 4 alerts and response items.
2026-07-03 15:04:08,408 - gnn_graph_builder - INFO - Loaded graph with 100 nodes and 120 edges.
2026-07-03 15:04:08,461 - early_warning_risk - INFO - Risk calculated for CCTV_1: score=59.96, level=MEDIUM
2026-07-03 15:04:08,461 - early_warning_alerts - INFO - Generated 4 alerts and response items.
2026-07-03 15:04:19,918 - gnn_graph_builder - INFO - Loaded graph with 100 nodes and 120 edges.
2026-07-03 15:04:19,975 - early_warning_risk - INFO - Risk calculated for CCTV_13: score=59.96, level=MEDIUM
2026-07-03 15:04:19,975 - early_warning_alerts - INFO - Generated 4 alerts and response items.
2026-07-03 15:04:25,957 - gnn_graph_builder - INFO - Loaded graph with 100 nodes and 120 edges.
2026-07-03 15:04:25,993 - early_warning_risk - INFO - Risk calculated for CCTV_13: score=59.96, level=MEDIUM
2026-07-03 15:04:25,993 - early_warning_alerts - INFO - Generated 4 alerts and response items.
2026-07-03 15:04:34,517 - gnn_graph_builder - INFO - Loaded graph with 100 nodes and 120 edges.
2026-07-03 15:04:34,562 - early_warning_risk - INFO - Risk calculated for WaterSensor_4: score=69.96, level=HIGH
2026-07-03 15:04:34,562 - early_warning_alerts - INFO - Generated 7 alerts and response items.
2026-07-03 15:04:38,116 - gnn_graph_builder - INFO - Loaded graph with 100 nodes and 120 edges.
2026-07-03 15:04:38,149 - early_warning_risk - INFO - Risk calculated for WaterSensor_4: score=69.96, level=HIGH
2026-07-03 15:04:38,150 - early_warning_alerts - INFO - Generated 7 alerts and response items.
2026-07-03 15:04:43,065 - gnn_graph_builder - INFO - Loaded graph with 100 nodes and 120 edges.
2026-07-03 15:04:43,098 - early_warning_risk - INFO - Risk calculated for TrafficLight_30: score=79.95, level=HIGH
2026-07-03 15:04:43,098 - early_warning_alerts - INFO - Generated 7 alerts and response items.
2026-07-03 15:04:48,499 - gnn_graph_builder - INFO - Loaded graph with 100 nodes and 120 edges.
2026-07-03 15:04:48,534 - early_warning_risk - INFO - Risk calculated for TrafficLight_30: score=79.95, level=HIGH
2026-07-03 15:04:48,535 - early_warning_alerts - INFO - Generated 7 alerts and response items.
2026-07-03 15:04:57,122 - gnn_graph_builder - INFO - Loaded graph with 100 nodes and 120 edges.
2026-07-03 15:04:57,168 - early_warning_risk - INFO - Risk calculated for TrafficLight_28: score=79.95, level=HIGH
2026-07-03 15:04:57,169 - early_warning_alerts - INFO - Generated 7 alerts and response items.
2026-07-05 13:33:42,881 - main_pipeline - INFO - =================================================================
2026-07-05 13:33:42,881 - main_pipeline - INFO -   STARTING SMART CITY IoT SECURITY RESEARCH PIPELINE END-TO-END  
2026-07-05 13:33:42,881 - main_pipeline - INFO - =================================================================
2026-07-05 13:33:42,881 - main_pipeline - INFO - --- Phase 1: Checking and Bootstrapping Datasets ---
2026-07-05 13:33:42,885 - main_pipeline - INFO - --- Phase 2: Training Random Forest Classifier (IoT-23) ---
2026-07-05 13:33:42,887 - train_rf_cli - INFO - Starting Random Forest Model Training Pipeline...
2026-07-05 13:33:42,952 - preprocessing_features - INFO - Fitted new StandardScaler for IoT-23.
2026-07-05 13:33:42,956 - preprocessing_features - INFO - Fitted new LabelEncoder for IoT-23.
2026-07-05 13:33:42,960 - preprocessing_split - INFO - Splitting dataset: size=2000 rows, test_ratio=0.2.
2026-07-05 13:33:42,968 - preprocessing_split - INFO - Split complete. Train shape: (1600, 6), Test shape: (400, 6)
2026-07-05 13:33:42,971 - models_rf - INFO - Executing 5-Fold Stratified Cross-Validation for Random Forest...
2026-07-05 13:33:43,488 - models_rf - INFO - Random Forest Fold 1/5 Accuracy: 100.00%
2026-07-05 13:33:43,937 - models_rf - INFO - Random Forest Fold 2/5 Accuracy: 100.00%
2026-07-05 13:33:44,344 - models_rf - INFO - Random Forest Fold 3/5 Accuracy: 100.00%
2026-07-05 13:33:44,762 - models_rf - INFO - Random Forest Fold 4/5 Accuracy: 100.00%
2026-07-05 13:33:45,177 - models_rf - INFO - Random Forest Fold 5/5 Accuracy: 100.00%
2026-07-05 13:33:45,178 - models_rf - INFO - Random Forest 5-Fold CV Accuracy: 100.00% ± 0.00%
2026-07-05 13:33:45,178 - models_rf - INFO - Initializing final Random Forest Classifier...
2026-07-05 13:33:45,178 - models_rf - INFO - Fitting final Random Forest Model...
2026-07-05 13:33:45,616 - models_rf - INFO - Random Forest Final Test Accuracy: 100.00%
2026-07-05 13:33:45,652 - models_rf - INFO - Saving Random Forest artifacts to C:\Users\ASUS-TUF\.gemini\antigravity\scratch\SmartCity-AI-EarlyWarning-GNN\trained_models\random_forest.pkl...
2026-07-05 13:33:45,711 - train_rf_cli - INFO - Random Forest Training Pipeline execution completed successfully.
2026-07-05 13:33:45,712 - main_pipeline - INFO - --- Phase 3: Training XGBoost Classifier (CICIoT2023) ---
2026-07-05 13:33:45,712 - train_xgboost_cli - INFO - Starting XGBoost Model Training Pipeline...
2026-07-05 13:33:45,766 - preprocessing_clean - INFO - [CICIoT2023] Removed 5 duplicate rows.
2026-07-05 13:33:45,778 - preprocessing_features - INFO - Fitted new StandardScaler for CICIoT2023.
2026-07-05 13:33:45,781 - preprocessing_features - INFO - Fitted new LabelEncoder for CICIoT2023.
2026-07-05 13:33:45,783 - preprocessing_split - INFO - Splitting dataset: size=4995 rows, test_ratio=0.2.
2026-07-05 13:33:45,792 - preprocessing_split - INFO - Split complete. Train shape: (3996, 7), Test shape: (999, 7)
2026-07-05 13:33:45,795 - models_xgb - INFO - Executing 5-Fold Stratified Cross-Validation for XGBoost...
2026-07-05 13:33:46,566 - models_xgb - INFO - XGBoost Fold 1/5 Accuracy: 99.50%
2026-07-05 13:33:47,132 - models_xgb - INFO - XGBoost Fold 2/5 Accuracy: 99.60%
2026-07-05 13:33:47,742 - models_xgb - INFO - XGBoost Fold 3/5 Accuracy: 99.90%
2026-07-05 13:33:48,314 - models_xgb - INFO - XGBoost Fold 4/5 Accuracy: 99.80%
2026-07-05 13:33:48,832 - models_xgb - INFO - XGBoost Fold 5/5 Accuracy: 99.80%
2026-07-05 13:33:48,833 - models_xgb - INFO - XGBoost 5-Fold CV Accuracy: 99.72% ± 0.15%
2026-07-05 13:33:48,833 - models_xgb - INFO - Initializing final XGBoost Classifier...
2026-07-05 13:33:48,834 - models_xgb - INFO - Fitting final XGBoost Model...
2026-07-05 13:33:49,318 - models_xgb - INFO - XGBoost Final Test Accuracy: 99.80%
2026-07-05 13:33:49,333 - models_xgb - INFO - Saving XGBoost artifacts to C:\Users\ASUS-TUF\.gemini\antigravity\scratch\SmartCity-AI-EarlyWarning-GNN\trained_models\xgboost.pkl...
2026-07-05 13:33:49,353 - train_xgboost_cli - INFO - XGBoost Training Pipeline execution completed successfully.
2026-07-05 13:33:49,354 - main_pipeline - INFO - --- Phase 4: Training GNN propagation Predictor (Topology) ---
2026-07-05 13:33:49,354 - train_gnn_cli - INFO - Starting GNN Model Training Pipeline...
2026-07-05 13:33:49,354 - gnn_train - INFO - Initializing graph builder and loading datasets...
2026-07-05 13:33:49,389 - gnn_graph_builder - INFO - Loaded graph with 100 nodes and 120 edges.
2026-07-05 13:33:49,457 - gnn_train - INFO - Executing GNN training across 5 random seeds...
2026-07-05 13:33:54,531 - gnn_train - INFO - GNN Run 1/5 (Seed 42) MAE: 0.747326
2026-07-05 13:33:54,935 - gnn_train - INFO - GNN Run 2/5 (Seed 43) MAE: 0.747326
2026-07-05 13:33:55,260 - gnn_train - INFO - GNN Run 3/5 (Seed 44) MAE: 0.747326
2026-07-05 13:33:55,589 - gnn_train - INFO - GNN Run 4/5 (Seed 45) MAE: 0.747326
2026-07-05 13:33:55,897 - gnn_train - INFO - GNN Run 5/5 (Seed 46) MAE: 0.747326
2026-07-05 13:33:55,898 - gnn_train - INFO - 5-Seed GNN MAE: 0.747326 ± 0.000000
2026-07-05 13:33:55,901 - gnn_train - INFO - Training final GNN model with baseline seed 42...
2026-07-05 13:33:56,229 - gnn_train - INFO - Final GNN Training MAE: 0.747326
2026-07-05 13:33:56,243 - gnn_train - INFO - Saving GNN checkpoint to C:\Users\ASUS-TUF\.gemini\antigravity\scratch\SmartCity-AI-EarlyWarning-GNN\trained_models\gnn_model.pt...
2026-07-05 13:33:56,278 - train_gnn_cli - INFO - GNN Training Pipeline execution completed successfully.
2026-07-05 13:33:56,278 - main_pipeline - INFO - --- Phase 5: Running Evaluations and Writing Reports ---
2026-07-05 13:33:56,278 - evaluate_pipeline - INFO - Initializing Evaluation and Report Generation Pipeline...
2026-07-05 13:33:56,278 - evaluate_pipeline - INFO - Generating Accuracy & Classification Reports...
2026-07-05 13:33:56,422 - preprocessing_clean - INFO - [CICIoT2023] Removed 5 duplicate rows.
2026-07-05 13:33:56,431 - preprocessing_split - INFO - Splitting dataset: size=4995 rows, test_ratio=0.2.
2026-07-05 13:33:56,438 - preprocessing_split - INFO - Split complete. Train shape: (3996, 7), Test shape: (999, 7)
2026-07-05 13:33:56,454 - preprocessing_split - INFO - Splitting dataset: size=2000 rows, test_ratio=0.2.
2026-07-05 13:33:56,457 - preprocessing_split - INFO - Split complete. Train shape: (1600, 6), Test shape: (400, 6)
2026-07-05 13:33:56,545 - evaluate_pipeline - INFO - Accuracy report written to C:\Users\ASUS-TUF\.gemini\antigravity\scratch\SmartCity-AI-EarlyWarning-GNN\results\accuracy_report.txt
2026-07-05 13:33:56,567 - evaluate_pipeline - INFO - Classification report written to C:\Users\ASUS-TUF\.gemini\antigravity\scratch\SmartCity-AI-EarlyWarning-GNN\results\classification_report.txt
2026-07-05 13:33:57,157 - evaluate_pipeline - INFO - Confusion matrix plot saved to C:\Users\ASUS-TUF\.gemini\antigravity\scratch\SmartCity-AI-EarlyWarning-GNN\results\confusion_matrix.png
2026-07-05 13:33:57,159 - evaluate_pipeline - INFO - Generating SHAP Summary Plots...
2026-07-05 13:33:57,198 - preprocessing_clean - INFO - [CICIoT2023] Removed 5 duplicate rows.
2026-07-05 13:33:57,209 - preprocessing_split - INFO - Splitting dataset: size=4995 rows, test_ratio=0.2.
2026-07-05 13:33:57,216 - preprocessing_split - INFO - Split complete. Train shape: (3996, 7), Test shape: (999, 7)
2026-07-05 13:34:01,494 - evaluate_pipeline - INFO - SHAP summary plot saved to C:\Users\ASUS-TUF\.gemini\antigravity\scratch\SmartCity-AI-EarlyWarning-GNN\results\shap_summary.png
2026-07-05 13:34:01,497 - evaluate_pipeline - INFO - Generating GNN Propagation Network Visualizations...
2026-07-05 13:34:01,501 - gnn_graph_builder - INFO - Loaded graph with 100 nodes and 120 edges.
2026-07-05 13:34:01,545 - gnn_predict - INFO - GNN model loaded successfully.
2026-07-05 13:34:01,792 - evaluate_pipeline - INFO - Propagation graph plot saved to C:\Users\ASUS-TUF\.gemini\antigravity\scratch\SmartCity-AI-EarlyWarning-GNN\results\propagation_graph.png
2026-07-05 13:34:01,793 - evaluate_pipeline - INFO - Generating Service Impact spreadsheet report...
2026-07-05 13:34:01,795 - gnn_graph_builder - INFO - Loaded graph with 100 nodes and 120 edges.
2026-07-05 13:34:01,799 - gnn_predict - INFO - GNN model loaded successfully.
2026-07-05 13:34:01,816 - impact_assets - INFO - Loaded 100 assets from criticality file.
2026-07-05 13:34:01,833 - impact_score - INFO - Loaded 56 impact weight mappings.
2026-07-05 13:34:01,844 - evaluate_pipeline - INFO - Service impact spreadsheet saved to C:\Users\ASUS-TUF\.gemini\antigravity\scratch\SmartCity-AI-EarlyWarning-GNN\results\impact_report.csv
2026-07-05 13:34:01,845 - evaluate_pipeline - INFO - Compiles final Ablation & Statistical Validation Report...
2026-07-05 13:34:01,848 - gnn_graph_builder - INFO - Loaded graph with 100 nodes and 120 edges.
2026-07-05 13:34:01,854 - gnn_predict - INFO - GNN model loaded successfully.
2026-07-05 13:34:01,944 - gnn_predict - INFO - Successfully fitted Logistic Regression baseline.
2026-07-05 13:34:01,959 - gnn_predict - INFO - Statistical Test (GNN vs SP Baseline): p-value = 0.000000
2026-07-05 13:34:01,959 - gnn_predict - INFO - Statistical Test (GNN vs LR Baseline): p-value = 0.000000
2026-07-05 13:34:01,959 - evaluate_pipeline - INFO - Running GCN Layer Ablation Study...
2026-07-05 13:34:01,963 - gnn_graph_builder - INFO - Loaded graph with 100 nodes and 120 edges.
2026-07-05 13:34:02,546 - evaluate_pipeline - INFO - Running Propagation BFS and Correction Factor Ablations...
2026-07-05 13:34:02,549 - gnn_graph_builder - INFO - Loaded graph with 100 nodes and 120 edges.
2026-07-05 13:34:02,553 - gnn_predict - INFO - GNN model loaded successfully.
2026-07-05 13:34:02,597 - evaluate_pipeline - INFO - Computing SHAP-LIME Feature Explainer Correlations...
2026-07-05 13:34:02,634 - preprocessing_clean - INFO - [CICIoT2023] Removed 5 duplicate rows.
2026-07-05 13:34:02,643 - preprocessing_split - INFO - Splitting dataset: size=4995 rows, test_ratio=0.2.
2026-07-05 13:34:02,648 - preprocessing_split - INFO - Split complete. Train shape: (3996, 7), Test shape: (999, 7)
2026-07-05 13:34:03,075 - evaluate_pipeline - INFO - Final validation report saved to C:\Users\ASUS-TUF\.gemini\antigravity\scratch\SmartCity-AI-EarlyWarning-GNN\results\ablation_study.txt
2026-07-05 13:34:03,075 - evaluate_pipeline - INFO - Evaluation pipeline execution completed successfully. Reports stored in results/.
2026-07-05 13:34:03,075 - main_pipeline - INFO - =================================================================
2026-07-05 13:34:03,075 - main_pipeline - INFO -   PIPELINE EXECUTED SUCCESSFULLY                                
2026-07-05 13:34:03,075 - main_pipeline - INFO -   Trained Models Saved: trained_models/                         
2026-07-05 13:34:03,075 - main_pipeline - INFO -   Evaluation Reports Saved: results/                            
2026-07-05 13:34:03,076 - main_pipeline - INFO -   To launch the Dashboard:                                      
2026-07-05 13:34:03,076 - main_pipeline - INFO -      streamlit run dashboard/app.py                             
2026-07-05 13:34:03,076 - main_pipeline - INFO - =================================================================
2026-07-05 13:45:41,166 - gnn_graph_builder - INFO - Loaded graph with 100 nodes and 120 edges.
2026-07-05 13:45:41,181 - gnn_predict - INFO - GNN model loaded successfully.
2026-07-05 13:47:40,852 - gnn_graph_builder - INFO - Loaded graph with 100 nodes and 120 edges.
2026-07-05 13:47:40,885 - gnn_predict - INFO - GNN model loaded successfully.
2026-07-05 13:54:25,574 - main_pipeline - INFO - =================================================================
2026-07-05 13:54:25,575 - main_pipeline - INFO -   STARTING SMART CITY IoT SECURITY RESEARCH PIPELINE END-TO-END  
2026-07-05 13:54:25,575 - main_pipeline - INFO - =================================================================
2026-07-05 13:54:25,575 - main_pipeline - INFO - --- Phase 1: Checking and Bootstrapping Datasets ---
2026-07-05 13:54:25,575 - main_pipeline - INFO - --- Phase 2: Training Random Forest Classifier (IoT-23) ---
2026-07-05 13:54:25,575 - train_rf_cli - INFO - Starting Random Forest Model Training Pipeline...
2026-07-05 13:54:25,607 - preprocessing_features - INFO - Fitted new StandardScaler for IoT-23.
2026-07-05 13:54:25,611 - preprocessing_features - INFO - Fitted new LabelEncoder for IoT-23.
2026-07-05 13:54:25,619 - preprocessing_split - INFO - Splitting dataset: size=2000 rows, test_ratio=0.2.
2026-07-05 13:54:25,624 - preprocessing_split - INFO - Split complete. Train shape: (1600, 6), Test shape: (400, 6)
2026-07-05 13:54:25,625 - models_rf - INFO - Executing 5-Fold Stratified Cross-Validation for Random Forest...
2026-07-05 13:54:25,907 - models_rf - INFO - Random Forest Fold 1/5 Accuracy: 100.00%
2026-07-05 13:54:26,178 - models_rf - INFO - Random Forest Fold 2/5 Accuracy: 100.00%
2026-07-05 13:54:26,500 - models_rf - INFO - Random Forest Fold 3/5 Accuracy: 100.00%
2026-07-05 13:54:26,849 - models_rf - INFO - Random Forest Fold 4/5 Accuracy: 100.00%
2026-07-05 13:54:27,225 - models_rf - INFO - Random Forest Fold 5/5 Accuracy: 100.00%
2026-07-05 13:54:27,226 - models_rf - INFO - Random Forest 5-Fold CV Accuracy: 100.00% ± 0.00%
2026-07-05 13:54:27,226 - models_rf - INFO - Initializing final Random Forest Classifier...
2026-07-05 13:54:27,227 - models_rf - INFO - Fitting final Random Forest Model...
2026-07-05 13:54:27,690 - models_rf - INFO - Random Forest Final Test Accuracy: 100.00%
2026-07-05 13:54:27,709 - models_rf - INFO - Saving Random Forest artifacts to C:\Users\ASUS-TUF\.gemini\antigravity\scratch\SmartCity-AI-EarlyWarning-GNN\trained_models\random_forest.pkl...
2026-07-05 13:54:27,784 - train_rf_cli - INFO - Random Forest Training Pipeline execution completed successfully.
2026-07-05 13:54:27,785 - main_pipeline - INFO - --- Phase 3: Training XGBoost Classifier (CICIoT2023) ---
2026-07-05 13:54:27,785 - train_xgboost_cli - INFO - Starting XGBoost Model Training Pipeline...
2026-07-05 13:54:27,811 - preprocessing_clean - INFO - [CICIoT2023] Removed 5 duplicate rows.
2026-07-05 13:54:27,822 - preprocessing_features - INFO - Fitted new StandardScaler for CICIoT2023.
2026-07-05 13:54:27,825 - preprocessing_features - INFO - Fitted new LabelEncoder for CICIoT2023.
2026-07-05 13:54:27,827 - preprocessing_split - INFO - Splitting dataset: size=4995 rows, test_ratio=0.2.
2026-07-05 13:54:27,837 - preprocessing_split - INFO - Split complete. Train shape: (3996, 7), Test shape: (999, 7)
2026-07-05 13:54:27,838 - models_xgb - INFO - Executing 5-Fold Stratified Cross-Validation for XGBoost...
2026-07-05 13:54:28,636 - models_xgb - INFO - XGBoost Fold 1/5 Accuracy: 99.50%
2026-07-05 13:54:29,285 - models_xgb - INFO - XGBoost Fold 2/5 Accuracy: 99.60%
2026-07-05 13:54:29,914 - models_xgb - INFO - XGBoost Fold 3/5 Accuracy: 99.90%
2026-07-05 13:54:30,549 - models_xgb - INFO - XGBoost Fold 4/5 Accuracy: 99.80%
2026-07-05 13:54:31,088 - models_xgb - INFO - XGBoost Fold 5/5 Accuracy: 99.80%
2026-07-05 13:54:31,089 - models_xgb - INFO - XGBoost 5-Fold CV Accuracy: 99.72% ± 0.15%
2026-07-05 13:54:31,089 - models_xgb - INFO - Initializing final XGBoost Classifier...
2026-07-05 13:54:31,090 - models_xgb - INFO - Fitting final XGBoost Model...
2026-07-05 13:54:31,522 - models_xgb - INFO - XGBoost Final Test Accuracy: 99.80%
2026-07-05 13:54:31,534 - models_xgb - INFO - Saving XGBoost artifacts to C:\Users\ASUS-TUF\.gemini\antigravity\scratch\SmartCity-AI-EarlyWarning-GNN\trained_models\xgboost.pkl...
2026-07-05 13:54:31,559 - train_xgboost_cli - INFO - XGBoost Training Pipeline execution completed successfully.
2026-07-05 13:54:31,560 - main_pipeline - INFO - --- Phase 4: Training GNN propagation Predictor (Topology) ---
2026-07-05 13:54:31,560 - train_gnn_cli - INFO - Starting GNN Model Training Pipeline...
2026-07-05 13:54:31,561 - gnn_train - INFO - Initializing graph builder and loading datasets...
2026-07-05 13:54:31,565 - gnn_graph_builder - INFO - Loaded graph with 100 nodes and 120 edges.
2026-07-05 13:54:31,597 - gnn_train - INFO - Executing GNN training across 5 random seeds...
2026-07-05 13:54:34,758 - gnn_train - INFO - GNN Run 1/5 (Seed 42) MAE: 0.082981
2026-07-05 13:54:35,065 - gnn_train - INFO - GNN Run 2/5 (Seed 43) MAE: 0.083018
2026-07-05 13:54:35,360 - gnn_train - INFO - GNN Run 3/5 (Seed 44) MAE: 0.083141
2026-07-05 13:54:35,655 - gnn_train - INFO - GNN Run 4/5 (Seed 45) MAE: 0.083617
2026-07-05 13:54:35,937 - gnn_train - INFO - GNN Run 5/5 (Seed 46) MAE: 0.084112
2026-07-05 13:54:35,938 - gnn_train - INFO - 5-Seed GNN MAE: 0.083374 ± 0.000433
2026-07-05 13:54:35,941 - gnn_train - INFO - Training final GNN model with baseline seed 42...
2026-07-05 13:54:36,229 - gnn_train - INFO - Final GNN Training MAE: 0.082981
2026-07-05 13:54:36,230 - gnn_train - INFO - Saving GNN checkpoint to C:\Users\ASUS-TUF\.gemini\antigravity\scratch\SmartCity-AI-EarlyWarning-GNN\trained_models\gnn_model.pt...
2026-07-05 13:54:36,239 - train_gnn_cli - INFO - GNN Training Pipeline execution completed successfully.
2026-07-05 13:54:36,240 - main_pipeline - INFO - --- Phase 5: Running Evaluations and Writing Reports ---
2026-07-05 13:54:36,240 - evaluate_pipeline - INFO - Initializing Evaluation and Report Generation Pipeline...
2026-07-05 13:54:36,240 - evaluate_pipeline - INFO - Generating Accuracy & Classification Reports...
2026-07-05 13:54:36,343 - preprocessing_clean - INFO - [CICIoT2023] Removed 5 duplicate rows.
2026-07-05 13:54:36,352 - preprocessing_split - INFO - Splitting dataset: size=4995 rows, test_ratio=0.2.
2026-07-05 13:54:36,358 - preprocessing_split - INFO - Split complete. Train shape: (3996, 7), Test shape: (999, 7)
2026-07-05 13:54:36,374 - preprocessing_split - INFO - Splitting dataset: size=2000 rows, test_ratio=0.2.
2026-07-05 13:54:36,379 - preprocessing_split - INFO - Split complete. Train shape: (1600, 6), Test shape: (400, 6)
2026-07-05 13:54:36,451 - evaluate_pipeline - INFO - Accuracy report written to C:\Users\ASUS-TUF\.gemini\antigravity\scratch\SmartCity-AI-EarlyWarning-GNN\results\accuracy_report.txt
2026-07-05 13:54:36,475 - evaluate_pipeline - INFO - Classification report written to C:\Users\ASUS-TUF\.gemini\antigravity\scratch\SmartCity-AI-EarlyWarning-GNN\results\classification_report.txt
2026-07-05 13:54:36,996 - evaluate_pipeline - INFO - Confusion matrix plot saved to C:\Users\ASUS-TUF\.gemini\antigravity\scratch\SmartCity-AI-EarlyWarning-GNN\results\confusion_matrix.png
2026-07-05 13:54:36,999 - evaluate_pipeline - INFO - Generating SHAP Summary Plots...
2026-07-05 13:54:37,035 - preprocessing_clean - INFO - [CICIoT2023] Removed 5 duplicate rows.
2026-07-05 13:54:37,042 - preprocessing_split - INFO - Splitting dataset: size=4995 rows, test_ratio=0.2.
2026-07-05 13:54:37,063 - preprocessing_split - INFO - Split complete. Train shape: (3996, 7), Test shape: (999, 7)
2026-07-05 13:54:41,365 - evaluate_pipeline - INFO - SHAP summary plot saved to C:\Users\ASUS-TUF\.gemini\antigravity\scratch\SmartCity-AI-EarlyWarning-GNN\results\shap_summary.png
2026-07-05 13:54:41,369 - evaluate_pipeline - INFO - Generating GNN Propagation Network Visualizations...
2026-07-05 13:54:41,372 - gnn_graph_builder - INFO - Loaded graph with 100 nodes and 120 edges.
2026-07-05 13:54:41,402 - gnn_predict - INFO - GNN model loaded successfully.
2026-07-05 13:54:41,661 - evaluate_pipeline - INFO - Propagation graph plot saved to C:\Users\ASUS-TUF\.gemini\antigravity\scratch\SmartCity-AI-EarlyWarning-GNN\results\propagation_graph.png
2026-07-05 13:54:41,661 - evaluate_pipeline - INFO - Generating Service Impact spreadsheet report...
2026-07-05 13:54:41,665 - gnn_graph_builder - INFO - Loaded graph with 100 nodes and 120 edges.
2026-07-05 13:54:41,667 - gnn_predict - INFO - GNN model loaded successfully.
2026-07-05 13:54:41,670 - impact_assets - INFO - Loaded 100 assets from criticality file.
2026-07-05 13:54:41,673 - impact_score - INFO - Loaded 56 impact weight mappings.
2026-07-05 13:54:41,683 - evaluate_pipeline - INFO - Service impact spreadsheet saved to C:\Users\ASUS-TUF\.gemini\antigravity\scratch\SmartCity-AI-EarlyWarning-GNN\results\impact_report.csv
2026-07-05 13:54:41,684 - evaluate_pipeline - INFO - Compiles final Ablation & Statistical Validation Report...
2026-07-05 13:54:41,726 - gnn_graph_builder - INFO - Loaded graph with 100 nodes and 120 edges.
2026-07-05 13:54:41,729 - gnn_predict - INFO - GNN model loaded successfully.
2026-07-05 13:54:41,759 - gnn_predict - INFO - Successfully fitted Logistic Regression baseline.
2026-07-05 13:54:41,774 - gnn_predict - INFO - Statistical Test (GNN vs SP Baseline): p-value = 0.000000
2026-07-05 13:54:41,774 - gnn_predict - INFO - Statistical Test (GNN vs LR Baseline): p-value = 0.000000
2026-07-05 13:54:41,775 - evaluate_pipeline - INFO - Running GCN Layer Ablation Study...
2026-07-05 13:54:41,777 - gnn_graph_builder - INFO - Loaded graph with 100 nodes and 120 edges.
2026-07-05 13:54:42,352 - evaluate_pipeline - INFO - Running Propagation BFS and Correction Factor Ablations...
2026-07-05 13:54:42,356 - gnn_graph_builder - INFO - Loaded graph with 100 nodes and 120 edges.
2026-07-05 13:54:42,358 - gnn_predict - INFO - GNN model loaded successfully.
2026-07-05 13:54:42,398 - evaluate_pipeline - INFO - Computing SHAP-LIME Feature Explainer Correlations...
2026-07-05 13:54:42,435 - preprocessing_clean - INFO - [CICIoT2023] Removed 5 duplicate rows.
2026-07-05 13:54:42,441 - preprocessing_split - INFO - Splitting dataset: size=4995 rows, test_ratio=0.2.
2026-07-05 13:54:42,448 - preprocessing_split - INFO - Split complete. Train shape: (3996, 7), Test shape: (999, 7)
2026-07-05 13:54:42,824 - evaluate_pipeline - INFO - Final validation report saved to C:\Users\ASUS-TUF\.gemini\antigravity\scratch\SmartCity-AI-EarlyWarning-GNN\results\ablation_study.txt
2026-07-05 13:54:42,824 - evaluate_pipeline - INFO - Evaluation pipeline execution completed successfully. Reports stored in results/.
2026-07-05 13:54:42,824 - main_pipeline - INFO - =================================================================
2026-07-05 13:54:42,824 - main_pipeline - INFO -   PIPELINE EXECUTED SUCCESSFULLY                                
2026-07-05 13:54:42,824 - main_pipeline - INFO -   Trained Models Saved: trained_models/                         
2026-07-05 13:54:42,824 - main_pipeline - INFO -   Evaluation Reports Saved: results/                            
2026-07-05 13:54:42,825 - main_pipeline - INFO -   To launch the Dashboard:                                      
2026-07-05 13:54:42,825 - main_pipeline - INFO -      streamlit run dashboard/app.py                             
2026-07-05 13:54:42,825 - main_pipeline - INFO - =================================================================
2026-07-05 14:00:22,928 - gnn_graph_builder - INFO - Loaded graph with 100 nodes and 120 edges.
2026-07-05 14:00:23,327 - models_loader - INFO - Loaded XGBoost artifacts successfully.
2026-07-05 14:00:23,380 - models_loader - INFO - Loaded Random Forest artifacts successfully.
2026-07-05 14:00:23,398 - gnn_predict - INFO - GNN model loaded successfully.
2026-07-05 14:00:23,410 - impact_assets - INFO - Loaded 100 assets from criticality file.
2026-07-05 14:00:23,417 - impact_score - INFO - Loaded 56 impact weight mappings.
2026-07-05 14:00:23,423 - impact_assets - INFO - Loaded 100 assets from criticality file.
2026-07-05 14:00:23,661 - explainability_shap - INFO - SHAP TreeExplainer initialized for xgboost.
2026-07-05 14:00:23,723 - early_warning_risk - INFO - Risk calculated for CCTV_1: score=0.60, level=LOW
2026-07-05 14:00:34,434 - early_warning_risk - INFO - Risk calculated for CCTV_1: score=59.96, level=MEDIUM
2026-07-05 14:00:34,435 - early_warning_alerts - INFO - Generated 4 alerts and response items.
2026-07-05 14:01:23,490 - early_warning_risk - INFO - Risk calculated for ParkingSensor_10: score=29.98, level=LOW
2026-07-05 14:01:23,491 - early_warning_alerts - INFO - Generated 4 alerts and response items.
2026-07-05 14:01:28,369 - early_warning_risk - INFO - Risk calculated for StreetLight_1: score=19.98, level=LOW
2026-07-05 14:01:28,371 - early_warning_alerts - INFO - Generated 4 alerts and response items.
2026-07-05 14:01:33,301 - early_warning_risk - INFO - Risk calculated for TrafficLight_26: score=79.86, level=HIGH
2026-07-05 14:01:33,302 - early_warning_alerts - INFO - Generated 7 alerts and response items.
2026-07-05 14:01:38,296 - early_warning_risk - INFO - Risk calculated for CCTV_8: score=59.96, level=MEDIUM
2026-07-05 14:01:38,296 - early_warning_alerts - INFO - Generated 4 alerts and response items.
2026-07-05 14:01:43,084 - early_warning_risk - INFO - Risk calculated for CCTV_3: score=59.96, level=MEDIUM
2026-07-05 14:01:43,085 - early_warning_alerts - INFO - Generated 4 alerts and response items.
2026-07-05 14:01:47,883 - early_warning_risk - INFO - Risk calculated for TrafficLight_27: score=79.86, level=HIGH
2026-07-05 14:01:47,884 - early_warning_alerts - INFO - Generated 7 alerts and response items.
2026-07-05 14:01:52,705 - early_warning_risk - INFO - Risk calculated for CCTV_17: score=59.95, level=MEDIUM
2026-07-05 14:01:52,705 - early_warning_alerts - INFO - Generated 4 alerts and response items.
2026-07-05 14:01:57,591 - early_warning_risk - INFO - Risk calculated for TrafficLight_13: score=79.88, level=HIGH
2026-07-05 14:01:57,591 - early_warning_alerts - INFO - Generated 7 alerts and response items.
2026-07-05 14:02:02,570 - early_warning_risk - INFO - Risk calculated for CCTV_14: score=0.60, level=LOW
2026-07-05 14:02:05,502 - early_warning_risk - INFO - Risk calculated for CCTV_14: score=59.96, level=MEDIUM
2026-07-05 14:02:05,503 - early_warning_alerts - INFO - Generated 4 alerts and response items.
2026-07-05 14:10:25,689 - early_warning_risk - INFO - Risk calculated for CCTV_14: score=59.96, level=MEDIUM
2026-07-05 14:10:25,690 - early_warning_alerts - INFO - Generated 4 alerts and response items.
2026-07-06 13:20:22,998 - gnn_graph_builder - INFO - Loaded graph with 100 nodes and 120 edges.
2026-07-06 13:20:25,915 - models_loader - INFO - Loaded XGBoost artifacts successfully.
2026-07-06 13:20:25,955 - models_loader - INFO - Loaded Random Forest artifacts successfully.
2026-07-06 13:20:26,052 - gnn_predict - INFO - GNN model loaded successfully.
2026-07-06 13:20:26,093 - impact_assets - INFO - Loaded 100 assets from criticality file.
2026-07-06 13:20:26,108 - impact_score - INFO - Loaded 56 impact weight mappings.
2026-07-06 13:20:26,118 - impact_assets - INFO - Loaded 100 assets from criticality file.
2026-07-06 13:20:26,367 - explainability_shap - INFO - SHAP TreeExplainer initialized for xgboost.
2026-07-06 13:20:26,515 - early_warning_risk - INFO - Risk calculated for CCTV_1: score=0.60, level=LOW
2026-07-06 13:23:00,977 - early_warning_risk - INFO - Risk calculated for CCTV_1: score=59.89, level=MEDIUM
2026-07-06 13:23:00,978 - early_warning_alerts - INFO - Generated 4 alerts and response items.
2026-07-06 13:23:08,866 - early_warning_risk - INFO - Risk calculated for CCTV_1: score=59.89, level=MEDIUM
2026-07-06 13:23:08,867 - early_warning_alerts - INFO - Generated 4 alerts and response items.
2026-07-06 13:43:15,537 - main_pipeline - INFO - =================================================================
2026-07-06 13:43:15,538 - main_pipeline - INFO -   STARTING SMART CITY IoT SECURITY RESEARCH PIPELINE END-TO-END  
2026-07-06 13:43:15,538 - main_pipeline - INFO - =================================================================
2026-07-06 13:43:15,538 - main_pipeline - INFO - --- Phase 1: Checking and Bootstrapping Datasets ---
2026-07-06 13:43:15,540 - main_pipeline - INFO - --- Phase 2: Training Random Forest Classifier (IoT-23) ---
2026-07-06 13:43:15,540 - train_rf_cli - INFO - Starting Random Forest Model Training Pipeline...
2026-07-06 13:43:15,580 - preprocessing_clean - INFO - [IoT23] Fitting Isolation Forest for outlier detection on: ['duration', 'orig_bytes', 'resp_bytes']...
2026-07-06 13:43:15,810 - preprocessing_clean - INFO - [IoT23] Removed 20 outliers using Isolation Forest.
2026-07-06 13:43:15,822 - preprocessing_features - INFO - Fitted new StandardScaler for IoT-23.
2026-07-06 13:43:15,823 - preprocessing_features - INFO - Fitted new LabelEncoder for IoT-23.
2026-07-06 13:43:15,826 - preprocessing_split - INFO - Splitting dataset: size=1980 rows, test_ratio=0.2.
2026-07-06 13:43:15,832 - preprocessing_split - INFO - Split complete. Train shape: (1584, 6), Test shape: (396, 6)
2026-07-06 13:43:15,833 - models_rf - INFO - Splitting training data for calibration validation set...
2026-07-06 13:43:15,837 - models_rf - INFO - Fitting calibration base Random Forest model...
2026-07-06 13:46:09,538 - main_pipeline - INFO - =================================================================
2026-07-06 13:46:09,539 - main_pipeline - INFO -   STARTING SMART CITY IoT SECURITY RESEARCH PIPELINE END-TO-END  
2026-07-06 13:46:09,539 - main_pipeline - INFO - =================================================================
2026-07-06 13:46:09,539 - main_pipeline - INFO - --- Phase 1: Checking and Bootstrapping Datasets ---
2026-07-06 13:46:09,539 - main_pipeline - INFO - --- Phase 2: Training Random Forest Classifier (IoT-23) ---
2026-07-06 13:46:09,539 - train_rf_cli - INFO - Starting Random Forest Model Training Pipeline...
2026-07-06 13:46:09,549 - preprocessing_clean - INFO - [IoT23] Fitting Isolation Forest for outlier detection on: ['duration', 'orig_bytes', 'resp_bytes']...
2026-07-06 13:46:09,758 - preprocessing_clean - INFO - [IoT23] Removed 20 outliers using Isolation Forest.
2026-07-06 13:46:09,765 - preprocessing_features - INFO - Fitted new StandardScaler for IoT-23.
2026-07-06 13:46:09,766 - preprocessing_features - INFO - Fitted new LabelEncoder for IoT-23.
2026-07-06 13:46:09,767 - preprocessing_split - INFO - Splitting dataset: size=1980 rows, test_ratio=0.2.
2026-07-06 13:46:09,770 - preprocessing_split - INFO - Split complete. Train shape: (1584, 6), Test shape: (396, 6)
2026-07-06 13:46:09,770 - models_rf - INFO - Splitting training data for calibration validation set...
2026-07-06 13:46:09,772 - models_rf - INFO - Fitting calibration base Random Forest model...
2026-07-06 13:46:10,033 - models_rf - INFO - Optimal calibration temperature T = 0.3410
2026-07-06 13:46:10,035 - models_rf - INFO - Executing 5-Fold Stratified Cross-Validation for Random Forest...
2026-07-06 13:46:10,275 - models_rf - INFO - Random Forest Fold 1/5 Calibrated Accuracy: 100.00%
2026-07-06 13:46:10,501 - models_rf - INFO - Random Forest Fold 2/5 Calibrated Accuracy: 100.00%
2026-07-06 13:46:10,984 - models_rf - INFO - Random Forest Fold 3/5 Calibrated Accuracy: 100.00%
2026-07-06 13:46:11,272 - models_rf - INFO - Random Forest Fold 4/5 Calibrated Accuracy: 100.00%
2026-07-06 13:46:11,559 - models_rf - INFO - Random Forest Fold 5/5 Calibrated Accuracy: 100.00%
2026-07-06 13:46:11,560 - models_rf - INFO - Random Forest 5-Fold CV Calibrated Accuracy: 100.00% ± 0.00%
2026-07-06 13:46:11,560 - models_rf - INFO - Initializing final Random Forest Classifier...
2026-07-06 13:46:11,561 - models_rf - INFO - Fitting final Random Forest Model...
2026-07-06 13:46:11,807 - models_rf - INFO - Random Forest Final Calibrated Test Accuracy: 100.00%
2026-07-06 13:46:11,819 - models_rf - INFO - Saving Random Forest artifacts to C:\Users\ASUS-TUF\.gemini\antigravity\scratch\SmartCity-AI-EarlyWarning-GNN\trained_models\random_forest.pkl...
2026-07-06 13:46:11,851 - train_rf_cli - INFO - Random Forest Training Pipeline execution completed successfully.
2026-07-06 13:46:11,851 - main_pipeline - INFO - --- Phase 3: Training XGBoost Classifier (CICIoT2023) ---
2026-07-06 13:46:11,852 - train_xgboost_cli - INFO - Starting XGBoost Model Training Pipeline...
2026-07-06 13:46:11,868 - preprocessing_clean - INFO - [CICIoT2023] Removed 5 duplicate rows.
2026-07-06 13:46:11,870 - preprocessing_clean - INFO - [CICIoT2023] Fitting Isolation Forest for outlier detection on: ['flow_duration', 'packet_count', 'flow_bytes', 'packet_rate']...
2026-07-06 13:46:12,117 - preprocessing_clean - INFO - [CICIoT2023] Removed 50 outliers using Isolation Forest.
2026-07-06 13:46:12,122 - preprocessing_features - INFO - Fitted new StandardScaler for CICIoT2023.
2026-07-06 13:46:12,124 - preprocessing_features - INFO - Fitted new LabelEncoder for CICIoT2023.
2026-07-06 13:46:12,126 - preprocessing_split - INFO - Splitting dataset: size=4945 rows, test_ratio=0.2.
2026-07-06 13:46:12,130 - preprocessing_split - INFO - Split complete. Train shape: (3956, 7), Test shape: (989, 7)
2026-07-06 13:46:12,131 - models_xgb - INFO - Splitting training data for calibration validation set...
2026-07-06 13:46:12,135 - models_xgb - INFO - Fitting calibration base XGBoost model...
2026-07-06 13:46:13,896 - models_xgb - INFO - Optimal calibration temperature T = 0.7305
2026-07-06 13:46:13,898 - models_xgb - INFO - Executing 5-Fold Stratified Cross-Validation for XGBoost...
2026-07-06 13:46:14,255 - models_xgb - INFO - XGBoost Fold 1/5 Calibrated Accuracy: 99.90%
2026-07-06 13:46:14,630 - models_xgb - INFO - XGBoost Fold 2/5 Calibrated Accuracy: 99.29%
2026-07-06 13:46:15,004 - models_xgb - INFO - XGBoost Fold 3/5 Calibrated Accuracy: 99.80%
2026-07-06 13:46:15,368 - models_xgb - INFO - XGBoost Fold 4/5 Calibrated Accuracy: 99.80%
2026-07-06 13:46:15,750 - models_xgb - INFO - XGBoost Fold 5/5 Calibrated Accuracy: 100.00%
2026-07-06 13:46:15,751 - models_xgb - INFO - XGBoost 5-Fold CV Calibrated Accuracy: 99.76% ± 0.24%
2026-07-06 13:46:15,751 - models_xgb - INFO - Initializing final XGBoost Classifier...
2026-07-06 13:46:15,751 - models_xgb - INFO - Fitting final XGBoost Model...
2026-07-06 13:46:16,200 - models_xgb - INFO - XGBoost Final Calibrated Test Accuracy: 99.90%
2026-07-06 13:46:16,214 - models_xgb - INFO - Saving XGBoost artifacts to C:\Users\ASUS-TUF\.gemini\antigravity\scratch\SmartCity-AI-EarlyWarning-GNN\trained_models\xgboost.pkl...
2026-07-06 13:46:16,244 - train_xgboost_cli - INFO - XGBoost Training Pipeline execution completed successfully.
2026-07-06 13:46:16,245 - main_pipeline - INFO - --- Phase 4: Training GNN propagation Predictor (Topology) ---
2026-07-06 13:46:16,245 - train_gnn_cli - INFO - Starting GNN Model Training Pipeline...
2026-07-06 13:46:16,246 - gnn_train - INFO - Initializing graph builder and loading datasets...
2026-07-06 13:46:16,251 - gnn_graph_builder - INFO - Loaded graph with 100 nodes and 120 edges.
2026-07-06 13:46:16,316 - gnn_train - INFO - Executing GNN training across 5 random seeds...
2026-07-06 13:46:20,585 - gnn_train - INFO - GNN Run 1/5 (Seed 42) MAE: 0.088296
2026-07-06 13:46:20,937 - gnn_train - INFO - GNN Run 2/5 (Seed 43) MAE: 0.088125
2026-07-06 13:46:21,209 - gnn_train - INFO - GNN Run 3/5 (Seed 44) MAE: 0.088148
2026-07-06 13:46:21,488 - gnn_train - INFO - GNN Run 4/5 (Seed 45) MAE: 0.088553
2026-07-06 13:46:21,767 - gnn_train - INFO - GNN Run 5/5 (Seed 46) MAE: 0.088457
2026-07-06 13:46:21,767 - gnn_train - INFO - 5-Seed GNN MAE: 0.088316 ± 0.000168
2026-07-06 13:46:21,770 - gnn_train - INFO - Training final GNN model with baseline seed 42...
2026-07-06 13:46:22,053 - gnn_train - INFO - Final GNN Training MAE: 0.088296
2026-07-06 13:46:22,055 - gnn_train - INFO - Saving GNN checkpoint to C:\Users\ASUS-TUF\.gemini\antigravity\scratch\SmartCity-AI-EarlyWarning-GNN\trained_models\gnn_model.pt...
2026-07-06 13:46:22,072 - train_gnn_cli - INFO - GNN Training Pipeline execution completed successfully.
2026-07-06 13:46:22,073 - main_pipeline - INFO - --- Phase 5: Running Evaluations and Writing Reports ---
2026-07-06 13:46:22,073 - evaluate_pipeline - INFO - Initializing Evaluation and Report Generation Pipeline...
2026-07-06 13:46:22,073 - evaluate_pipeline - INFO - Generating Accuracy & Classification Reports...
2026-07-06 13:46:22,207 - preprocessing_clean - INFO - [CICIoT2023] Removed 5 duplicate rows.
2026-07-06 13:46:22,209 - preprocessing_clean - INFO - [CICIoT2023] Fitting Isolation Forest for outlier detection on: ['flow_duration', 'packet_count', 'flow_bytes', 'packet_rate']...
2026-07-06 13:46:22,467 - preprocessing_clean - INFO - [CICIoT2023] Removed 50 outliers using Isolation Forest.
2026-07-06 13:46:22,472 - preprocessing_split - INFO - Splitting dataset: size=4945 rows, test_ratio=0.2.
2026-07-06 13:46:22,476 - preprocessing_split - INFO - Split complete. Train shape: (3956, 7), Test shape: (989, 7)
2026-07-06 13:46:22,483 - preprocessing_clean - INFO - [IoT23] Fitting Isolation Forest for outlier detection on: ['duration', 'orig_bytes', 'resp_bytes']...
2026-07-06 13:46:22,698 - preprocessing_clean - INFO - [IoT23] Removed 20 outliers using Isolation Forest.
2026-07-06 13:46:22,705 - preprocessing_split - INFO - Splitting dataset: size=1980 rows, test_ratio=0.2.
2026-07-06 13:46:22,708 - preprocessing_split - INFO - Split complete. Train shape: (1584, 6), Test shape: (396, 6)
2026-07-06 13:46:22,762 - evaluate_pipeline - INFO - Accuracy report written to C:\Users\ASUS-TUF\.gemini\antigravity\scratch\SmartCity-AI-EarlyWarning-GNN\results\accuracy_report.txt
2026-07-06 13:46:22,779 - evaluate_pipeline - INFO - Classification report written to C:\Users\ASUS-TUF\.gemini\antigravity\scratch\SmartCity-AI-EarlyWarning-GNN\results\classification_report.txt
2026-07-06 13:46:23,238 - evaluate_pipeline - INFO - Confusion matrix plot saved to C:\Users\ASUS-TUF\.gemini\antigravity\scratch\SmartCity-AI-EarlyWarning-GNN\results\confusion_matrix.png
2026-07-06 13:46:23,239 - evaluate_pipeline - INFO - Generating SHAP Summary Plots...
2026-07-06 13:46:23,273 - preprocessing_clean - INFO - [CICIoT2023] Removed 5 duplicate rows.
2026-07-06 13:46:23,275 - preprocessing_clean - INFO - [CICIoT2023] Fitting Isolation Forest for outlier detection on: ['flow_duration', 'packet_count', 'flow_bytes', 'packet_rate']...
2026-07-06 13:46:23,523 - preprocessing_clean - INFO - [CICIoT2023] Removed 50 outliers using Isolation Forest.
2026-07-06 13:46:23,529 - preprocessing_split - INFO - Splitting dataset: size=4945 rows, test_ratio=0.2.
2026-07-06 13:46:23,533 - preprocessing_split - INFO - Split complete. Train shape: (3956, 7), Test shape: (989, 7)
2026-07-06 13:46:27,438 - evaluate_pipeline - INFO - SHAP summary plot saved to C:\Users\ASUS-TUF\.gemini\antigravity\scratch\SmartCity-AI-EarlyWarning-GNN\results\shap_summary.png
2026-07-06 13:46:27,441 - evaluate_pipeline - INFO - Generating GNN Propagation Network Visualizations...
2026-07-06 13:46:27,444 - gnn_graph_builder - INFO - Loaded graph with 100 nodes and 120 edges.
2026-07-06 13:46:27,482 - gnn_predict - INFO - GNN model loaded successfully.
2026-07-06 13:46:27,716 - evaluate_pipeline - INFO - Propagation graph plot saved to C:\Users\ASUS-TUF\.gemini\antigravity\scratch\SmartCity-AI-EarlyWarning-GNN\results\propagation_graph.png
2026-07-06 13:46:27,717 - evaluate_pipeline - INFO - Generating Service Impact spreadsheet report...
2026-07-06 13:46:27,720 - gnn_graph_builder - INFO - Loaded graph with 100 nodes and 120 edges.
2026-07-06 13:46:27,723 - gnn_predict - INFO - GNN model loaded successfully.
2026-07-06 13:46:27,727 - impact_assets - INFO - Loaded 100 assets from criticality file.
2026-07-06 13:46:27,734 - impact_score - INFO - Loaded 56 impact weight mappings.
2026-07-06 13:46:27,752 - evaluate_pipeline - INFO - Service impact spreadsheet saved to C:\Users\ASUS-TUF\.gemini\antigravity\scratch\SmartCity-AI-EarlyWarning-GNN\results\impact_report.csv
2026-07-06 13:46:27,753 - evaluate_pipeline - INFO - Compiles final Ablation & Statistical Validation Report...
2026-07-06 13:46:27,786 - gnn_graph_builder - INFO - Loaded graph with 100 nodes and 120 edges.
2026-07-06 13:46:27,789 - gnn_predict - INFO - GNN model loaded successfully.
2026-07-06 13:46:27,830 - gnn_predict - INFO - Successfully fitted Logistic Regression baseline.
2026-07-06 13:46:27,847 - gnn_predict - INFO - Statistical Test (GNN vs SP Baseline): p-value = 0.000000
2026-07-06 13:46:27,847 - gnn_predict - INFO - Statistical Test (GNN vs LR Baseline): p-value = 0.000000
2026-07-06 13:46:27,847 - evaluate_pipeline - INFO - Running GCN Layer Ablation Study...
2026-07-06 13:46:27,850 - gnn_graph_builder - INFO - Loaded graph with 100 nodes and 120 edges.
2026-07-06 13:46:28,387 - evaluate_pipeline - INFO - Running Propagation BFS and Correction Factor Ablations...
2026-07-06 13:46:28,390 - gnn_graph_builder - INFO - Loaded graph with 100 nodes and 120 edges.
2026-07-06 13:46:28,393 - gnn_predict - INFO - GNN model loaded successfully.
2026-07-06 13:46:28,456 - evaluate_pipeline - INFO - Computing SHAP-LIME-Faithfulness Consistency Metrics...
2026-07-06 13:46:28,493 - preprocessing_clean - INFO - [CICIoT2023] Removed 5 duplicate rows.
2026-07-06 13:46:28,495 - preprocessing_clean - INFO - [CICIoT2023] Fitting Isolation Forest for outlier detection on: ['flow_duration', 'packet_count', 'flow_bytes', 'packet_rate']...
2026-07-06 13:46:28,746 - preprocessing_clean - INFO - [CICIoT2023] Removed 50 outliers using Isolation Forest.
2026-07-06 13:46:28,751 - preprocessing_split - INFO - Splitting dataset: size=4945 rows, test_ratio=0.2.
2026-07-06 13:46:28,755 - preprocessing_split - INFO - Split complete. Train shape: (3956, 7), Test shape: (989, 7)
2026-07-06 13:46:29,200 - evaluate_pipeline - INFO - Running Layer 8 Uncertainty Quantification...
2026-07-06 13:46:29,258 - preprocessing_clean - INFO - [CICIoT2023] Removed 5 duplicate rows.
2026-07-06 13:46:29,260 - preprocessing_clean - INFO - [CICIoT2023] Fitting Isolation Forest for outlier detection on: ['flow_duration', 'packet_count', 'flow_bytes', 'packet_rate']...
2026-07-06 13:46:29,503 - preprocessing_clean - INFO - [CICIoT2023] Removed 50 outliers using Isolation Forest.
2026-07-06 13:46:29,508 - preprocessing_split - INFO - Splitting dataset: size=4945 rows, test_ratio=0.2.
2026-07-06 13:46:29,513 - preprocessing_split - INFO - Split complete. Train shape: (3956, 7), Test shape: (989, 7)
2026-07-06 13:46:29,519 - preprocessing_clean - INFO - [IoT23] Fitting Isolation Forest for outlier detection on: ['duration', 'orig_bytes', 'resp_bytes']...
2026-07-06 13:46:29,728 - preprocessing_clean - INFO - [IoT23] Removed 20 outliers using Isolation Forest.
2026-07-06 13:46:29,737 - preprocessing_split - INFO - Splitting dataset: size=1980 rows, test_ratio=0.2.
2026-07-06 13:46:29,740 - preprocessing_split - INFO - Split complete. Train shape: (1584, 6), Test shape: (396, 6)
2026-07-06 13:46:30,274 - evaluate_pipeline - INFO - Final validation report saved to C:\Users\ASUS-TUF\.gemini\antigravity\scratch\SmartCity-AI-EarlyWarning-GNN\results\ablation_study.txt
2026-07-06 13:46:30,275 - evaluate_pipeline - INFO - Evaluation pipeline execution completed successfully. Reports stored in results/.
2026-07-06 13:46:30,275 - main_pipeline - INFO - =================================================================
2026-07-06 13:46:30,275 - main_pipeline - INFO -   PIPELINE EXECUTED SUCCESSFULLY                                
2026-07-06 13:46:30,275 - main_pipeline - INFO -   Trained Models Saved: trained_models/                         
2026-07-06 13:46:30,275 - main_pipeline - INFO -   Evaluation Reports Saved: results/                            
2026-07-06 13:46:30,276 - main_pipeline - INFO -   To launch the Dashboard:                                      
2026-07-06 13:46:30,276 - main_pipeline - INFO -      streamlit run dashboard/app.py                             
2026-07-06 13:46:30,276 - main_pipeline - INFO - =================================================================
2026-07-06 13:48:30,477 - main_pipeline - INFO - =================================================================
2026-07-06 13:48:30,478 - main_pipeline - INFO -   STARTING SMART CITY IoT SECURITY RESEARCH PIPELINE END-TO-END  
2026-07-06 13:48:30,478 - main_pipeline - INFO - =================================================================
2026-07-06 13:48:30,478 - main_pipeline - INFO - --- Phase 1: Checking and Bootstrapping Datasets ---
2026-07-06 13:48:30,478 - main_pipeline - INFO - --- Phase 2: Training Random Forest Classifier (IoT-23) ---
2026-07-06 13:48:30,478 - train_rf_cli - INFO - Starting Random Forest Model Training Pipeline...
2026-07-06 13:48:30,488 - preprocessing_clean - INFO - [IoT23] Fitting Isolation Forest for outlier detection on: ['duration', 'orig_bytes', 'resp_bytes']...
2026-07-06 13:48:30,734 - preprocessing_clean - INFO - [IoT23] Removed 20 outliers using Isolation Forest.
2026-07-06 13:48:30,745 - preprocessing_features - INFO - Fitted new StandardScaler for IoT-23.
2026-07-06 13:48:30,747 - preprocessing_features - INFO - Fitted new LabelEncoder for IoT-23.
2026-07-06 13:48:30,749 - preprocessing_split - INFO - Splitting dataset: size=1980 rows, test_ratio=0.2.
2026-07-06 13:48:30,754 - preprocessing_split - INFO - Split complete. Train shape: (1584, 6), Test shape: (396, 6)
2026-07-06 13:48:30,754 - models_rf - INFO - Splitting training data for calibration validation set...
2026-07-06 13:48:30,757 - models_rf - INFO - Fitting calibration base Random Forest model...
2026-07-06 13:48:31,056 - models_rf - INFO - Optimal calibration temperature T = 0.3410
2026-07-06 13:48:31,057 - models_rf - INFO - Executing 5-Fold Stratified Cross-Validation for Random Forest...
2026-07-06 13:48:31,344 - models_rf - INFO - Random Forest Fold 1/5 Calibrated Accuracy: 100.00%
2026-07-06 13:48:31,584 - models_rf - INFO - Random Forest Fold 2/5 Calibrated Accuracy: 100.00%
2026-07-06 13:48:31,885 - models_rf - INFO - Random Forest Fold 3/5 Calibrated Accuracy: 100.00%
2026-07-06 13:48:32,174 - models_rf - INFO - Random Forest Fold 4/5 Calibrated Accuracy: 100.00%
2026-07-06 13:48:32,532 - models_rf - INFO - Random Forest Fold 5/5 Calibrated Accuracy: 100.00%
2026-07-06 13:48:32,533 - models_rf - INFO - Random Forest 5-Fold CV Calibrated Accuracy: 100.00% ± 0.00%
2026-07-06 13:48:32,534 - models_rf - INFO - Initializing final Random Forest Classifier...
2026-07-06 13:48:32,534 - models_rf - INFO - Fitting final Random Forest Model...
2026-07-06 13:48:32,928 - models_rf - INFO - Random Forest Final Calibrated Test Accuracy: 100.00%
2026-07-06 13:48:32,939 - models_rf - INFO - Saving Random Forest artifacts to C:\Users\ASUS-TUF\.gemini\antigravity\scratch\SmartCity-AI-EarlyWarning-GNN\trained_models\random_forest.pkl...
2026-07-06 13:48:32,970 - train_rf_cli - INFO - Random Forest Training Pipeline execution completed successfully.
2026-07-06 13:48:32,971 - main_pipeline - INFO - --- Phase 3: Training XGBoost Classifier (CICIoT2023) ---
2026-07-06 13:48:32,971 - train_xgboost_cli - INFO - Starting XGBoost Model Training Pipeline...
2026-07-06 13:48:32,995 - preprocessing_clean - INFO - [CICIoT2023] Removed 5 duplicate rows.
2026-07-06 13:48:32,997 - preprocessing_clean - INFO - [CICIoT2023] Fitting Isolation Forest for outlier detection on: ['flow_duration', 'packet_count', 'flow_bytes', 'packet_rate']...
2026-07-06 13:48:33,245 - preprocessing_clean - INFO - [CICIoT2023] Removed 50 outliers using Isolation Forest.
2026-07-06 13:48:33,250 - preprocessing_features - INFO - Fitted new StandardScaler for CICIoT2023.
2026-07-06 13:48:33,252 - preprocessing_features - INFO - Fitted new LabelEncoder for CICIoT2023.
2026-07-06 13:48:33,253 - preprocessing_split - INFO - Splitting dataset: size=4945 rows, test_ratio=0.2.
2026-07-06 13:48:33,258 - preprocessing_split - INFO - Split complete. Train shape: (3956, 7), Test shape: (989, 7)
2026-07-06 13:48:33,258 - models_xgb - INFO - Splitting training data for calibration validation set...
2026-07-06 13:48:33,263 - models_xgb - INFO - Fitting calibration base XGBoost model...
2026-07-06 13:48:35,065 - models_xgb - INFO - Optimal calibration temperature T = 0.7305
2026-07-06 13:48:35,067 - models_xgb - INFO - Executing 5-Fold Stratified Cross-Validation for XGBoost...
2026-07-06 13:48:35,514 - models_xgb - INFO - XGBoost Fold 1/5 Calibrated Accuracy: 99.90%
2026-07-06 13:48:35,933 - models_xgb - INFO - XGBoost Fold 2/5 Calibrated Accuracy: 99.29%
2026-07-06 13:48:36,337 - models_xgb - INFO - XGBoost Fold 3/5 Calibrated Accuracy: 99.80%
2026-07-06 13:48:36,734 - models_xgb - INFO - XGBoost Fold 4/5 Calibrated Accuracy: 99.80%
2026-07-06 13:48:37,109 - models_xgb - INFO - XGBoost Fold 5/5 Calibrated Accuracy: 100.00%
2026-07-06 13:48:37,110 - models_xgb - INFO - XGBoost 5-Fold CV Calibrated Accuracy: 99.76% ± 0.24%
2026-07-06 13:48:37,110 - models_xgb - INFO - Initializing final XGBoost Classifier...
2026-07-06 13:48:37,110 - models_xgb - INFO - Fitting final XGBoost Model...
2026-07-06 13:48:37,422 - models_xgb - INFO - XGBoost Final Calibrated Test Accuracy: 99.90%
2026-07-06 13:48:37,433 - models_xgb - INFO - Saving XGBoost artifacts to C:\Users\ASUS-TUF\.gemini\antigravity\scratch\SmartCity-AI-EarlyWarning-GNN\trained_models\xgboost.pkl...
2026-07-06 13:48:37,451 - train_xgboost_cli - INFO - XGBoost Training Pipeline execution completed successfully.
2026-07-06 13:48:37,452 - main_pipeline - INFO - --- Phase 4: Training GNN propagation Predictor (Topology) ---
2026-07-06 13:48:37,452 - train_gnn_cli - INFO - Starting GNN Model Training Pipeline...
2026-07-06 13:48:37,453 - gnn_train - INFO - Initializing graph builder and loading datasets...
2026-07-06 13:48:37,457 - gnn_graph_builder - INFO - Loaded graph with 100 nodes and 120 edges.
2026-07-06 13:48:37,506 - gnn_train - INFO - Executing GNN training across 5 random seeds...
2026-07-06 13:48:40,557 - gnn_train - INFO - GNN Run 1/5 (Seed 42) MAE: 0.088251
2026-07-06 13:48:40,801 - gnn_train - INFO - GNN Run 2/5 (Seed 43) MAE: 0.088252
2026-07-06 13:48:41,036 - gnn_train - INFO - GNN Run 3/5 (Seed 44) MAE: 0.088161
2026-07-06 13:48:41,271 - gnn_train - INFO - GNN Run 4/5 (Seed 45) MAE: 0.088358
2026-07-06 13:48:41,496 - gnn_train - INFO - GNN Run 5/5 (Seed 46) MAE: 0.088305
2026-07-06 13:48:41,497 - gnn_train - INFO - 5-Seed GNN MAE: 0.088266 ± 0.000065
2026-07-06 13:48:41,501 - gnn_train - INFO - Training final GNN model with baseline seed 42...
2026-07-06 13:48:41,732 - gnn_train - INFO - Final GNN Training MAE: 0.088251
2026-07-06 13:48:41,733 - gnn_train - INFO - Saving GNN checkpoint to C:\Users\ASUS-TUF\.gemini\antigravity\scratch\SmartCity-AI-EarlyWarning-GNN\trained_models\gnn_model.pt...
2026-07-06 13:48:41,744 - train_gnn_cli - INFO - GNN Training Pipeline execution completed successfully.
2026-07-06 13:48:41,744 - main_pipeline - INFO - --- Phase 5: Running Evaluations and Writing Reports ---
2026-07-06 13:48:41,744 - evaluate_pipeline - INFO - Initializing Evaluation and Report Generation Pipeline...
2026-07-06 13:48:41,744 - evaluate_pipeline - INFO - Generating Accuracy & Classification Reports...
2026-07-06 13:48:41,830 - preprocessing_clean - INFO - [CICIoT2023] Removed 5 duplicate rows.
2026-07-06 13:48:41,832 - preprocessing_clean - INFO - [CICIoT2023] Fitting Isolation Forest for outlier detection on: ['flow_duration', 'packet_count', 'flow_bytes', 'packet_rate']...
2026-07-06 13:48:42,068 - preprocessing_clean - INFO - [CICIoT2023] Removed 50 outliers using Isolation Forest.
2026-07-06 13:48:42,075 - preprocessing_split - INFO - Splitting dataset: size=4945 rows, test_ratio=0.2.
2026-07-06 13:48:42,080 - preprocessing_split - INFO - Split complete. Train shape: (3956, 7), Test shape: (989, 7)
2026-07-06 13:48:42,089 - preprocessing_clean - INFO - [IoT23] Fitting Isolation Forest for outlier detection on: ['duration', 'orig_bytes', 'resp_bytes']...
2026-07-06 13:48:42,462 - preprocessing_clean - INFO - [IoT23] Removed 20 outliers using Isolation Forest.
2026-07-06 13:48:42,468 - preprocessing_split - INFO - Splitting dataset: size=1980 rows, test_ratio=0.2.
2026-07-06 13:48:42,470 - preprocessing_split - INFO - Split complete. Train shape: (1584, 6), Test shape: (396, 6)
2026-07-06 13:48:42,914 - evaluate_pipeline - INFO - Accuracy report written to C:\Users\ASUS-TUF\.gemini\antigravity\scratch\SmartCity-AI-EarlyWarning-GNN\results\accuracy_report.txt
2026-07-06 13:48:42,927 - evaluate_pipeline - INFO - Classification report written to C:\Users\ASUS-TUF\.gemini\antigravity\scratch\SmartCity-AI-EarlyWarning-GNN\results\classification_report.txt
2026-07-06 13:48:44,106 - evaluate_pipeline - INFO - Confusion matrix plot saved to C:\Users\ASUS-TUF\.gemini\antigravity\scratch\SmartCity-AI-EarlyWarning-GNN\results\confusion_matrix.png
2026-07-06 13:48:44,108 - evaluate_pipeline - INFO - Generating SHAP Summary Plots...
2026-07-06 13:48:44,137 - preprocessing_clean - INFO - [CICIoT2023] Removed 5 duplicate rows.
2026-07-06 13:48:44,139 - preprocessing_clean - INFO - [CICIoT2023] Fitting Isolation Forest for outlier detection on: ['flow_duration', 'packet_count', 'flow_bytes', 'packet_rate']...
2026-07-06 13:48:44,379 - preprocessing_clean - INFO - [CICIoT2023] Removed 50 outliers using Isolation Forest.
2026-07-06 13:48:44,385 - preprocessing_split - INFO - Splitting dataset: size=4945 rows, test_ratio=0.2.
2026-07-06 13:48:44,389 - preprocessing_split - INFO - Split complete. Train shape: (3956, 7), Test shape: (989, 7)
2026-07-06 13:48:48,141 - evaluate_pipeline - INFO - SHAP summary plot saved to C:\Users\ASUS-TUF\.gemini\antigravity\scratch\SmartCity-AI-EarlyWarning-GNN\results\shap_summary.png
2026-07-06 13:48:48,145 - evaluate_pipeline - INFO - Generating GNN Propagation Network Visualizations...
2026-07-06 13:48:48,148 - gnn_graph_builder - INFO - Loaded graph with 100 nodes and 120 edges.
2026-07-06 13:48:48,169 - gnn_predict - INFO - GNN model loaded successfully.
2026-07-06 13:48:48,414 - evaluate_pipeline - INFO - Propagation graph plot saved to C:\Users\ASUS-TUF\.gemini\antigravity\scratch\SmartCity-AI-EarlyWarning-GNN\results\propagation_graph.png
2026-07-06 13:48:48,415 - evaluate_pipeline - INFO - Generating Service Impact spreadsheet report...
2026-07-06 13:48:48,419 - gnn_graph_builder - INFO - Loaded graph with 100 nodes and 120 edges.
2026-07-06 13:48:48,422 - gnn_predict - INFO - GNN model loaded successfully.
2026-07-06 13:48:48,426 - impact_assets - INFO - Loaded 100 assets from criticality file.
2026-07-06 13:48:48,433 - impact_score - INFO - Loaded 56 impact weight mappings.
2026-07-06 13:48:48,449 - evaluate_pipeline - INFO - Service impact spreadsheet saved to C:\Users\ASUS-TUF\.gemini\antigravity\scratch\SmartCity-AI-EarlyWarning-GNN\results\impact_report.csv
2026-07-06 13:48:48,450 - evaluate_pipeline - INFO - Compiles final Ablation & Statistical Validation Report...
2026-07-06 13:48:48,470 - gnn_graph_builder - INFO - Loaded graph with 100 nodes and 120 edges.
2026-07-06 13:48:48,473 - gnn_predict - INFO - GNN model loaded successfully.
2026-07-06 13:48:48,510 - gnn_predict - INFO - Successfully fitted Logistic Regression baseline.
2026-07-06 13:48:48,524 - gnn_predict - INFO - Statistical Test (GNN vs SP Baseline): p-value = 0.000000
2026-07-06 13:48:48,525 - gnn_predict - INFO - Statistical Test (GNN vs LR Baseline): p-value = 0.000000
2026-07-06 13:48:48,525 - evaluate_pipeline - INFO - Running GCN Layer Ablation Study...
2026-07-06 13:48:48,528 - gnn_graph_builder - INFO - Loaded graph with 100 nodes and 120 edges.
2026-07-06 13:48:49,184 - evaluate_pipeline - INFO - Running Propagation BFS and Correction Factor Ablations...
2026-07-06 13:48:49,187 - gnn_graph_builder - INFO - Loaded graph with 100 nodes and 120 edges.
2026-07-06 13:48:49,190 - gnn_predict - INFO - GNN model loaded successfully.
2026-07-06 13:48:49,249 - evaluate_pipeline - INFO - Computing SHAP-LIME-Faithfulness Consistency Metrics...
2026-07-06 13:48:49,277 - preprocessing_clean - INFO - [CICIoT2023] Removed 5 duplicate rows.
2026-07-06 13:48:49,279 - preprocessing_clean - INFO - [CICIoT2023] Fitting Isolation Forest for outlier detection on: ['flow_duration', 'packet_count', 'flow_bytes', 'packet_rate']...
2026-07-06 13:48:49,524 - preprocessing_clean - INFO - [CICIoT2023] Removed 50 outliers using Isolation Forest.
2026-07-06 13:48:49,528 - preprocessing_split - INFO - Splitting dataset: size=4945 rows, test_ratio=0.2.
2026-07-06 13:48:49,533 - preprocessing_split - INFO - Split complete. Train shape: (3956, 7), Test shape: (989, 7)
2026-07-06 13:48:49,951 - evaluate_pipeline - INFO - Running Layer 8 Uncertainty Quantification...
2026-07-06 13:48:50,010 - preprocessing_clean - INFO - [CICIoT2023] Removed 5 duplicate rows.
2026-07-06 13:48:50,011 - preprocessing_clean - INFO - [CICIoT2023] Fitting Isolation Forest for outlier detection on: ['flow_duration', 'packet_count', 'flow_bytes', 'packet_rate']...
2026-07-06 13:48:50,244 - preprocessing_clean - INFO - [CICIoT2023] Removed 50 outliers using Isolation Forest.
2026-07-06 13:48:50,250 - preprocessing_split - INFO - Splitting dataset: size=4945 rows, test_ratio=0.2.
2026-07-06 13:48:50,255 - preprocessing_split - INFO - Split complete. Train shape: (3956, 7), Test shape: (989, 7)
2026-07-06 13:48:50,260 - preprocessing_clean - INFO - [IoT23] Fitting Isolation Forest for outlier detection on: ['duration', 'orig_bytes', 'resp_bytes']...
2026-07-06 13:48:50,469 - preprocessing_clean - INFO - [IoT23] Removed 20 outliers using Isolation Forest.
2026-07-06 13:48:50,475 - preprocessing_split - INFO - Splitting dataset: size=1980 rows, test_ratio=0.2.
2026-07-06 13:48:50,478 - preprocessing_split - INFO - Split complete. Train shape: (1584, 6), Test shape: (396, 6)
2026-07-06 13:48:50,878 - evaluate_pipeline - INFO - Final validation report saved to C:\Users\ASUS-TUF\.gemini\antigravity\scratch\SmartCity-AI-EarlyWarning-GNN\results\ablation_study.txt
2026-07-06 13:48:50,879 - evaluate_pipeline - INFO - Evaluation pipeline execution completed successfully. Reports stored in results/.
2026-07-06 13:48:50,879 - main_pipeline - INFO - =================================================================
2026-07-06 13:48:50,879 - main_pipeline - INFO -   PIPELINE EXECUTED SUCCESSFULLY                                
2026-07-06 13:48:50,879 - main_pipeline - INFO -   Trained Models Saved: trained_models/                         
2026-07-06 13:48:50,879 - main_pipeline - INFO -   Evaluation Reports Saved: results/                            
2026-07-06 13:48:50,879 - main_pipeline - INFO -   To launch the Dashboard:                                      
2026-07-06 13:48:50,879 - main_pipeline - INFO -      streamlit run dashboard/app.py                             
2026-07-06 13:48:50,879 - main_pipeline - INFO - =================================================================
2026-07-06 13:53:01,820 - gnn_graph_builder - INFO - Loaded graph with 100 nodes and 120 edges.
2026-07-06 13:53:03,367 - models_loader - INFO - Loaded XGBoost artifacts successfully.
2026-07-06 13:53:03,405 - models_loader - INFO - Loaded Random Forest artifacts successfully.
2026-07-06 13:53:03,450 - gnn_predict - INFO - GNN model loaded successfully.
2026-07-06 13:53:03,473 - impact_assets - INFO - Loaded 100 assets from criticality file.
2026-07-06 13:53:03,480 - impact_score - INFO - Loaded 56 impact weight mappings.
2026-07-06 13:53:03,482 - impact_assets - INFO - Loaded 100 assets from criticality file.
2026-07-06 13:53:03,667 - explainability_shap - INFO - SHAP TreeExplainer initialized for xgboost.
2026-07-06 13:53:03,844 - early_warning_risk - INFO - Risk calculated for CCTV_1: score=30.13, level=MEDIUM
2026-07-06 14:01:10,744 - early_warning_risk - INFO - Risk calculated for CCTV_1: score=30.13, level=MEDIUM
2026-07-06 14:01:10,785 - early_warning_risk - INFO - Risk calculated for CCTV_1: score=30.13, level=MEDIUM
2026-07-06 14:01:13,530 - early_warning_risk - INFO - Risk calculated for CCTV_1: score=30.13, level=MEDIUM
2026-07-06 14:01:22,549 - early_warning_risk - INFO - Risk calculated for CCTV_1: score=30.13, level=MEDIUM
2026-07-06 14:01:28,911 - early_warning_risk - INFO - Risk calculated for CCTV_1: score=69.73, level=HIGH
2026-07-06 14:01:28,912 - early_warning_alerts - INFO - Generated 7 alerts and response items.
2026-07-06 14:01:29,911 - early_warning_risk - INFO - Risk calculated for CCTV_1: score=69.73, level=HIGH
2026-07-06 14:01:29,912 - early_warning_alerts - INFO - Generated 7 alerts and response items.
2026-07-06 14:01:39,780 - early_warning_risk - INFO - Risk calculated for CCTV_1: score=30.13, level=MEDIUM
2026-07-06 14:01:43,879 - early_warning_risk - INFO - Risk calculated for CCTV_1: score=30.13, level=MEDIUM
2026-07-06 14:01:46,162 - early_warning_risk - INFO - Risk calculated for CCTV_1: score=30.13, level=MEDIUM
2026-07-06 14:01:50,285 - early_warning_risk - INFO - Risk calculated for CCTV_1: score=69.73, level=HIGH
2026-07-06 14:01:50,285 - early_warning_alerts - INFO - Generated 7 alerts and response items.
2026-07-06 14:01:55,714 - early_warning_risk - INFO - Risk calculated for CCTV_1: score=69.73, level=HIGH
2026-07-06 14:01:55,714 - early_warning_alerts - INFO - Generated 7 alerts and response items.
2026-07-06 14:01:57,925 - early_warning_risk - INFO - Risk calculated for CCTV_1: score=69.73, level=HIGH
2026-07-06 14:01:57,926 - early_warning_alerts - INFO - Generated 7 alerts and response items.
2026-07-06 14:01:59,911 - early_warning_risk - INFO - Risk calculated for CCTV_1: score=69.73, level=HIGH
2026-07-06 14:01:59,912 - early_warning_alerts - INFO - Generated 7 alerts and response items.
2026-07-06 14:02:03,048 - early_warning_risk - INFO - Risk calculated for CCTV_1: score=69.73, level=HIGH
2026-07-06 14:02:03,048 - early_warning_alerts - INFO - Generated 7 alerts and response items.
2026-07-06 14:02:10,037 - early_warning_risk - INFO - Risk calculated for WaterSensor_5: score=71.73, level=HIGH
2026-07-06 14:02:10,037 - early_warning_alerts - INFO - Generated 7 alerts and response items.
2026-07-06 14:02:25,558 - early_warning_risk - INFO - Risk calculated for WaterSensor_5: score=71.73, level=HIGH
2026-07-06 14:02:25,559 - early_warning_alerts - INFO - Generated 7 alerts and response items.
2026-07-06 14:02:27,810 - early_warning_risk - INFO - Risk calculated for WaterSensor_5: score=71.73, level=HIGH
2026-07-06 14:02:27,811 - early_warning_alerts - INFO - Generated 7 alerts and response items.
2026-07-06 14:02:29,057 - early_warning_risk - INFO - Risk calculated for WaterSensor_5: score=71.73, level=HIGH
2026-07-06 14:02:29,058 - early_warning_alerts - INFO - Generated 7 alerts and response items.
2026-07-06 14:02:49,141 - early_warning_risk - INFO - Risk calculated for WaterSensor_5: score=71.73, level=HIGH
2026-07-06 14:02:49,141 - early_warning_alerts - INFO - Generated 7 alerts and response items.
2026-07-06 14:02:50,882 - early_warning_risk - INFO - Risk calculated for WaterSensor_5: score=71.73, level=HIGH
2026-07-06 14:02:50,883 - early_warning_alerts - INFO - Generated 7 alerts and response items.
2026-07-06 14:02:53,615 - early_warning_risk - INFO - Risk calculated for WaterSensor_5: score=71.73, level=HIGH
2026-07-06 14:02:53,616 - early_warning_alerts - INFO - Generated 7 alerts and response items.
2026-07-06 14:02:55,463 - early_warning_risk - INFO - Risk calculated for WaterSensor_5: score=71.73, level=HIGH
2026-07-06 14:02:55,464 - early_warning_alerts - INFO - Generated 7 alerts and response items.
2026-07-06 14:02:56,572 - early_warning_risk - INFO - Risk calculated for WaterSensor_5: score=71.73, level=HIGH
2026-07-06 14:02:56,572 - early_warning_alerts - INFO - Generated 7 alerts and response items.
