flow_duration,packet_count,byte_count,protocol,src_port,dst_port,conn_rate,label,dataset_source
55.47349528921681,93,26366.07278954485,6,21638,8080,21.226864185059558,Botnet,IoT23
12.375668834500605,285,13575.281965306905,6,60892,8080,42.105965280837154,Botnet,IoT23
17.260083856202357,69,5379.908245748594,6,62989,80,0.03363444283541,Normal,IoT23
10.410207185527604,32,2881.4692672018655,6,26404,443,0.6260937367734138,Normal,IoT23
289.2860956627845,114,10434.855850717211,6,9249,8080,38.45139723760771,Botnet,IoT23
44.72084477701078,187,68578.0972987167,6,25259,443,8.465249945462924,Malware,IoT23
173.12035203782222,289,4824.203421422603,6,46574,6667,40.80489449840773,Botnet,IoT23
112.3841247326717,117,9175.363164962178,6,57200,443,12.146649203781628,Malware,IoT23
144.94863538857942,383,1309.491451529606,6,39099,443,3.1041315680986834,Malware,IoT23
5.805258192238778,40,155.82755777072168,6,44459,80,0.38657108289767794,Normal,IoT23
151.77266796903223,40,18708.98707067077,6,28062,6667,45.30622335153785,Botnet,IoT23
217.23227571362838,130,13156.969463294816,6,21362,6667,47.30702783508556,Botnet,IoT23
9.397056703074309,45,1836.5178264755943,6,24343,22,2.733955140500497,Normal,IoT23
179.8819154687616,431,12446.944171829535,6,50584,443,9.827254713988534,Malware,IoT23
3.329599089356968,77,799.6206820194485,6,6889,677,242.9033022885747,Reconnaissance,IoT23
9.7047628554328,89,763.6072317744415,6,52781,22,6.99328867799424,Normal,IoT23
5.477728267326895,81,138.494275847902,17,38843,22,0.15246669884428604,Normal,IoT23
93.30775594313302,410,5445.045016228545,6,1563,23,40.13005214204033,Botnet,IoT23
31.20787433778109,417,21428.32795322605,6,9084,443,3.2024952196659617,Malware,IoT23
5.157001000548991,29,17972.006484312325,17,41969,443,0.27710901084427797,Normal,IoT23
198.07413468262064,164,25753.085205533058,6,11673,8080,35.942684121020704,Botnet,IoT23
32.88293057903812,257,20686.759907166328,6,19579,6667,15.049728858435067,Botnet,IoT23
6.496328257086294,93,12390.707953287101,17,2253,443,4.095687349027264,Normal,IoT23
15.556360623835037,87,2441.4427410569324,6,2860,80,0.04477366944730654,Normal,IoT23
12.042237643061664,34,8145.223496797794,6,62407,22,0.09371589519104435,Normal,IoT23
2.518686561125498,109,765.4492808829701,17,19326,35,370.5332501435211,Reconnaissance,IoT23
299.25893729087204,290,9250.057359613023,6,39308,23,5.076031719645858,Botnet,IoT23
77.35720042296462,244,16520.87697034381,6,17220,8080,32.520394040193814,Botnet,IoT23
134.30581905776742,493,18130.587814642437,6,10845,443,4.568900288892632,Malware,IoT23
224.94236148889206,464,1568.4679018031607,6,55283,8080,10.220696556045908,Botnet,IoT23
2.882002668222254,68,191.8302099034673,17,49223,256,835.5951551626473,Reconnaissance,IoT23
3.615712497852988,483,41534.465905258076,6,29014,443,12.749615121543197,Malware,IoT23
148.72440554995947,350,38665.10695504394,6,62122,6667,8.729027198494485,Botnet,IoT23
117.24964833941166,191,27611.796954065998,6,21610,6667,6.604230602019721,Botnet,IoT23
6.69230818902468,59,1320.1717561249513,6,18269,170,482.177076121704,Reconnaissance,IoT23
85.51641285696235,22,58339.39267211425,6,22937,23,33.756474287494704,Botnet,IoT23
13.37666412758349,233,31633.4916411114,6,52124,443,2.4413598496772746,Malware,IoT23
52.807287138068304,365,49616.99079339316,6,57528,443,10.157687919507385,Malware,IoT23
259.4010635268156,298,2639.938124775332,6,36912,8080,38.94278284114584,Botnet,IoT23
2.2284758589009583,106,549.7802079870268,6,20147,176,299.61498516850577,Reconnaissance,IoT23
8.37036312578115,39,4051.6771636828867,6,33890,22,1.132731532710487,Normal,IoT23
19.791735217383206,65,3260.3493103009005,17,20899,22,6.795689612632596,Normal,IoT23
19.681194918897212,418,39897.45083003202,6,20639,443,8.299156181788888,Malware,IoT23
29.907150671229093,85,4999.256975769744,6,48958,443,2.358664763855522,Malware,IoT23
18.212952812706302,24,2033.7818255083753,6,33993,443,0.8761488308657681,Normal,IoT23
2.9444736059692214,38,4907.524500051776,17,29223,80,0.8333847574300842,Normal,IoT23
190.41474407173678,385,28785.035145007285,6,1151,8080,10.049418172524746,Botnet,IoT23
8.309651200813445,31,2964.7076948964213,17,25933,80,2.6850205516464074,Normal,IoT23
78.76380997141187,313,30822.17190557739,6,49908,443,4.749543259304706,Malware,IoT23
116.91192870233934,67,9062.582417574788,6,6375,8080,24.142096195930005,Botnet,IoT23
253.59546761646882,383,13539.097067747938,6,6855,6667,29.827402647670542,Botnet,IoT23
44.936459408974486,36,32933.22974587314,6,58102,6667,31.8351681406669,Botnet,IoT23
2.893341164573072,33,997.065341947304,17,31854,443,4.0864728288709715,Normal,IoT23
41.48472135693606,48,4727.00182731486,17,29472,80,2.1981457522769046,Normal,IoT23
70.56420824400058,406,1306.4066467111768,6,20570,6667,29.32138439077302,Botnet,IoT23
29.78642582219164,94,458.810618944336,17,63764,22,0.47878462111821946,Normal,IoT23
163.3645537779309,123,5314.231500855105,6,31590,8080,39.23248729127115,Botnet,IoT23
14.750575912222816,23,5017.171963831111,17,31451,80,0.7085060124062252,Normal,IoT23
24.81741301352176,54,10478.43811686146,17,16143,443,0.31555312526615326,Normal,IoT23
12.84016715835043,37,961.8889813680063,6,17454,443,2.036698202948962,Normal,IoT23
262.53086976559223,109,4455.646436890044,6,6792,6667,46.70596309782036,Botnet,IoT23
13.858364182746241,161,1838.8476836637258,6,41078,443,4.581772921593397,Malware,IoT23
7.241955671762421,77,2140.4911590505444,17,60881,363,394.4628234812403,Reconnaissance,IoT23
87.97004073405957,499,9370.704456599002,6,17975,23,10.612877100798002,Botnet,IoT23
153.05040097729218,218,8243.75527377927,6,3278,8080,18.497022018967435,Botnet,IoT23
206.6135260798309,36,9097.069513714132,6,34946,8080,33.46281096323483,Botnet,IoT23
35.73023569817381,429,4562.377219214366,6,5525,6667,44.00663509061689,Botnet,IoT23
5.38294961300873,89,4393.680966778544,17,39402,443,1.6628410151422928,Normal,IoT23
7.158174593461968,45,1414.2828081169189,6,56429,80,0.28316205872904615,Normal,IoT23
18.625379803700305,227,12546.965556951483,6,31650,6667,8.98979115274415,Botnet,IoT23
4.665376301898555,409,7612.603149886238,6,40650,443,4.809843617246754,Malware,IoT23
136.7271880988461,397,22463.325584489838,6,14900,8080,45.62580681997867,Botnet,IoT23
214.8758542337345,385,6903.2262440443965,6,25312,6667,29.973022391788568,Botnet,IoT23
226.5087297010743,486,34529.78829461431,6,49901,8080,38.62147502424371,Botnet,IoT23
92.76452676455968,143,7272.276746085963,6,42909,23,10.621673104246959,Botnet,IoT23
3.4091707368306294,65,3771.069504768829,17,32418,443,0.06156544504329179,Normal,IoT23
95.96150356002597,189,17485.71362551001,6,17860,8080,46.97704483460477,Botnet,IoT23
31.600024981372528,389,15490.381638509238,6,48023,6667,22.132910494409813,Botnet,IoT23
75.05161197358203,216,23174.13871466694,6,24238,443,8.648089080520998,Malware,IoT23
8.678651295775385,88,2255.930920793842,6,65102,443,1.0275217635539022,Normal,IoT23
3.8789082107950708,68,8714.330443601293,6,6397,443,10.378158433172054,Malware,IoT23
176.16941423356164,164,9734.806753537465,6,31874,6667,6.798741323915262,Botnet,IoT23
25.759690656619938,432,5519.355433043544,6,43500,8080,49.79840601403149,Botnet,IoT23
235.09194881937918,441,7602.682372199136,6,31272,6667,29.455238948248116,Botnet,IoT23
4.393877741281455,113,1023.1146944086873,6,53868,962,686.214585322308,Reconnaissance,IoT23
2.923935206628345,58,10290.207948195964,17,58673,80,4.375378709519332,Normal,IoT23
6.633332960533487,36,5540.11617898443,17,33623,80,3.706903037330744,Normal,IoT23
21.633899553077697,87,7357.078454198272,6,15233,22,3.7924615352623903,Normal,IoT23
3.8421595911428774,35,5077.391915280248,6,39033,443,4.866638651154913,Normal,IoT23
3.849294139902202,57,1270.8987720664306,6,15129,829,300.925450088587,Reconnaissance,IoT23
23.640654647938,63,10113.68211484128,17,31896,22,0.5468598803366326,Normal,IoT23
149.44726169808243,228,9380.493043776105,6,49675,23,6.522654523539142,Botnet,IoT23
145.51071745160965,51,3573.7972375032828,6,57558,6667,48.212279389394524,Botnet,IoT23
12.319288956682328,149,13234.867844966113,6,60767,6667,24.517794364407315,Botnet,IoT23
5.231580474956918,50,3747.9439052209796,6,8871,80,1.5080742223641581,Normal,IoT23
25.312660208981423,453,16021.126337053984,6,59577,443,8.309708086713579,Malware,IoT23
151.93981355473576,127,719.0878934355324,6,18378,6667,48.96093560984349,Botnet,IoT23
121.88838241814578,247,9862.008891706138,6,10256,23,42.2555893496958,Botnet,IoT23
64.31970358505595,150,27199.352679786116,6,33562,443,1.2210522531349974,Malware,IoT23
47.51348579363312,150,1916.2441512954215,6,31504,6667,38.45363052735246,Botnet,IoT23
122.93081100199944,48,63584.43892280442,6,7868,8080,40.277067060828514,Botnet,IoT23
294.5207792521886,368,55640.297603591025,6,50479,23,10.34958075708965,Botnet,IoT23
40.85579484757575,221,2273.363784066836,6,37490,23,44.145814038386256,Botnet,IoT23
3.9372778016524674,25,5621.840825447486,6,26942,443,0.6096577164097736,Normal,IoT23
9.735594557497222,148,159.23950349828152,17,43488,810,385.8517902654571,Reconnaissance,IoT23
2.2523197692182606,75,1651.2938991960486,17,57249,22,4.285214868825938,Normal,IoT23
19.80522530415519,91,3224.4028615119723,6,57769,80,2.339571419580313,Normal,IoT23
9.603537941638054,98,5311.168669659744,17,54558,443,1.2220813343889496,Normal,IoT23
0.43512671770048683,72,16.526152230443913,6,35585,631,963.6054568620391,Reconnaissance,IoT23
91.67033581699896,239,700.1466763033819,6,50788,6667,20.047676771850682,Botnet,IoT23
4.924065338209595,196,43076.34946867588,6,29316,443,7.977681646739233,Malware,IoT23
3.7408424564264005,143,337.9277653384481,17,53284,279,604.43848836138,Reconnaissance,IoT23
7.669758839961801,333,9514.987632627946,6,10095,443,11.904572942963041,Malware,IoT23
94.56088963280563,470,7979.022796292986,6,57409,6667,41.74870855610243,Botnet,IoT23
8.277735623935133,59,2471.8665069605413,17,22875,660,352.0773996321761,Reconnaissance,IoT23
68.90143340688172,466,4942.652402876292,6,11406,443,12.261475523544814,Malware,IoT23
10.10514032112293,52,3767.0025112645276,17,62398,80,0.00841223755333085,Normal,IoT23
25.510311006558684,454,33482.08497296519,6,62773,443,3.732567772722784,Malware,IoT23
156.48542169645395,280,26430.25735174213,6,57672,443,10.257619932337203,Malware,IoT23
277.7242497918883,333,8091.133005424537,6,50722,8080,8.659960105717529,Botnet,IoT23
48.478400640048605,22,5816.237356926404,17,18045,443,1.3153964898540793,Normal,IoT23
18.267010234031286,237,51720.318015269964,6,31525,443,7.515942522015396,Malware,IoT23
74.45248866122279,384,1722.863824763143,6,39344,443,7.036374449700636,Malware,IoT23
285.2744964965915,254,18679.363601152203,6,18308,6667,6.0783964981590834,Botnet,IoT23
111.04832911708847,239,3983.7574855587586,6,43712,6667,17.99898040001989,Botnet,IoT23
80.27047752987157,465,8117.645517459666,6,49559,8080,49.46744623710044,Botnet,IoT23
14.083721430778247,46,5423.014757600186,6,55124,443,0.49910344703750303,Normal,IoT23
273.3908780445809,386,17532.47358635661,6,24705,8080,39.214858659376326,Botnet,IoT23
170.11734127628225,81,637.1005566856556,6,51370,23,46.86070230921747,Botnet,IoT23
102.92126281369963,226,34112.315129126706,6,40773,23,46.339216603421804,Botnet,IoT23
71.93823723862143,446,22039.513071942856,6,35576,8080,37.817492971216154,Botnet,IoT23
276.6140822263582,118,1326.2755034578545,6,61324,23,22.89322487667754,Botnet,IoT23
2.2126789303338144,81,2027.7407458996065,17,47393,80,1.1863923382735542,Normal,IoT23
7.092093684676262,85,864.5032505319624,17,57561,189,233.03041908833683,Reconnaissance,IoT23
5.899670221577406,12,9194.049102258241,17,22456,80,2.5551212004547903,Normal,IoT23
54.241752384456454,211,40909.49017716268,6,46036,6667,17.213281416547783,Botnet,IoT23
117.12833043462672,136,35497.517241192254,6,19273,6667,22.870373562932567,Botnet,IoT23
19.525334313686262,19,1392.8977455947625,17,58730,22,1.7848446133455416,Normal,IoT23
0.41639272505717684,251,93151.7705979019,6,64810,443,9.213455705012025,Malware,IoT23
2.841624440387511,85,8490.411543761067,17,56537,443,2.565809583447514,Normal,IoT23
208.12417372752492,475,57973.35998321612,6,6172,8080,40.76489668328307,Botnet,IoT23
30.21156326092623,64,3217.3256146916756,6,49677,443,0.48101180442955194,Normal,IoT23
169.65814439614704,250,8390.442301760264,6,4934,443,14.386258729209937,Malware,IoT23
1.5488984869521703,455,32198.861577854022,6,23549,443,5.837268411240437,Malware,IoT23
78.38017162045908,331,1898.2963429865529,6,38738,6667,40.040085668665995,Botnet,IoT23
1.0299789300239397,12,7186.134228021023,6,37610,22,0.5520505701667612,Normal,IoT23
3.5081642470957934,163,1030.379435115353,6,25532,102,362.0896619518482,Reconnaissance,IoT23
26.412552741172764,372,15099.338241510955,6,12957,8080,38.87305742454667,Botnet,IoT23
171.0992322285905,319,1317.9542322625039,6,12758,6667,16.161993062137753,Botnet,IoT23
106.43464932341169,194,20973.198557253218,6,20813,443,9.98811121057399,Malware,IoT23
13.291472798161807,57,145.82964393408878,6,55087,443,0.6564482015676953,Normal,IoT23
32.024468044054,77,16389.894937392273,6,17931,443,1.9724095765211982,Malware,IoT23
54.47921953538219,15,3451.7160544670164,6,50893,443,1.6603669245563915,Normal,IoT23
24.20454308637783,337,868.6365529469555,6,41761,443,1.7096213279942836,Malware,IoT23
8.387025981681033,13,13239.885146423188,17,20545,22,2.3991160787651302,Normal,IoT23
267.15033944826394,333,12535.959340429888,6,5313,23,6.59356284211476,Botnet,IoT23
7.813249738357562,175,867.4554009435085,17,43016,109,556.9353753874784,Reconnaissance,IoT23
5.966526560214521,20,143.29652728540063,17,30864,20,440.8521241253463,Reconnaissance,IoT23
14.017676433105285,88,4954.9201255119,6,61586,80,1.4219379138007993,Normal,IoT23
3.291465641954246,91,1080.9459095328596,6,8208,460,193.95129943138778,Reconnaissance,IoT23
267.48088110929524,249,48904.741303372204,6,19811,6667,24.696715253384646,Botnet,IoT23
6.565316490693947,181,2092.068222648417,17,65417,673,965.6755736498427,Reconnaissance,IoT23
210.38713574298296,70,28996.097977685782,6,64361,8080,25.29938735733609,Botnet,IoT23
3.974461184680647,34,7020.78997700134,17,8106,22,5.5450383024969545,Normal,IoT23
20.420800559007844,24,492.15480316335425,6,49159,6667,40.05320952820514,Botnet,IoT23
74.49218244730417,254,13862.537434255524,6,26824,8080,47.954682021012935,Botnet,IoT23
173.84581207149913,60,14738.747864307825,6,65165,8080,41.18966029668568,Botnet,IoT23
158.15346717148918,132,9164.098194166902,6,22198,6667,44.71139293980473,Botnet,IoT23
20.144797969059287,36,2891.3216679014718,17,63424,22,0.8731300673119807,Normal,IoT23
22.50893739776889,125,4964.7110132891385,6,63347,443,1.1118501963122058,Malware,IoT23
144.7571396914722,118,26306.47706183999,6,25807,443,10.517204342307233,Malware,IoT23
110.34027674581459,285,102025.36706745911,6,59781,443,14.166356967828067,Malware,IoT23
235.59471171118628,465,65035.906076098254,6,42688,8080,31.793556598738135,Botnet,IoT23
199.98421827876678,380,19626.947255377043,6,4621,23,48.690510658882104,Botnet,IoT23
25.51065744240557,60,10176.344460614715,6,40465,80,0.44879761334489354,Normal,IoT23
178.06648186324293,194,1666.1960608588552,6,7959,23,48.55011130558256,Botnet,IoT23
58.94335936384868,246,33607.447738890834,6,56872,443,3.1004046638726743,Malware,IoT23
19.09982090406305,483,58575.22539001393,6,21999,443,1.6595659598088897,Malware,IoT23
139.1648513569763,140,13556.71896722264,6,21258,443,7.996157159223435,Malware,IoT23
208.58691850499434,402,5188.716368807765,6,29348,8080,30.532742386522624,Botnet,IoT23
5.048042815810514,100,366.5871102463481,6,56445,628,511.52332336820297,Reconnaissance,IoT23
261.61551365507205,198,26869.131244118696,6,48976,8080,33.512529627049815,Botnet,IoT23
21.391810627264377,67,2434.290416599514,6,1134,22,2.06823995907233,Normal,IoT23
19.350437599771087,21,541.5910571671129,17,28001,443,0.579631665983981,Normal,IoT23
18.70010738226705,5,777.2395666730631,17,7819,80,5.245354987104328,Normal,IoT23
1.4348385490902014,20,3129.241401522736,6,28912,80,0.6244934802734015,Normal,IoT23
39.10301881516749,50,5499.863072265589,6,21557,80,4.381225244006083,Normal,IoT23
2.352778870005215,75,2024.736433701868,6,62312,447,581.1529764881196,Reconnaissance,IoT23
70.43862138624385,30,13075.758245578681,6,4126,443,2.5384566857065947,Malware,IoT23
8.03471394835692,29,1197.8123526887355,17,22203,394,861.2542804717621,Reconnaissance,IoT23
259.1352783573318,268,21221.07846426655,6,37280,23,30.348723960994107,Botnet,IoT23
22.93912965608265,299,1537.8387892106557,6,7793,6667,13.316979442721726,Botnet,IoT23
26.044990585999834,25,2205.9379962308462,6,25493,8080,24.90600851155937,Botnet,IoT23
124.81911383105835,287,20382.507267238507,6,5629,8080,40.55356947191758,Botnet,IoT23
213.3625595028844,114,21739.649290333087,6,8811,23,33.48016540934141,Botnet,IoT23
16.044096423919125,408,29234.87501826705,6,28059,443,4.342417294148472,Malware,IoT23
4.123556252556167,39,1977.8849842647487,6,47491,80,1.0376445733012996,Normal,IoT23
19.187942722368888,238,58063.56058955759,6,17134,443,8.367030767352247,Malware,IoT23
13.22469423045233,79,1591.0328990192106,17,23107,22,0.5339278381207538,Normal,IoT23
69.16326817836814,75,723.9809630749569,6,50208,8080,18.484371324571846,Botnet,IoT23
174.20629162581594,279,8732.480563470148,6,26411,8080,46.84066112607408,Botnet,IoT23
40.366589508848115,25,5028.5721659238225,17,2266,22,1.4095106698859348,Normal,IoT23
133.24922033649926,288,89.25631844713544,6,7327,23,15.034923347611343,Botnet,IoT23
8.108971801521136,71,6914.663272934611,6,7247,443,0.23080086184253648,Normal,IoT23
56.598099882778655,346,2291.9856858851194,6,37707,443,3.0405028331219794,Malware,IoT23
296.13670220959614,216,13185.279305755175,6,59176,8080,36.48571525475427,Botnet,IoT23
251.63179582251584,338,3772.6278897613975,6,7329,6667,46.844521768044565,Botnet,IoT23
183.99374963197482,417,19347.8485733704,6,53555,8080,40.6411350262048,Botnet,IoT23
5.278138711985207,80,521.7441693053804,17,36485,80,2.2190493388930466,Normal,IoT23
285.96396069117077,468,17164.297992107142,6,64744,23,13.393199012925132,Botnet,IoT23
2.02360092492534,48,439.08310336200566,6,3523,915,735.9556545473239,Reconnaissance,IoT23
171.69074995034796,275,142004.09831906203,6,39323,443,1.5412572500996107,Malware,IoT23
143.0134727516595,390,17878.083752449744,6,61629,8080,38.88784418902657,Botnet,IoT23
77.38927917013869,310,31921.542680614068,6,7766,8080,23.604872961151113,Botnet,IoT23
4.139054074125198,94,4863.551880052217,17,11736,443,13.016908999009361,Normal,IoT23
158.25841941310915,382,9814.813131838273,6,33086,8080,21.39932444616439,Botnet,IoT23
23.611664099345585,36,11901.54094082131,6,59537,443,6.190268428867345,Malware,IoT23
239.58460016481226,404,16559.33821923615,6,53086,23,35.62364274625895,Botnet,IoT23
49.143150043245384,53,15637.96791322315,6,48524,6667,38.97602171770644,Botnet,IoT23
102.38513008404864,247,40205.70372269506,6,60045,443,12.81125969490963,Malware,IoT23
4.239844143571432,27,1127.268939830302,6,41994,443,0.5776653329265375,Normal,IoT23
243.74012654046925,446,5945.394716272972,6,20729,23,34.859048155414,Botnet,IoT23
13.747266788381843,135,4905.413708842326,6,46774,443,6.371510811934899,Malware,IoT23
5.8701347648903885,22,141.1899022317689,17,39002,22,1.6260076699439259,Normal,IoT23
54.234555447730415,36,6945.430094344505,6,19473,443,3.1005575710345807,Malware,IoT23
9.089726003079486,165,2916.3968236970672,6,5449,347,413.99893687503953,Reconnaissance,IoT23
18.398378381391893,6,1553.5885631572849,17,14717,22,1.179585831195794,Normal,IoT23
142.6758736761417,446,9473.110757691193,6,15936,23,38.647659438852905,Botnet,IoT23
200.79563942100884,150,9505.128936567982,6,20077,8080,41.12195929970815,Botnet,IoT23
103.05498165693808,256,5917.120064264614,6,24498,23,5.973623946829897,Botnet,IoT23
197.47243969610062,425,3782.489547407221,6,50708,23,26.698467517955567,Botnet,IoT23
82.21646575775011,75,1413.7487247754457,6,49449,23,35.940662121730384,Botnet,IoT23
252.49291047835723,42,4538.723050601923,6,35139,6667,27.858610232845997,Botnet,IoT23
169.76385898476397,368,787.9164089840464,6,18770,8080,13.380148839931124,Botnet,IoT23
6.43213069601649,14,1567.127484255725,17,10560,22,0.013813560269438963,Normal,IoT23
6.818616441047774,177,1114.0687252009482,6,56235,752,603.1288477674996,Reconnaissance,IoT23
48.597071090548184,284,1185.232088773704,6,52857,443,8.427786016780981,Malware,IoT23
13.818706457452661,10,6884.912551263744,17,20395,80,1.6124572045252024,Normal,IoT23
98.08318395053546,53,5988.383565695086,6,38863,8080,7.24705071242677,Botnet,IoT23
0.6528785320834666,186,76.6902930175859,17,40338,680,470.6085455108122,Reconnaissance,IoT23
85.38542673658785,232,8691.425793345796,6,62279,6667,23.483235211324505,Botnet,IoT23
151.50700046091646,422,15438.096106715928,6,56216,23,36.96997444176849,Botnet,IoT23
34.399959520469395,488,20524.17292972992,6,14612,443,6.421550575118201,Malware,IoT23
5.312620941791134,7,2024.8808018250752,6,56520,22,2.109262172122375,Normal,IoT23
131.17434025009413,108,496.96683037641657,6,53729,23,43.96272809858041,Botnet,IoT23
6.480438933172062,55,20565.140186933488,6,62946,22,3.143627937623648,Normal,IoT23
28.004622556473816,29,6606.49159580008,6,24760,443,2.4058759114060018,Normal,IoT23
38.49587240848444,329,45465.02916450892,6,1222,443,7.455614210894126,Malware,IoT23
8.023607838422329,34,577.5345165249992,17,53784,466,397.6136657095213,Reconnaissance,IoT23
177.8935472139595,125,7294.96919099169,6,33125,8080,14.413545238366881,Botnet,IoT23
7.026541561008026,89,4058.23897728806,17,13234,443,0.5975048105693551,Normal,IoT23
138.71133714411857,492,7063.1900153270035,6,15952,23,29.010529538328097,Botnet,IoT23
111.12939762534255,95,6229.609292995968,6,54788,8080,20.629142373238253,Botnet,IoT23
79.43842261186563,412,1951.9432320208116,6,44554,23,15.190625827019243,Botnet,IoT23
10.917049373405902,23,1201.184026274637,6,6036,80,4.107408056990842,Normal,IoT23
130.97241419987537,335,19353.46016377654,6,36661,23,40.76060399915163,Botnet,IoT23
10.981576686183187,358,6043.151187574427,6,46823,443,9.525222518988292,Malware,IoT23
78.56231339917029,114,22776.972460446126,6,19162,23,48.06089856770679,Botnet,IoT23
60.313069563752435,477,6727.877906507545,6,2999,6667,41.70192377018076,Botnet,IoT23
118.96589820823318,42,7243.9298903403005,6,43521,23,14.962223292231934,Botnet,IoT23
52.04687787642196,105,704.7127350449531,6,17263,443,8.566586200684117,Malware,IoT23
26.266499517376367,299,110739.31885109913,6,57080,443,1.3654331134535709,Malware,IoT23
3.885711919084593,192,2577.7331645103172,6,45744,443,1.8060116249499838,Malware,IoT23
6.7939846571977,36,14737.56470487633,6,9024,443,0.23347924598104589,Normal,IoT23
64.16191077897813,290,15817.258759200937,6,14427,6667,39.75045479774904,Botnet,IoT23
0.8152568362563286,421,10964.332003947686,6,4353,443,12.664767562374292,Malware,IoT23
212.42971515645786,282,1690.7866541125265,6,20133,8080,6.608866023155641,Botnet,IoT23
4.0272019642365695,12,3196.433312374534,17,46919,443,0.5066556539535758,Normal,IoT23
19.16112415704168,59,3274.219341928,6,14906,22,2.1486368795477726,Normal,IoT23
144.25788033153492,315,9571.276675158144,6,27762,6667,27.232547383788305,Botnet,IoT23
280.83581052542263,337,13074.232342037338,6,55524,6667,21.8284347824356,Botnet,IoT23
28.12477918507948,393,2296.0461552657684,6,63273,443,1.794029106128233,Malware,IoT23
55.75673098160065,193,146.82679888902334,6,8484,443,8.219489810241702,Malware,IoT23
43.511224042235156,471,19041.499162396565,6,9247,443,5.624630581509954,Malware,IoT23
254.9341271750763,103,45496.64453062272,6,44834,6667,5.589621644887883,Botnet,IoT23
56.237780406173854,236,46435.515876787846,6,35020,443,2.9277442167888403,Malware,IoT23
10.816997044663829,65,5489.1233969964205,6,23185,443,3.569398254054213,Normal,IoT23
76.03491120878114,163,26787.97106104462,6,8217,443,9.041294411090012,Malware,IoT23
6.761184218543251,19,3619.4567304136926,6,14195,22,1.945977895293985,Normal,IoT23
7.265333678836227,44,24704.39288364694,17,31551,22,0.6817143357700346,Normal,IoT23
32.313742118643944,328,71723.99070991292,6,35600,443,12.991124844964993,Malware,IoT23
4.490123912860852,82,2793.1920666948895,17,52184,22,3.0540467514058824,Normal,IoT23
66.90333599573063,270,4558.148890812355,6,62133,23,35.41774601601633,Botnet,IoT23
40.19738231352433,83,5996.278133226558,17,22071,443,0.3334128484942776,Normal,IoT23
11.767792430839393,19,4919.7120090440485,17,54930,443,0.015288330648239656,Normal,IoT23
44.18813996172938,52,9636.137382078789,6,21314,443,0.5329794499431316,Normal,IoT23
292.7143479992845,211,19474.2886376744,6,35718,23,14.331488216540148,Botnet,IoT23
39.561391812705466,255,7728.7285293621735,6,43521,6667,31.022744170361076,Botnet,IoT23
4.608752224343657,69,2116.5322670532532,17,35836,80,1.3145800303097719,Normal,IoT23
9.497342803867127,140,1440.8864647535218,17,61184,395,280.34000466876665,Reconnaissance,IoT23
41.57076853337127,36,2785.6695237962276,6,39849,443,2.9475425636707406,Normal,IoT23
30.866797439690433,69,700.4231361726374,6,56393,23,5.819264100047611,Botnet,IoT23
40.31661191624227,220,18705.708814999118,6,37713,443,8.571576490613634,Malware,IoT23
0.46495521248571736,16,405.3111387265331,6,48273,207,581.0352137955186,Reconnaissance,IoT23
19.050453733876896,152,6828.680037548097,6,58513,443,7.5064211118508055,Malware,IoT23
198.12433839698875,305,18736.741323606348,6,26982,6667,12.768169556142771,Botnet,IoT23
60.83752027291095,137,6603.899718732228,6,63898,23,8.509175796688947,Botnet,IoT23
55.632656220269816,408,8114.3165319865,6,21811,443,4.366460332022828,Malware,IoT23
251.61279469890997,366,2689.262162819066,6,54285,8080,45.33640941481055,Botnet,IoT23
209.05184690802423,479,16856.96629037226,6,61177,23,37.846572549419065,Botnet,IoT23
123.69307977094189,62,21548.330130817143,6,18930,6667,37.62929747516083,Botnet,IoT23
37.6612749352304,219,4646.716947847442,6,7205,23,11.582765242743667,Botnet,IoT23
79.67634093605456,45,1503.4232332410554,6,45741,80,3.0963276273844875,Normal,IoT23
299.9652009289406,253,5343.378506582131,6,23109,6667,20.94270563673829,Botnet,IoT23
4.047804003093472,11,2385.6938508399107,6,6186,22,0.07838081922406738,Normal,IoT23
276.91818881690267,340,17642.852996887257,6,16544,8080,46.137450681619534,Botnet,IoT23
9.948475121744316,129,8274.280246922996,6,24805,73,382.46343228399957,Reconnaissance,IoT23
226.8239301353559,445,661.1728192954345,6,28861,23,26.79151059590474,Botnet,IoT23
89.20189198223251,227,40982.50719686644,6,51685,8080,16.29789634805346,Botnet,IoT23
34.66654365147958,66,10239.691707576192,6,43620,22,0.07589248777868926,Normal,IoT23
159.08432024331546,308,37872.70655881352,6,57578,23,35.505718831543945,Botnet,IoT23
191.2250877151123,417,5940.081840106057,6,3150,8080,36.42132450819068,Botnet,IoT23
102.44206783313372,211,37227.38862653085,6,43107,443,14.891329776667783,Malware,IoT23
141.87318581774835,327,30898.510872553463,6,62264,8080,10.244876637493133,Botnet,IoT23
37.848670168804446,99,7471.549180495247,17,2371,22,0.4544428632442468,Normal,IoT23
8.014907525861155,98,3199.7533066178867,6,50540,80,1.4042729221869517,Normal,IoT23
115.03771983032055,24,19351.320920479047,6,3548,23,33.7380763949547,Botnet,IoT23
80.46438271087011,41,14071.858488969896,6,56644,23,25.419273697250226,Botnet,IoT23
7.591245604892513,71,21694.143940162136,6,17910,443,8.082761132310981,Malware,IoT23
9.700469788368665,85,1575.6599647632486,17,55030,719,835.1055058201367,Reconnaissance,IoT23
233.97027921997724,467,3725.889544974963,6,49209,23,33.05870916238298,Botnet,IoT23
33.37842114469738,89,1797.8549307690678,6,24929,22,2.092836806887134,Normal,IoT23
4.784640244985392,426,8952.968449481497,6,27115,443,6.4759854160769414,Malware,IoT23
62.07574669682269,155,27419.854915010364,6,34340,8080,8.101940656873685,Botnet,IoT23
23.8266287808468,374,24805.798671551824,6,52302,443,12.121854707821678,Malware,IoT23
107.54758450773419,76,1083.738754069529,6,41061,6667,41.39400166728968,Botnet,IoT23
59.33832651725618,167,18911.295059182274,6,9112,23,49.774069246211816,Botnet,IoT23
33.00503557449393,40,33264.933465098766,6,64954,443,14.21253996249326,Malware,IoT23
58.71252963254752,347,9957.614654785022,6,8460,8080,32.31117222939352,Botnet,IoT23
15.842963551429648,83,4132.614325881767,17,52759,22,2.5492630008845967,Normal,IoT23
6.103512311303835,25,900.1551135971814,17,22538,80,0.7751312002767056,Normal,IoT23
9.227602798458253,170,92.74753059179044,17,9989,508,571.384041328916,Reconnaissance,IoT23
27.592916457038704,55,1543.0450550706412,6,51938,443,3.2541891512181342,Normal,IoT23
14.624377428113148,40,7049.790569148055,17,31947,22,2.2683872941219185,Normal,IoT23
122.64640013620526,282,12864.184612975503,6,6743,8080,33.31030668401183,Botnet,IoT23
43.12896648517129,348,19432.3702835643,6,41522,23,12.191545910954849,Botnet,IoT23
7.949537337557386,99,17612.283209408506,6,31158,443,6.168731663794187,Malware,IoT23
46.46493831867897,253,7959.717802496136,6,56060,443,8.172631637067209,Malware,IoT23
175.9552787359196,473,10589.974839546996,6,33662,8080,37.72320133282265,Botnet,IoT23
3.0243616689931097,36,6160.670454468936,17,59319,443,7.772022497797684,Normal,IoT23
5.851626096728594,424,3487.8667782833163,6,15199,443,10.301142060588033,Malware,IoT23
17.39107410577054,94,9364.938698181893,17,46807,443,3.8552469422049733,Normal,IoT23
17.757401408626016,89,5254.062583999577,6,17767,23,13.174770176961854,Botnet,IoT23
2.603966926562717,138,430.565787356155,17,32223,453,680.3060969338597,Reconnaissance,IoT23
1.2465989266386073,82,204.23774211818858,17,22901,96,679.5896393977296,Reconnaissance,IoT23
108.88404534112202,289,11153.12535561639,6,24401,6667,7.630032058492175,Botnet,IoT23
1.6188093468752298,347,2951.0553287773596,6,35640,443,10.969665346811134,Malware,IoT23
197.94051292346938,144,7194.042060089063,6,57904,8080,30.720463492715286,Botnet,IoT23
12.864945753101544,305,13489.406484728088,6,62192,23,43.39870020193613,Botnet,IoT23
50.799002362774466,476,1337.8977757862835,6,59779,6667,26.093650264260837,Botnet,IoT23
7.6076469071152655,73,1064.191992219357,6,60594,80,6.196021861936058,Normal,IoT23
57.28912729455574,328,22343.65406438986,6,29591,8080,44.75322083463692,Botnet,IoT23
80.4027922609231,259,15973.392546107163,6,56836,8080,42.052783056956095,Botnet,IoT23
21.948517100800103,225,6116.04414717532,6,53100,23,42.33331548525014,Botnet,IoT23
284.2766669972777,157,3902.899821387435,6,60149,23,33.41402924184799,Botnet,IoT23
60.9394605869627,496,87991.55063627254,6,13461,443,3.4557240270401803,Malware,IoT23
6.705438840638462,46,6351.909643173477,17,16417,22,0.24191105267388835,Normal,IoT23
5.136601961533512,96,970.1794774968752,6,46952,22,0.8780138344277013,Normal,IoT23
51.72255379935463,267,19250.07936088012,6,45374,8080,12.03472282728496,Botnet,IoT23
94.62318679526871,483,9143.817674944643,6,28622,23,36.715435967065645,Botnet,IoT23
127.53269374578981,25,70142.97686798897,6,60923,443,7.372183366829535,Malware,IoT23
202.45719240321145,413,1944.4865776653623,6,42820,6667,27.184333034685338,Botnet,IoT23
68.93729067683498,440,1834.8960191179403,6,56379,443,9.283294787931123,Malware,IoT23
3.4679716052181564,71,20000.48316573969,6,14999,443,0.10134201475285196,Normal,IoT23
4.743472533387421,150,254.4218910561979,17,34413,345,225.22223227706291,Reconnaissance,IoT23
7.891233734715016,117,1123.3220806336294,17,23851,491,245.15801469207548,Reconnaissance,IoT23
6.467000325460372,162,880.6839479151714,6,30971,141,621.2139143966385,Reconnaissance,IoT23
4.363266087795366,27,1369.941484445444,6,55422,22,2.364757885120981,Normal,IoT23
4.133970043031543,13,3835.140150725181,6,9419,1005,839.2443213373077,Reconnaissance,IoT23
299.458137824914,355,67.96312158180865,6,36045,8080,20.404746215081943,Botnet,IoT23
108.09605397284335,463,232.60909669650212,6,22806,6667,37.397432865188996,Botnet,IoT23
174.0396395710597,370,8741.468388815449,6,18680,23,22.915602369509703,Botnet,IoT23
6.705546169351917,48,391.62703259331937,17,38379,37,327.6393204565466,Reconnaissance,IoT23
11.353632645314429,49,11613.286288603917,6,52185,443,2.2661215276687163,Normal,IoT23
61.27813559899254,440,2609.4779241083525,6,18871,443,8.776383079773566,Malware,IoT23
6.993030002807656,34,10418.977865292158,6,32879,80,3.9324601662506327,Normal,IoT23
212.26936387493782,373,5373.167939594261,6,10629,6667,46.648129720435634,Botnet,IoT23
200.5530254443869,461,23471.23362194784,6,50237,6667,23.25636553249784,Botnet,IoT23
50.8249901495632,199,74793.99369129236,6,22830,443,14.862165071939454,Malware,IoT23
1.5963411656442754,70,28008.00010412834,6,11572,22,0.014296050123670067,Normal,IoT23
32.4388846813468,336,36135.8006456073,6,37581,443,6.431884803423693,Malware,IoT23
22.68209148167751,52,2863.2591182605465,6,8627,443,6.229432809441084,Normal,IoT23
41.59709598436675,79,51910.54020579096,6,16539,443,1.0876556358438438,Malware,IoT23
7.226831175666596,98,331.11078344101435,6,1887,532,788.8191742084105,Reconnaissance,IoT23
82.2408108992764,402,43024.821548290915,6,16803,443,2.0361455294619213,Malware,IoT23
1.7106518451373962,5,7534.4616367885355,17,50146,443,3.650095303617072,Normal,IoT23
106.80071110910713,89,1726.3590659429517,6,36285,8080,46.36093481876497,Botnet,IoT23
211.88455105972935,167,45011.1475125567,6,5764,23,6.943816453675367,Botnet,IoT23
10.290105266922007,40,5284.785818636358,17,13190,22,0.17306340777511667,Normal,IoT23
16.475763613283174,26,58165.73364251463,6,19738,443,2.6548730170198294,Malware,IoT23
6.201355506561317,81,3595.8683657759375,17,23607,443,2.603269176081249,Normal,IoT23
32.398352804499,238,13532.660335411663,6,30123,8080,24.244705512808256,Botnet,IoT23
221.14120698896923,286,11624.714169421613,6,14514,23,12.590767830305445,Botnet,IoT23
16.380254430119585,40,7526.813362895092,6,25838,22,1.1466313115718478,Normal,IoT23
87.66564186390742,40,29475.26277981927,6,5207,23,12.613483053921268,Botnet,IoT23
230.29020233833995,487,23550.05736631086,6,64753,443,12.206525207638018,Malware,IoT23
57.241577530323575,438,10518.787680894242,6,16181,443,1.8600919025615144,Malware,IoT23
196.4584602747798,446,30865.344100189952,6,19128,6667,39.14745670032725,Botnet,IoT23
80.68771910178303,179,26160.351777259602,6,55979,23,22.414477518840695,Botnet,IoT23
225.0158182278623,218,19526.91805824436,6,27791,8080,10.352953524934275,Botnet,IoT23
30.837380499193795,361,12711.245006884801,6,51091,8080,41.98669427736977,Botnet,IoT23
10.78653839278201,7,13604.335231767222,6,1612,80,1.5154510586923193,Normal,IoT23
8.707154108544753,79,383.9614511590946,17,50085,443,1.848999009589809,Normal,IoT23
285.72581447430764,348,18817.499972491107,6,35633,6667,7.72764178960434,Botnet,IoT23
293.8194039440243,434,13668.4332590995,6,16531,23,33.555657281735634,Botnet,IoT23
194.7270511317488,275,13906.864061777396,6,22461,6667,36.4657400020819,Botnet,IoT23
144.1741523212463,255,2458.6312919600855,6,24084,23,21.093234449612677,Botnet,IoT23
172.6774842326814,181,2118.854846746204,6,50620,6667,21.288551964107096,Botnet,IoT23
22.828122948651576,89,3037.5073032603823,6,31655,443,2.1353697564341085,Normal,IoT23
244.20114532341938,270,1338.5615013439897,6,7405,8080,28.921357852496957,Botnet,IoT23
82.73506964512606,145,21687.483465230147,6,57352,443,6.706073390546628,Malware,IoT23
15.09436736923632,453,16826.58933222032,6,48513,443,10.446023465261097,Malware,IoT23
3.9773565736537315,7,3050.664022286251,6,56100,443,4.861477531034794,Normal,IoT23
146.74604141243674,318,45879.04586503009,6,60141,6667,22.081829621907083,Botnet,IoT23
118.93840626286975,233,2619.220471031262,6,16279,6667,9.859887868881223,Botnet,IoT23
123.95302943100394,87,11404.027873893756,6,62334,6667,41.286912894877965,Botnet,IoT23
18.83969149781137,93,4404.027485934088,6,53634,22,2.0427468225564853,Normal,IoT23
34.613666036581556,488,25981.02154473624,6,51458,443,12.208979322888238,Malware,IoT23
8.970269954142978,88,132.40906426799378,6,36896,473,805.3429866641242,Reconnaissance,IoT23
18.49519250981473,86,27028.302819278706,6,1113,22,0.29714830047336666,Normal,IoT23
13.131806513387957,88,1814.441001442807,17,30603,443,7.9516046158909015,Normal,IoT23
28.841986570518916,50,14069.371184596183,6,56645,80,0.7613317923937742,Normal,IoT23
169.1223512343626,106,9515.173078834367,6,45982,8080,13.393287259233224,Botnet,IoT23
6.502828050337947,426,47973.59431747387,6,65292,443,12.645170120769714,Malware,IoT23
69.30942927011122,338,6836.055837979033,6,55664,6667,48.02490887681824,Botnet,IoT23
3.091374884849748,51,6302.156143865945,6,56355,443,2.038848454446282,Normal,IoT23
57.21271047007391,92,22823.94865670736,6,39417,6667,47.25814046746953,Botnet,IoT23
293.4570664311452,228,30577.486478936145,6,15806,8080,17.522035335930532,Botnet,IoT23
3.7209928985691216,31,841.9443491640707,17,59923,778,972.0084807990278,Reconnaissance,IoT23
36.68186238056904,64,4222.238172292993,6,51289,443,0.12156130602263648,Normal,IoT23
42.21936706072483,32,6465.693165809398,6,28182,80,5.070429988962336,Normal,IoT23
14.788180887438378,40,1330.9012592021318,17,22887,80,0.4128522371774245,Normal,IoT23
282.08029609915087,380,1058.590105224022,6,20210,6667,37.04039599425511,Botnet,IoT23
93.12469753181284,406,19832.17823898861,6,6005,443,10.524044658145316,Malware,IoT23
24.46458109024304,275,23840.79235127077,6,1587,443,3.75138946410777,Malware,IoT23
2.043669920189941,151,1010.7124324759804,6,46268,348,964.5362251239367,Reconnaissance,IoT23
123.20542701683571,58,23056.67518745463,6,13214,23,48.210556203317196,Botnet,IoT23
47.10552291560167,445,26341.857679547822,6,10171,8080,13.33926473443825,Botnet,IoT23
20.391393752338494,83,5837.077886562795,6,51235,443,13.010726145436905,Malware,IoT23
1.8174530611032618,63,29981.5061000215,6,22858,443,13.078627630326467,Malware,IoT23
122.31730116549224,394,30945.4456308035,6,45568,23,47.477219612425955,Botnet,IoT23
126.08651149202217,26,1538.8220118038,6,5325,8080,7.801903728980165,Botnet,IoT23
2.7242373147110794,454,30879.15967675437,6,22951,443,11.463802721440173,Malware,IoT23
5.81940021822428,8,1887.2843954379384,6,45175,80,3.0232631009905013,Normal,IoT23
148.5693180298274,261,1963.7487891323087,6,21770,8080,39.65755697313943,Botnet,IoT23
86.82414030073525,249,1215.7623581033229,6,23369,8080,25.98057859185003,Botnet,IoT23
52.30744004780007,140,8330.329030575293,6,52875,6667,25.856011604778505,Botnet,IoT23
9.732230615195832,171,541.6607603044644,17,54244,827,815.0086959101171,Reconnaissance,IoT23
52.45388049749653,298,19646.05423624759,6,57321,23,26.405660230096835,Botnet,IoT23
2.5743791237976708,157,739.1530770535614,17,20370,395,955.3267878023328,Reconnaissance,IoT23
86.78208152545068,66,6364.059539792598,6,53786,8080,48.59051992363767,Botnet,IoT23
154.57254083081713,284,39009.014684702954,6,30577,23,30.62663320576654,Botnet,IoT23
0.29437875247853834,15,3751.4813876204066,6,53892,59,564.2027059773004,Reconnaissance,IoT23
4.684444897671812,5,489.54885850708547,17,51118,22,3.976138290853485,Normal,IoT23
4.138701611520233,8,1196.5604298305934,17,48559,80,3.71118474594623,Normal,IoT23
20.670524623994496,45,27283.608280496228,17,52013,443,2.465371575335017,Normal,IoT23
2.4848178361763735,313,28461.665580058547,6,54750,443,10.94192338758133,Malware,IoT23
27.84071694603242,65,33849.39424298503,6,2081,443,5.836580221658645,Malware,IoT23
14.633766117747737,400,5107.560259316147,6,38760,443,8.258955475695853,Malware,IoT23
29.94801019126469,279,10152.326235085971,6,13288,443,12.399058312936596,Malware,IoT23
52.45465937819452,138,26758.918535071047,6,21843,443,7.430209605818113,Malware,IoT23
37.68631005614965,90,5190.861143156217,17,17513,22,0.4226164442450076,Normal,IoT23
187.1813011611798,464,9412.593503789196,6,62002,6667,46.90220864586872,Botnet,IoT23
55.73291817787702,139,74402.82472958001,6,11336,8080,38.661114506148564,Botnet,IoT23
168.35532378437023,364,3175.4013127220455,6,53575,6667,18.327096217520342,Botnet,IoT23
246.66121620753438,412,16512.69245095257,6,32458,23,12.346915481307,Botnet,IoT23
16.48290674781695,86,2838.6009047652897,17,16102,443,1.7470881230666082,Normal,IoT23
5.642319448046907,104,152.84904575029262,6,44151,1002,350.5447476366164,Reconnaissance,IoT23
244.0490074949039,120,6909.735079518098,6,36594,6667,8.067837351070795,Botnet,IoT23
260.33092306909646,25,211.19305643309565,6,61998,23,45.72100879257502,Botnet,IoT23
2.769556473832648,129,1370.191119837584,17,61613,751,710.677748824551,Reconnaissance,IoT23
13.215887793553467,61,4250.5798496776815,17,40852,443,0.5299924819654456,Normal,IoT23
4.45663282267639,23,10489.12689115893,17,2516,22,0.8986624582005772,Normal,IoT23
4.7245412313085655,176,217.38739926176257,17,54815,404,291.65550924389504,Reconnaissance,IoT23
213.6280494684754,349,630.0189717321622,6,24899,8080,36.1587274491004,Botnet,IoT23
67.41521857194972,73,17336.19791819927,6,32573,6667,19.97411954852482,Botnet,IoT23
6.303065651637317,31,2461.751900379328,17,38363,80,0.17933582259759306,Normal,IoT23
37.86087664498107,372,10357.416436627007,6,21598,23,32.04871554184898,Botnet,IoT23
25.245867684072717,48,9981.468180625978,17,17746,80,0.04541887618044441,Normal,IoT23
76.67003555761924,451,1692.9878419948107,6,46343,8080,46.41622930284158,Botnet,IoT23
9.959133062127496,62,9730.033106012022,6,41156,80,5.641304767419881,Normal,IoT23
27.930906161948947,55,120.13546204741176,6,62212,80,0.6924485803878069,Normal,IoT23
16.005905674410045,360,9023.8564627898,6,48471,8080,25.841832473202125,Botnet,IoT23
5.5080104652283675,165,1458.5740844397926,17,55113,756,712.5467614320679,Reconnaissance,IoT23
22.898392326967038,231,6000.793446236506,6,40812,443,10.895202740815863,Malware,IoT23
2.9119578280036396,35,467.17327809482157,17,7967,111,264.1860068995744,Reconnaissance,IoT23
15.562921742293458,40,3011.0958745635903,17,4355,80,0.6878425485640937,Normal,IoT23
84.25958620079271,464,19926.224842743184,6,14052,23,24.90238750202506,Botnet,IoT23
252.8229454718601,269,24664.592029561485,6,57974,6667,41.14309359608399,Botnet,IoT23
12.754444516999278,67,6695.732459467459,17,55062,22,0.917272988030595,Normal,IoT23
17.29074221188338,277,18445.828255213044,6,54921,443,5.805510736844314,Malware,IoT23
10.278970219141039,15,11694.821459228417,17,11863,80,5.297964589722896,Normal,IoT23
21.79474606555475,7,7865.265094633968,6,63603,80,0.13999032105629922,Normal,IoT23
240.58829371950526,233,1342.965814206969,6,62483,8080,40.0649910408096,Botnet,IoT23
8.639238794284122,92,715.9767873814783,17,42033,99,136.80258581945452,Reconnaissance,IoT23
1.0356574104834628,93,4127.660575347698,6,52736,443,2.4083260703800344,Normal,IoT23
66.22415217443202,479,4694.584929678709,6,45137,443,1.9304954606995592,Malware,IoT23
7.982153035275679,67,337.4581599667549,6,21135,22,4.075688031963385,Normal,IoT23
117.70325089915136,76,11030.129659814413,6,15086,6667,16.833655543659056,Botnet,IoT23
1.407425448210225,9,4096.2979178888545,17,62101,443,3.42762686591414,Normal,IoT23
24.833905039123454,262,2053.8648723533747,6,6302,6667,19.996940400319136,Botnet,IoT23
64.00273836511099,451,19539.626334858967,6,15558,6667,20.205222378530102,Botnet,IoT23
10.081528265300353,136,17606.397826326574,6,1459,6667,35.15816499386831,Botnet,IoT23
114.64413619371783,218,1143.2117274370435,6,39584,443,8.816533331879315,Malware,IoT23
8.457787852086094,110,365.4577016296301,17,14250,875,720.1814000885072,Reconnaissance,IoT23
144.03406341543956,184,9418.478613748646,6,49407,23,19.158995635735717,Botnet,IoT23
19.392624271460583,69,25731.239317386848,6,59165,443,4.692006507647945,Normal,IoT23
210.53428677645525,233,10006.674291054464,6,62739,23,21.449195239832534,Botnet,IoT23
16.55241217352104,33,20859.960942193353,6,3154,443,1.8446995678742428,Normal,IoT23
141.2754836098142,171,28941.390569995405,6,49618,443,9.709026509472134,Malware,IoT23
27.79367129134,154,27690.178760707586,6,29027,443,5.36792693865023,Malware,IoT23
221.37502354009243,486,19389.695257240473,6,29157,6667,36.098067891174054,Botnet,IoT23
277.14095732743533,418,4463.104303626856,6,56089,6667,15.244833795481632,Botnet,IoT23
27.350475508174142,86,5569.642813009673,17,34726,443,0.4869495837754047,Normal,IoT23
68.97165328631829,188,12951.360759819076,6,30402,8080,45.954158153939915,Botnet,IoT23
131.4728805683613,194,44559.22763238548,6,29598,6667,23.582811915294936,Botnet,IoT23
77.82761676446425,398,4908.581249972119,6,29962,6667,26.793260400441984,Botnet,IoT23
25.969111267393288,44,9996.767408670485,6,63880,22,2.0428057502802575,Normal,IoT23
62.35323986218908,212,6497.37577375031,6,6066,6667,12.661253049696207,Botnet,IoT23
11.698792142469763,67,2570.7041846443713,6,34636,22,0.6739804439576738,Normal,IoT23
288.55813143288884,204,5177.5290216985295,6,2947,23,28.051110436718947,Botnet,IoT23
78.3194994314492,261,4379.483483680835,6,61910,6667,35.93906677079262,Botnet,IoT23
148.513326184511,244,951.5667467594737,6,31000,8080,5.555774652345274,Botnet,IoT23
23.160476528791595,381,35220.54475418208,6,7446,8080,8.531874327076395,Botnet,IoT23
85.32160711964373,168,4705.865204762907,6,38568,8080,9.458866600303871,Botnet,IoT23
82.12504900324772,289,2031.824787989733,6,42854,443,4.947606495967121,Malware,IoT23
262.59144908120527,324,5108.825775198557,6,10859,6667,41.459307819622076,Botnet,IoT23
42.75765974027282,14,5775.403145130269,17,6107,22,2.922286220230001,Normal,IoT23
5.419525768437978,48,5665.338586962537,17,39718,22,1.0021507755785093,Normal,IoT23
270.07110206842964,491,110.42399501513928,6,47748,23,33.77016386645218,Botnet,IoT23
6.47262166217314,89,231.85377249980505,6,45928,54,974.4700982970224,Reconnaissance,IoT23
42.00470295518846,52,4937.3848421325365,17,41054,22,4.748944345144204,Normal,IoT23
5.451113530007514,184,141.10878568203972,17,31408,569,507.8605273977362,Reconnaissance,IoT23
26.767217098433,37,10366.442439866642,17,11957,443,2.311197246063098,Normal,IoT23
149.56789767775894,436,62990.0987702784,6,10394,8080,37.25287543342266,Botnet,IoT23
162.21549488608792,286,26324.843950588696,6,54319,6667,24.655900836538432,Botnet,IoT23
6.924585750684083,98,6857.40134509621,6,6363,22,4.101351298268415,Normal,IoT23
29.625273603561762,68,7396.326024719669,17,2898,443,1.6702990079960178,Normal,IoT23
205.72094223226705,113,2447.6278098561756,6,44958,23,11.155086326249798,Botnet,IoT23
48.13618301778019,375,19462.614418694917,6,32916,443,11.973732641766055,Malware,IoT23
24.988534983400086,61,669.3275313187264,17,57424,443,0.38676461193886974,Normal,IoT23
18.015698811631914,56,1535.772517303749,6,5150,22,0.984586069562877,Normal,IoT23
15.197625941675765,19,6702.303918541897,6,24813,443,0.3782321356041984,Normal,IoT23
18.30817677271859,89,3721.0025368241113,6,32325,80,3.2396196377914723,Normal,IoT23
2.6618874691389953,53,6980.856811774227,17,6774,80,1.0781759197203022,Normal,IoT23
7.079192564753486,58,370.6148600170376,17,31821,443,4.283228650029364,Normal,IoT23
11.13080133966621,434,45706.65072170264,6,3995,443,3.803883653649161,Malware,IoT23
22.71149717044124,83,8867.78894058132,17,25611,443,3.1262378224449905,Normal,IoT23
146.80067946786485,57,6845.120991862554,6,47988,8080,6.223925750212636,Botnet,IoT23
284.3088893954023,443,25597.218958128582,6,28382,8080,44.13636579286657,Botnet,IoT23
2.658583699433792,55,168.70549824523778,6,3038,80,5.790036961524021,Normal,IoT23
28.919805890139855,56,5022.4521574600485,6,56310,80,1.8239249841066811,Normal,IoT23
226.18752253161483,355,18068.483505684577,6,6753,23,36.84264379963956,Botnet,IoT23
69.66112076514268,27,1073.2219554442556,6,3093,22,2.2786193142864537,Normal,IoT23
15.501744816934462,56,8332.064922351949,6,40373,22,1.1539421122386047,Normal,IoT23
8.896825181378087,98,646.2142347262845,17,46906,791,793.7516380204403,Reconnaissance,IoT23
49.39550678891836,37,13195.094131848326,6,33570,22,1.546380093408945,Normal,IoT23
11.961467286397262,70,4750.321211831699,6,21423,22,0.6236168131087344,Normal,IoT23
19.75880825848269,6,16884.194881213993,6,36413,443,8.218247946792316,Normal,IoT23
85.38291373344187,196,3333.856489836586,6,10428,443,7.588105997425813,Malware,IoT23
29.431465205374785,147,20561.95919628532,6,24519,443,11.215010120342356,Malware,IoT23
33.501782021155186,135,32527.959176945016,6,17209,443,9.707413866296594,Malware,IoT23
49.599675306073266,83,4191.312272671377,17,30028,80,0.31178322346607784,Normal,IoT23
258.11790208933417,291,14071.230971891302,6,45802,23,17.608669588020113,Botnet,IoT23
154.04976916919148,152,9473.89316628326,6,29480,6667,5.722796632141602,Botnet,IoT23
46.29899883337536,336,19339.860937952537,6,36078,443,4.048367234090506,Malware,IoT23
26.10808601649708,75,5205.39587171101,6,4915,443,12.747693534054225,Malware,IoT23
167.88263783704787,190,18339.878542560382,6,50507,23,44.907775089829784,Botnet,IoT23
44.381061849264604,98,26180.597712701237,6,14171,23,35.7685455847125,Botnet,IoT23
15.495544038064947,29,260.91663451139976,17,21011,80,0.5194193962057791,Normal,IoT23
124.36461965264883,480,5374.803740138349,6,16252,23,34.6419349573957,Botnet,IoT23
87.16444671117478,498,783.2938109905209,6,28733,6667,6.561230339495097,Botnet,IoT23
279.5543083396635,323,18115.725645606915,6,27635,8080,44.29980104335774,Botnet,IoT23
6.406951810479188,65,1608.7354949337544,17,44606,977,852.0096049077988,Reconnaissance,IoT23
145.17540563309078,41,5191.264754200915,6,44391,6667,5.439663888662947,Botnet,IoT23
43.4324448694663,328,16310.648047024486,6,53692,443,4.265759841958503,Malware,IoT23
75.86922941610344,342,2307.723398246087,6,34236,6667,30.58527425328879,Botnet,IoT23
35.213512218598474,494,4479.185957626662,6,29578,443,14.22051658747509,Malware,IoT23
12.403983748815126,44,6945.414260695611,6,63373,80,3.6667036301295197,Normal,IoT23
5.326636981244549,50,93.23033835762136,17,27485,361,303.8437756730268,Reconnaissance,IoT23
28.041506705626134,470,4335.494747935858,6,31901,8080,23.225620985929254,Botnet,IoT23
128.3608478028738,193,64128.75474527452,6,20149,443,3.301874613407822,Malware,IoT23
15.013524841815226,72,1665.9153791387057,6,3315,22,3.267769830828166,Normal,IoT23
6.282727052058032,52,13170.43649868073,6,43578,22,1.4685418921663171,Normal,IoT23
11.555616194666419,44,1041.306273995298,6,37795,22,0.35273133442251814,Normal,IoT23
24.463357166928652,71,1492.5036891628733,17,54061,443,0.46814691981694767,Normal,IoT23
5.9185044985062785,69,1144.774958909683,6,40534,443,1.5733335964794053,Normal,IoT23
21.266407117692662,55,5885.426460291081,6,54877,22,1.7577129241454392,Normal,IoT23
135.71851518835484,312,8520.374765943405,6,26261,8080,47.952158289287546,Botnet,IoT23
22.610647364893968,92,586.7179858314823,17,50889,443,0.50497704066916,Normal,IoT23
35.73666796268276,82,6990.1281948655605,6,14368,443,6.505713072106682,Malware,IoT23
4.755734383705127,140,13284.996333252406,6,41043,443,10.030816067550521,Malware,IoT23
105.0685579875223,335,12880.05219972857,6,28195,443,1.6617445825813268,Malware,IoT23
232.92730313029887,270,3073.9004508194994,6,34357,6667,23.964259869286465,Botnet,IoT23
4.036749352229464,129,91.72097832363832,17,6061,49,870.672942126905,Reconnaissance,IoT23
23.069980065307874,47,4397.671124235511,17,12395,443,0.3901803729811313,Normal,IoT23
10.743913321134947,39,180.48168047160152,6,56024,80,0.19230511951491405,Normal,IoT23
54.83035388924789,473,23910.006999383786,6,48489,8080,30.98051048806063,Botnet,IoT23
81.19334558261362,302,47164.77139875192,6,51403,443,10.260586148456508,Malware,IoT23
3.3857420663375644,92,657.7990288840567,17,45008,443,0.8017893016754013,Normal,IoT23
177.0729415270772,316,2914.4259608783677,6,3312,8080,27.716966357960068,Botnet,IoT23
191.20811429210974,102,17711.822535541778,6,45611,23,44.59596121440964,Botnet,IoT23
146.19178909177214,441,29545.811003629013,6,29564,23,44.74836358253488,Botnet,IoT23
29.26774810137374,205,40491.569821143086,6,15604,443,11.852199517758578,Malware,IoT23
229.00004915809888,281,3882.2654092663665,6,58035,23,39.13113330534024,Botnet,IoT23
103.57915932139328,494,10715.921860902932,6,6008,6667,48.857179110467655,Botnet,IoT23
28.965219310947937,320,24325.101559504532,6,39805,443,14.372865285124997,Malware,IoT23
1.7256120352412594,125,853.4087735740562,6,32374,472,925.0649802339179,Reconnaissance,IoT23
3.9450259239892795,16,1137.8839914250316,6,38453,80,3.0217429695170495,Normal,IoT23
16.787127579871918,69,7001.179454290182,6,59331,443,1.0992118114213378,Normal,IoT23
0.5770710050335103,180,1965.5881536920265,17,21645,171,265.21850495838686,Reconnaissance,IoT23
136.29507377598895,132,7758.551825927899,6,45561,23,17.17372834773893,Botnet,IoT23
1.836916294125432,77,613.507862322875,17,51511,12,329.0373021413337,Reconnaissance,IoT23
1.9431055583313297,49,282.5497566504966,17,21589,641,758.2949375054716,Reconnaissance,IoT23
253.8173828648522,185,733.136761745946,6,27259,23,12.290333506507777,Botnet,IoT23
163.9395362650521,201,13422.087923225765,6,10179,23,25.583935532969843,Botnet,IoT23
223.38654588980037,202,8861.580969057199,6,48339,6667,16.050024003934734,Botnet,IoT23
258.0560899285049,72,33607.73305657932,6,8624,23,13.385751992629457,Botnet,IoT23
83.97385953112172,412,12511.11209941346,6,35112,6667,26.54166327196157,Botnet,IoT23
21.156686199645367,49,1962.6572626611646,17,37098,443,5.412218092150422,Normal,IoT23
9.18500794103286,145,274.89508974188556,6,61121,852,416.1333399534567,Reconnaissance,IoT23
4.730332882761221,18,3774.584662741637,17,26955,22,2.920823261876994,Normal,IoT23
51.985831469383314,76,7007.706989153159,17,4474,443,1.5246324438983363,Normal,IoT23
225.0831702148763,384,212.9121833894362,6,16216,8080,24.63952968060705,Botnet,IoT23
63.199374420683355,403,9687.07965966001,6,7333,443,2.9368696328239596,Malware,IoT23
8.061274004308295,106,1449.2436020244866,17,13264,905,279.1666632514248,Reconnaissance,IoT23
257.5622925864992,404,18252.62183072267,6,25864,23,5.427487893699116,Botnet,IoT23
8.80115089983594,89,1007.25244865084,6,48055,508,788.3264069546104,Reconnaissance,IoT23
100.34123520900037,401,8451.425056472104,6,43116,443,2.6157059016556614,Malware,IoT23
9.294004862424686,51,2613.3694604851876,17,46693,80,2.634914210806713,Normal,IoT23
4.643421399404529,75,42.46495198164675,17,12658,661,196.4059272297947,Reconnaissance,IoT23
2.5339801254963454,67,956.4140620093551,17,43245,443,4.654135199298411,Normal,IoT23
204.37828452031928,26,24989.450949602502,6,14574,6667,12.411444725862387,Botnet,IoT23
37.02630828490101,257,2708.222608073952,6,33939,443,2.605025851806917,Malware,IoT23
31.651465925379032,139,71029.02892930947,6,37772,23,23.25017210106668,Botnet,IoT23
193.94618778888892,194,4705.28529205946,6,21241,443,10.907560948913595,Malware,IoT23
6.890266108116424,23,266.35560943848265,17,35836,22,0.14533928130618715,Normal,IoT23
207.10673778759204,100,34812.70375010499,6,7709,8080,18.987077708223318,Botnet,IoT23
223.15857143425455,438,4413.866407302516,6,28913,23,18.61778435824094,Botnet,IoT23
82.90220237368331,58,18156.17490911856,6,55398,8080,30.021210801225315,Botnet,IoT23
200.59978314069636,51,7656.7926586651365,6,18597,8080,17.56525092537446,Botnet,IoT23
0.17314872191656958,196,238.4582888755733,17,7554,813,833.9785981294913,Reconnaissance,IoT23
21.09365556512837,209,26636.74107566013,6,41083,443,8.798139577368588,Malware,IoT23
144.40466733517374,483,7394.124958783669,6,18724,6667,8.880306733646366,Botnet,IoT23
118.2218026556054,430,57519.6371002772,6,22057,8080,14.828292047753711,Botnet,IoT23
111.14441589716952,383,9794.195565987236,6,33539,23,33.72693821228643,Botnet,IoT23
260.4888508221393,143,1196.737022067746,6,16293,8080,14.097802340340365,Botnet,IoT23
209.75911158289574,408,863.324569881053,6,58463,6667,17.21276112419591,Botnet,IoT23
31.2168520959501,267,25290.19506736428,6,9651,443,6.126979589298292,Malware,IoT23
4.759139040997498,81,14374.44700976673,6,39941,443,12.087352023370672,Malware,IoT23
190.870620229314,383,7010.929060332965,6,1319,6667,34.35644538749287,Botnet,IoT23
176.73396496624383,136,10664.45198207838,6,49250,6667,34.2228527760963,Botnet,IoT23
232.45612389189571,236,6077.105869155939,6,21029,8080,23.610678337464304,Botnet,IoT23
204.74756627033997,433,4333.711982965943,6,21048,23,41.29145260194735,Botnet,IoT23
277.8087283998111,248,4566.614981367099,6,10233,8080,32.952443679448116,Botnet,IoT23
4.811326211861047,51,90.64945720887809,17,37660,661,155.82311898728432,Reconnaissance,IoT23
37.39285061217592,227,2445.223262705613,6,41151,443,6.803946528681114,Malware,IoT23
212.87085572416328,313,16974.92588810068,6,3088,23,28.487110556217246,Botnet,IoT23
202.46154216999986,428,8369.812349058178,6,8783,8080,13.826767965920364,Botnet,IoT23
270.13099639491367,454,1111.8295291638049,6,37375,6667,28.021821697282885,Botnet,IoT23
142.26357656095325,203,3294.799039693841,6,64070,23,31.333592341173244,Botnet,IoT23
193.2279699374255,266,948.3128704174859,6,34615,23,40.55614362903445,Botnet,IoT23
63.38221799607052,155,15257.598685298126,6,44806,443,1.6266333164877789,Malware,IoT23
156.4686510689858,477,70034.5983325529,6,17366,443,14.540100744708045,Malware,IoT23
106.7937920823119,94,52865.76287415874,6,63067,443,12.86239978919843,Malware,IoT23
170.30898853242334,40,7816.949710290203,6,2870,23,29.356482593742196,Botnet,IoT23
156.9034602828601,355,7448.01623705256,6,49214,8080,26.006886065606928,Botnet,IoT23
28.39515016503845,293,45224.98063247686,6,51004,443,13.520224196013896,Malware,IoT23
44.986431618604826,91,25856.74407416419,6,3328,8080,38.11827311508115,Botnet,IoT23
28.714128623010758,68,285.1714361025646,17,49191,443,2.7562125861096973,Normal,IoT23
23.911306791630714,197,28815.280046889697,6,56884,8080,30.803482311749324,Botnet,IoT23
19.4242889584885,432,47538.4969059644,6,42426,443,7.234616439690217,Malware,IoT23
0.489481921550289,119,167.8194112683948,6,16782,706,614.7655025733065,Reconnaissance,IoT23
35.56365025851212,34,2479.8791996971863,17,30587,22,1.645877338439195,Normal,IoT23
265.3233812824994,234,15896.36866997482,6,61410,8080,49.84254221058425,Botnet,IoT23
23.814952865839977,489,5182.297075790107,6,51769,443,1.2063049670767376,Malware,IoT23
212.23969267213303,203,22303.84540785363,6,51506,23,33.746686286202305,Botnet,IoT23
184.92907501672082,24,3445.20354381768,6,39722,6667,8.797917181743784,Botnet,IoT23
228.16693344112943,53,5170.670089315407,6,34160,23,30.25995414364322,Botnet,IoT23
179.31954808722807,283,2603.889781025889,6,35483,8080,29.744212124608897,Botnet,IoT23
5.545369273264591,19,1065.4742136253976,6,48777,22,2.2400689155737097,Normal,IoT23
185.82697155196797,128,37016.00438519036,6,46975,23,36.291025782101016,Botnet,IoT23
220.6514785605098,411,26891.811004633357,6,44091,6667,45.22881142331958,Botnet,IoT23
48.46516043855627,53,76070.83124334551,6,1102,443,1.5745755019174958,Malware,IoT23
191.3056092170721,202,7818.4638534936785,6,51505,23,25.367460532204017,Botnet,IoT23
30.030218825127015,10,920.5197416129685,17,24212,80,5.359190251613309,Normal,IoT23
5.320383110564954,78,857.170114012652,17,62616,80,2.424654053201765,Normal,IoT23
48.685846320455894,300,39652.02207859237,6,5258,443,8.529004877700837,Malware,IoT23
205.83055253377208,233,18255.574840537203,6,55575,8080,24.421475525659925,Botnet,IoT23
233.511273925836,94,13606.641412544855,6,34380,8080,8.1868723195342,Botnet,IoT23
2.622312025710746,62,2075.9420957560287,17,38956,22,0.5059980548857285,Normal,IoT23
290.8088695535611,417,484.4984991119179,6,54328,23,48.66565092044058,Botnet,IoT23
211.98510175526667,100,8906.329514121508,6,45320,8080,35.296840860520106,Botnet,IoT23
119.03371962722466,119,27242.9886001987,6,34003,6667,15.804148926803315,Botnet,IoT23
62.43363939780001,22,14286.21880859252,17,3838,443,0.21183871280823624,Normal,IoT23
26.603349987189134,92,513.9345436904383,17,35128,443,2.3606894051451466,Normal,IoT23
1.729666315487988,10,11672.06953456306,6,33400,80,1.4152805501536665,Normal,IoT23
106.35120092997832,49,15319.527462778618,6,60949,23,40.438513695824945,Botnet,IoT23
247.52914535755502,44,54941.720105767505,6,10333,8080,46.31997227816839,Botnet,IoT23
153.0088973911004,460,12509.531051610174,6,30634,8080,5.507031330704445,Botnet,IoT23
16.97890466777759,66,12653.166191128495,6,14692,443,6.659897901534305,Malware,IoT23
61.238243689554494,11,37880.86978236706,6,57341,443,1.1332999530290946,Malware,IoT23
52.46404229162573,202,14615.313285829978,6,50621,443,4.215761561297608,Malware,IoT23
28.52364660215195,21,8027.36710033221,6,14498,23,48.84149090934828,Botnet,IoT23
2.7640386871808906,62,3805.204753814434,6,59798,22,1.4347007475941993,Normal,IoT23
44.97643933784762,366,3991.9126216075733,6,38226,23,33.23768664652384,Botnet,IoT23
224.05059637795188,362,31035.647653159016,6,61027,6667,49.672271613082316,Botnet,IoT23
17.66100842458228,52,14274.170982947462,6,26061,443,0.4849230205156718,Normal,IoT23
168.89157231199704,229,8107.278809802418,6,8246,23,20.423889054898915,Botnet,IoT23
18.286009880850592,74,2071.4378112595155,17,17853,443,0.06760665538161208,Normal,IoT23
191.0962960855801,188,11328.330329182283,6,59164,8080,23.2798700307014,Botnet,IoT23
43.65099855027367,86,16260.657552669387,6,50804,443,2.267512866830278,Normal,IoT23
5.710018580930405,45,10245.545970450512,17,19539,443,1.6640121877391016,Normal,IoT23
36.35935357212226,5,10456.697757871254,17,24845,22,0.45831088923419416,Normal,IoT23
2.9767719703330497,26,6208.4283208492825,17,21822,443,2.4295392944700818,Normal,IoT23
74.4860807512691,131,40903.675849308354,6,47746,6667,32.25900257617258,Botnet,IoT23
9.634350826462406,68,2014.1859663187313,17,41783,22,2.773968760623217,Normal,IoT23
41.188335836288346,243,5613.665772345734,6,25172,6667,32.54770150050493,Botnet,IoT23
5.29925155954088,27,114.17915316951931,17,38546,22,1.2654025034584648,Normal,IoT23
238.89596121906956,134,5206.2822579628,6,59374,23,38.27261748357185,Botnet,IoT23
2.1467138195982907,196,644.3823069901964,6,62862,501,735.0778542668365,Reconnaissance,IoT23
258.3515755081213,57,4758.036787412913,6,12196,23,16.76519465368918,Botnet,IoT23
82.3271466858729,259,46553.00084718708,6,27428,23,34.4342762703167,Botnet,IoT23
42.116006315724164,324,485.42846241839754,6,63921,23,9.109302758545745,Botnet,IoT23
14.206192799069928,61,1366.3612329352843,6,46848,23,45.84825141894472,Botnet,IoT23
151.53636708955568,174,11196.917737956264,6,37139,443,5.761911921688694,Malware,IoT23
1.832270515049609,373,2376.0194423083967,6,49247,443,14.962618408545152,Malware,IoT23
8.64901281616897,84,516.5607246751542,17,53250,443,0.03486383746375729,Normal,IoT23
2.2331421842608714,380,20766.707377911545,6,43633,443,4.968374780647587,Malware,IoT23
206.09589432815127,88,2771.2984943872284,6,4346,23,37.51442396713934,Botnet,IoT23
114.71454632897687,271,10609.30314399149,6,8134,6667,42.08054053005788,Botnet,IoT23
9.554269420449357,150,562.5941044167637,6,3565,834,604.3385055923242,Reconnaissance,IoT23
214.35698840428068,139,8053.898246672102,6,19888,23,14.350748146135151,Botnet,IoT23
6.857442002722975,291,62212.92471166947,6,18661,443,6.806690964745113,Malware,IoT23
1.471312586326079,83,2192.2720930867367,6,21216,22,1.5769040503684753,Normal,IoT23
30.117860759221816,23,4715.993191515153,17,50077,80,0.27948083228873666,Normal,IoT23
12.807420324242825,123,16052.627622802,6,46098,8080,31.55293484805906,Botnet,IoT23
3.625672686480093,52,10655.410785288148,17,27901,80,0.049378045583634844,Normal,IoT23
272.78226429810957,257,8209.956037622951,6,39622,8080,12.93228426269135,Botnet,IoT23
234.81871959290595,417,11853.880513073986,6,45645,23,33.488031552309444,Botnet,IoT23
299.9763921926536,472,33855.632640361604,6,61539,23,13.779392724545684,Botnet,IoT23
165.06140069369667,468,8093.565541283364,6,58996,23,33.935155640272,Botnet,IoT23
219.57777292336866,314,15459.671160435095,6,7844,8080,28.736069986782137,Botnet,IoT23
220.7022912725052,82,38512.31374959606,6,37985,6667,23.08541483960484,Botnet,IoT23
280.58347113879455,284,3878.7369192435526,6,8336,6667,30.758261161501295,Botnet,IoT23
48.65049006002822,473,7767.442848066811,6,32530,8080,17.202097628330257,Botnet,IoT23
2.6548499313562615,48,4171.87252430097,17,17224,80,2.8905683662851747,Normal,IoT23
1.9578859267985662,186,99.24996791488752,6,53860,142,810.1620441493188,Reconnaissance,IoT23
2.791901548831043,293,2565.770978021505,6,18164,443,1.7516199052666552,Malware,IoT23
22.235631740599604,45,20693.324845759267,6,23127,6667,25.873599846248887,Botnet,IoT23
11.539538245168563,455,41798.49773095744,6,53494,23,17.860312293609432,Botnet,IoT23
68.11656106502102,77,9166.878781751544,6,63190,443,9.966179787106324,Malware,IoT23
24.318141949376905,19,26484.73736239345,6,38984,443,7.49024378533353,Malware,IoT23
169.54752060449437,63,1697.6962172320468,6,34961,23,27.38412436311015,Botnet,IoT23
16.895327436436183,33,9390.419162961136,6,31084,80,3.107709385229633,Normal,IoT23
7.662302039442092,32,1708.8269215154583,6,12637,593,804.3856584602553,Reconnaissance,IoT23
34.392385175226956,147,8965.995304518965,6,36881,443,6.247986638616702,Malware,IoT23
76.62533387488075,150,11095.03708961321,6,36371,8080,32.63321122141731,Botnet,IoT23
229.02134729321435,96,3322.562972021325,6,40686,6667,11.680700305569935,Botnet,IoT23
21.780871415482288,128,5232.615153551469,6,4196,443,6.610102648959687,Malware,IoT23
34.8252280423234,5,12579.377138597023,17,65499,80,3.310007726444593,Normal,IoT23
7.815529595260724,168,1204.1552311803239,17,7536,615,331.6884254217465,Reconnaissance,IoT23
135.58774224310096,331,39410.71126881062,6,29421,443,12.503467053099705,Malware,IoT23
7.311397639534306,87,7412.503455116147,17,24384,22,0.06408963936729142,Normal,IoT23
107.21768766095389,158,8385.939516132454,6,11507,8080,13.767579728350325,Botnet,IoT23
7.195007071132897,38,1039.574974044719,17,20521,80,1.2777128558058546,Normal,IoT23
7.421647472472006,66,350.4825126083372,17,4563,41,732.9407833765425,Reconnaissance,IoT23
30.46070723248314,210,38504.88239371126,6,22693,443,13.085094331639104,Malware,IoT23
185.24283369014438,93,638.6309809790674,6,56976,6667,43.01881421456445,Botnet,IoT23
5.229385099414301,54,1053.557542408516,17,28265,22,2.057190136694888,Normal,IoT23
27.610553567100503,43,3378.913448956469,6,53078,80,1.475170225823959,Normal,IoT23
2.5219291768026944,82,10901.329315756218,17,64522,80,1.5133031443273786,Normal,IoT23
63.91032668705732,345,56643.3059152348,6,56528,443,7.918535921125052,Malware,IoT23
247.45643628440277,265,44646.39680931588,6,8998,23,24.798303281851865,Botnet,IoT23
116.17163551927506,379,18826.220386758843,6,21067,6667,10.214800020708974,Botnet,IoT23
237.03004006796203,466,3050.698139310962,6,31283,23,15.528064106447422,Botnet,IoT23
9.642282739942072,76,4138.564179999882,17,21151,443,0.5384636866347453,Normal,IoT23
25.376158695478463,62,8574.650577825107,17,43735,443,3.234500791124531,Normal,IoT23
146.1112057328301,323,14519.911633996686,6,65270,23,7.119692046124159,Botnet,IoT23
44.01116590456764,258,82103.71966288818,6,39515,443,2.5793018807168826,Malware,IoT23
14.38074391103622,79,1624.0202130798436,6,43601,22,0.07346393850020484,Normal,IoT23
233.0943624898631,412,18958.664009499757,6,6252,6667,8.093801208730724,Botnet,IoT23
38.02605995559091,402,30992.78467633331,6,2336,443,5.741160416850867,Malware,IoT23
276.9136456775453,472,11154.917733947766,6,21749,23,40.91499467071107,Botnet,IoT23
41.44279604573746,182,27008.504143587725,6,63515,8080,35.7209152027458,Botnet,IoT23
3.3388943596340845,34,32.03273401355084,6,13802,435,175.6401567200077,Reconnaissance,IoT23
53.52679913069601,70,4460.841525550802,6,63067,443,14.253168892095719,Malware,IoT23
176.75745213307843,36,6460.770028969529,6,22960,6667,18.01444276003121,Botnet,IoT23
11.671647929509305,94,4138.672558087263,6,30400,443,1.8963363590870417,Normal,IoT23
41.99004129966379,21,8329.04446213156,6,28488,23,21.891965229053394,Botnet,IoT23
30.874331325887425,426,14834.230733089064,6,52524,23,44.97878333810706,Botnet,IoT23
254.16845274159056,183,22064.33677538601,6,41550,23,27.199589835992096,Botnet,IoT23
14.66068552527516,80,1268.1246476043461,6,10230,22,3.683366171320932,Normal,IoT23
1.1240742994966109,42,3041.5832147369147,17,64525,443,4.436972709014681,Normal,IoT23
14.59662627094082,182,23217.53183573765,6,18023,443,1.0923357455986369,Malware,IoT23
9.695199127616064,146,406.0100167147009,6,26220,572,267.498891798691,Reconnaissance,IoT23
37.02164832753061,182,2851.5384520300686,6,51205,8080,41.00829295796738,Botnet,IoT23
16.731592980457542,34,2289.1023279753394,6,10517,22,3.05666812515572,Normal,IoT23
31.310908800066322,36,7119.684275757219,6,31927,443,1.3353884226665365,Normal,IoT23
11.562432601157594,412,26714.662503865795,6,43468,443,1.5010739638583006,Malware,IoT23
121.07057632672596,28,3141.207742761581,6,29885,443,11.295929740465084,Malware,IoT23
15.295016714165591,93,11828.42566334685,17,21214,443,1.8860831832284002,Normal,IoT23
201.91757597771314,258,3140.366017573484,6,55349,8080,9.85542653290031,Botnet,IoT23
3.7470681610239303,91,2312.0767550664928,6,52042,22,0.3256593203797186,Normal,IoT23
8.632007244884747,57,2239.0349332783685,6,42082,80,4.283065404209064,Normal,IoT23
105.40316431767434,446,1635.1873667694913,6,31510,443,7.181847187495964,Malware,IoT23
52.123748328147705,77,482.7527463618814,6,27311,80,1.2720212001487368,Normal,IoT23
3.0523176596267585,68,4796.68762194806,6,45602,22,3.479253664343519,Normal,IoT23
33.29810599587017,22,11970.891695863664,6,25729,6667,27.105272248201956,Botnet,IoT23
1.6598139515437784,248,63238.36920965486,6,63063,443,8.35175309760147,Malware,IoT23
158.52290871851596,50,12084.855506959553,6,43819,443,8.45611296996293,Malware,IoT23
6.161152692403489,55,1613.8166522906427,6,48210,443,6.532183800823007,Normal,IoT23
259.7315032286965,238,13982.485027993785,6,14656,6667,21.590334871573038,Botnet,IoT23
189.6972691611384,406,5025.029880891038,6,1551,8080,27.31540095624962,Botnet,IoT23
21.475483957147713,16,513.9913284813059,6,33855,443,1.6681239438486168,Normal,IoT23
4.411790974686412,91,2130.922601017936,6,61697,443,0.3246589247380396,Normal,IoT23
12.689688135992252,255,33664.737091043025,6,11579,443,11.744878772153404,Malware,IoT23
3.122356663951125,10,4976.521616519705,17,8674,22,0.30408110665294646,Normal,IoT23
12.181672440073957,49,923.6263587966757,17,2064,80,0.4510222443026568,Normal,IoT23
9.236310720458448,67,3827.9675665959076,17,10058,443,0.8956488059038961,Normal,IoT23
278.62460351571957,176,5499.166833078105,6,17336,6667,12.842114569204414,Botnet,IoT23
17.664386762045247,331,17312.915278940127,6,23833,8080,44.52035776079472,Botnet,IoT23
172.01157229839396,117,13651.267617490164,6,5528,8080,9.139537858831515,Botnet,IoT23
155.91576346265612,255,97345.2478549434,6,16941,8080,19.46941477111826,Botnet,IoT23
3.3224361586127,382,26636.5060751497,6,44956,443,6.095310808754555,Malware,IoT23
10.153492248843591,77,5551.847530307805,6,10900,80,0.525095187299053,Normal,IoT23
3.5126925116848216,159,48421.76154880271,6,34539,443,10.413339919152802,Malware,IoT23
110.71569026038277,286,47191.822590871765,6,20014,443,13.197106989763864,Malware,IoT23
9.22970572781008,13,541.022992102389,17,17726,687,478.32628358864,Reconnaissance,IoT23
124.74863911063063,474,4421.252682014327,6,30452,6667,48.19328337706319,Botnet,IoT23
12.068386203442548,80,3045.853741893648,17,17425,80,0.7687464956711212,Normal,IoT23
59.092656925613696,437,27673.897712827744,6,45067,443,8.381556477614385,Malware,IoT23
289.7157394200538,432,1931.4272923499302,6,52449,6667,47.192478831835714,Botnet,IoT23
4.1595074931071085,98,15512.297255565287,6,10265,80,6.965357171355305,Normal,IoT23
220.81748885361816,137,744.0479491192272,6,29779,6667,38.91746643975055,Botnet,IoT23
70.64916128181942,83,20754.818960179346,6,30008,6667,19.08404149105798,Botnet,IoT23
177.20091813845482,163,6284.60438227676,6,59670,8080,14.592401771272815,Botnet,IoT23
45.1242674114733,122,15690.015954026228,6,31812,443,1.8530634598002913,Malware,IoT23
17.306135151531848,172,83.8076975490046,6,8803,23,43.841287138717675,Botnet,IoT23
5.317236333052898,87,1559.8316210576595,17,24587,443,0.6730718211380451,Normal,IoT23
5.7340058129127796,71,200.23566308357096,6,14777,906,154.57570706639257,Reconnaissance,IoT23
1.1169488803332426,37,6836.886880985835,6,53199,80,0.6164296631030171,Normal,IoT23
19.559549255635027,84,1167.1391219965756,6,63016,443,1.44806734962857,Normal,IoT23
167.38146768983796,381,37582.47417839587,6,45935,8080,21.075347828690255,Botnet,IoT23
153.93596417725885,314,53109.143385577976,6,9854,23,43.7300964963863,Botnet,IoT23
4.591393087823073,75,117.81962020720962,6,31282,976,310.5362171210843,Reconnaissance,IoT23
93.70919654853324,284,5684.429743191769,6,57015,443,5.025174271686201,Malware,IoT23
7.094329655898432,99,1170.8118198420652,17,5487,22,0.29301359886689704,Normal,IoT23
6.505811169309385,157,624.807274335539,6,25712,893,943.9981282466586,Reconnaissance,IoT23
88.30545604471162,306,23377.048516134924,6,48823,6667,22.020304154706984,Botnet,IoT23
250.853028247157,412,21613.67350501049,6,5810,6667,15.914939636743375,Botnet,IoT23
268.717266578784,330,14331.042572881548,6,17047,6667,16.461838789274672,Botnet,IoT23
13.620390249541499,339,8955.500163052493,6,50259,8080,25.95651596192508,Botnet,IoT23
2.2388224711730436,120,1603.6571678985124,6,42476,749,710.008855455005,Reconnaissance,IoT23
7.177965342920359,267,3052.8007672250774,6,29819,443,5.269799591367739,Malware,IoT23
284.59415522104223,317,2405.6634324750294,6,3317,23,26.537629982339695,Botnet,IoT23
22.96580791683982,227,12390.665488104278,6,6220,443,13.904155468541633,Malware,IoT23
279.14163771047794,490,4042.576133904345,6,37054,23,36.60672456824163,Botnet,IoT23
135.58756580540106,262,24119.50021272453,6,28201,6667,31.80268998070603,Botnet,IoT23
13.529356963076133,35,4266.998970065469,17,63115,80,1.83502056711327,Normal,IoT23
286.7939691440566,440,12379.093039863446,6,11320,6667,5.690867792420481,Botnet,IoT23
156.24206877418484,21,7522.557475273675,6,14125,443,5.194752246828407,Malware,IoT23
23.839615613586037,8,3693.657129340484,6,28536,443,1.1464875305636342,Normal,IoT23
1.5195785637775439,75,10417.223125622679,6,58157,22,2.5132763745148923,Normal,IoT23
11.031120013068477,140,5270.395754614337,6,10264,443,11.227315500848748,Malware,IoT23
14.569465844681963,31,1513.7148855808236,17,20953,443,0.35034527582073843,Normal,IoT23
9.610453761779555,32,7649.383471811675,6,50150,443,2.588179833528444,Normal,IoT23
245.95930003140114,192,34065.4475310166,6,37285,6667,19.645679632455494,Botnet,IoT23
157.2680868716458,326,2785.259440467364,6,39665,8080,35.71976615377685,Botnet,IoT23
16.646771294958924,214,8416.309529135107,6,52894,6667,28.243947398013947,Botnet,IoT23
150.8937366395022,136,8594.570230474968,6,39930,8080,38.95964409337444,Botnet,IoT23
2.447565100576692,106,844.1675967247412,17,34655,181,620.7898394773781,Reconnaissance,IoT23
1.960203330201251,94,3114.319062109379,6,58158,443,0.4794225393471589,Normal,IoT23
25.35563349969432,22,1826.1919060611488,6,15143,22,4.565273128662956,Normal,IoT23
222.85446347006356,123,11047.703116913413,6,9488,8080,11.915827694507286,Botnet,IoT23
222.25793274053217,96,2940.492439359239,6,10078,23,9.036534420659947,Botnet,IoT23
94.06742381740419,91,2328.331544207195,17,16904,22,0.9249252681301736,Normal,IoT23
146.71724613611485,434,39804.990934867936,6,19150,23,22.444196080454148,Botnet,IoT23
201.8010765538872,284,47340.9592281174,6,8370,6667,12.072069221466755,Botnet,IoT23
19.025942632455052,351,63013.122803234364,6,30817,443,6.34983057052197,Malware,IoT23
116.8178615691831,334,8687.357132334859,6,50308,443,13.209996419556719,Malware,IoT23
9.176676037387633,187,685.0905057406363,6,64292,398,646.2489510845796,Reconnaissance,IoT23
5.430578292294161,27,3424.605123133126,6,13969,80,1.690138758309412,Normal,IoT23
1.5574726758968964,78,495.5264719221555,6,8058,22,1.013038091204496,Normal,IoT23
1.5972966707878675,79,5877.360379281613,17,65086,80,0.9680175449999799,Normal,IoT23
265.29983223852764,292,7819.732215265616,6,32464,6667,23.32970661980666,Botnet,IoT23
11.772773674653358,98,1265.492319792219,6,30304,80,1.5810612349697266,Normal,IoT23
2.717818598483702,26,1431.4864465839166,6,56531,443,2.7754601522823354,Normal,IoT23
108.52608623596663,341,6660.556653965175,6,50719,443,11.311470453489283,Malware,IoT23
5.693063355349755,46,3524.329674169116,6,17521,80,6.297075994160376,Normal,IoT23
255.64747223543134,44,1358.277755795288,6,5971,8080,27.49526878038599,Botnet,IoT23
10.676691667964862,99,1029.4758474150908,17,13771,80,3.2265899453335174,Normal,IoT23
7.698296422284647,70,4964.978158593204,17,7370,80,4.929910227054811,Normal,IoT23
43.79553280908677,31,4961.046142753317,6,3568,80,6.563640591475639,Normal,IoT23
7.354207637892436,167,344.9193913231848,6,23242,252,740.4202516030531,Reconnaissance,IoT23
30.139053062135762,32,2823.1106406818526,17,4501,80,5.845444301824521,Normal,IoT23
23.027346245698986,330,15907.23775324634,6,56827,23,13.47545475247033,Botnet,IoT23
43.67698864558002,127,19775.13425139429,6,26457,8080,46.811808935593604,Botnet,IoT23
5.360950108619206,55,9406.480380785028,17,48589,443,0.7872139381709053,Normal,IoT23
207.77117304094483,35,17361.902400646286,6,59504,6667,24.78354422592102,Botnet,IoT23
15.804692643614462,75,5499.689007998159,17,10381,22,1.055476478516456,Normal,IoT23
15.108804365873686,94,4171.378265644273,17,27663,80,0.26892567386960003,Normal,IoT23
271.52839063871335,458,4803.409580290885,6,52406,8080,39.273085909882454,Botnet,IoT23
176.93302973267015,344,6961.0947554467275,6,60888,6667,13.873769445402978,Botnet,IoT23
55.50333594008785,51,2725.2833325473302,6,19382,8080,27.742862319238522,Botnet,IoT23
14.621188905645257,98,5569.674620527455,17,50087,80,1.8201443400919857,Normal,IoT23
168.99183033419294,208,24164.012856679008,6,24061,6667,18.992017679408114,Botnet,IoT23
2.8519340811797327,73,2732.7269495711944,17,43680,991,567.569619900866,Reconnaissance,IoT23
71.66870009645862,304,21446.879942806674,6,13642,443,11.659660363546717,Malware,IoT23
114.79528090244291,64,80193.95008734304,6,3956,6667,19.95030889980409,Botnet,IoT23
271.1519089824111,481,8096.564647017897,6,54706,443,5.518877779217723,Malware,IoT23
16.257812435037014,28,3785.3449431650083,6,62227,443,2.2024487046690657,Normal,IoT23
4.864271629849704,21,345.9031772351434,6,54308,611,259.90465516275805,Reconnaissance,IoT23
61.57457565077942,239,4250.750538293618,6,5716,23,41.63858131310258,Botnet,IoT23
299.66371230367145,160,8417.68040529362,6,16480,6667,19.541234572835556,Botnet,IoT23
6.7475191454485,199,223.44643704740542,17,47760,6,722.4767740948871,Reconnaissance,IoT23
294.1754518188207,230,1296.7619433284315,6,38906,23,39.28278678803372,Botnet,IoT23
281.75869765900865,415,14615.855211482982,6,52092,23,24.017397670387226,Botnet,IoT23
8.270848814701285,49,1369.5172204384144,17,46909,80,0.6391184455356165,Normal,IoT23
177.2150679592828,128,9859.05755701968,6,47632,8080,11.714829175191262,Botnet,IoT23
3.570490440437311,14,2535.8216964871554,17,14150,80,0.23745862892836503,Normal,IoT23
14.886480058525747,462,32305.777428566118,6,14734,443,14.186679119775423,Malware,IoT23
31.6777564446079,138,66062.9099244998,6,2922,443,1.930439311985635,Malware,IoT23
59.64624206705537,62,972.3533244017741,6,42046,22,0.3292364636964797,Normal,IoT23
16.251069936000455,95,243.67256634358063,17,38153,443,1.3315594316016428,Normal,IoT23
187.2599359737291,377,2056.8011017856224,6,62090,6667,41.676392355907176,Botnet,IoT23
8.98352098733851,151,1636.3744929476834,17,49577,426,612.6062469170637,Reconnaissance,IoT23
1.5265880887204797,15,2096.6705411495795,17,60833,443,2.3383725441962104,Normal,IoT23
33.363061965341835,76,13245.459617424567,17,6832,443,10.561720497611804,Normal,IoT23
233.04628977042154,117,10498.375297420274,6,46581,23,43.590134475735795,Botnet,IoT23
39.30600701130388,437,15432.607821461534,6,35482,443,3.1319979714972996,Malware,IoT23
1.1421248954730274,98,7718.859356936831,6,54143,723,747.9758240905305,Reconnaissance,IoT23
30.628966547361077,330,8088.667955774638,6,15019,6667,30.553664249332186,Botnet,IoT23
251.59494435291725,142,891.0653942026312,6,20825,23,45.8396698516202,Botnet,IoT23
5.309504818540931,7,2311.1012134656244,6,58496,22,2.5639323562690683,Normal,IoT23
65.01600804051058,492,14237.852613832194,6,38930,23,16.366564220738336,Botnet,IoT23
3.948709992014299,73,8987.766965734096,6,52979,80,1.1577428539596386,Normal,IoT23
177.9898730536813,335,37526.78839139317,6,44050,8080,46.612365488754016,Botnet,IoT23
62.83300720706671,259,7660.36602891469,6,10757,6667,24.66059741576207,Botnet,IoT23
6.670764517651359,68,1399.587787265521,6,14882,80,0.08470462738090187,Normal,IoT23
215.4103159604081,298,25721.7157130956,6,1147,6667,47.12823451651685,Botnet,IoT23
52.86579758079144,172,10104.32144102635,6,59966,443,11.524147208336766,Malware,IoT23
16.114704442972002,43,3235.9824408291083,6,48444,22,3.7988912349603594,Normal,IoT23
4.691536885407323,171,58.57009413170245,6,16059,853,978.1888714864531,Reconnaissance,IoT23
8.097362889305847,66,1442.2900816897823,17,2726,22,0.3784979078020185,Normal,IoT23
2.9920784788879278,162,409.0685654626978,6,18165,864,826.4696246130861,Reconnaissance,IoT23
84.76901680391934,414,25246.449710605477,6,24002,6667,13.310613733837716,Botnet,IoT23
101.97970496443462,75,41598.40467157217,6,49716,23,32.46524417364671,Botnet,IoT23
20.134006999588337,11,30427.961303883163,17,34381,443,2.798456260607639,Normal,IoT23
44.74013057263793,19,8673.686470142417,6,20616,443,5.015162033270054,Normal,IoT23
199.28229579959623,304,6863.857052691909,6,10120,8080,22.595520639061977,Botnet,IoT23
37.7302413025631,412,4334.710883375005,6,16764,23,12.263897943857819,Botnet,IoT23
225.8243478310781,376,16605.91610168462,6,26990,8080,30.762999822915027,Botnet,IoT23
72.792985423603,359,1320.1541039577603,6,22495,23,34.70515325620447,Botnet,IoT23
287.75945939013593,170,76037.79618169178,6,20582,23,45.7380283578829,Botnet,IoT23
287.4294863994172,469,11151.348330757655,6,19950,6667,21.296795609920036,Botnet,IoT23
15.83082575066503,40,12128.311452825528,6,60002,80,0.1158114259850779,Normal,IoT23
10.061229700650642,456,57757.367521779044,6,11409,443,9.220107315955138,Malware,IoT23
18.2637362911729,60,120.18388697197186,6,25648,22,0.7210150638063351,Normal,IoT23
59.169376463246415,369,1825.2963082877957,6,2214,8080,14.923828132888703,Botnet,IoT23
167.4100429024081,490,7149.0961386989275,6,3838,8080,43.57526531647826,Botnet,IoT23
7.622690524988117,64,2301.0236920818224,17,60358,80,2.694230412912971,Normal,IoT23
84.82762930168607,257,39575.97782200577,6,41063,8080,32.699964401527765,Botnet,IoT23
93.15919515843402,141,21617.029099991363,6,54408,6667,34.314714797305015,Botnet,IoT23
169.78883607181737,173,14615.043104937178,6,38436,6667,37.01403241681616,Botnet,IoT23
166.1602709011901,85,14200.236862436504,6,29146,6667,18.757123643151534,Botnet,IoT23
133.66058934831028,221,1739.607721371445,6,53255,23,39.82821368154329,Botnet,IoT23
96.75008858268164,83,294.2326533510463,6,29329,8080,31.48510687520282,Botnet,IoT23
245.04725972082574,34,16214.187718751236,6,11449,6667,14.696946823686416,Botnet,IoT23
170.6267648753759,330,6298.73885161403,6,4157,6667,10.20438329770986,Botnet,IoT23
50.26339861165317,183,13570.037506944258,6,41768,6667,49.29748584682801,Botnet,IoT23
51.41874602590843,71,140.0704456809492,17,14085,443,0.5719567215595392,Normal,IoT23
79.78623440182379,478,30327.884965462647,6,50109,443,5.4753197624358805,Malware,IoT23
5.18693032577545,33,290.8153461007821,17,51356,234,931.635251022733,Reconnaissance,IoT23
47.89054104405992,141,8845.251888159502,6,11707,6667,16.560451542559356,Botnet,IoT23
49.03523134162173,149,11688.709806002387,6,51296,6667,24.563829067550316,Botnet,IoT23
288.67140373194286,411,2554.887740089221,6,43577,6667,37.10136284290726,Botnet,IoT23
241.7120547500833,212,17991.72133564117,6,46734,6667,47.717541604179104,Botnet,IoT23
5.559955447382615,15,7599.800392362945,17,32631,22,3.084568612224267,Normal,IoT23
80.96341285862052,112,2440.0262817300813,6,63885,23,5.39876574476681,Botnet,IoT23
9.81426598794294,35,293.07312930083924,17,62402,328,924.0237430776327,Reconnaissance,IoT23
15.952752036721378,58,2585.7669312238327,6,33464,22,1.5877691253757913,Normal,IoT23
53.124531929701945,489,8632.332225545464,6,18202,443,12.362792425907772,Malware,IoT23
168.12286963187236,91,18413.554893706827,6,45140,23,49.42027462349856,Botnet,IoT23
6.942222530523716,41,2372.5337074348854,6,34644,443,2.3192666781970392,Normal,IoT23
116.12301564549603,210,24234.266360132337,6,47974,8080,40.606399547768106,Botnet,IoT23
12.168373552449584,25,4054.2753326956577,17,30712,80,0.5819657409403641,Normal,IoT23
21.983615059496273,55,3536.6794972448356,17,64266,80,4.384407350115051,Normal,IoT23
41.191433935365154,16,38213.159946186955,6,40901,443,11.446582490764557,Malware,IoT23
97.80896410644442,80,11110.65454742455,6,43402,443,14.128704689951979,Malware,IoT23
23.384952402204913,98,43947.757501408494,6,20623,443,11.83643659836478,Malware,IoT23
157.66650748869162,426,8136.7613323459545,6,25029,8080,19.375663959656556,Botnet,IoT23
14.2485644646124,244,38351.30753270708,6,57626,443,6.65079563586702,Malware,IoT23
11.036674015337132,30,5295.186628915364,6,15755,22,0.09351809353406468,Normal,IoT23
145.67896648158487,58,15422.340353190471,6,15108,8080,16.85231671393396,Botnet,IoT23
22.223858926997735,12,970.1988957812132,17,11685,443,1.2629733618256687,Normal,IoT23
286.4743067759495,300,2251.7116062050204,6,64200,23,44.8982103694458,Botnet,IoT23
162.59667164367033,348,3640.5626873670576,6,56144,23,19.649566346530555,Botnet,IoT23
11.384067763337667,184,400.97279433597606,6,8067,443,12.988236689866346,Malware,IoT23
2.1801834771246122,68,6914.408183448115,17,4378,80,2.7904307636029766,Normal,IoT23
110.4284462642519,134,3306.2292943499397,6,19080,443,11.306384450754264,Malware,IoT23
7.309768405158133,159,397.2988585710017,17,20353,525,231.32439148268648,Reconnaissance,IoT23
178.53698723035242,375,15208.81122200068,6,25152,23,43.83402247088054,Botnet,IoT23
11.858951287511468,34,9741.826216745512,17,6239,80,0.17418624071277275,Normal,IoT23
8.573930224214559,151,528.2442071984913,17,2327,381,428.8075028544476,Reconnaissance,IoT23
2.203710282416015,37,2147.855343699648,17,62713,80,2.207301758236219,Normal,IoT23
154.3112322809657,164,13891.459531899607,6,56869,23,9.011359378455113,Botnet,IoT23
215.42334324270692,440,1976.5353783471048,6,32053,23,44.01691348551529,Botnet,IoT23
229.34659626308266,361,26652.322483925058,6,11156,23,41.114205119116875,Botnet,IoT23
4.044822011144191,280,26623.854603196934,6,48975,443,3.876807810441023,Malware,IoT23
168.0253186849435,346,2172.4949324219274,6,33466,6667,34.58219551963377,Botnet,IoT23
34.643159815906444,61,7154.711689776931,6,30682,443,1.6461436590222058,Normal,IoT23
9.506245604847946,71,12548.781740415157,6,35324,443,12.706360920191196,Malware,IoT23
237.21238075108232,129,870.5490217861062,6,25955,6667,7.432426968567017,Botnet,IoT23
25.58981065575984,427,11067.164831638287,6,2263,443,12.760390149317036,Malware,IoT23
18.537451656373698,30,5048.256290311069,17,29835,22,0.5981852802943662,Normal,IoT23
28.221815351686924,284,17033.10430614332,6,8506,8080,20.302599066777272,Botnet,IoT23
6.243137476194863,426,21017.757466584848,6,2764,443,8.363776467895034,Malware,IoT23
118.34182745875215,481,5724.46441380715,6,46116,23,18.063775819137454,Botnet,IoT23
6.402586386572702,87,27454.723952788474,6,9094,443,8.573536007855488,Malware,IoT23
25.074904823930176,36,2994.9608420341983,17,19238,443,0.585495075403385,Normal,IoT23
84.21859091423094,490,19207.09980846087,6,16273,23,26.246388640087556,Botnet,IoT23
7.544920052893315,87,138.23824650543997,17,48462,541,112.72855960927497,Reconnaissance,IoT23
182.3870459590365,316,17952.985257659784,6,50103,23,17.048308063103924,Botnet,IoT23
33.95897196099652,36,16338.89929513684,6,21124,23,33.212742890981545,Botnet,IoT23
7.474282664920972,38,1253.0108642214022,6,58468,1001,796.7885431770176,Reconnaissance,IoT23
3.7722017800259806,350,4303.216815350125,6,30642,443,11.238954905476838,Malware,IoT23
14.149403971437037,80,1163.3544895592308,17,37053,443,1.0657320099620595,Normal,IoT23
125.85623539267249,335,1617.4259596187487,6,55996,8080,22.318605716718807,Botnet,IoT23
145.1323518789898,167,24696.667815288703,6,5322,443,13.407529108285818,Malware,IoT23
15.131773660172346,89,3964.126846489523,17,56579,22,3.629181056856871,Normal,IoT23
262.2176860262226,182,20189.236989464556,6,29638,8080,17.118807975167897,Botnet,IoT23
18.777468645125765,63,2384.9067077838804,17,48518,80,2.5361238551078262,Normal,IoT23
15.302561579599047,18,25804.235646274177,6,49077,443,2.1825427110814823,Malware,IoT23
11.324074461768829,395,52594.16995739556,6,50514,443,2.721330845098647,Malware,IoT23
52.44897968482371,492,13857.92268456406,6,1358,443,8.603092974199313,Malware,IoT23
5.809469802340597,63,6036.122773167767,6,7170,22,1.9815379945747276,Normal,IoT23
0.9563010584048064,76,568.9904852376593,17,35846,176,995.0008204845597,Reconnaissance,IoT23
8.680028701291704,119,749.3189637350099,17,26822,127,517.7075163227967,Reconnaissance,IoT23
191.4372419201675,489,3382.7763463654765,6,16171,8080,41.90924434766017,Botnet,IoT23
84.07420275425835,83,66888.00287007184,6,37986,23,20.564818541513585,Botnet,IoT23
6.892830959999277,100,69.9506088736113,6,28449,484,243.11209796430398,Reconnaissance,IoT23
32.65315121481662,299,33190.343074548524,6,45523,443,10.410700313379415,Malware,IoT23
2.8061436954854724,68,2346.8732306059032,6,15011,491,637.5009899973425,Reconnaissance,IoT23
8.231748556017662,168,2462.3870588334344,17,37794,57,295.5338014457173,Reconnaissance,IoT23
3.3964411825442644,13,205.1015749599366,6,42617,80,5.190502857688832,Normal,IoT23
101.17991552338113,96,26268.214112095804,6,6205,443,6.2440838431109675,Malware,IoT23
2.2328337260165285,6,4141.8026512512515,6,49134,80,1.100448029090581,Normal,IoT23
200.94285371126773,53,17631.84926047351,6,41692,6667,7.636859691803194,Botnet,IoT23
3.8664382013858147,93,1023.4554773606633,6,2307,605,134.90252660323506,Reconnaissance,IoT23
0.7119821562680178,56,247.29115358236183,6,58153,33,885.3501212910479,Reconnaissance,IoT23
136.8538059357864,268,20778.293223382334,6,30549,443,2.64064803489528,Malware,IoT23
95.8189447367795,479,9143.741611444864,6,50105,6667,22.402938525762135,Botnet,IoT23
9.417389921722144,82,633.7691046653047,6,37098,866,403.69459848677747,Reconnaissance,IoT23
70.65684209131592,106,19924.539926758567,6,62058,23,20.40048700060038,Botnet,IoT23
9.339566963728284,309,7163.307814602152,6,17802,443,5.785297210451744,Malware,IoT23
229.3902331908885,230,15035.467857084714,6,25878,23,10.766834418727473,Botnet,IoT23
18.14006984626297,90,2475.004392491937,17,22563,22,4.326446112240767,Normal,IoT23
58.28748263416283,177,17980.34409904639,6,24641,6667,9.566417457609521,Botnet,IoT23
193.46921015750667,151,9537.966231971604,6,63375,23,8.51017984027039,Botnet,IoT23
78.49334595000956,152,87025.06954681569,6,34392,443,3.736687753743251,Malware,IoT23
149.55387160479955,175,17035.365049174674,6,63997,23,42.719104128897605,Botnet,IoT23
221.0268034360355,31,1118.2025272030276,6,57737,8080,48.96102375840358,Botnet,IoT23
2.366235613728816,67,1515.233865133132,17,20598,389,529.5811077912955,Reconnaissance,IoT23
47.588258836804975,112,11166.523592381029,6,12468,443,13.376609636269343,Malware,IoT23
14.511357491726343,380,70144.40429018455,6,34348,443,7.61419891921312,Malware,IoT23
89.13146631425137,156,10049.627517704335,6,16227,23,19.311432098855178,Botnet,IoT23
100.42262192183583,82,9015.811494192136,6,10954,443,5.358131367957841,Malware,IoT23
118.5603575519779,66,943.2038816959291,6,19597,8080,13.733980466962171,Botnet,IoT23
289.5659003504286,355,7692.291224529436,6,35168,23,41.56652165705604,Botnet,IoT23
21.586224184523182,370,16538.93379722819,6,5402,8080,27.922033401308685,Botnet,IoT23
4.722672133010205,50,1173.3288394898325,6,22184,22,1.3298390096548531,Normal,IoT23
1.6791995391363335,75,490.13313555893603,6,8058,443,2.2813556602586247,Normal,IoT23
8.99119422217894,51,603.6576626802839,6,18225,329,439.88388109978047,Reconnaissance,IoT23
139.0930674111485,126,13942.811145402895,6,30038,6667,15.762343518128114,Botnet,IoT23
4.955949130562201,322,89604.77293071186,6,61907,443,13.266129381417386,Malware,IoT23
276.582313110472,382,14012.460404441548,6,22208,8080,46.27133736348167,Botnet,IoT23
25.0745932267627,63,1759.4026091834455,17,35948,443,3.9808777469131744,Normal,IoT23
3.531382094742916,487,35754.699873766396,6,9494,443,12.490067395742313,Malware,IoT23
2.5129477027098166,156,66.69348815677452,17,61244,355,485.51018883922734,Reconnaissance,IoT23
6.7175172128005745,125,2621.338334817809,17,8651,27,251.00687459729505,Reconnaissance,IoT23
27.60163185878793,69,26688.19484131349,6,9747,443,14.15265173522961,Malware,IoT23
2.282354523290175,149,247.42793456177563,6,43152,599,199.94359440565736,Reconnaissance,IoT23
10.166656670648608,13,3203.2018872228396,17,17532,22,1.5105380056897604,Normal,IoT23
192.2752157880262,484,22447.909601596795,6,8732,8080,46.90452892209991,Botnet,IoT23
184.72818349371647,80,8707.58971022186,6,23652,23,21.98634979866508,Botnet,IoT23
51.75162149738887,445,15468.369571195291,6,1230,443,10.559275550193616,Malware,IoT23
275.56139211499675,442,20438.454295632848,6,47266,8080,33.622674427117765,Botnet,IoT23
32.7603467503101,52,7121.581084165302,6,49769,443,9.080145606002237,Malware,IoT23
352.4024150965483,486,18601.474343558508,6,2746,443,2.5316377851963177,Malware,IoT23
11.955222024292318,28,10331.564389682946,6,3693,22,0.1622647659079971,Normal,IoT23
152.61636390885425,388,7071.852817909508,6,58194,8080,12.59015576892779,Botnet,IoT23
260.3858277921163,294,2709.852400731988,6,33995,23,5.887032618858275,Botnet,IoT23
39.6110323438773,456,38510.29093169254,6,65369,443,5.157473275261206,Malware,IoT23
136.4814851573866,469,40900.327043206766,6,42074,23,20.820643968356908,Botnet,IoT23
7.089773469489595,90,10250.932365899509,6,18512,22,1.2425122676383882,Normal,IoT23
165.41823379099932,322,3302.4998827264076,6,11242,23,22.424177049025474,Botnet,IoT23
0.9448562433828643,57,9899.470860865642,6,56989,443,5.64100612016361,Malware,IoT23
62.9464276665798,50,1136.158566715876,6,34787,22,2.1244712823055756,Normal,IoT23
161.06345271033953,217,222.83734544148618,6,36679,23,25.177477566050683,Botnet,IoT23
49.6275379135066,294,515.7563879195434,6,8333,8080,47.573652469609776,Botnet,IoT23
269.38823448958493,100,3746.5673439713596,6,17669,6667,14.53036186429171,Botnet,IoT23
184.54870331475476,100,2619.0548816786945,6,47361,6667,19.42070968181195,Botnet,IoT23
142.13169695484,202,6418.996734053069,6,55789,8080,7.172177020095512,Botnet,IoT23
265.2417485233302,199,13550.823687422146,6,1287,8080,5.871676719372959,Botnet,IoT23
2.9154667983000193,68,1338.6948761542485,17,50643,80,1.9421703029559785,Normal,IoT23
126.44364307136604,487,1311.9901943909276,6,35044,23,44.96402043973304,Botnet,IoT23
177.19882476680084,143,35922.23316675348,6,55220,23,15.081099882171443,Botnet,IoT23
12.589831785472208,41,1908.1344120224944,17,64271,22,5.370634864351953,Normal,IoT23
28.790083439970758,422,1628.7587019365324,6,4313,443,12.436279514994732,Malware,IoT23
263.09341653026223,266,25598.62347731677,6,55535,8080,25.551620997270962,Botnet,IoT23
111.03918290321805,390,25078.409701228924,6,33180,23,34.22787913768907,Botnet,IoT23
169.79653060314695,359,806.699061746064,6,13629,8080,5.106294915145819,Botnet,IoT23
4.893271382644199,27,13749.159309984736,6,18836,22,1.7869153766648262,Normal,IoT23
183.7198216084313,418,14167.908401141785,6,60180,8080,23.26746862404195,Botnet,IoT23
6.548407621590294,111,243.44629422614267,6,20122,85,510.1364245586404,Reconnaissance,IoT23
18.89076879309664,91,4156.979643838842,17,1437,443,5.295014402932083,Normal,IoT23
33.94509112136768,321,19203.631128540932,6,1799,8080,45.59932593458639,Botnet,IoT23
181.6420005631673,59,21070.00168662295,6,58464,23,14.09015583663491,Botnet,IoT23
35.43645061950726,247,5990.807786552985,6,40052,443,2.4425793460986225,Malware,IoT23
108.15308628868277,399,29135.07708840545,6,27992,23,49.21889953798937,Botnet,IoT23
9.747999828801362,52,12472.129614759526,17,34994,22,0.19719900865706583,Normal,IoT23
63.0379483025044,84,308.58530220237446,6,1387,443,0.7041013551507296,Normal,IoT23
280.9583596036789,348,1516.3857630744717,6,40018,6667,44.767740452920144,Botnet,IoT23
13.643195428740608,69,430.5972678942698,17,37117,443,2.5446613132711926,Normal,IoT23
111.3246112019628,482,13060.585581543468,6,18029,443,7.8954144898126035,Malware,IoT23
33.53420425716321,90,22344.94699681047,6,39468,443,13.189531952085833,Malware,IoT23
2.405095538187475,98,2545.7149420825863,6,36462,22,0.27588424988030996,Normal,IoT23
286.77856403938006,265,26888.892646238754,6,25761,6667,10.819480627436231,Botnet,IoT23
142.15651908968866,305,2643.2868382050347,6,39055,6667,48.29061155469775,Botnet,IoT23
9.90934668749341,6,1560.607240131348,17,47217,80,5.846557437174389,Normal,IoT23
7.215076617606798,67,13877.242567436499,17,3214,443,1.0759934091381482,Normal,IoT23
32.91145013228209,48,16898.529634997656,6,30025,443,7.118049342522478,Malware,IoT23
277.6836179673327,269,30517.4113096871,6,48590,23,17.697132976581994,Botnet,IoT23
106.62843928130424,185,11787.284542952455,6,30617,443,1.9446753359675024,Malware,IoT23
15.01265538100562,94,3395.422609798598,17,55582,22,5.578020151090253,Normal,IoT23
2.428878184996912,58,1873.09913374186,6,3687,443,5.366808852278798,Normal,IoT23
189.25985950090902,48,5157.150789915303,6,36938,6667,10.798582013866765,Botnet,IoT23
4.0489778036967525,98,4536.6698297208695,6,10907,22,0.829909978459675,Normal,IoT23
8.39147642834598,98,1779.2736333898733,6,12019,599,702.628025473631,Reconnaissance,IoT23
20.286982063461153,480,16652.369356611318,6,48304,23,33.0592255594008,Botnet,IoT23
46.91996531492039,71,4264.613940815182,6,32739,443,3.430182567313977,Malware,IoT23
98.6820563049654,293,16324.771252597737,6,24840,23,23.584464681964658,Botnet,IoT23
1.0170039831440418,12,2776.3370568748037,6,37832,80,0.5370891729367427,Normal,IoT23
4.633308477118592,57,8751.907312782025,6,34651,80,1.2314658920344692,Normal,IoT23
5.109400074508535,47,12217.648891864605,6,60391,443,5.373854799510667,Normal,IoT23
10.105500051312372,277,49537.404476403266,6,40506,443,7.672172946617735,Malware,IoT23
14.821267950134793,98,3255.5494250309357,17,59816,22,0.0470794214226678,Normal,IoT23
50.898217086451666,82,12746.775449341296,6,30107,443,10.534318035628765,Normal,IoT23
6.665340735232174,104,1660.2682327080156,6,30354,517,942.6487362655823,Reconnaissance,IoT23
128.74980301250906,492,13669.913427158332,6,48036,6667,31.126826036084456,Botnet,IoT23
133.5088968083674,476,1935.2965520112862,6,2770,8080,23.220211405781143,Botnet,IoT23
70.23334600321114,125,31217.861502222713,6,5875,23,28.080327361818757,Botnet,IoT23
282.44237235255,411,66590.57682046723,6,24883,8080,46.99012223731979,Botnet,IoT23
19.298143740214694,274,52956.57653580898,6,27880,443,6.76076697181081,Malware,IoT23
0.14246190601459346,79,1176.154935506756,6,2717,549,264.63376307790804,Reconnaissance,IoT23
265.7511209620461,159,24771.342072749158,6,31595,23,5.9848449692759695,Botnet,IoT23
289.6820121704941,448,12886.476695668583,6,8363,23,10.984496669638865,Botnet,IoT23
3.653807815335544,199,1065.5811805147073,6,60618,662,773.5662008272384,Reconnaissance,IoT23
35.933058325162044,211,22796.37047415944,6,47861,443,8.121662347317478,Malware,IoT23
184.2809216454996,200,1311.6721073885537,6,8879,6667,36.823420404332964,Botnet,IoT23
6.065687089312665,65,1051.6497075634652,6,54942,443,4.622096161755412,Normal,IoT23
6.9976078679611025,31,1824.5502258809713,6,32398,22,3.7094718491342578,Normal,IoT23
277.8326531732881,257,4514.211920396965,6,52460,23,21.406606074979837,Botnet,IoT23
1.462066378475531,450,13820.813713371374,6,30748,443,2.8640659341403967,Malware,IoT23
279.11544611050203,162,5624.856844724974,6,40426,23,43.61062190905561,Botnet,IoT23
219.7460606396386,98,20537.11732124754,6,33241,8080,37.50481379999512,Botnet,IoT23
97.97982693068751,307,180.83472233589796,6,41270,8080,10.511128085245362,Botnet,IoT23
180.25910124271547,421,40530.60874544033,6,64584,6667,45.26758789721147,Botnet,IoT23
5.679026892569637,133,275.04596350100735,6,64161,892,780.5072876412665,Reconnaissance,IoT23
140.0952930406583,346,4352.471892818501,6,2279,23,36.90374222311255,Botnet,IoT23
42.34813291834668,80,7408.504166608696,6,28680,443,3.2775733573598878,Malware,IoT23
28.66780369051426,419,12240.908284781395,6,6520,443,13.442503950608794,Malware,IoT23
18.0150608469661,52,2144.6849683603477,6,29225,80,4.919329647809391,Normal,IoT23
33.69469749732343,445,2516.0600329728363,6,34388,443,3.6206445976236505,Malware,IoT23
1.2716856213367909,57,2058.392077766158,6,39810,80,0.5178115628679276,Normal,IoT23
60.83348805705036,358,28014.252738429655,6,42093,23,26.70586986424932,Botnet,IoT23
6.041526588413163,26,5750.222366011716,6,17876,22,2.1690615169187586,Normal,IoT23
56.808559028456294,237,16151.554389682908,6,50128,8080,43.357595830608595,Botnet,IoT23
117.61617409621232,408,10384.79328652984,6,20106,8080,21.65718151671542,Botnet,IoT23
9.8137737460672,209,9198.095227992872,6,37278,443,9.503993810364255,Malware,IoT23
53.68174764595989,51,18786.67048292824,6,54831,23,11.775986430970331,Botnet,IoT23
34.82922251775323,17,2992.2267613006175,6,17650,443,9.892916637924143,Malware,IoT23
148.81235278372057,267,15443.888569210283,6,56916,6667,38.79080657048979,Botnet,IoT23
4.1004677718759925,34,20726.673576401616,6,46602,22,6.688173757108542,Normal,IoT23
30.99267467403304,159,632.2866482050122,6,49643,443,7.9276947779051135,Malware,IoT23
248.1145888055438,249,4972.076848378897,6,55040,8080,8.99044599990355,Botnet,IoT23
11.06874650909216,62,2606.3389574891726,6,9267,80,3.0746075061779,Normal,IoT23
81.46776835112851,414,497.082394524186,6,64442,23,39.551243600690285,Botnet,IoT23
146.3073749126588,278,26143.131863543396,6,31387,6667,34.21643429245459,Botnet,IoT23
11.582765222370718,73,6091.532229656539,6,47774,22,0.15163816325832427,Normal,IoT23
147.31494205441646,307,17017.559319205586,6,15762,23,33.7892861672413,Botnet,IoT23
3.1946605375077324,66,1194.2445933297754,17,39923,80,1.1631743659525644,Normal,IoT23
174.42035932075405,185,18326.085297060406,6,35854,6667,6.134414030602917,Botnet,IoT23
192.2203831442546,373,11736.929992183548,6,59291,23,36.07709226432617,Botnet,IoT23
43.4652762114818,249,12183.818775092317,6,38344,443,5.3610859058821845,Malware,IoT23
94.63266059111064,37,11722.373297046284,6,1078,8080,47.84510158761913,Botnet,IoT23
1.242147647514617,72,374.73658432133965,6,13464,186,677.218197531808,Reconnaissance,IoT23
8.716409272021181,28,3195.11649873439,17,34274,80,3.2049327965192607,Normal,IoT23
225.46674619131107,408,7162.5648032801655,6,47694,6667,38.80776068680313,Botnet,IoT23
